state,ncessch,school_code,school_name,score,running,cutoff,treat,titlei,grad_rate,econ_disadv_share,achievement,enrollment,is_high,next_score,award,got_funds,sharpness
WA,530804002158,1502,Two Rivers School,3.25,0.9750000000000001,2.275,0,False,,0.1818181818181818,49.75,74.0,1.0,3.4,0.0,0,0.9989811512990321
WA,530669002463,1516,Henderson Bay Alt High School,3.8,1.525,2.275,0,False,,0.4285714285714285,20.0,146.0,1.0,3.1,0.0,0,0.9989811512990321
WA,530240001189,1520,Challenge Elementary,9.68,7.404999999999999,2.275,0,False,,0.125,98.25,323.0,0.0,9.95,0.0,0,0.9989811512990321
WA,530354002640,1539,CHOICE Academy,9.12,6.844999999999999,2.275,0,True,,0.4166666666666667,72.0,189.0,1.0,9.13,0.0,0,0.9989811512990321
WA,530771002349,1547,Middle College High School,6.12,3.845,2.275,0,False,,0.3636363636363636,49.75,72.0,1.0,6.78,0.0,0,0.9989811512990321
WA,530825002364,1567,Pratt Academy,2.25,-0.02499999999999991,2.275,1,True,,0.8333333333333334,10.0,65.0,1.0,2.4,53512.0,1,0.9989811512990321
WA,530927002408,1574,Jim Tangeman Center,1.05,-1.2249999999999999,2.275,1,True,,0.7931034482758621,10.0,54.0,1.0,1.1,0.0,0,0.9989811512990321
WA,530771001307,1579,Tops K-8 School,9.15,6.875,2.275,0,False,,0.3009118541033435,70.0,491.0,0.0,9.1,0.0,0,0.9989811512990321
WA,530771001102,1620,Pathfinder K-8 School,6.6,4.324999999999999,2.275,0,False,,0.1627906976744186,72.5,494.0,0.0,6.43,0.0,0,0.9989811512990321
WA,530969002244,1628,Dishman Hills High School,3.55,1.275,2.275,0,True,,0.9636363636363636,24.75,262.0,1.0,3.7,0.0,0,0.9989811512990321
WA,530696003315,1640,Puyallup Online Academy/POA,3.95,1.6750000000000003,2.275,0,False,,0.4,49.5,197.0,1.0,3.45,0.0,0,0.9989811512990321
WA,530486002475,1656,10th Street School,4.2,1.9250000000000003,2.275,0,False,,0.2588235294117647,62.0,178.0,0.0,3.63,0.0,0,0.9989811512990321
WA,530486002476,1657,Heritage School,2.05,-0.2250000000000001,2.275,1,True,,0.8235294117647058,17.25,102.0,1.0,2.55,52813.0,1,0.9989811512990321
WA,530423002448,1658,Discovery Community  School,7.48,5.205,2.275,0,False,,0.027027027027027,79.5,70.0,0.0,8.85,0.0,0,0.9989811512990321
WA,530240002474,1685,Maplewood Parent Coop,8.85,6.574999999999999,2.275,0,False,,0.0977917981072555,84.0,489.0,0.0,8.25,0.0,0,0.9989811512990321
WA,530423002519,1687,Explorer Community School,6.88,4.605,2.275,0,False,,,95.0,72.0,0.0,7.7,0.0,0,0.9989811512990321
WA,530423002725,1688,Emerson K-12,8.65,6.375,2.275,0,False,,0.1282051282051282,69.5,61.0,1.0,8.4,0.0,0,0.9989811512990321
WA,530927002508,1689,Vancouver School of Arts and Academics,7.12,4.845000000000001,2.275,0,False,,0.2431693989071038,76.0,592.0,1.0,6.83,0.0,0,0.9989811512990321
WA,530033002523,1699,Odyssey Multiage Program,9.85,7.574999999999999,2.275,0,False,,0.053763440860215,84.5,187.0,0.0,9.58,0.0,0,0.9989811512990321
WA,530423002568,1706,International Community School,9.77,7.494999999999999,2.275,0,False,,0.0202020202020202,96.5,429.0,1.0,9.85,0.0,0,0.9989811512990321
WA,530834002594,1707,Lincoln Hill High School,3.57,1.295,2.275,0,False,,0.4827586206896552,29.75,158.0,1.0,3.7,0.0,0,0.9989811512990321
WA,530783002552,1708,Olympic Peninsula Academy,5.05,2.775,2.275,0,False,,0.3833333333333333,64.5,96.0,1.0,6.55,0.0,0,0.9989811512990321
WA,530228002600,1712,Continuous Curriculum School,7.7,5.425000000000001,2.275,0,False,,0.3160919540229885,63.5,471.0,0.0,7.58,0.0,0,0.9989811512990321
WA,530024002589,1714,Stillaguamish Valley Learning Center,4.85,2.5749999999999997,2.275,0,False,,0.2692307692307692,44.5,64.0,0.0,3.63,0.0,0,0.9989811512990321
WA,530816002575,1718,Explorer Academy,3.77,1.495,2.275,0,False,,0.3152173913043478,52.0,197.0,1.0,3.73,0.0,0,0.9989811512990321
WA,530576002653,1733,North Kitsap Online Academy & Parent Assisted Learning,1.67,-0.605,2.275,1,False,,0.4705882352941176,37.0,47.0,1.0,1.55,0.0,0,0.9989811512990321
WA,530066002573,1737,Renaissance Alternative High School,2.22,-0.054999999999999716,2.275,1,True,,0.8333333333333334,20.0,120.0,1.0,2.9,52246.0,1,0.9989811512990321
WA,530066002652,1749,Bremerton Homelink Program,4.05,1.775,2.275,0,False,,0.4,59.5,36.0,0.0,4.88,0.0,0,0.9989811512990321
WA,530969002685,1755,West Valley City School,3.22,0.9450000000000003,2.275,0,True,,0.450261780104712,44.5,174.0,0.0,2.83,34403.0,1,0.9989811512990321
WA,530594002628,1758,Homeconnection,4.62,2.345,2.275,0,False,,0.1842105263157894,59.5,208.0,1.0,4.95,0.0,0,0.9989811512990321
WA,530126002687,1763,Quartzite Learning,4.3,2.025,2.275,0,False,,0.5370370370370371,34.5,119.0,1.0,3.65,0.0,0,0.9989811512990321
WA,530618002689,1768,Avanti High School,6.4,4.125,2.275,0,False,,0.2571428571428571,64.5,147.0,1.0,6.1,0.0,0,0.9989811512990321
WA,530123002684,1769,Three Springs High School,3.1,0.8250000000000002,2.275,0,False,,0.7333333333333333,49.75,62.0,1.0,3.65,0.0,0,0.9989811512990321
WA,530792002646,1771,Home Education Exchange,8.65,6.375,2.275,0,False,,0.0588235294117647,69.5,129.0,0.0,9.05,0.0,0,0.9989811512990321
WA,530513002675,1777,Sky Valley Education Center,3.92,1.645,2.275,0,False,,0.1292517006802721,48.0,754.0,1.0,3.98,0.0,0,0.9989811512990321
WA,530723002721,1784,H.O.M.E. Program,6.58,4.305,2.275,0,False,,0.0789473684210526,79.5,122.0,1.0,5.88,0.0,0,0.9989811512990321
WA,530282002719,1789,Federal Way Public Academy,7.92,5.645,2.275,0,False,,0.3647540983606557,74.5,315.0,0.0,9.45,0.0,0,0.9989811512990321
WA,531005002713,1795,Woodland Alternative School,3.97,1.6950000000000003,2.275,0,False,,0.5333333333333333,24.5,63.0,1.0,4.0,0.0,0,0.9989811512990321
WA,530771002716,1796,Salmon Bay K-8 School,8.75,6.475,2.275,0,False,,0.0835073068893528,74.0,675.0,0.0,8.55,0.0,0,0.9989811512990321
WA,530684002791,1798,OCEAN,2.4,0.125,2.275,0,False,,0.5945945945945946,29.75,61.0,1.0,2.45,0.0,0,0.9989811512990321
WA,530423002726,1800,Environmental & Adventure School,8.57,6.295,2.275,0,False,,0.0294117647058823,87.0,139.0,0.0,8.85,0.0,0,0.9989811512990321
WA,530591002730,1814,Northshore Networks,4.55,2.275,2.275,0,False,,0.1818181818181818,49.5,133.0,1.0,,0.0,0,0.9989811512990321
WA,530038002782,1836,CAM Academy,9.82,7.545,2.275,0,False,,0.1608579088471849,87.5,544.0,1.0,9.63,0.0,0,0.9989811512990321
WA,530207002827,1852,Deer Park Home Link Program,5.8,3.525,2.275,0,False,,0.2117647058823529,49.5,482.0,1.0,5.43,0.0,0,0.9989811512990321
WA,530456002797,1854,PARADE,7.02,4.744999999999999,2.275,0,False,,0.0845070422535211,64.5,128.0,1.0,8.15,0.0,0,0.9989811512990321
WA,530771002842,1856,The Center School,7.68,5.404999999999999,2.275,0,False,,0.1111111111111111,69.75,253.0,1.0,7.35,0.0,0,0.9989811512990321
WA,530492002844,1858,Mead Learning Options,6.52,4.244999999999999,2.275,0,False,,0.3051643192488263,52.5,504.0,1.0,5.95,0.0,0,0.9989811512990321
WA,530870002846,1860,Tacoma School of the Arts,7.42,5.145,2.275,0,False,,0.3724137931034483,44.5,605.0,1.0,7.38,0.0,0,0.9989811512990321
WA,530579002847,1861,North Mason Homelink Program,3.65,1.375,2.275,0,False,,,,15.0,1.0,3.75,0.0,0,0.9989811512990321
WA,530486002848,1862,Marysville Coop Program,5.55,3.275,2.275,0,False,,0.2265625,67.0,216.0,0.0,5.75,0.0,0,0.9989811512990321
WA,530038002857,1875,Homelink River,6.17,3.895,2.275,0,False,,0.3206751054852321,56.5,902.0,1.0,5.88,0.0,0,0.9989811512990321
WA,530802002894,1904,Parent Partnership,5.3,3.025,2.275,0,False,,0.2075471698113207,49.5,86.0,1.0,6.15,0.0,0,0.9989811512990321
WA,530267002897,1907,Port Gardner,8.4,6.125,2.275,0,False,,0.25,54.5,95.0,1.0,7.8,0.0,0,0.9989811512990321
WA,530744002908,1919,Independent Scholar,4.9,2.6250000000000004,2.275,0,False,,0.5609756097560976,29.75,83.0,1.0,4.7,0.0,0,0.9989811512990321
WA,530450003098,1922,Loon Lake Homelink Program,3.67,1.395,2.275,0,False,,0.225,49.5,86.0,0.0,5.8,0.0,0,0.9989811512990321
WA,530270003101,1926,Home Choice Academy,5.7,3.4250000000000003,2.275,0,False,,0.3982300884955752,39.5,189.0,1.0,6.53,0.0,0,0.9989811512990321
WA,530486003102,1927,Legacy High School,3.2,0.9250000000000003,2.275,0,False,,0.52,34.75,265.0,1.0,2.53,0.0,0,0.9989811512990321
WA,530924003107,1932,Columbia Virtual Academy,2.83,0.5550000000000002,2.275,0,False,,,54.5,790.0,0.0,4.1,0.0,0,0.9989811512990321
WA,530033003110,1935,Eagle Harbor High School,6.72,4.445,2.275,0,False,,0.1290322580645161,72.25,96.0,1.0,4.88,0.0,0,0.9989811512990321
WA,530792003116,1942,Cascade K-8 Community School,7.3,5.025,2.275,0,False,,0.3020134228187919,69.5,221.0,0.0,8.5,0.0,0,0.9989811512990321
WA,530654003134,1961,Palouse at Garfield Middle School,5.0,2.725,2.275,0,False,,0.3684210526315789,64.5,34.0,0.0,4.38,0.0,0,0.9989811512990321
WA,530111003137,1964,Spokane Valley Learning Academy,7.8,5.525,2.275,0,False,,0.2619047619047619,64.5,52.0,0.0,,0.0,0,0.9989811512990321
WA,530240003139,1966,Edmonds Heights K-12,5.2,2.9250000000000003,2.275,0,False,,0.1776649746192893,64.5,608.0,1.0,4.65,0.0,0,0.9989811512990321
WA,530423002983,1975,Stella Schola,9.95,7.674999999999999,2.275,0,False,,0.034090909090909,97.5,88.0,0.0,9.4,0.0,0,0.9989811512990321
WA,530462003022,1983,Lynden Academy,5.57,3.2950000000000004,2.275,0,False,,0.075187969924812,39.5,288.0,1.0,5.83,0.0,0,0.9989811512990321
WA,530540003006,1992,Skagit Academy,6.75,4.475,2.275,0,False,,0.2816091954022988,54.5,322.0,1.0,6.95,0.0,0,0.9989811512990321
WA,530768001126,2010,Satsop Elementary,7.05,4.775,2.275,0,True,,0.5151515151515151,59.5,60.0,0.0,8.05,0.0,0,0.9989811512990321
WA,530576000854,2026,Poulsbo Elementary School,8.7,6.424999999999999,2.275,0,False,,0.3671875,61.5,536.0,0.0,8.8,0.0,0,0.9989811512990321
WA,530622000940,2031,Omak High School,4.35,2.0749999999999997,2.275,0,False,,0.6575342465753424,37.0,419.0,1.0,4.05,0.0,0,0.9989811512990321
WA,530870001475,2036,Larchmont Elementary School,4.05,1.775,2.275,0,True,,0.7926829268292683,39.5,344.0,0.0,5.15,30718.0,1,0.9989811512990321
WA,530627000943,2049,Onion Creek Elementary,7.7,5.425000000000001,2.275,0,True,,0.7894736842105263,59.5,49.0,0.0,7.8,0.0,0,0.9989811512990321
WA,530879001520,2052,Tekoa Elementary School,3.45,1.1750000000000003,2.275,0,True,,0.62,69.5,136.0,0.0,3.43,0.0,0,0.9989811512990321
WA,530825001381,2056,Holmes Elementary,2.83,0.5550000000000002,2.275,0,True,,0.903846153846154,34.5,412.0,0.0,2.85,0.0,0,0.9989811512990321
WA,530771001176,2061,Green Lake Elementary School,5.45,3.1750000000000003,2.275,0,False,,0.1275510204081632,72.0,430.0,0.0,6.95,0.0,0,0.9989811512990321
WA,530588000873,2062,Northport Elementary School,7.03,4.755000000000001,2.275,0,True,,0.7567567567567568,54.5,116.0,0.0,8.08,0.0,0,0.9989811512990321
WA,530771001192,2063,John Hay Elementary School,7.95,5.675000000000001,2.275,0,False,,0.1393442622950819,79.5,497.0,0.0,7.05,0.0,0,0.9989811512990321
WA,530267000398,2065,Garfield Elementary School,8.1,5.824999999999999,2.275,0,True,,0.7371134020618557,64.5,453.0,0.0,7.8,0.0,0,0.9989811512990321
WA,530042000104,2066,Fairhaven Middle School,7.7,5.425000000000001,2.275,0,False,,0.230392156862745,66.0,595.0,0.0,8.4,0.0,0,0.9989811512990321
WA,530042000112,2067,Roosevelt Elementary School,3.3,1.025,2.275,0,True,,0.5202020202020202,47.0,415.0,0.0,2.5,32089.0,1,0.9989811512990321
WA,530771001216,2069,Madrona K-5 School,3.43,1.1550000000000002,2.275,0,True,,0.5257731958762887,57.0,269.0,0.0,6.75,0.0,0,0.9989811512990321
WA,530771001140,2070,Beacon Hill International School,8.35,6.074999999999999,2.275,0,True,,0.5533980582524272,65.5,418.0,0.0,8.55,0.0,0,0.9989811512990321
WA,530802001325,2073,Machias Elementary,7.53,5.255000000000001,2.275,0,False,,0.2379421221864952,63.5,555.0,0.0,7.25,0.0,0,0.9989811512990321
WA,530945001599,2074,Berney Elementary School,5.48,3.2050000000000005,2.275,0,True,,0.4756097560975609,50.0,455.0,0.0,5.45,34591.0,1,0.9989811512990321
WA,530042000117,2075,Whatcom Middle School,7.15,4.875,2.275,0,False,,0.2401746724890829,65.5,678.0,0.0,6.65,0.0,0,0.9989811512990321
WA,530945001602,2078,Green Park Elementary School,5.75,3.475,2.275,0,True,,0.717391304347826,38.0,418.0,0.0,5.5,30757.0,1,0.9989811512990321
WA,530771001251,2080,Stevens Elementary School,6.7,4.425000000000001,2.275,0,False,,0.3432835820895522,69.5,231.0,0.0,8.25,0.0,0,0.9989811512990321
WA,530771001197,2081,John Stanford International School,9.7,7.424999999999999,2.275,0,False,,0.1078431372549019,82.0,466.0,0.0,9.7,0.0,0,0.9989811512990321
WA,530870001509,2083,Washington Elementary School,8.17,5.895,2.275,0,False,,0.2452830188679245,71.0,430.0,0.0,7.85,0.0,0,0.9989811512990321
WA,530870001502,2084,Stadium High School,7.3,5.025,2.275,0,False,,0.3620178041543027,59.5,1455.0,1.0,7.85,0.0,0,0.9989811512990321
WA,530825001404,2086,Roosevelt Elementary,7.25,4.975,2.275,0,True,,0.5917602996254682,55.5,524.0,0.0,6.4,0.0,0,0.9989811512990321
WA,530415000647,2087,Lacrosse Elementary School,4.13,1.855,2.275,0,True,,0.2666666666666666,75.0,47.0,0.0,3.4,0.0,0,0.9989811512990321
WA,530415000648,2088,Lacrosse High School,6.0,3.725,2.275,0,False,,0.238095238095238,39.75,41.0,1.0,5.65,0.0,0,0.9989811512990321
WA,530771001143,2089,Martin Luther King Jr. Elementary School,4.8,2.525,2.275,0,True,,0.8671875,32.0,320.0,0.0,4.4,34922.0,1,0.9989811512990321
WA,530771001151,2090,Frantz Coe Elementary School,9.95,7.674999999999999,2.275,0,False,,0.0714285714285714,89.5,553.0,0.0,9.9,0.0,0,0.9989811512990321
WA,530771001265,2092,Whittier Elementary School,9.75,7.475,2.275,0,False,,0.106060606060606,72.0,444.0,0.0,9.95,0.0,0,0.9989811512990321
WA,530870001496,2094,Blix Elementary School,3.55,1.275,2.275,0,True,,0.8631178707224335,38.5,547.0,0.0,2.2,0.0,0,0.9989811512990321
WA,530825001402,2096,Regal Elementary,4.05,1.775,2.275,0,True,,0.9166666666666666,36.0,500.0,0.0,3.15,31221.0,1,0.9989811512990321
WA,530327000508,2097,Great Northern Elementary,6.55,4.275,2.275,0,True,,0.2,69.5,44.0,0.0,2.25,0.0,0,0.9989811512990321
WA,530870001474,2103,Jefferson Elementary School,9.35,7.074999999999999,2.275,0,False,,0.5051020408163265,69.5,353.0,0.0,9.03,0.0,0,0.9989811512990321
WA,530855001439,2105,Sultan Middle School,3.35,1.0750000000000002,2.275,0,False,,0.6012931034482759,40.0,477.0,0.0,4.25,0.0,0,0.9989811512990321
WA,530825001399,2106,North Central High School,5.85,3.5749999999999997,2.275,0,False,,0.5133928571428571,62.0,1548.0,1.0,5.2,0.0,0,0.9989811512990321
WA,530825001412,2108,Stevens Elementary,2.9,0.625,2.275,0,True,,0.9446640316205532,26.0,499.0,0.0,1.55,48647.0,1,0.9989811512990321
WA,530825001415,2109,Willard Elementary,5.3,3.025,2.275,0,True,,0.8297101449275363,44.5,524.0,0.0,1.95,0.0,0,0.9989811512990321
WA,530825001409,2110,Frances Scott Elementary,3.65,1.375,2.275,0,True,,0.8803088803088803,33.5,505.0,0.0,2.95,35112.0,1,0.9989811512990321
WA,530825001384,2111,Jefferson Elementary,9.25,6.975,2.275,0,False,,0.4482758620689655,68.0,472.0,0.0,8.7,0.0,0,0.9989811512990321
WA,530111000199,2113,Opportunity Elementary,3.4,1.125,2.275,0,True,,0.7220338983050848,47.5,640.0,0.0,3.45,0.0,0,0.9989811512990321
WA,530147000275,2114,Davis Elementary,4.9,2.6250000000000004,2.275,0,True,,0.6261127596439169,46.0,724.0,0.0,5.65,0.0,0,0.9989811512990321
WA,530849001433,2115,Steptoe Elementary School,5.38,3.105,2.275,0,False,,,49.5,69.0,0.0,7.2,0.0,0,0.9989811512990321
WA,531011001689,2116,Davis High School,4.6,2.3249999999999997,2.275,0,True,,0.7491228070175439,38.0,2459.0,1.0,4.65,0.0,0,0.9989811512990321
WA,530771001163,2118,Emerson Elementary School,2.55,0.2749999999999999,2.275,0,True,,0.7421383647798742,27.0,383.0,0.0,4.55,48383.0,1,0.9989811512990321
WA,530771001255,2120,Rising Star Elementary School,6.05,3.775,2.275,0,True,,0.8067632850241546,37.0,435.0,0.0,6.5,31051.0,1,0.9989811512990321
WA,530771001201,2121,Leschi Elementary School,4.55,2.275,2.275,0,True,,0.5,47.0,357.0,0.0,6.45,34922.0,1,0.9989811512990321
WA,530771001177,2123,Greenwood Elementary School,9.95,7.674999999999999,2.275,0,False,,0.1337579617834395,84.5,330.0,0.0,9.68,0.0,0,0.9989811512990321
WA,530804003693,2124,Snoqualmie Middle School,8.05,5.775,2.275,0,False,,,,552.0,0.0,8.0,0.0,0,0.9989811512990321
WA,530696001038,2125,Puyallup High School,7.0,4.725,2.275,0,False,,0.2721202003338898,67.0,1872.0,1.0,6.65,0.0,0,0.9989811512990321
WA,530267000395,2126,Everett High School,6.6,4.324999999999999,2.275,0,False,,0.5551724137931034,55.5,1379.0,1.0,6.3,0.0,0,0.9989811512990321
WA,530825001374,2127,Franklin Elementary,7.88,5.605,2.275,0,True,,0.4747899159663865,68.5,463.0,0.0,7.05,0.0,0,0.9989811512990321
WA,530825001363,2128,Audubon Elementary,3.4,1.125,2.275,0,True,,0.8893280632411067,32.5,499.0,0.0,3.45,31221.0,1,0.9989811512990321
WA,530825001370,2129,Cooper Elementary,6.6,4.324999999999999,2.275,0,True,,0.7811447811447811,57.0,505.0,0.0,5.0,0.0,0,0.9989811512990321
WA,530948001615,2131,Wapato Middle School,1.9,-0.375,2.275,1,True,,0.9462102689486552,21.5,863.0,0.0,1.55,0.0,0,0.9989811512990321
WA,530738001111,2132,Ritzville High School,5.37,3.095,2.275,0,False,,0.32,49.75,108.0,1.0,6.0,0.0,0,0.9989811512990321
WA,530663000976,2133,Paterson Elementary School,8.93,6.654999999999999,2.275,0,True,,0.92,64.5,117.0,0.0,8.65,0.0,0,0.9989811512990321
WA,530966001639,2134,Wenatchee High School,6.95,4.675000000000001,2.275,0,False,,0.5555555555555556,50.5,2088.0,1.0,6.1,0.0,0,0.9989811512990321
WA,530840001427,2135,Starbuck School,3.5,1.225,2.275,0,True,,0.1666666666666666,49.75,20.0,0.0,4.65,0.0,0,0.9989811512990321
WA,530636000948,2136,Orient Elementary School,7.25,4.975,2.275,0,True,,0.5806451612903226,32.25,46.0,0.0,5.2,0.0,0,0.9989811512990321
WA,530249000372,2137,Elma High School,7.25,4.975,2.275,0,False,,0.7659574468085106,54.5,503.0,1.0,7.15,0.0,0,0.9989811512990321
WA,530771001127,2138,Adams Elementary School,8.85,6.574999999999999,2.275,0,False,,0.1808118081180811,76.0,498.0,0.0,9.8,0.0,0,0.9989811512990321
WA,530771001172,2139,Gatewood Elementary School,8.95,6.674999999999999,2.275,0,False,,0.2063492063492063,72.0,401.0,0.0,7.38,0.0,0,0.9989811512990321
WA,530771002347,2141,Thurgood Marshall Elementary,8.95,6.674999999999999,2.275,0,True,,0.3442622950819672,76.5,487.0,0.0,9.0,0.0,0,0.9989811512990321
WA,530771001263,2142,West Woodland Elementary School,9.68,7.404999999999999,2.275,0,False,,0.0996309963099631,83.0,538.0,0.0,9.4,0.0,0,0.9989811512990321
WA,530771001221,2143,John Muir Elementary School,4.45,2.1750000000000003,2.275,0,True,,0.7077922077922078,47.0,331.0,0.0,4.2,31051.0,1,0.9989811512990321
WA,530354000539,2144,Mount View Elementary,1.95,-0.32499999999999996,2.275,1,True,,0.8211143695014663,26.0,535.0,0.0,2.35,0.0,0,0.9989811512990321
WA,530324000507,2145,Grapeview Elementary & Middle School,7.5,5.225,2.275,0,True,,0.4437086092715231,57.0,206.0,0.0,7.68,0.0,0,0.9989811512990321
WA,530502000770,2146,Liberty Bell Jr Sr High,6.55,4.275,2.275,0,False,,0.4492753623188406,57.0,289.0,1.0,7.33,0.0,0,0.9989811512990321
WA,530870001467,2148,Franklin Elementary School,2.25,-0.02499999999999991,2.275,0,True,,0.832,37.0,331.0,0.0,2.1,0.0,0,0.9989811512990321
WA,530774001279,2150,Sedro Woolley Senior High School,5.9,3.6250000000000004,2.275,0,False,,0.4065934065934066,51.5,1180.0,1.0,5.15,0.0,0,0.9989811512990321
WA,530825001366,2155,Bemiss Elementary,4.7,2.4250000000000003,2.275,0,True,,0.906367041198502,42.5,472.0,0.0,4.1,0.0,0,0.9989811512990321
WA,530825001361,2156,Adams Elementary,8.2,5.924999999999999,2.275,0,True,,0.7346938775510204,59.5,389.0,0.0,4.95,0.0,0,0.9989811512990321
WA,530111000194,2157,Greenacres Elementary,4.9,2.6250000000000004,2.275,0,True,,0.5366666666666666,55.5,630.0,0.0,6.15,0.0,0,0.9989811512990321
WA,530711001057,2158,Rainier Middle School,5.72,3.445,2.275,0,True,,0.525,49.5,208.0,0.0,5.4,0.0,0,0.9989811512990321
WA,530945001606,2159,Prospect Point Elementary,4.63,2.355,2.275,0,True,,0.3668122270742358,62.5,490.0,0.0,5.55,0.0,0,0.9989811512990321
WA,530900001536,2160,Touchet Elem & High School,5.45,3.1750000000000003,2.275,0,True,,0.6302521008403361,39.5,225.0,1.0,5.58,0.0,0,0.9989811512990321
WA,530960002192,2161,Waterville Elementary,7.47,5.195,2.275,0,False,,0.603448275862069,64.5,132.0,0.0,6.48,0.0,0,0.9989811512990321
WA,530960001628,2162,Waterville High School,6.8,4.525,2.275,0,True,,0.5625,47.0,138.0,1.0,6.43,0.0,0,0.9989811512990321
WA,530114000206,2166,Centralia High School,4.2,1.9250000000000003,2.275,0,False,,0.6380090497737556,47.0,990.0,1.0,3.95,0.0,0,0.9989811512990321
WA,530870001465,2167,Fern Hill Elementary School,7.3,5.025,2.275,0,True,,0.777027027027027,52.0,337.0,0.0,6.35,0.0,0,0.9989811512990321
WA,530870001500,2168,Sheridan Elementary School,3.85,1.5750000000000002,2.275,0,True,,0.8215767634854771,39.5,565.0,0.0,3.4,30718.0,1,0.9989811512990321
WA,530870001493,2169,Point Defiance Elementary School,6.6,4.324999999999999,2.275,0,False,,0.396039603960396,68.5,402.0,0.0,6.95,0.0,0,0.9989811512990321
WA,530825001388,2172,Lewis & Clark High School,7.8,5.525,2.275,0,False,,0.3333333333333333,62.0,1793.0,1.0,7.25,0.0,0,0.9989811512990321
WA,530207000306,2173,Arcadia Elementary,7.28,5.005000000000001,2.275,0,True,,0.5606407322654462,59.5,444.0,0.0,7.08,0.0,0,0.9989811512990321
WA,530939002492,2174,Preston Hall Middle School,2.08,-0.19499999999999984,2.275,1,True,,0.6857142857142857,37.0,61.0,0.0,1.2,0.0,0,0.9989811512990321
WA,530042000115,2175,Silver Beach Elementary School,9.13,6.855,2.275,0,False,,0.1891891891891892,63.0,632.0,0.0,7.98,0.0,0,0.9989811512990321
WA,531011001692,2176,Garfield Elementary School,2.6,0.3250000000000002,2.275,0,True,,0.968503937007874,39.0,524.0,0.0,1.6,0.0,0,0.9989811512990321
WA,531011001700,2177,Mckinley Elementary School,1.6,-0.6749999999999998,2.275,1,True,,0.8789237668161435,29.5,447.0,0.0,2.55,49014.0,1,0.9989811512990321
WA,530927001560,2179,Fort Vancouver High School,3.05,0.7749999999999999,2.275,0,True,,0.7121212121212122,28.0,1574.0,1.0,3.1,0.0,0,0.9989811512990321
WA,530516000780,2180,Montesano Jr-Sr High,5.67,3.395,2.275,0,False,,0.3757763975155279,55.5,687.0,1.0,5.68,0.0,0,0.9989811512990321
WA,530771001129,2181,Alki Elementary School,9.9,7.625,2.275,0,False,,0.1888888888888888,72.0,359.0,0.0,9.58,0.0,0,0.9989811512990321
WA,530771001168,2182,Franklin High School,5.95,3.6750000000000003,2.275,0,False,,0.6485623003194888,62.0,1232.0,1.0,4.55,0.0,0,0.9989811512990321
WA,530771001199,2183,Lawton Elementary School,8.85,6.574999999999999,2.275,0,False,,0.0792079207920792,85.0,413.0,0.0,6.15,0.0,0,0.9989811512990321
WA,530792001309,2185,Lake Forest Park Elementary,8.8,6.525,2.275,0,False,,0.2915451895043732,73.5,506.0,0.0,8.6,0.0,0,0.9989811512990321
WA,530828001419,2186,Sprague High School,4.55,2.275,2.275,0,False,,,75.0,32.0,1.0,4.85,0.0,0,0.9989811512990321
WA,530141002581,2189,Park Lodge Elementary School,1.55,-0.7249999999999999,2.275,1,True,,0.9322916666666666,32.0,457.0,0.0,2.5,47705.0,1,0.9989811512990321
WA,530978001661,2190,Elk Ridge Elementary,7.6,5.324999999999999,2.275,0,False,,0.3509615384615384,69.0,499.0,0.0,6.55,0.0,0,0.9989811512990321
WA,530825001414,2191,Whitman Elementary,6.2,3.9250000000000003,2.275,0,True,,0.9009584664536742,38.0,495.0,0.0,6.8,31221.0,1,0.9989811512990321
WA,530474000727,2196,Manson Elementary,3.05,0.7749999999999999,2.275,0,True,,0.7133333333333334,29.5,289.0,0.0,4.25,0.0,0,0.9989811512990321
WA,530573000850,2198,Robert L Olds Junior High School,2.45,0.17500000000000027,2.275,0,True,,0.7880597014925373,37.5,331.0,0.0,2.0,31669.0,1,0.9989811512990321
WA,530771001154,2199,Concord International School,2.0,-0.2749999999999999,2.275,1,True,,0.8277777777777777,24.5,344.0,0.0,1.4,0.0,0,0.9989811512990321
WA,530771001214,2201,McGilvra Elementary School,7.7,5.425000000000001,2.275,0,False,,0.0701754385964912,82.0,239.0,0.0,9.3,0.0,0,0.9989811512990321
WA,530237000326,2205,Eatonville Elementary School,3.2,0.9250000000000003,2.275,0,True,,0.4805825242718446,61.5,409.0,0.0,3.3,0.0,0,0.9989811512990321
WA,530237000327,2206,Eatonville High School,7.65,5.375,2.275,0,False,,0.3805970149253731,49.5,582.0,1.0,7.6,0.0,0,0.9989811512990321
WA,530252000373,2207,Endicott/St John Elem and Middle,5.6,3.3249999999999997,2.275,0,True,,0.5949367088607594,59.5,103.0,0.0,5.18,0.0,0,0.9989811512990321
WA,530771001145,2209,Broadview-Thomson K-8 School,7.15,4.875,2.275,0,True,,0.6116504854368932,48.0,624.0,0.0,7.05,0.0,0,0.9989811512990321
WA,530810001337,2214,South Bend High School,6.6,4.324999999999999,2.275,0,True,,0.6805555555555556,54.5,247.0,1.0,6.05,0.0,0,0.9989811512990321
WA,530870001476,2215,Lincoln High School,4.25,1.975,2.275,0,True,,0.7942122186495176,36.5,1628.0,1.0,4.15,0.0,0,0.9989811512990321
WA,530825001368,2218,Browne Elementary,2.9,0.625,2.275,0,True,,0.6788990825688074,46.0,401.0,0.0,2.8,0.0,0,0.9989811512990321
WA,530462000721,2219,Lynden Middle School,5.85,3.5749999999999997,2.275,0,True,,0.4058823529411764,61.0,723.0,0.0,5.2,0.0,0,0.9989811512990321
WA,530771001138,2220,Ballard High School,8.4,6.125,2.275,0,False,,0.0910973084886128,81.5,1842.0,1.0,8.6,0.0,0,0.9989811512990321
WA,530804001329,2222,Fall City Elementary,7.5,5.225,2.275,0,False,,0.081180811808118,82.5,550.0,0.0,7.0,0.0,0,0.9989811512990321
WA,530918001553,2223,University Place Primary,7.0,4.725,2.275,0,True,,0.4673366834170854,74.5,532.0,0.0,8.3,0.0,0,0.9989811512990321
WA,530042000108,2225,Lowell Elementary School,8.82,6.545,2.275,0,False,,0.2435897435897435,72.0,270.0,0.0,7.28,0.0,0,0.9989811512990321
WA,530006000012,2227,Adna Elementary School,5.95,3.6750000000000003,2.275,0,False,,0.2575757575757575,57.0,251.0,0.0,7.25,0.0,0,0.9989811512990321
WA,530855001438,2229,Sultan Elementary School,7.5,5.225,2.275,0,True,,0.55859375,64.5,541.0,0.0,7.05,0.0,0,0.9989811512990321
WA,530471000726,2233,Mansfield Elem and High School,5.87,3.595,2.275,0,True,,0.7619047619047619,44.5,102.0,1.0,6.25,0.0,0,0.9989811512990321
WA,530771001262,2234,West Seattle High School,7.97,5.695,2.275,0,False,,0.1804511278195488,71.5,1117.0,1.0,7.35,0.0,0,0.9989811512990321
WA,530846001431,2237,Pioneer Middle,7.13,4.855,2.275,0,False,,0.2416201117318435,64.0,796.0,0.0,6.45,0.0,0,0.9989811512990321
WA,531017001719,2240,Zillah High School,6.05,3.775,2.275,0,False,,0.544,39.5,431.0,1.0,6.0,0.0,0,0.9989811512990321
WA,530678000994,2241,Pomeroy Jr Sr High School,5.07,2.7950000000000004,2.275,0,False,,0.5,59.5,143.0,1.0,4.3,0.0,0,0.9989811512990321
WA,530114000207,2244,Edison Elementary,3.0,0.7250000000000001,2.275,0,True,,0.8350515463917526,59.5,339.0,0.0,2.95,0.0,0,0.9989811512990321
WA,530615003144,2245,Okanogan Middle School,4.83,2.555,2.275,0,False,,0.6007462686567164,42.5,272.0,0.0,4.8,0.0,0,0.9989811512990321
WA,530615000920,2246,Okanogan High School,7.85,5.574999999999999,2.275,0,False,,0.5,57.0,318.0,1.0,7.6,0.0,0,0.9989811512990321
WA,530870001489,2247,N.E. Tacoma Elementary School,6.3,4.025,2.275,0,False,,0.5810055865921788,59.5,418.0,0.0,5.45,0.0,0,0.9989811512990321
WA,530105000175,2251,Centerville Elementary,7.25,4.975,2.275,0,True,,0.2777777777777778,64.5,86.0,0.0,7.15,0.0,0,0.9989811512990321
WA,530870001481,2252,Manitou Park Elementary School,5.8,3.525,2.275,0,True,,0.8571428571428571,41.0,515.0,0.0,4.4,30718.0,1,0.9989811512990321
WA,530771001229,2256,Olympic View Elementary School,7.85,5.574999999999999,2.275,0,True,,0.3951219512195122,68.5,454.0,0.0,7.6,0.0,0,0.9989811512990321
WA,530294000473,2257,Collins Elementary,5.4,3.1250000000000004,2.275,0,False,,0.6371681415929203,50.5,515.0,0.0,5.1,0.0,0,0.9989811512990321
WA,530825001382,2258,Hutton Elementary,9.13,6.855,2.275,0,False,,0.1934523809523809,84.5,620.0,0.0,8.88,0.0,0,0.9989811512990321
WA,531014001714,2260,McKenna Elementary,8.48,6.205,2.275,0,True,,0.5,61.0,423.0,0.0,8.1,0.0,0,0.9989811512990321
WA,530042000105,2262,Geneva Elementary School,5.13,2.855,2.275,0,False,,0.3008130081300813,53.0,489.0,0.0,7.05,0.0,0,0.9989811512990321
WA,530285000457,2263,Beach Elem,7.73,5.455,2.275,0,False,,0.631578947368421,69.5,35.0,0.0,,0.0,0,0.9989811512990321
WA,530897001535,2264,Toppenish Middle School,2.8,0.5249999999999999,2.275,0,True,,0.9384787472035794,25.5,882.0,0.0,2.05,33702.0,1,0.9989811512990321
WA,530000300593,2266,Kelso High School,5.75,3.475,2.275,0,False,,0.5152354570637119,43.0,1537.0,1.0,6.05,0.0,0,0.9989811512990321
WA,530657000967,2267,Mcloughlin Middle School,4.45,2.1750000000000003,2.275,0,True,,0.5504107542942495,49.5,1404.0,0.0,3.7,31223.0,1,0.9989811512990321
WA,530771001183,2269,Highland Park Elementary School,3.65,1.375,2.275,0,True,,0.7801418439716312,34.5,334.0,0.0,3.55,34922.0,1,0.9989811512990321
WA,530816001357,2272,South Kitsap High School,5.65,3.3750000000000004,2.275,0,False,,0.3656597774244833,48.5,2554.0,1.0,5.65,0.0,0,0.9989811512990321
WA,530549000827,2273,Napavine Jr Sr High School,6.5,4.225,2.275,0,False,,0.5175879396984925,57.0,404.0,1.0,4.8,0.0,0,0.9989811512990321
WA,530870001497,2275,Roosevelt Elementary School,2.55,0.2749999999999999,2.275,0,True,,0.9508196721311476,17.0,278.0,0.0,3.5,47865.0,1,0.9989811512990321
WA,530411000646,2276,La Conner High School,5.7,3.4250000000000003,2.275,0,False,,0.532258064516129,49.5,218.0,1.0,4.95,0.0,0,0.9989811512990321
WA,530966001631,2279,Lewis And Clark Elementary Sch,3.7,1.4250000000000003,2.275,0,True,,0.8,26.5,458.0,0.0,2.55,31027.0,1,0.9989811512990321
WA,530099000172,2281,Castle Rock High School,4.55,2.275,2.275,0,False,,0.5698924731182796,42.0,453.0,1.0,3.98,0.0,0,0.9989811512990321
WA,530600000909,2283,Oakville High School,2.25,-0.02499999999999991,2.275,1,True,,0.5949367088607594,22.0,135.0,1.0,4.18,47760.0,1,0.9989811512990321
WA,530771001239,2285,Roosevelt High School,8.25,5.975,2.275,0,False,,0.0612648221343873,80.5,1822.0,1.0,7.9,0.0,0,0.9989811512990321
WA,530804001331,2287,North Bend Elementary School,7.25,4.975,2.275,0,True,,0.2295081967213114,67.5,540.0,0.0,8.15,0.0,0,0.9989811512990321
WA,530804001332,2288,Snoqualmie Elementary,9.13,6.855,2.275,0,True,,0.155893536121673,83.0,550.0,0.0,9.1,0.0,0,0.9989811512990321
WA,530423000678,2289,Redmond Elementary,8.8,6.525,2.275,0,False,,0.1974921630094044,78.5,652.0,0.0,8.6,0.0,0,0.9989811512990321
WA,530993001677,2290,Winlock Miller Elementary,4.8,2.525,2.275,0,True,,0.9882352941176472,34.5,385.0,0.0,2.8,31555.0,1,0.9989811512990321
WA,530114000210,2291,Oakview Elementary School,3.75,1.475,2.275,0,True,,0.8031674208144797,44.0,341.0,0.0,3.4,30511.0,1,0.9989811512990321
WA,530582000861,2292,North River School,4.9,2.6250000000000004,2.275,0,True,,0.7692307692307693,54.5,70.0,1.0,5.15,0.0,0,0.9989811512990321
WA,530669000983,2294,Goodman Middle School,6.65,4.375,2.275,0,False,,0.1878354203935599,60.5,567.0,0.0,7.3,0.0,0,0.9989811512990321
WA,530540000813,2295,Mount Vernon High School,4.45,2.1750000000000003,2.275,0,True,,0.6162280701754386,46.0,2018.0,1.0,4.7,0.0,0,0.9989811512990321
WA,530825001416,2296,Wilson Elementary,9.95,7.674999999999999,2.275,0,False,,0.1881720430107527,87.0,372.0,0.0,9.63,0.0,0,0.9989811512990321
WA,530483000731,2297,Springdale Elementary,1.35,-0.9249999999999998,2.275,1,True,,0.8372093023255814,32.0,215.0,0.0,1.58,55000.0,1,0.9989811512990321
WA,530132000234,2299,Charles Francis Adams High School,6.02,3.7449999999999997,2.275,0,False,,0.5255102040816326,52.0,799.0,1.0,5.58,0.0,0,0.9989811512990321
WA,530966001630,2301,Columbia Elementary School,6.5,4.225,2.275,0,True,,0.9192825112107624,29.0,377.0,0.0,,0.0,0,0.9989811512990321
WA,530204000305,2302,Dayton High School,5.47,3.195,2.275,0,True,,0.5333333333333333,49.75,119.0,1.0,5.53,0.0,0,0.9989811512990321
WA,530003000009,2305,Miller Junior High,2.35,0.07500000000000018,2.275,0,True,,0.7293388429752066,41.5,799.0,0.0,2.05,48739.0,1,0.9989811512990321
WA,530771001171,2306,Garfield High School,7.8,5.525,2.275,0,False,,0.2539682539682539,77.5,1786.0,1.0,7.6,0.0,0,0.9989811512990321
WA,530771001173,2307,Bailey Gatzert Elementary School,2.4,0.125,2.275,0,True,,0.8955223880597015,27.0,339.0,0.0,4.45,48383.0,1,0.9989811512990321
WA,530423000672,2308,Kirkland Middle School,9.08,6.805,2.275,0,False,,0.1184433164128595,84.5,617.0,0.0,8.35,0.0,0,0.9989811512990321
WA,530360000561,2310,Hood Canal Elementary School,1.75,-0.5249999999999999,2.275,1,True,,0.8921568627450981,29.5,230.0,0.0,4.98,0.0,0,0.9989811512990321
WA,530696001031,2311,Stewart Elementary,2.8,0.5249999999999999,2.275,0,True,,0.6179775280898876,47.0,360.0,0.0,2.8,0.0,0,0.9989811512990321
WA,530825001373,2312,Finch Elementary,5.82,3.5450000000000004,2.275,0,True,,0.5820433436532507,60.5,507.0,0.0,4.28,0.0,0,0.9989811512990321
WA,531011001708,2314,Washington Middle School,2.35,0.07500000000000018,2.275,0,True,,0.9371221281741232,27.0,873.0,0.0,2.6,49014.0,1,0.9989811512990321
WA,530096000169,2315,CASHMERE MIDDLE SCHOOL,7.9,5.625,2.275,0,True,,0.4606060606060606,60.0,512.0,0.0,8.1,0.0,0,0.9989811512990321
WA,530120000218,2317,Chelan Middle School,6.4,4.125,2.275,0,True,,0.6377708978328174,54.0,323.0,0.0,6.3,0.0,0,0.9989811512990321
WA,530927001575,2318,Lincoln Elementary School,3.15,0.875,2.275,0,True,,0.6192893401015228,47.0,396.0,0.0,3.2,34223.0,1,0.9989811512990321
WA,530447000702,2319,Kessler Elementary School,2.35,0.07500000000000018,2.275,0,True,,0.8863636363636364,19.5,292.0,0.0,2.9,47614.0,1,0.9989811512990321
WA,530771001161,2321,Dunlap Elementary School,5.5,3.225,2.275,0,True,,0.7735849056603774,44.5,323.0,0.0,5.25,31051.0,1,0.9989811512990321
WA,530771001219,2322,Montlake Elementary School,9.68,7.404999999999999,2.275,0,False,,0.0932203389830508,82.0,250.0,0.0,9.9,0.0,0,0.9989811512990321
WA,530354000531,2325,Highline High School,3.95,1.6750000000000003,2.275,0,True,,0.6651785714285714,43.0,1020.0,1.0,3.9,0.0,0,0.9989811512990321
WA,530030000042,2326,Washington Elementary School,6.3,4.025,2.275,0,True,,0.793918918918919,51.0,623.0,0.0,4.6,0.0,0,0.9989811512990321
WA,530135000241,2328,Cle Elum Roslyn Elementary,4.53,2.2550000000000003,2.275,0,True,,0.502262443438914,52.0,462.0,0.0,7.18,0.0,0,0.9989811512990321
WA,530135000240,2329,Cle Elum Roslyn High School,6.4,4.125,2.275,0,False,,0.4067796610169492,49.5,236.0,1.0,6.5,0.0,0,0.9989811512990321
WA,530981001664,2330,Columbia High School,6.5,4.225,2.275,0,False,,0.4444444444444444,49.5,362.0,1.0,6.1,0.0,0,0.9989811512990321
WA,530624000942,2331,Onalaska High School,7.02,4.744999999999999,2.275,0,True,,0.5686274509803921,39.75,231.0,1.0,6.98,0.0,0,0.9989811512990321
WA,530696001035,2334,Meeker Elementary,4.6,2.3249999999999997,2.275,0,True,,0.3408239700374532,59.0,396.0,0.0,5.15,0.0,0,0.9989811512990321
WA,530870001479,2336,Lyon Elementary School,5.0,2.725,2.275,0,True,,0.7955801104972375,47.0,378.0,0.0,4.8,0.0,0,0.9989811512990321
WA,530870001473,2338,Hilltop Heritage Middle School,1.95,-0.32499999999999996,2.275,1,True,,0.6383763837638377,38.5,610.0,0.0,2.25,34548.0,1,0.9989811512990321
WA,530294003145,2340,Midland Elementary,3.4,1.125,2.275,0,False,,0.8934707903780069,48.5,515.0,0.0,5.15,0.0,0,0.9989811512990321
WA,530564000837,2341,Nine Mile Falls Elementary,5.38,3.105,2.275,0,False,,0.1772151898734177,54.5,151.0,0.0,7.03,0.0,0,0.9989811512990321
WA,530618001735,2342,Lincoln Elementary School,4.9,2.6250000000000004,2.275,0,False,,0.2797202797202797,49.5,282.0,0.0,4.93,0.0,0,0.9989811512990321
WA,530531000803,2343,Mount Baker Senior High,4.75,2.475,2.275,0,False,,0.546875,62.0,547.0,1.0,4.3,0.0,0,0.9989811512990321
WA,530537000805,2344,East Valley High School,6.15,3.8750000000000004,2.275,0,False,,0.5408163265306123,47.0,890.0,1.0,6.05,0.0,0,0.9989811512990321
WA,530315000501,2345,Mcclure Elementary School,4.7,2.4250000000000003,2.275,0,True,,0.9172185430463576,47.5,645.0,0.0,3.5,0.0,0,0.9989811512990321
WA,530966001633,2347,Mission View Elementary School,5.7,3.4250000000000003,2.275,0,True,,0.7928571428571428,47.5,506.0,0.0,3.75,0.0,0,0.9989811512990321
WA,530702001047,2349,Forks High School,4.88,2.605,2.275,0,False,,0.5854700854700855,45.5,452.0,1.0,3.4,0.0,0,0.9989811512990321
WA,530771001209,2353,Maple Elementary School,9.0,6.725,2.275,0,True,,0.6333333333333333,62.5,537.0,0.0,9.0,0.0,0,0.9989811512990321
WA,530264000390,2355,Evaline Elementary School,7.23,4.955,2.275,0,True,,0.5483870967741935,44.5,51.0,0.0,4.4,0.0,0,0.9989811512990321
WA,530714001060,2357,Raymond Jr Sr High School,3.3,1.025,2.275,0,False,,0.6015625,44.5,270.0,1.0,3.23,0.0,0,0.9989811512990321
WA,530870002174,2358,Stanley Elementary School,5.38,3.105,2.275,0,True,,0.8231292517006803,69.5,390.0,0.0,2.8,0.0,0,0.9989811512990321
WA,530870001504,2359,Stewart Middle School,2.25,-0.02499999999999991,2.275,1,True,,0.7931570762052877,36.5,710.0,0.0,2.5,34548.0,1,0.9989811512990321
WA,530237000328,2361,Weyerhaeuser Elementary,4.43,2.155,2.275,0,True,,0.4606060606060606,62.0,360.0,0.0,5.53,0.0,0,0.9989811512990321
WA,530078000155,2362,Burlington Edison High School,5.75,3.475,2.275,0,False,,0.4571428571428571,48.5,1109.0,1.0,5.15,0.0,0,0.9989811512990321
WA,530267000399,2364,North Middle School,5.45,3.1750000000000003,2.275,0,False,,0.650887573964497,55.5,749.0,0.0,4.85,0.0,0,0.9989811512990321
WA,530042000103,2365,Columbia Elementary School,7.63,5.355,2.275,0,False,,0.1970802919708029,72.0,300.0,0.0,5.53,0.0,0,0.9989811512990321
WA,530291000469,2367,River View High School,3.75,1.475,2.275,0,False,,0.6956521739130435,24.5,306.0,1.0,4.5,0.0,0,0.9989811512990321
WA,530682001000,2368,Jefferson Elementary,7.58,5.305,2.275,0,True,,0.6284153005464481,57.0,329.0,0.0,7.4,0.0,0,0.9989811512990321
WA,530447001845,2369,Columbia Valley Garden Elem Schl,8.25,5.975,2.275,0,True,,0.5223214285714286,57.5,407.0,0.0,8.25,0.0,0,0.9989811512990321
WA,530447000711,2370,Saint Helens Elementary,2.65,0.375,2.275,0,True,,0.89375,29.5,335.0,0.0,4.6,34367.0,1,0.9989811512990321
WA,530771001180,2371,Hamilton International Middle School,8.85,6.574999999999999,2.275,0,False,,0.0910951893551688,84.5,1047.0,0.0,9.0,0.0,0,0.9989811512990321
WA,530771001146,2372,Bryant Elementary School,6.65,4.375,2.275,0,False,,0.046594982078853,81.0,582.0,0.0,5.95,0.0,0,0.9989811512990321
WA,530870001483,2376,Mason Middle School,6.03,3.7550000000000003,2.275,0,False,,0.3049450549450549,65.5,806.0,0.0,5.8,0.0,0,0.9989811512990321
WA,530870001471,2377,Gray Middle School,2.25,-0.02499999999999991,2.275,1,True,,0.8236434108527132,30.0,559.0,0.0,2.45,34548.0,1,0.9989811512990321
WA,530078000156,2379,Edison Elementary,4.63,2.355,2.275,0,False,,0.2959501557632398,52.5,451.0,0.0,6.05,0.0,0,0.9989811512990321
WA,530774000141,2380,Central Elementary School,4.8,2.525,2.275,0,True,,0.6360424028268551,54.5,486.0,0.0,4.05,36089.0,1,0.9989811512990321
WA,530825001362,2381,Arlington Elementary,4.95,2.6750000000000003,2.275,0,True,,0.8450292397660819,34.0,622.0,0.0,2.45,31221.0,1,0.9989811512990321
WA,530399000637,2385,Kettle Falls Elementary School,5.08,2.805,2.275,0,False,,0.6090225563909775,44.5,286.0,0.0,3.88,0.0,0,0.9989811512990321
WA,530042000116,2387,Sunnyland Elementary School,5.3,3.025,2.275,0,False,,0.3986486486486486,54.5,310.0,0.0,4.7,0.0,0,0.9989811512990321
WA,530777001282,2388,Selah High School,6.9,4.625,2.275,0,True,,0.461864406779661,57.5,1138.0,1.0,6.65,0.0,0,0.9989811512990321
WA,530528001851,2389,Mount Adams Middle School,1.3,-0.9749999999999999,2.275,1,True,,0.9855072463768116,9.75,158.0,0.0,1.25,47254.0,1,0.9989811512990321
WA,530735001105,2390,Ridgefield High School,7.22,4.945,2.275,0,False,,0.2232558139534883,72.0,939.0,1.0,7.5,0.0,0,0.9989811512990321
WA,530366000565,2391,Hoquiam Middle School,2.25,-0.02499999999999991,2.275,1,True,,0.7222222222222222,33.0,361.0,0.0,1.85,0.0,0,0.9989811512990321
WA,530771001150,2392,Cleveland High School STEM,8.55,6.275,2.275,0,False,,0.5774647887323944,63.5,916.0,1.0,8.0,0.0,0,0.9989811512990321
WA,530030000033,2394,Cascade Middle School,2.65,0.375,2.275,0,True,,0.6340269277845777,38.0,880.0,0.0,2.9,34869.0,1,0.9989811512990321
WA,530033000043,2395,Bainbridge High School,9.65,7.375,2.275,0,False,,0.0737463126843657,87.5,1369.0,1.0,9.6,0.0,0,0.9989811512990321
WA,530660000974,2396,Pateros Elementary,5.83,3.555,2.275,0,True,,0.7,57.0,160.0,0.0,5.3,0.0,0,0.9989811512990321
WA,530660000975,2397,Pateros High School,5.42,3.145,2.275,0,True,,0.7692307692307693,47.0,158.0,1.0,5.13,0.0,0,0.9989811512990321
WA,530294000471,2398,Central Avenue Elementary,6.35,4.074999999999999,2.275,0,False,,0.7256637168141593,51.5,439.0,0.0,5.8,0.0,0,0.9989811512990321
WA,530048000127,2399,Spanaway Elementary,7.0,4.725,2.275,0,True,,0.6735751295336787,52.0,436.0,0.0,6.4,0.0,0,0.9989811512990321
WA,530834001424,2400,Stanwood Middle School,4.8,2.525,2.275,0,False,,0.3162217659137577,64.5,510.0,0.0,3.05,0.0,0,0.9989811512990321
WA,530825002484,2401,Libby Center,8.85,6.574999999999999,2.275,0,False,,0.2320261437908496,96.0,478.0,0.0,8.85,0.0,0,0.9989811512990321
WA,530492000749,2402,Mead Senior High School,7.82,5.545,2.275,0,False,,0.2572178477690289,69.0,1749.0,1.0,7.4,0.0,0,0.9989811512990321
WA,530126000230,2404,Jenkins Junior/Senior High,6.3,4.025,2.275,0,True,,0.5136986301369864,49.5,322.0,1.0,5.28,0.0,0,0.9989811512990321
WA,530924001555,2405,Valley School,3.7,1.4250000000000003,2.275,0,True,,0.76,37.0,211.0,0.0,6.13,0.0,0,0.9989811512990321
WA,530333000510,2406,Griffin School,6.1,3.8249999999999997,2.275,0,True,,0.1885057471264367,63.5,644.0,0.0,7.18,0.0,0,0.9989811512990321
WA,531011001691,2410,Franklin Middle School,5.85,3.5749999999999997,2.275,0,True,,0.8427745664739884,46.5,914.0,0.0,4.95,0.0,0,0.9989811512990321
WA,530038000049,2415,Battle Ground High School,6.0,3.725,2.275,0,False,,0.2609699769053117,67.5,1851.0,1.0,5.75,0.0,0,0.9989811512990321
WA,530447000709,2416,R A Long High School,6.35,4.074999999999999,2.275,0,False,,0.6333333333333333,48.5,851.0,1.0,6.0,0.0,0,0.9989811512990321
WA,530282000435,2417,Federal Way High School,5.05,2.775,2.275,0,False,,0.6183431952662722,42.0,1661.0,1.0,4.9,0.0,0,0.9989811512990321
WA,530354000525,2418,Des Moines Elementary,4.55,2.275,2.275,0,True,,0.5376344086021505,49.5,585.0,0.0,3.05,31106.0,1,0.9989811512990321
WA,530930001591,2419,Vashon Island High School,8.77,6.494999999999999,2.275,0,False,,0.2066115702479339,74.5,510.0,1.0,8.9,0.0,0,0.9989811512990321
WA,530642000950,2422,Oroville Elementary,5.55,3.275,2.275,0,True,,0.8212290502793296,42.0,311.0,0.0,5.75,0.0,0,0.9989811512990321
WA,530192000297,2423,Cusick Jr Sr High School,4.35,2.0749999999999997,2.275,0,True,,0.6470588235294118,37.0,125.0,1.0,4.4,0.0,0,0.9989811512990321
WA,530141000250,2425,Clover Park High School,4.45,2.1750000000000003,2.275,0,True,,0.851063829787234,36.5,1255.0,1.0,4.35,0.0,0,0.9989811512990321
WA,530420000653,2426,Lake Stevens Sr High School,6.88,4.605,2.275,0,False,,0.2282091917591125,67.0,1935.0,1.0,6.65,0.0,0,0.9989811512990321
WA,530802001328,2428,Snohomish High School,6.85,4.574999999999999,2.275,0,False,,0.182051282051282,69.5,1606.0,1.0,6.35,0.0,0,0.9989811512990321
WA,530042000100,2431,Birchwood Elementary School,3.9,1.625,2.275,0,True,,0.6163522012578616,32.0,359.0,0.0,3.05,0.0,0,0.9989811512990321
WA,531011001687,2433,Ridgeview Elementary,2.75,0.4750000000000001,2.275,0,True,,0.8975903614457831,42.0,650.0,0.0,2.55,31456.0,1,0.9989811512990321
WA,530028000028,2434,Asotin Jr Sr High,7.2,4.925000000000001,2.275,0,False,,0.358974358974359,64.5,353.0,1.0,5.88,0.0,0,0.9989811512990321
WA,530771001207,2435,Madison Middle School,8.9,6.625,2.275,0,False,,0.1729729729729729,76.0,988.0,0.0,8.9,0.0,0,0.9989811512990321
WA,530771001198,2437,Laurelhurst Elementary School,8.43,6.154999999999999,2.275,0,False,,0.2654320987654321,74.5,308.0,0.0,7.45,0.0,0,0.9989811512990321
WA,530723001065,2439,Bryn Mawr Elementary School,5.5,3.225,2.275,0,True,,0.7412935323383084,53.5,412.0,0.0,4.3,0.0,0,0.9989811512990321
WA,530006000013,2441,Adna Middle/High School,6.25,3.975,2.275,0,True,,0.319634703196347,59.0,391.0,1.0,5.4,0.0,0,0.9989811512990321
WA,530612000916,2443,Odessa High School,7.32,5.045,2.275,0,True,,0.421875,52.0,121.0,1.0,6.1,0.0,0,0.9989811512990321
WA,530123000224,2447,Cheney Middle School,4.15,1.8750000000000004,2.275,0,False,,0.4500978473581213,51.0,610.0,0.0,2.6,0.0,0,0.9989811512990321
WA,530618000924,2448,Garfield Elementary School,3.13,0.855,2.275,0,True,,0.6263736263736264,47.0,410.0,0.0,3.7,0.0,0,0.9989811512990321
WA,530003000008,2449,McDermoth Elementary,5.75,3.475,2.275,0,True,,0.6933962264150944,42.5,300.0,0.0,4.1,31278.0,1,0.9989811512990321
WA,530771001137,2450,Daniel Bagley Elementary School,8.1,5.824999999999999,2.275,0,False,,0.1256281407035175,77.0,389.0,0.0,8.85,0.0,0,0.9989811512990321
WA,530246000367,2453,Morgan Middle School,4.85,2.5749999999999997,2.275,0,True,,0.4141843971631205,50.0,784.0,0.0,4.85,34350.0,1,0.9989811512990321
WA,530285000458,2458,Central Elementary,3.85,1.5750000000000002,2.275,0,False,,0.5191256830601093,54.5,395.0,0.0,3.75,0.0,0,0.9989811512990321
WA,530567000839,2459,Nooksack Valley High School,6.85,4.574999999999999,2.275,0,False,,0.5431034482758621,69.5,446.0,1.0,6.05,0.0,0,0.9989811512990321
WA,530771001206,2462,Loyal Heights Elementary School,9.47,7.195,2.275,0,False,,0.082901554404145,79.5,462.0,0.0,9.15,0.0,0,0.9989811512990321
WA,530087000166,2466,Carbonado Historical School 19,8.72,6.445,2.275,0,True,,0.3035714285714285,77.0,202.0,0.0,7.9,0.0,0,0.9989811512990321
WA,530015000016,2467,Anacortes High School,9.12,6.844999999999999,2.275,0,False,,0.2077294685990338,76.5,773.0,1.0,9.53,0.0,0,0.9989811512990321
WA,530711001058,2468,Rainier Senior High School,7.53,5.255000000000001,2.275,0,True,,0.4761904761904761,64.5,237.0,1.0,8.4,0.0,0,0.9989811512990321
WA,530867001448,2469,Outlook Elementary School,4.9,2.6250000000000004,2.275,0,True,,0.9129129129129128,35.0,492.0,0.0,3.85,0.0,0,0.9989811512990321
WA,530783001289,2471,Sequim Senior High,5.68,3.405,2.275,0,False,,0.4470046082949309,56.5,836.0,1.0,5.63,0.0,0,0.9989811512990321
WA,530990001674,2472,Wilson Creek Elementary,5.63,3.355,2.275,0,True,,0.6444444444444445,44.5,93.0,0.0,5.98,0.0,0,0.9989811512990321
WA,530990001675,2473,Wilson Creek High,5.67,3.395,2.275,0,True,,0.7027027027027027,44.5,71.0,1.0,4.4,0.0,0,0.9989811512990321
WA,530699001045,2474,Quilcene High And Elementary,5.0,2.725,2.275,0,True,,0.5166666666666667,37.0,232.0,1.0,4.88,0.0,0,0.9989811512990321
WA,530723001082,2475,Renton Senior High School,4.45,2.1750000000000003,2.275,0,False,,0.6310344827586207,45.0,1217.0,1.0,3.9,0.0,0,0.9989811512990321
WA,530576000851,2476,Poulsbo Middle School,5.5,3.225,2.275,0,False,,0.3286445012787723,58.0,786.0,0.0,5.35,0.0,0,0.9989811512990321
WA,530721001063,2478,Reardan Middle-Senior High School,7.22,4.945,2.275,0,True,,0.3937823834196891,57.0,368.0,1.0,7.3,0.0,0,0.9989811512990321
WA,530825001386,2479,Rogers High School,4.75,2.475,2.275,0,True,,0.8571428571428571,35.5,1467.0,1.0,4.8,0.0,0,0.9989811512990321
WA,530450000712,2480,Loon Lake Elementary School,3.68,1.4050000000000002,2.275,0,True,,0.7910447761194029,37.0,113.0,0.0,3.13,0.0,0,0.9989811512990321
WA,531014001717,2481,Yelm Middle School,5.88,3.605,2.275,0,False,,0.5156695156695157,50.0,724.0,0.0,6.2,0.0,0,0.9989811512990321
WA,530330000509,2484,Green Mountain School,6.97,4.695,2.275,0,True,,0.5267857142857143,52.0,159.0,0.0,5.73,0.0,0,0.9989811512990321
WA,530456000714,2485,Carnation Elementary School,7.1,4.824999999999999,2.275,0,True,,0.1791044776119403,65.5,432.0,0.0,7.0,0.0,0,0.9989811512990321
WA,530618000922,2487,Boston Harbor Elementary,5.18,2.905,2.275,0,False,,0.2209302325581395,72.0,191.0,0.0,6.03,0.0,0,0.9989811512990321
WA,530285000460,2488,Ferndale High School,4.8,2.525,2.275,0,True,,0.4216524216524216,52.0,1434.0,1.0,5.35,0.0,0,0.9989811512990321
WA,530567000840,2489,Sumas Elementary,5.15,2.8750000000000004,2.275,0,True,,0.6287878787878788,62.0,306.0,0.0,3.15,0.0,0,0.9989811512990321
WA,530555000832,2494,Nespelem Elementary,1.1,-1.1749999999999998,2.275,1,True,,0.9746835443037974,9.75,157.0,0.0,1.6,49509.0,1,0.9989811512990321
WA,530696001042,2495,Waller Road Elementary,1.8,-0.47499999999999987,2.275,1,True,,0.5693069306930693,44.5,371.0,0.0,3.65,0.0,0,0.9989811512990321
WA,530696001025,2496,Firgrove Elementary,3.95,1.6750000000000003,2.275,0,True,,0.6095890410958904,47.0,593.0,0.0,5.35,0.0,0,0.9989811512990321
WA,530696001040,2497,Spinning Elementary,7.9,5.625,2.275,0,True,,0.5989010989010989,62.0,355.0,0.0,6.3,0.0,0,0.9989811512990321
WA,530696001034,2498,Maplewood Elementary,6.72,4.445,2.275,0,False,,0.2244094488188976,65.5,415.0,0.0,6.63,0.0,0,0.9989811512990321
WA,530693001020,2499,Pullman High School,8.42,6.145,2.275,0,False,,0.2628865979381443,69.5,808.0,1.0,8.25,0.0,0,0.9989811512990321
WA,530132000237,2501,Lincoln Middle School,4.48,2.2050000000000005,2.275,0,False,,0.5995203836930456,46.0,435.0,0.0,4.18,0.0,0,0.9989811512990321
WA,530684001007,2503,Port Townsend High School,6.6,4.324999999999999,2.275,0,False,,0.4578313253012048,64.5,379.0,1.0,6.48,0.0,0,0.9989811512990321
WA,530972001655,2505,Wide Hollow Elementary,6.25,3.975,2.275,0,False,,0.5949367088607594,69.5,321.0,0.0,7.3,0.0,0,0.9989811512990321
WA,530528000797,2506,Harrah Elementary School,1.25,-1.025,2.275,1,True,,0.9806451612903224,12.0,526.0,0.0,1.75,51979.0,1,0.9989811512990321
WA,530028000027,2507,Asotin Elementary,4.75,2.475,2.275,0,True,,0.3941605839416058,59.5,273.0,0.0,4.95,0.0,0,0.9989811512990321
WA,530690001012,2508,Prosser High School,5.0,2.725,2.275,0,True,,0.5761904761904761,51.5,870.0,1.0,4.6,0.0,0,0.9989811512990321
WA,530954001622,2509,Hathaway Elementary,4.6,2.3249999999999997,2.275,0,True,,0.5766423357664233,47.0,262.0,0.0,7.65,0.0,0,0.9989811512990321
WA,530708001056,2510,Quincy Middle School,3.8,1.525,2.275,0,True,,0.8601895734597157,38.0,722.0,0.0,4.1,31178.0,1,0.9989811512990321
WA,530819001358,2511,South Whidbey Middle,7.58,5.305,2.275,0,False,,0.334841628959276,56.5,211.0,0.0,7.33,0.0,0,0.9989811512990321
WA,530798001320,2512,Skykomish Elementary School,2.2,-0.07499999999999973,2.275,1,False,,0.8,39.75,49.0,0.0,3.18,0.0,0,0.9989811512990321
WA,530885001525,2514,Thorp Elem & Jr Sr High,4.7,2.4250000000000003,2.275,0,True,,0.5483870967741935,59.5,243.0,1.0,4.3,0.0,0,0.9989811512990321
WA,530063000133,2516,Boistfort Elem,4.5,2.225,2.275,0,True,,0.6212121212121212,34.5,106.0,0.0,4.43,0.0,0,0.9989811512990321
WA,530606000911,2517,Hilltop Elementary School,4.53,2.2550000000000003,2.275,0,False,,0.6156156156156156,41.5,251.0,0.0,3.25,0.0,0,0.9989811512990321
WA,530561000833,2518,Newport High School,6.0,3.725,2.275,0,False,,0.5416666666666666,47.0,361.0,1.0,6.4,0.0,0,0.9989811512990321
WA,530696001044,2519,Woodland Elementary,8.25,5.975,2.275,0,True,,0.4259259259259259,63.0,605.0,0.0,8.7,0.0,0,0.9989811512990321
WA,530765001798,2520,Friday Harbor Elementary School,5.5,3.225,2.275,0,True,,0.419753086419753,67.0,359.0,0.0,4.8,0.0,0,0.9989811512990321
WA,530774001272,2521,Big Lake Elementary School,7.13,4.855,2.275,0,False,,0.1777777777777777,59.5,332.0,0.0,7.95,0.0,0,0.9989811512990321
WA,530411000645,2522,La Conner Elementary,3.25,0.9750000000000001,2.275,0,True,,0.6818181818181818,42.0,288.0,0.0,4.2,0.0,0,0.9989811512990321
WA,530024000023,2523,Arlington High School,6.55,4.275,2.275,0,False,,0.2849872773536895,62.0,1711.0,1.0,6.4,0.0,0,0.9989811512990321
WA,530744001112,2525,Chattaroy Elementary,7.8,5.525,2.275,0,True,,0.5375,52.0,319.0,0.0,7.6,0.0,0,0.9989811512990321
WA,530945001600,2528,Edison Elementary School,7.0,4.725,2.275,0,True,,0.7766497461928934,37.0,456.0,0.0,5.25,0.0,0,0.9989811512990321
WA,531011001704,2529,Roosevelt Elementary School,5.85,3.5749999999999997,2.275,0,True,,0.8293650793650794,58.0,507.0,0.0,3.4,0.0,0,0.9989811512990321
WA,530537000807,2530,Moxee Elementary,6.0,3.725,2.275,0,True,,0.556390977443609,65.0,521.0,0.0,5.55,0.0,0,0.9989811512990321
WA,530318000504,2531,Granger Middle School,5.2,2.9250000000000003,2.275,0,True,,0.913716814159292,39.5,471.0,0.0,3.85,0.0,0,0.9989811512990321
WA,530615000917,2539,Grainger Elementary,5.85,3.5749999999999997,2.275,0,True,,0.6238938053097345,53.0,489.0,0.0,5.6,0.0,0,0.9989811512990321
WA,530987001673,2542,Willapa Valley Middle-High,7.45,5.175000000000001,2.275,0,True,,0.40625,64.5,203.0,1.0,5.08,0.0,0,0.9989811512990321
WA,530048000126,2543,Roy Elementary,2.63,0.355,2.275,0,True,,0.6,47.0,350.0,0.0,2.68,0.0,0,0.9989811512990321
WA,530267000409,2545,Silver Lake Elementary,7.6,5.324999999999999,2.275,0,False,,0.5333333333333333,59.5,614.0,0.0,7.7,0.0,0,0.9989811512990321
WA,530513000774,2546,Maltby Elementary,7.05,4.775,2.275,0,False,,0.2957746478873239,58.0,442.0,0.0,6.35,0.0,0,0.9989811512990321
WA,530963003146,2549,Wellpinit Elementary School,1.45,-0.825,2.275,1,True,,0.9428571428571428,19.5,201.0,0.0,2.9,52316.0,1,0.9989811512990321
WA,530963001629,2550,Wellpinit High School,5.45,3.1750000000000003,2.275,0,True,,0.8,39.75,92.0,1.0,5.1,0.0,0,0.9989811512990321
WA,530910001542,2552,Michael T Simmons Elementary,7.4,5.125,2.275,0,True,,0.3941368078175896,69.0,678.0,0.0,6.95,0.0,0,0.9989811512990321
WA,530042000099,2553,Bellingham High School,6.15,3.8750000000000004,2.275,0,False,,0.3358490566037735,70.5,1193.0,1.0,5.75,0.0,0,0.9989811512990321
WA,530501000768,2554,Meridian High School,5.65,3.3750000000000004,2.275,0,False,,0.4285714285714285,67.0,457.0,1.0,5.5,0.0,0,0.9989811512990321
WA,530315000499,2555,Grandview High School,6.0,3.725,2.275,0,True,,0.811965811965812,31.0,1015.0,1.0,5.7,0.0,0,0.9989811512990321
WA,530417000650,2558,La Center Elementary,6.23,3.9550000000000005,2.275,0,True,,0.2625994694960212,57.5,739.0,0.0,6.3,0.0,0,0.9989811512990321
WA,530903001538,2560,Toutle Lake High School,4.15,1.8750000000000004,2.275,0,False,,0.3932584269662921,44.5,312.0,1.0,,0.0,0,0.9989811512990321
WA,530381000585,2561,Kalama Middle School,3.83,1.5550000000000002,2.275,0,True,,0.3818897637795275,49.0,255.0,0.0,2.55,0.0,0,0.9989811512990321
WA,530072000150,2562,Bridgeport Elementary,2.65,0.375,2.275,0,True,,0.9809523809523808,20.5,401.0,0.0,2.45,0.0,0,0.9989811512990321
WA,530231000322,2563,Rock Island Elementary,2.25,-0.02499999999999991,2.275,1,True,,0.8255813953488372,34.5,214.0,0.0,2.95,0.0,0,0.9989811512990321
WA,530813001342,2564,Showalter Middle School,1.85,-0.4249999999999998,2.275,1,True,,0.7520525451559934,32.5,636.0,0.0,2.85,0.0,0,0.9989811512990321
WA,530396000625,2565,Meridian Elementary School,4.2,1.9250000000000003,2.275,0,True,,0.4603174603174603,54.0,571.0,0.0,4.65,30704.0,1,0.9989811512990321
WA,530405000642,2569,Kittitas Elementary School,4.5,2.225,2.275,0,True,,0.4892086330935252,54.5,261.0,0.0,3.05,0.0,0,0.9989811512990321
WA,530135000242,2570,Walter Strom Middle School,6.83,4.555,2.275,0,False,,0.4137931034482758,54.5,220.0,0.0,6.15,0.0,0,0.9989811512990321
WA,530525000795,2572,Mossyrock Elementary School,5.25,2.975,2.275,0,True,,0.7023809523809523,54.5,331.0,0.0,5.2,0.0,0,0.9989811512990321
WA,530696001024,2575,Edgemont Jr High,4.2,1.9250000000000003,2.275,0,False,,0.4134366925064599,53.5,475.0,0.0,4.9,29914.0,1,0.9989811512990321
WA,530048000122,2576,Clover Creek Elementary,6.9,4.625,2.275,0,True,,0.5492227979274611,58.5,813.0,0.0,8.1,0.0,0,0.9989811512990321
WA,530166000285,2577,Concrete Elementary,3.9,1.625,2.275,0,True,,0.726027397260274,34.5,289.0,0.0,3.75,0.0,0,0.9989811512990321
WA,530168000287,2578,Conway School District 317,6.1,3.8249999999999997,2.275,0,True,,0.2045454545454545,57.5,489.0,0.0,5.8,0.0,0,0.9989811512990321
WA,530321000506,2580,Granite Falls High School,5.95,3.6750000000000003,2.275,0,False,,0.3909090909090909,47.0,505.0,1.0,5.6,0.0,0,0.9989811512990321
WA,530834001423,2581,Stanwood High School,6.7,4.425000000000001,2.275,0,False,,0.2959501557632398,62.0,1325.0,1.0,6.0,0.0,0,0.9989811512990321
WA,530501000766,2584,Irene Reither Elementary School,6.15,3.8750000000000004,2.275,0,True,,0.4555555555555555,45.0,732.0,0.0,5.6,0.0,0,0.9989811512990321
WA,530531000799,2585,Acme Elementary,6.35,4.074999999999999,2.275,0,True,,0.5539568345323741,52.0,225.0,0.0,2.25,0.0,0,0.9989811512990321
WA,530693001017,2587,Franklin Elementary,9.75,7.475,2.275,0,False,,0.3316582914572864,72.0,317.0,0.0,9.75,0.0,0,0.9989811512990321
WA,530150000277,2588,Colton School,6.65,4.375,2.275,0,True,,0.375,59.5,189.0,1.0,6.6,0.0,0,0.9989811512990321
WA,530546000825,2591,Naches Valley High School,6.6,4.324999999999999,2.275,0,False,,0.4342105263157895,49.5,390.0,1.0,6.5,0.0,0,0.9989811512990321
WA,531011001685,2592,Adams Elementary School,3.45,1.1750000000000003,2.275,0,True,,0.9563953488372092,29.0,713.0,0.0,4.9,31456.0,1,0.9989811512990321
WA,530084003042,2594,Neah Bay Elementary School,2.8,0.5249999999999999,2.275,0,True,,0.8426966292134831,57.0,194.0,0.0,2.75,0.0,0,0.9989811512990321
WA,530000300594,2596,Rose Valley Elementary,2.63,0.355,2.275,0,False,,0.2682926829268293,34.5,156.0,0.0,6.4,0.0,0,0.9989811512990321
WA,530723001075,2597,Kennydale Elementary School,7.15,4.875,2.275,0,False,,0.340625,66.5,637.0,0.0,5.75,0.0,0,0.9989811512990321
WA,530387000586,2602,Keller Elementary School,2.3,0.02499999999999991,2.275,0,True,,0.5789473684210527,30.0,40.0,0.0,1.0,50000.0,1,0.9989811512990321
WA,530000200568,2603,Inchelium High School,3.4,1.125,2.275,0,True,,0.7333333333333333,49.75,68.0,1.0,3.28,0.0,0,0.9989811512990321
WA,531002001680,2605,Wishram High And Elementary Schl,3.0,0.7250000000000001,2.275,0,True,,0.6538461538461539,39.75,72.0,1.0,1.1,0.0,0,0.9989811512990321
WA,530285000459,2607,Custer Elem,4.25,1.975,2.275,0,False,,0.5440414507772021,49.5,344.0,0.0,5.25,0.0,0,0.9989811512990321
WA,530897001531,2608,Garfield Elementary School,3.9,1.625,2.275,0,True,,0.971291866028708,36.5,364.0,0.0,3.9,0.0,0,0.9989811512990321
WA,,2609,Forks Middle School,1.8,-0.47499999999999987,2.275,1,True,,,,,,2.55,0.0,0,0.9989811512990321
WA,530927001568,2610,Hough Elementary School,4.8,2.525,2.275,0,True,,0.5586206896551724,44.5,283.0,0.0,3.75,0.0,0,0.9989811512990321
WA,530066000144,2613,West Hills S.T.E.M. Academy,2.4,0.125,2.275,0,True,,0.7925,40.5,630.0,0.0,1.8,34537.0,1,0.9989811512990321
WA,530108000177,2615,Central Kitsap High School,6.5,4.225,2.275,0,False,,0.3380281690140845,68.0,1581.0,1.0,7.05,0.0,0,0.9989811512990321
WA,530891001527,2616,Toledo High School,8.47,6.195,2.275,0,True,,0.4615384615384615,62.0,239.0,1.0,6.75,0.0,0,0.9989811512990321
WA,530774001276,2620,Lyman Elementary School,7.38,5.105,2.275,0,False,,0.4615384615384615,69.5,171.0,0.0,4.25,0.0,0,0.9989811512990321
WA,530618000931,2621,McLane Elementary School,5.78,3.5050000000000003,2.275,0,False,,0.3641304347826087,67.0,383.0,0.0,3.75,0.0,0,0.9989811512990321
WA,530654000960,2622,Palouse Elementary,5.7,3.4250000000000003,2.275,0,True,,0.2619047619047619,69.5,107.0,0.0,4.7,0.0,0,0.9989811512990321
WA,530000300596,2624,Wallace Elementary,5.8,3.525,2.275,0,True,,0.8983957219251337,29.5,378.0,0.0,6.3,0.0,0,0.9989811512990321
WA,530180000290,2625,Coupeville High School,7.25,4.975,2.275,0,False,,0.2241379310344827,59.5,301.0,1.0,7.08,0.0,0,0.9989811512990321
WA,530453000713,2632,Lopez Middle High School,6.07,3.7950000000000004,2.275,0,True,,0.640625,39.5,121.0,1.0,5.83,0.0,0,0.9989811512990321
WA,531014001716,2633,Yelm High School 12,5.7,3.4250000000000003,2.275,0,False,,0.3976190476190476,53.5,1649.0,1.0,5.3,0.0,0,0.9989811512990321
WA,530654000152,2634,Palouse High School,6.22,3.945,2.275,0,True,,0.2222222222222222,49.75,58.0,1.0,5.73,0.0,0,0.9989811512990321
WA,530897001532,2635,Lincoln Elementary School,3.15,0.875,2.275,0,True,,0.9514563106796116,32.0,360.0,0.0,2.75,33702.0,1,0.9989811512990321
WA,530927001561,2637,Fruit Valley Elementary School,1.95,-0.32499999999999996,2.275,1,False,,0.8785714285714286,24.5,238.0,0.0,1.75,47415.0,1,0.9989811512990321
WA,530354000557,2639,White Center Heights Elementary,3.7,1.4250000000000003,2.275,0,True,,0.7292307692307692,29.5,692.0,0.0,2.8,0.0,0,0.9989811512990321
WA,530723001072,2640,Highlands Elementary School,3.25,0.9750000000000001,2.275,0,True,,0.7433628318584071,40.0,497.0,0.0,2.45,0.0,0,0.9989811512990321
WA,530816001347,2641,East Port Orchard Elementary,5.6,3.3249999999999997,2.275,0,True,,0.5811965811965812,53.0,485.0,0.0,3.35,0.0,0,0.9989811512990321
WA,530732001097,2642,Jefferson Elementary,5.38,3.105,2.275,0,True,,0.9362745098039216,53.5,474.0,0.0,4.75,36089.0,1,0.9989811512990321
WA,530927001564,2643,Harney Elementary School,2.8,0.5249999999999999,2.275,0,True,,0.6390728476821192,35.0,643.0,0.0,2.7,34223.0,1,0.9989811512990321
WA,530927001580,2644,Peter S Ogden Elementary,2.3,0.02499999999999991,2.275,0,True,,0.7962264150943397,33.5,585.0,0.0,1.6,47415.0,1,0.9989811512990321
WA,530771001182,2645,West Seattle Elementary School,7.8,5.525,2.275,0,True,,0.9186602870813396,56.5,431.0,0.0,7.2,0.0,0,0.9989811512990321
WA,530816001353,2650,Orchard Heights Elementary,8.63,6.355,2.275,0,True,,0.4723618090452261,67.0,661.0,0.0,7.9,0.0,0,0.9989811512990321
WA,530141000158,2651,Tillicum Elementary School,3.6,1.3250000000000002,2.275,0,True,,0.9594594594594594,37.0,367.0,0.0,2.05,30616.0,1,0.9989811512990321
WA,530141000262,2652,Lakeview Hope Academy,3.85,1.5750000000000002,2.275,0,True,,0.8875,39.5,670.0,0.0,2.8,30616.0,1,0.9989811512990321
WA,530228000315,2653,Trent School,3.43,1.1550000000000002,2.275,0,True,,0.8685258964143426,28.5,538.0,0.0,4.15,0.0,0,0.9989811512990321
WA,530732001099,2656,Marcus Whitman Elementary,4.25,1.975,2.275,0,True,,0.740072202166065,56.5,537.0,0.0,6.7,32089.0,1,0.9989811512990321
WA,530732001098,2657,Lewis & Clark Elementary School,6.85,4.574999999999999,2.275,0,True,,0.5483870967741935,62.5,539.0,0.0,7.7,0.0,0,0.9989811512990321
WA,530030000041,2659,Terminal Park Elementary School,4.05,1.775,2.275,0,True,,0.6693548387096774,53.0,511.0,0.0,3.85,34869.0,1,0.9989811512990321
WA,530579000857,2662,Belfair Elementary,2.5,0.2250000000000001,2.275,0,True,,0.6563876651982379,29.5,466.0,0.0,2.5,0.0,0,0.9989811512990321
WA,530126000229,2664,Gess Elementary,5.53,3.2550000000000003,2.275,0,True,,0.6373056994818653,54.5,327.0,0.0,4.18,0.0,0,0.9989811512990321
WA,530639000949,2666,Orondo Elementary and Middle School,4.95,2.6750000000000003,2.275,0,True,,0.808695652173913,44.5,204.0,0.0,3.6,0.0,0,0.9989811512990321
WA,530771001256,2667,View Ridge Elementary School,9.68,7.404999999999999,2.275,0,False,,0.1034482758620689,84.5,473.0,0.0,9.95,0.0,0,0.9989811512990321
WA,530201000302,2668,Davenport Elementary,5.75,3.475,2.275,0,True,,0.6259541984732825,62.0,274.0,0.0,7.98,0.0,0,0.9989811512990321
WA,530267000405,2669,Madison Elementary,6.0,3.725,2.275,0,True,,0.7810945273631841,50.0,443.0,0.0,2.6,0.0,0,0.9989811512990321
WA,530038000048,2671,Amboy Middle School,4.6,2.3249999999999997,2.275,0,False,,0.3595890410958904,53.5,558.0,0.0,4.9,0.0,0,0.9989811512990321
WA,530522002625,2673,Frontier Middle School,4.5,2.225,2.275,0,False,,0.6112637362637363,45.5,749.0,0.0,2.7,0.0,0,0.9989811512990321
WA,530906001539,2676,Trout Lake School,5.37,3.095,2.275,0,True,,,57.0,152.0,1.0,4.48,0.0,0,0.9989811512990321
WA,530309000492,2677,Goldendale Primary School,4.55,2.275,2.275,0,True,,0.6521739130434783,42.0,331.0,0.0,3.88,0.0,0,0.9989811512990321
WA,530519000783,2678,Morton Elementary School,6.95,4.675000000000001,2.275,0,True,,0.5789473684210527,64.5,198.0,0.0,4.28,0.0,0,0.9989811512990321
WA,530894001530,2679,Tonasket High School,6.27,3.9949999999999997,2.275,0,True,,0.6829268292682927,44.5,323.0,1.0,5.95,0.0,0,0.9989811512990321
WA,530669000985,2681,Peninsula High School,7.17,4.895,2.275,0,False,,0.2300884955752212,63.0,1480.0,1.0,7.15,0.0,0,0.9989811512990321
WA,530567000838,2687,Nooksack Valley Middle School,6.5,4.225,2.275,0,False,,0.55858310626703,60.5,421.0,0.0,4.85,0.0,0,0.9989811512990321
WA,530255000375,2688,Paul Rumburg Elementary,5.05,2.775,2.275,0,True,,0.6444444444444445,47.0,184.0,0.0,3.6,0.0,0,0.9989811512990321
WA,530120000220,2689,Morgen Owings Elementary School,2.5,0.2250000000000001,2.275,0,True,,0.7483660130718954,38.0,571.0,0.0,3.8,0.0,0,0.9989811512990321
WA,530927001566,2690,Hazel Dell Elementary School,5.7,3.4250000000000003,2.275,0,True,,0.7386934673366834,54.5,413.0,0.0,3.75,0.0,0,0.9989811512990321
WA,530344000513,2693,Coulee City Elementary,8.78,6.504999999999999,2.275,0,True,,0.4693877551020408,59.5,92.0,0.0,7.25,0.0,0,0.9989811512990321
WA,530807001334,2694,Soap Lake Elementary,1.75,-0.5249999999999999,2.275,1,True,,0.8173076923076923,27.0,264.0,0.0,1.5,48000.0,1,0.9989811512990321
WA,530261002559,2695,Parkway School,7.8,5.525,2.275,0,True,,0.6359102244389028,65.5,409.0,0.0,7.15,0.0,0,0.9989811512990321
WA,530594000902,2696,Oak Harbor Elementary,7.55,5.275,2.275,0,False,,0.3333333333333333,57.0,407.0,0.0,7.45,0.0,0,0.9989811512990321
WA,530129000232,2697,Chimacum Elementary School,6.35,4.074999999999999,2.275,0,True,,0.5706521739130435,57.0,257.0,0.0,5.05,0.0,0,0.9989811512990321
WA,530354000529,2699,Hazel Valley Elementary,3.85,1.5750000000000002,2.275,0,True,,0.7841530054644809,37.5,492.0,0.0,3.45,31106.0,1,0.9989811512990321
WA,530039000060,2701,Bellevue High School,8.55,6.275,2.275,0,False,,0.0966767371601208,85.5,1537.0,1.0,8.65,0.0,0,0.9989811512990321
WA,530792001314,2703,Ridgecrest Elementary,7.55,5.275,2.275,0,True,,0.3160762942779291,68.0,503.0,0.0,7.4,0.0,0,0.9989811512990321
WA,530114000208,2704,Fords Prairie Elementary,4.55,2.275,2.275,0,True,,0.7551020408163265,54.5,503.0,0.0,4.0,0.0,0,0.9989811512990321
WA,530642000951,2706,Oroville Middle-High School,3.4,1.125,2.275,0,False,,0.7375886524822695,39.5,271.0,1.0,4.65,0.0,0,0.9989811512990321
WA,530015000015,2707,Anacortes Middle School,7.7,5.425000000000001,2.275,0,False,,0.2606635071090047,73.0,639.0,0.0,5.75,0.0,0,0.9989811512990321
WA,530825001396,2708,Madison Elementary,4.53,2.2550000000000003,2.275,0,True,,0.7724867724867724,44.5,329.0,0.0,3.45,31221.0,1,0.9989811512990321
WA,530939001596,2712,Waitsburg Elementary School,8.38,6.105,2.275,0,True,,0.6140350877192983,49.5,150.0,0.0,8.7,0.0,0,0.9989811512990321
WA,530057000130,2713,Blaine Elementary School,4.4,2.1250000000000004,2.275,0,True,,0.5342741935483871,53.0,489.0,0.0,3.7,0.0,0,0.9989811512990321
WA,530915002382,2714,Union Gap School,7.15,4.875,2.275,0,True,,0.9304556354916068,56.5,663.0,0.0,7.4,0.0,0,0.9989811512990321
WA,531011001694,2715,Hoover Elementary School,5.0,2.725,2.275,0,True,,0.8949044585987261,27.0,787.0,0.0,5.2,31456.0,1,0.9989811512990321
WA,530867001452,2717,Washington Elementary,7.5,5.225,2.275,0,True,,0.8686131386861314,55.0,681.0,0.0,5.45,0.0,0,0.9989811512990321
WA,530351003148,2718,Highland Middle School,4.7,2.4250000000000003,2.275,0,True,,0.8393782383419689,49.5,190.0,0.0,2.95,0.0,0,0.9989811512990321
WA,530738001109,2719,Ritzville Grade School,7.23,4.955,2.275,0,True,,0.6455696202531646,52.0,179.0,0.0,7.4,0.0,0,0.9989811512990321
WA,530732001091,2721,Carmichael Middle School,2.9,0.625,2.275,0,False,,0.5479143179255919,44.0,948.0,0.0,3.35,0.0,0,0.9989811512990321
WA,530783001288,2722,Helen Haller Elementary School,6.7,4.425000000000001,2.275,0,True,,0.5471698113207547,61.5,583.0,0.0,8.35,31160.0,1,0.9989811512990321
WA,530927001578,2723,Minnehaha Elementary School,5.05,2.775,2.275,0,True,,0.6357615894039735,51.5,538.0,0.0,2.8,30430.0,1,0.9989811512990321
WA,530270000418,2724,Evergreen High School,5.35,3.0749999999999997,2.275,0,False,,0.609375,38.0,1597.0,1.0,5.4,0.0,0,0.9989811512990321
WA,530081002083,2725,Helen Baller Elem,8.33,6.055,2.275,0,False,,0.1529051987767584,72.5,626.0,0.0,7.9,0.0,0,0.9989811512990321
WA,530447000707,2726,Olympic Elementary School,6.85,4.574999999999999,2.275,0,True,,0.7696078431372549,43.0,376.0,0.0,6.15,0.0,0,0.9989811512990321
WA,530231000318,2727,Eastmont Senior High,6.02,3.7449999999999997,2.275,0,False,,0.537117903930131,49.0,1429.0,1.0,5.4,0.0,0,0.9989811512990321
WA,530570000842,2728,North Beach Senior High School,4.6,2.3249999999999997,2.275,0,False,,0.6949152542372882,39.5,199.0,1.0,4.1,0.0,0,0.9989811512990321
WA,530771001162,2729,Eckstein Middle School,8.7,6.424999999999999,2.275,0,False,,0.1298315163528245,78.0,1088.0,0.0,8.15,0.0,0,0.9989811512990321
WA,530771001135,2730,Arbor Heights Elementary School,4.45,2.1750000000000003,2.275,0,False,,0.25,58.5,593.0,0.0,5.95,0.0,0,0.9989811512990321
WA,530771001195,2733,Lafayette Elementary School,9.03,6.754999999999999,2.275,0,False,,0.1428571428571428,69.5,435.0,0.0,8.0,0.0,0,0.9989811512990321
WA,530354000536,2734,McMicken Heights Elementary,6.45,4.175000000000001,2.275,0,True,,0.7669902912621359,50.0,516.0,0.0,3.3,0.0,0,0.9989811512990321
WA,530375002107,2738,Clark Elementary,8.3,6.025,2.275,0,True,,0.2070844686648501,67.5,782.0,0.0,8.7,0.0,0,0.9989811512990321
WA,530423000674,2739,Lake Washington High School,8.45,6.174999999999999,2.275,0,False,,0.1207289293849658,80.0,1765.0,1.0,8.5,0.0,0,0.9989811512990321
WA,530246000366,2741,Lincoln Elementary,5.25,2.975,2.275,0,True,,0.4524886877828054,44.5,489.0,0.0,4.6,34350.0,1,0.9989811512990321
WA,530336000511,2743,Harrington Elementary School,3.6,1.3250000000000002,2.275,0,True,,0.3947368421052631,44.5,98.0,0.0,2.35,0.0,0,0.9989811512990321
WA,530822001360,2744,Southside Elementary,3.88,1.605,2.275,0,True,,0.4852941176470588,49.5,201.0,0.0,7.05,0.0,0,0.9989811512990321
WA,530790001293,2745,Evergreen Elementary School,1.3,-0.9749999999999999,2.275,1,True,,0.9277566539923956,15.5,495.0,0.0,1.2,0.0,0,0.9989811512990321
WA,530870001469,2746,Geiger Montessori School,8.22,5.945,2.275,0,False,,0.44,57.0,513.0,0.0,7.8,0.0,0,0.9989811512990321
WA,530870001461,2747,Downing Elementary School,8.93,6.654999999999999,2.275,0,False,,0.4915254237288136,62.0,334.0,0.0,7.45,0.0,0,0.9989811512990321
WA,530048000124,2748,Kapowsin Elementary,5.75,3.475,2.275,0,False,,0.4221105527638191,62.0,398.0,0.0,4.0,0.0,0,0.9989811512990321
WA,530630000944,2749,Orcas Island Elementary School,5.2,2.9250000000000003,2.275,0,True,,0.5089285714285714,49.5,180.0,0.0,3.93,0.0,0,0.9989811512990321
WA,530630000945,2750,Orcas Island High School,7.05,4.775,2.275,0,False,,0.3928571428571428,79.75,130.0,1.0,7.35,0.0,0,0.9989811512990321
WA,530267000401,2751,Jackson Elementary School,8.0,5.725,2.275,0,True,,0.7197452229299363,59.5,340.0,0.0,7.5,0.0,0,0.9989811512990321
WA,530267000411,2752,Whittier Elementary,8.85,6.574999999999999,2.275,0,False,,0.4343065693430657,71.5,487.0,0.0,9.1,0.0,0,0.9989811512990321
WA,530585000871,2754,South Bay Elementary,7.0,4.725,2.275,0,False,,0.336231884057971,66.0,793.0,0.0,6.7,0.0,0,0.9989811512990321
WA,530315000500,2756,Thompson Elementary School,6.15,3.8750000000000004,2.275,0,True,,0.8304498269896193,49.0,565.0,0.0,5.55,25352.0,1,0.9989811512990321
WA,530948001616,2757,Satus Elementary,4.65,2.3750000000000004,2.275,0,True,,0.9251870324189526,27.5,382.0,0.0,4.5,30710.0,1,0.9989811512990321
WA,530972001651,2758,Mountainview Elementary,7.55,5.275,2.275,0,False,,0.6206896551724138,64.5,192.0,0.0,7.35,0.0,0,0.9989811512990321
WA,530099000171,2762,Castle Rock Elementary,3.45,1.1750000000000003,2.275,0,False,,0.5823170731707317,48.0,691.0,0.0,1.9,0.0,0,0.9989811512990321
WA,530003000010,2763,Robert Gray Elementary,3.55,1.275,2.275,0,True,,0.821917808219178,36.5,293.0,0.0,3.15,0.0,0,0.9989811512990321
WA,530354000519,2765,Beverly Park Elem at Glendale,2.95,0.6750000000000003,2.275,0,True,,0.816,25.5,361.0,0.0,1.8,31106.0,1,0.9989811512990321
WA,530405000643,2766,Kittitas High School,3.62,1.3450000000000002,2.275,0,False,,0.423963133640553,43.5,384.0,1.0,2.95,0.0,0,0.9989811512990321
WA,530114000211,2768,Washington Elementary School,3.8,1.525,2.275,0,True,,0.862796833773087,43.5,331.0,0.0,5.4,26574.0,1,0.9989811512990321
WA,530612000915,2769,P C Jantz Elementary,3.3,1.025,2.275,0,True,,0.6382978723404256,44.5,131.0,0.0,3.6,0.0,0,0.9989811512990321
WA,530192000296,2770,Bess Herian Elementary,7.2,4.925000000000001,2.275,0,True,,0.7450980392156863,39.5,106.0,0.0,7.2,0.0,0,0.9989811512990321
WA,530870001477,2771,Lister Elementary School,6.2,3.9250000000000003,2.275,0,True,,0.8894472361809045,42.0,436.0,0.0,5.7,30718.0,1,0.9989811512990321
WA,530870001464,2772,Fawcett Elementary School,4.0,1.725,2.275,0,True,,0.6770833333333334,47.0,403.0,0.0,2.15,34548.0,1,0.9989811512990321
WA,530288000465,2773,Fife High School,7.35,5.074999999999999,2.275,0,False,,0.4498381877022653,62.5,868.0,1.0,6.9,0.0,0,0.9989811512990321
WA,530774001277,2774,Mary Purcell Elementary School,4.1,1.8249999999999997,2.275,0,True,,0.7088122605363985,53.0,426.0,0.0,3.9,0.0,0,0.9989811512990321
WA,530111000198,2776,North Pines Middle School,4.2,1.9250000000000003,2.275,0,False,,0.7392923649906891,44.0,491.0,0.0,5.0,0.0,0,0.9989811512990321
WA,530618000934,2778,Roosevelt Elementary School,8.1,5.824999999999999,2.275,0,False,,0.3969072164948453,74.5,424.0,0.0,6.4,0.0,0,0.9989811512990321
WA,530945001605,2780,Pioneer Middle School,4.65,2.3750000000000004,2.275,0,True,,0.6077795786061588,41.5,604.0,0.0,4.2,34591.0,1,0.9989811512990321
WA,530732001250,2785,Chief Joseph Middle School,3.55,1.275,2.275,0,False,,0.6550279329608939,42.0,745.0,0.0,3.35,0.0,0,0.9989811512990321
WA,530732001096,2786,Jason Lee Elementary School,6.25,3.975,2.275,0,True,,0.712,58.0,516.0,0.0,6.35,0.0,0,0.9989811512990321
WA,530096000170,2787,VALE ELEMENTARY SCHOOL,5.9,3.6250000000000004,2.275,0,True,,0.4803149606299212,71.5,679.0,0.0,6.35,0.0,0,0.9989811512990321
WA,530072000151,2788,Bridgeport High School,6.5,4.225,2.275,0,True,,0.9807692307692308,44.5,229.0,1.0,6.15,0.0,0,0.9989811512990321
WA,530726001088,2789,Republic Elementary School,3.45,1.1750000000000003,2.275,0,True,,0.6,32.0,161.0,0.0,4.55,0.0,0,0.9989811512990321
WA,530657000965,2790,Longfellow Elementary,4.35,2.0749999999999997,2.275,0,True,,0.9735849056603774,19.0,423.0,0.0,3.85,31223.0,1,0.9989811512990321
WA,530951001618,2792,Warden Elementary,5.7,3.4250000000000003,2.275,0,True,,0.9383886255924172,34.5,456.0,0.0,5.65,0.0,0,0.9989811512990321
WA,530261000384,2793,Columbia Ridge Elementary,6.4,4.125,2.275,0,True,,0.7319587628865979,54.5,470.0,0.0,5.0,0.0,0,0.9989811512990321
WA,530030000032,2795,Auburn Senior High School,3.85,1.5750000000000002,2.275,0,True,,0.6306068601583114,36.5,1769.0,1.0,3.45,0.0,0,0.9989811512990321
WA,530423000669,2796,Juanita Elementary,7.4,5.125,2.275,0,False,,0.2621951219512195,69.5,401.0,0.0,6.85,0.0,0,0.9989811512990321
WA,530396000621,2797,Kent-Meridian High School,4.25,1.975,2.275,0,False,,0.7263374485596708,43.5,1961.0,1.0,3.85,0.0,0,0.9989811512990321
WA,530576000856,2798,David Wolfle Elementary,3.52,1.245,2.275,0,True,,0.592391304347826,57.0,402.0,0.0,2.75,0.0,0,0.9989811512990321
WA,530117000217,2799,W F West High School,7.35,5.074999999999999,2.275,0,False,,0.3761061946902654,57.5,1031.0,1.0,7.25,0.0,0,0.9989811512990321
WA,530069000149,2800,Brewster High School,6.6,4.324999999999999,2.275,0,True,,0.873015873015873,42.0,264.0,1.0,7.25,0.0,0,0.9989811512990321
WA,530313000496,2801,Lake Roosevelt Jr/Sr High School,4.17,1.895,2.275,0,False,,0.6923076923076923,37.0,347.0,1.0,3.98,0.0,0,0.9989811512990321
WA,530313000494,2802,Lake Roosevelt Elementary,2.02,-0.2549999999999999,2.275,1,True,,0.7897196261682243,29.5,382.0,0.0,1.55,0.0,0,0.9989811512990321
WA,530714001059,2803,Raymond Elementary School,4.65,2.3750000000000004,2.275,0,True,,0.7361963190184049,37.0,324.0,0.0,5.3,0.0,0,0.9989811512990321
WA,530810001336,2804,Mike Morris Elementary,4.3,2.025,2.275,0,False,,0.8260869565217391,34.5,365.0,0.0,4.8,0.0,0,0.9989811512990321
WA,530870001478,2805,Lowell Elementary School,9.3,7.025,2.275,0,False,,0.1869158878504672,84.5,417.0,0.0,8.43,0.0,0,0.9989811512990321
WA,530870001494,2806,Reed Elementary School,4.8,2.525,2.275,0,True,,0.884393063583815,42.0,434.0,0.0,2.6,0.0,0,0.9989811512990321
WA,530048000119,2807,Bethel High School,5.15,2.8750000000000004,2.275,0,False,,0.4269141531322505,47.0,1829.0,1.0,5.75,0.0,0,0.9989811512990321
WA,530237000325,2808,Columbia Crest A-STEM Academy,4.1,1.8249999999999997,2.275,0,True,,0.5488721804511278,42.0,196.0,0.0,5.58,0.0,0,0.9989811512990321
WA,530166000286,2810,Concrete High School,2.85,0.5750000000000002,2.275,0,False,,0.6481481481481481,32.0,218.0,1.0,2.45,0.0,0,0.9989811512990321
WA,530267000403,2811,Lowell Elementary,6.45,4.175000000000001,2.275,0,True,,0.6788617886178862,58.0,588.0,0.0,6.55,0.0,0,0.9989811512990321
WA,530486000735,2813,Totem Middle School,2.0,-0.2749999999999999,2.275,1,True,,0.5903846153846154,30.5,561.0,0.0,2.05,52813.0,1,0.9989811512990321
WA,530123000227,2814,Sunset Elementary,2.25,-0.02499999999999991,2.275,1,True,,0.7426160337552743,34.0,564.0,0.0,2.05,0.0,0,0.9989811512990321
WA,530910001541,2816,Littlerock Elementary School,7.3,5.025,2.275,0,True,,0.3673469387755102,72.0,270.0,0.0,7.9,0.0,0,0.9989811512990321
WA,530042000101,2817,Carl Cozier Elementary School,4.67,2.395,2.275,0,True,,0.5870967741935483,44.5,326.0,0.0,4.4,0.0,0,0.9989811512990321
WA,531011001693,2818,Gilbert Elementary School,4.45,2.1750000000000003,2.275,0,True,,0.7746478873239436,40.0,534.0,0.0,6.45,35377.0,1,0.9989811512990321
WA,531011001701,2819,Nob Hill Elementary School,5.0,2.725,2.275,0,True,,0.5833333333333334,50.0,473.0,0.0,4.65,0.0,0,0.9989811512990321
WA,530537000808,2821,Terrace Heights Elementary,5.0,2.725,2.275,0,True,,0.6305970149253731,58.0,496.0,0.0,3.75,0.0,0,0.9989811512990321
WA,530972001649,2822,Ahtanum Valley Elementary,8.55,6.275,2.275,0,False,,0.6507936507936508,67.0,320.0,0.0,7.8,0.0,0,0.9989811512990321
WA,530132000238,2823,Parkway Elementary,4.15,1.8750000000000004,2.275,0,True,,0.7471910112359551,47.0,315.0,0.0,2.88,0.0,0,0.9989811512990321
WA,530393000599,2824,Eastgate Elementary School,2.0,-0.2749999999999999,2.275,1,True,,,30.5,516.0,0.0,1.8,34650.0,1,0.9989811512990321
WA,530393000611,2825,Westgate Elementary School,6.85,4.574999999999999,2.275,0,True,,,40.5,503.0,0.0,7.65,0.0,0,0.9989811512990321
WA,530393000605,2826,Kennewick High School,5.15,2.8750000000000004,2.275,0,True,,,48.0,1649.0,1.0,5.45,0.0,0,0.9989811512990321
WA,530095001934,2827,Alpine Lakes Elementary,8.9,6.625,2.275,0,True,,0.5403508771929825,61.0,273.0,0.0,8.5,0.0,0,0.9989811512990321
WA,530927001586,2828,Walnut Grove Elementary,3.0,0.7250000000000001,2.275,0,True,,0.6836461126005362,43.0,711.0,0.0,2.3,34223.0,1,0.9989811512990321
WA,530270000422,2829,Mill Plain Elementary School,3.95,1.6750000000000003,2.275,0,True,,0.6370967741935484,46.5,445.0,0.0,3.55,32089.0,1,0.9989811512990321
WA,530204000304,2830,Dayton Elementary School,3.85,1.5750000000000002,2.275,0,True,,0.5789473684210527,62.0,215.0,0.0,2.7,0.0,0,0.9989811512990321
WA,530447000705,2831,Monticello Middle School,6.55,4.275,2.275,0,True,,0.8,49.0,588.0,0.0,6.55,0.0,0,0.9989811512990321
WA,530522000794,2832,Peninsula Elementary,4.7,2.4250000000000003,2.275,0,True,,0.688034188034188,47.0,511.0,0.0,5.2,30695.0,1,0.9989811512990321
WA,530522000788,2833,Knolls Vista Elementary,3.15,0.875,2.275,0,True,,0.8151658767772512,37.0,396.0,0.0,2.6,30916.0,1,0.9989811512990321
WA,530003000001,2834,A J West Elementary,4.0,1.725,2.275,0,True,,0.8041666666666667,34.5,373.0,0.0,2.1,0.0,0,0.9989811512990321
WA,530489000742,2835,Mccleary Elem,4.63,2.355,2.275,0,True,,0.6153846153846154,47.0,347.0,0.0,4.13,0.0,0,0.9989811512990321
WA,530075000153,2836,Brinnon Elementary,8.13,5.855,2.275,0,True,,0.8163265306122449,49.5,83.0,0.0,8.35,0.0,0,0.9989811512990321
WA,530771002017,2838,Catharine Blaine K-8 School,9.4,7.125,2.275,0,False,,0.0772442588726513,79.0,629.0,0.0,9.9,0.0,0,0.9989811512990321
WA,530771001913,2839,David T. Denny International Middle School,5.4,3.1250000000000004,2.275,0,True,,0.71875,49.5,838.0,0.0,3.35,0.0,0,0.9989811512990321
WA,530282000441,2841,Lakeland Elementary School,4.8,2.525,2.275,0,True,,0.5931372549019608,48.5,427.0,0.0,3.6,0.0,0,0.9989811512990321
WA,530354000550,2842,Shorewood Elementary,6.65,4.375,2.275,0,True,,0.575,59.5,558.0,0.0,5.95,0.0,0,0.9989811512990321
WA,530354000528,2844,Gregory Heights Elementary,6.75,4.475,2.275,0,True,,0.5276073619631901,51.5,451.0,0.0,5.8,34983.0,1,0.9989811512990321
WA,530039000067,2846,Enatai Elementary School,9.45,7.174999999999999,2.275,0,False,,0.1764705882352941,76.0,523.0,0.0,8.75,0.0,0,0.9989811512990321
WA,530039000065,2847,Clyde Hill Elementary,9.5,7.225,2.275,0,False,,0.080168776371308,78.5,567.0,0.0,9.7,0.0,0,0.9989811512990321
WA,530813001341,2848,Foster Senior High School,4.4,2.1250000000000004,2.275,0,True,,0.6830357142857143,40.0,882.0,1.0,4.55,0.0,0,0.9989811512990321
WA,530876001519,2849,Tahoma Senior High School,7.95,5.675000000000001,2.275,0,False,,0.1297134238310709,72.5,2741.0,1.0,8.05,0.0,0,0.9989811512990321
WA,530804001330,2850,Mount Si High School,9.25,6.975,2.275,0,False,,0.0871459694989106,80.0,1925.0,1.0,9.05,0.0,0,0.9989811512990321
WA,530396000614,2851,East Hill Elementary School,2.95,0.6750000000000003,2.275,0,True,,0.7567567567567568,29.0,479.0,0.0,2.2,29662.0,1,0.9989811512990321
WA,530066000146,2853,View Ridge Elementary Arts Academy,4.7,2.4250000000000003,2.275,0,True,,0.7064676616915423,48.0,434.0,0.0,4.75,30737.0,1,0.9989811512990321
WA,530576000853,2854,Hilder Pearson Elementary,7.47,5.195,2.275,0,False,,0.34,62.0,379.0,0.0,7.5,0.0,0,0.9989811512990321
WA,530309000490,2856,Goldendale High School,5.55,3.275,2.275,0,True,,0.430379746835443,54.5,307.0,1.0,4.83,0.0,0,0.9989811512990321
WA,530666000977,2858,Pe Ell School,5.6,3.3249999999999997,2.275,0,True,,0.6028368794326241,54.5,293.0,1.0,5.38,0.0,0,0.9989811512990321
WA,530975001659,2859,White Pass Jr. Sr. High School,4.22,1.9449999999999998,2.275,0,False,,0.6666666666666666,44.5,199.0,1.0,4.3,0.0,0,0.9989811512990321
WA,530009000179,2860,Almira Elementary School,8.43,6.154999999999999,2.275,0,True,,0.4186046511627907,69.5,130.0,0.0,8.43,0.0,0,0.9989811512990321
WA,530186000293,2862,Creston Elementary,4.58,2.305,2.275,0,True,,0.375,59.5,35.0,0.0,5.4,0.0,0,0.9989811512990321
WA,530186000294,2863,Creston Jr-Sr High School,7.7,5.425000000000001,2.275,0,False,,0.2352941176470588,54.5,48.0,1.0,7.73,0.0,0,0.9989811512990321
WA,530721001062,2864,Reardan Elementary School,7.78,5.505000000000001,2.275,0,True,,0.4682539682539682,59.5,320.0,0.0,7.53,0.0,0,0.9989811512990321
WA,530675000992,2865,Pioneer Middle School,4.25,1.975,2.275,0,True,,0.640495867768595,44.5,257.0,0.0,2.8,0.0,0,0.9989811512990321
WA,530552000829,2868,Naselle-Grays River Valley Elementary,3.0,0.7250000000000001,2.275,0,True,,0.5280898876404494,62.0,161.0,0.0,2.0,0.0,0,0.9989811512990321
WA,530696001033,2870,Karshner Elementary,4.0,1.725,2.275,0,True,,0.6097560975609756,54.5,408.0,0.0,3.1,0.0,0,0.9989811512990321
WA,530870001462,2871,Edison Elementary School,5.7,3.4250000000000003,2.275,0,True,,0.8088235294117647,58.0,408.0,0.0,4.0,0.0,0,0.9989811512990321
WA,530870001457,2872,Browns Point Elementary School,8.47,6.195,2.275,0,False,,0.2145922746781116,72.0,442.0,0.0,8.5,0.0,0,0.9989811512990321
WA,530870001510,2874,Whitman Elementary School,4.75,2.475,2.275,0,True,,0.783068783068783,44.5,352.0,0.0,2.6,30718.0,1,0.9989811512990321
WA,530861001444,2875,Maple Lawn Elementary,9.65,7.375,2.275,0,False,,0.3113456464379947,76.5,690.0,0.0,9.35,0.0,0,0.9989811512990321
WA,530294000475,2876,Franklin Pierce High School,5.5,3.225,2.275,0,True,,0.6598639455782312,58.5,1148.0,1.0,4.85,0.0,0,0.9989811512990321
WA,530048000123,2877,Elk Plain School of Choice,7.7,5.425000000000001,2.275,0,False,,0.3486590038314176,68.5,581.0,0.0,6.1,0.0,0,0.9989811512990321
WA,530765001125,2879,Friday Harbor High School,8.77,6.494999999999999,2.275,0,False,,0.3272727272727272,64.5,268.0,1.0,8.63,0.0,0,0.9989811512990321
WA,530540000814,2880,Washington Elementary School,3.4,1.125,2.275,0,True,,0.8109452736318408,48.0,347.0,0.0,2.95,32050.0,1,0.9989811512990321
WA,530852001434,2882,Carson Elementary,5.75,3.475,2.275,0,True,,0.56,38.5,293.0,0.0,,0.0,0,0.9989811512990321
WA,530267000400,2883,Hawthorne Elementary School,5.1,2.8249999999999997,2.275,0,True,,0.861878453038674,49.5,500.0,0.0,3.95,0.0,0,0.9989811512990321
WA,530420000654,2884,Mt. Pilchuck Elementary School,5.55,3.275,2.275,0,True,,0.3189964157706093,62.0,543.0,0.0,6.8,0.0,0,0.9989811512990321
WA,530420000651,2885,Hillcrest Elementary School,7.9,5.625,2.275,0,False,,0.2659574468085106,66.5,775.0,0.0,8.15,0.0,0,0.9989811512990321
WA,530543000816,2886,Fairmount Elementary,4.65,2.3750000000000004,2.275,0,True,,0.7003367003367004,39.0,540.0,0.0,5.05,0.0,0,0.9989811512990321
WA,530240002089,2887,Martha Lake Elementary,5.9,3.6250000000000004,2.275,0,True,,0.5238095238095238,51.0,466.0,0.0,3.5,0.0,0,0.9989811512990321
WA,530240002292,2888,Terrace Park Elementary,7.65,5.375,2.275,0,False,,0.4078947368421052,49.5,302.0,0.0,7.55,0.0,0,0.9989811512990321
WA,530495000755,2890,Medical Lake High School,8.77,6.494999999999999,2.275,0,False,,0.359375,59.5,528.0,1.0,8.55,0.0,0,0.9989811512990321
WA,530111000190,2892,Broadway Elementary,2.23,-0.04499999999999993,2.275,1,True,,0.7487179487179487,34.5,331.0,0.0,3.8,0.0,0,0.9989811512990321
WA,530933001593,2893,Julius A Wendt Elementary/John C Thomas Middle School,5.78,3.5050000000000003,2.275,0,True,,0.6741071428571429,55.5,321.0,0.0,4.5,0.0,0,0.9989811512990321
WA,530144000274,2894,Leonard M Jennings Elementary,7.0,4.725,2.275,0,True,,0.3475609756097561,84.5,282.0,0.0,8.38,0.0,0,0.9989811512990321
WA,530300000486,2895,Garfield Elementary,5.2,2.9250000000000003,2.275,0,False,,0.4242424242424242,74.5,79.0,0.0,4.3,0.0,0,0.9989811512990321
WA,530300000487,2896,Garfield Middle School,4.28,2.0050000000000003,2.275,0,True,,0.6,59.5,38.0,0.0,4.78,0.0,0,0.9989811512990321
WA,530546000824,2898,Naches Valley Middle School,3.35,1.0750000000000002,2.275,0,True,,0.5013123359580053,50.5,396.0,0.0,4.05,0.0,0,0.9989811512990321
WA,531011001699,2899,Mcclure Elementary School,3.5,1.225,2.275,0,True,,0.8251748251748252,37.0,610.0,0.0,3.55,35377.0,1,0.9989811512990321
WA,530897001534,2900,Toppenish High School,6.9,4.625,2.275,0,True,,0.9214876033057852,33.5,950.0,1.0,6.85,0.0,0,0.9989811512990321
WA,530648000955,2902,Lutacaga Elementary,2.45,0.17500000000000027,2.275,0,True,,0.8828571428571429,31.0,643.0,0.0,3.7,0.0,0,0.9989811512990321
WA,530441000696,2903,Lind-Ritzville High School,4.77,2.4949999999999997,2.275,0,False,,0.9230769230769232,49.75,49.0,1.0,5.33,0.0,0,0.9989811512990321
WA,530402000639,2904,Kiona-Benton City High School,4.05,1.775,2.275,0,False,,0.6176470588235294,37.0,397.0,1.0,3.9,0.0,0,0.9989811512990321
WA,530690001015,2905,Whitstran Elementary,3.85,1.5750000000000002,2.275,0,True,,0.8345323741007195,37.0,249.0,0.0,4.3,0.0,0,0.9989811512990321
WA,530690001013,2906,Housel Middle School,2.85,0.5750000000000002,2.275,0,True,,0.698051948051948,37.5,636.0,0.0,3.35,0.0,0,0.9989811512990321
WA,530966001638,2907,Washington Elementary School,5.5,3.225,2.275,0,False,,0.4641638225255973,62.5,561.0,0.0,4.75,0.0,0,0.9989811512990321
WA,530682001002,2908,Port Angeles High School,7.32,5.045,2.275,0,False,,0.42,66.5,1074.0,1.0,7.2,0.0,0,0.9989811512990321
WA,530682000998,2909,Franklin Elementary,6.15,3.8750000000000004,2.275,0,True,,0.576271186440678,65.5,433.0,0.0,4.35,0.0,0,0.9989811512990321
WA,530038000056,2910,Yacolt Primary,6.9,4.625,2.275,0,False,,0.4143835616438356,57.0,784.0,0.0,6.7,0.0,0,0.9989811512990321
WA,530954001623,2911,Gause Elementary,5.13,2.855,2.275,0,True,,0.3863636363636363,54.5,326.0,0.0,5.8,0.0,0,0.9989811512990321
WA,530270000423,2912,Orchards Elementary School,2.15,-0.125,2.275,1,True,,0.736,32.5,546.0,0.0,2.25,47596.0,1,0.9989811512990321
WA,530000300167,2913,Carrolls Elementary,6.4,4.125,2.275,0,False,,0.4050632911392405,62.0,128.0,0.0,8.15,0.0,0,0.9989811512990321
WA,530447002314,2914,Northlake Elementary School,6.55,4.275,2.275,0,True,,0.7962962962962963,37.0,335.0,0.0,3.95,0.0,0,0.9989811512990321
WA,530381000584,2915,Kalama Elem School,7.78,5.505000000000001,2.275,0,False,,0.3873873873873873,50.5,494.0,0.0,7.95,0.0,0,0.9989811512990321
WA,530000300592,2916,Huntington Middle School,4.85,2.5749999999999997,2.275,0,False,,0.6312949640287769,46.5,581.0,0.0,3.8,0.0,0,0.9989811512990321
WA,530657000969,2917,Pasco Senior High School,3.85,1.5750000000000002,2.275,0,True,,0.8134057971014492,30.5,2346.0,1.0,3.65,0.0,0,0.9989811512990321
WA,530573000847,2918,Connell Elem,3.45,1.1750000000000003,2.275,0,True,,0.81875,30.5,549.0,0.0,3.9,35606.0,1,0.9989811512990321
WA,530708001054,2919,Pioneer Elementary,2.6,0.3250000000000002,2.275,0,True,,0.8073394495412844,42.0,316.0,0.0,2.3,0.0,0,0.9989811512990321
WA,530261000386,2920,Ephrata High School,6.05,3.775,2.275,0,False,,0.4811320754716981,51.5,816.0,1.0,6.2,0.0,0,0.9989811512990321
WA,530705001050,2921,Lake Quinault School,4.77,2.4949999999999997,2.275,0,True,,1.0,34.5,213.0,1.0,4.3,0.0,0,0.9989811512990321
WA,530600001858,2922,Oakville Elementary,2.5,0.2250000000000001,2.275,0,True,,0.7647058823529411,34.5,142.0,0.0,1.68,47760.0,1,0.9989811512990321
WA,530354000523,2926,Cedarhurst Elementary,1.55,-0.7249999999999999,2.275,1,True,,0.8155619596541787,29.5,495.0,0.0,1.55,34984.0,1,0.9989811512990321
WA,530354000554,2927,Sylvester Middle School,4.0,1.725,2.275,0,True,,0.6935749588138386,40.5,676.0,0.0,3.2,34983.0,1,0.9989811512990321
WA,530723001076,2929,Lakeridge Elementary School,3.35,1.0750000000000002,2.275,0,True,,0.8333333333333334,52.0,375.0,0.0,2.6,0.0,0,0.9989811512990321
WA,530030000037,2932,Dick Scobee Elementary School,2.95,0.6750000000000003,2.275,0,True,,0.8217391304347826,45.0,542.0,0.0,2.4,34869.0,1,0.9989811512990321
WA,530870001501,2938,Sherman Elementary School,6.25,3.975,2.275,0,False,,0.1814159292035398,75.0,447.0,0.0,7.08,0.0,0,0.9989811512990321
WA,530870001460,2939,Delong Elementary School,4.25,1.975,2.275,0,True,,0.7085201793721974,44.0,428.0,0.0,5.9,34548.0,1,0.9989811512990321
WA,530870001453,2940,Arlington Elementary School,2.85,0.5750000000000002,2.275,0,True,,0.8659217877094972,27.0,434.0,0.0,3.7,47865.0,1,0.9989811512990321
WA,530870001482,2941,Mann Elementary School,7.45,5.175000000000001,2.275,0,True,,0.7848101265822784,54.5,467.0,0.0,6.45,0.0,0,0.9989811512990321
WA,530645000953,2942,Orting High School,6.95,4.675000000000001,2.275,0,False,,0.3367875647668393,54.5,802.0,1.0,6.2,0.0,0,0.9989811512990321
WA,530141000251,2943,Custer Elementary School,3.02,0.7450000000000001,2.275,0,True,,0.8478260869565217,39.5,286.0,0.0,3.45,34433.0,1,0.9989811512990321
WA,530669000984,2944,Harbor Heights Elementary School,8.68,6.404999999999999,2.275,0,False,,0.2434456928838951,66.5,578.0,0.0,8.85,0.0,0,0.9989811512990321
WA,530294000477,2945,James Sales Elementary,8.1,5.824999999999999,2.275,0,False,,0.8925233644859814,57.0,408.0,0.0,7.95,0.0,0,0.9989811512990321
WA,530078000159,2946,West View Elementary,4.45,2.1750000000000003,2.275,0,True,,0.6745562130177515,39.5,409.0,0.0,3.35,0.0,0,0.9989811512990321
WA,530372000569,2948,Index Elementary School District 63,6.38,4.105,2.275,0,True,,0.45,29.75,32.0,0.0,,0.0,0,0.9989811512990321
WA,530825001403,2950,Ridgeview Elementary,3.85,1.5750000000000002,2.275,0,True,,0.718562874251497,49.5,338.0,0.0,3.08,0.0,0,0.9989811512990321
WA,530825001391,2951,Lincoln Heights Elementary,7.25,4.975,2.275,0,True,,0.5948905109489051,50.0,515.0,0.0,6.9,0.0,0,0.9989811512990321
WA,530825001390,2952,Lidgerwood Elementary,3.8,1.525,2.275,0,True,,0.8902439024390244,31.5,437.0,0.0,2.4,35112.0,1,0.9989811512990321
WA,530111000200,2953,Progress Elementary School,2.45,0.17500000000000027,2.275,0,True,,0.6258503401360545,39.5,268.0,0.0,3.1,0.0,0,0.9989811512990321
WA,530123000221,2954,Betz Elementary,6.8,4.525,2.275,0,True,,0.5615763546798029,62.0,462.0,0.0,5.75,0.0,0,0.9989811512990321
WA,530228000314,2955,Otis Orchards School,4.53,2.2550000000000003,2.275,0,True,,0.6192660550458715,54.0,423.0,0.0,5.15,0.0,0,0.9989811512990321
WA,530969002419,2956,Seth Woodard Elementary,3.08,0.8050000000000002,2.275,0,True,,0.5902777777777778,49.5,262.0,0.0,3.18,0.0,0,0.9989811512990321
WA,530588000874,2958,Northport High School,8.65,6.375,2.275,0,True,,0.9,49.75,53.0,1.0,8.83,0.0,0,0.9989811512990321
WA,530867001449,2959,Sunnyside High School,4.3,2.025,2.275,0,True,,0.8316008316008316,41.5,2088.0,1.0,4.1,0.0,0,0.9989811512990321
WA,530648000954,2961,Hiawatha Elementary School,4.1,1.8249999999999997,2.275,0,True,,0.9071618037135278,33.5,632.0,0.0,5.1,0.0,0,0.9989811512990321
WA,530132000235,2962,Grantham Elementary,4.95,2.6750000000000003,2.275,0,True,,0.8705035971223022,32.0,305.0,0.0,5.5,0.0,0,0.9989811512990321
WA,530927001582,2964,Salmon Creek Elementary,7.3,5.025,2.275,0,False,,0.3625954198473282,65.5,470.0,0.0,7.0,0.0,0,0.9989811512990321
WA,530231000319,2966,Grant Elementary School,6.35,4.074999999999999,2.275,0,True,,0.5763546798029556,53.0,487.0,0.0,7.05,0.0,0,0.9989811512990321
WA,530657000964,2967,Emerson Elementary,4.0,1.725,2.275,0,True,,0.9263456090651558,20.5,603.0,0.0,2.25,31223.0,1,0.9989811512990321
WA,530344000514,2968,Almira Coulee Hartline High School,8.62,6.344999999999999,2.275,0,False,,0.45,69.75,79.0,1.0,9.25,0.0,0,0.9989811512990321
WA,530522000789,2969,Lakeview Terrace Elementary,4.0,1.725,2.275,0,True,,0.6428571428571429,47.0,487.0,0.0,3.55,30695.0,1,0.9989811512990321
WA,530522001982,2970,Midway Elementary,4.3,2.025,2.275,0,True,,0.8709677419354839,29.5,399.0,0.0,2.9,0.0,0,0.9989811512990321
WA,530003000011,2971,Stevens Elementary School,3.25,0.9750000000000001,2.275,0,True,,0.8453237410071942,44.5,369.0,0.0,3.5,0.0,0,0.9989811512990321
WA,530366000562,2972,Central Elementary School,2.65,0.375,2.275,0,True,,0.8111587982832618,37.5,242.0,0.0,3.75,0.0,0,0.9989811512990321
WA,530594000903,2974,Oak Harbor High School,6.4,4.125,2.275,0,False,,0.4242424242424242,52.0,1580.0,1.0,6.1,0.0,0,0.9989811512990321
WA,530771001193,2975,John Rogers Elementary School,5.9,3.6250000000000004,2.275,0,True,,0.4074074074074074,59.5,324.0,0.0,6.65,0.0,0,0.9989811512990321
WA,530771001228,2976,Olympic Hills Elementary School,6.45,4.175000000000001,2.275,0,True,,0.7351351351351352,67.0,504.0,0.0,7.45,0.0,0,0.9989811512990321
WA,530771003356,2977,Viewlands Elementary School,7.8,5.525,2.275,0,True,,0.4303030303030303,52.0,383.0,0.0,8.6,0.0,0,0.9989811512990321
WA,530000100377,2980,Byron Kibler Elementary School,6.1,3.8249999999999997,2.275,0,True,,0.4291666666666666,55.0,451.0,0.0,6.7,0.0,0,0.9989811512990321
WA,530498000759,2981,Lakeridge Elementary School,9.4,7.125,2.275,0,False,,0.0035335689045936,88.0,451.0,0.0,9.95,0.0,0,0.9989811512990321
WA,530354000521,2982,Bow Lake Elementary,3.8,1.525,2.275,0,True,,0.8114754098360656,36.5,492.0,0.0,2.8,34983.0,1,0.9989811512990321
WA,530354002304,2983,North Hill Elementary,7.0,4.725,2.275,0,True,,0.4411764705882353,63.5,547.0,0.0,8.75,0.0,0,0.9989811512990321
WA,530354000537,2984,Midway Elementary,4.55,2.275,2.275,0,True,,0.8054794520547945,38.0,562.0,0.0,2.95,0.0,0,0.9989811512990321
WA,530792001299,2990,Briarcrest Elementary,8.6,6.324999999999999,2.275,0,True,,0.381294964028777,72.5,523.0,0.0,7.05,0.0,0,0.9989811512990321
WA,530423000682,2992,Rose Hill Elementary,9.9,7.625,2.275,0,False,,0.2369668246445497,74.0,487.0,0.0,9.9,0.0,0,0.9989811512990321
WA,530591000885,2993,Kenmore Elementary,4.65,2.3750000000000004,2.275,0,True,,0.3983050847457627,56.5,536.0,0.0,6.4,0.0,0,0.9989811512990321
WA,530108000176,2994,Brownsville Elementary,8.13,5.855,2.275,0,False,,0.2489082969432314,73.0,469.0,0.0,8.83,0.0,0,0.9989811512990321
WA,530816001352,2995,Olalla Elementary School,6.75,4.475,2.275,0,False,,0.4012345679012346,69.5,320.0,0.0,8.13,0.0,0,0.9989811512990321
WA,530246000365,2996,Ellensburg High School,6.5,4.225,2.275,0,False,,0.3839285714285714,60.5,956.0,1.0,6.0,0.0,0,0.9989811512990321
WA,530891001526,2998,Toledo Elementary School,2.9,0.625,2.275,0,False,,0.5675675675675675,54.5,380.0,0.0,2.73,0.0,0,0.9989811512990321
WA,530294000476,3000,Harvard Elementary,5.15,2.8750000000000004,2.275,0,False,,0.923809523809524,45.5,404.0,0.0,5.1,0.0,0,0.9989811512990321
WA,530540000812,3001,Madison Elementary,3.45,1.1750000000000003,2.275,0,True,,0.6481481481481481,37.0,545.0,0.0,4.5,36045.0,1,0.9989811512990321
WA,530267000410,3002,View Ridge Elementary,8.15,5.875,2.275,0,False,,0.4536082474226804,64.5,566.0,0.0,7.1,0.0,0,0.9989811512990321
WA,530531002608,3003,Mount Baker Junior High,2.23,-0.04499999999999993,2.275,1,False,,0.6156462585034014,38.0,269.0,0.0,1.95,0.0,0,0.9989811512990321
WA,530802001324,3005,Central Emerson Elementary,6.05,3.775,2.275,0,True,,0.5036496350364964,44.0,259.0,0.0,5.6,0.0,0,0.9989811512990321
WA,530825001379,3007,Hamblen Elementary,7.93,5.654999999999999,2.275,0,False,,0.4253246753246753,72.0,527.0,0.0,8.05,0.0,0,0.9989811512990321
WA,530825002764,3008,Bryant Center,8.87,6.594999999999999,2.275,0,False,,0.3915662650602409,64.5,340.0,1.0,9.25,0.0,0,0.9989811512990321
WA,530585000869,3010,North Thurston High School,5.45,3.1750000000000003,2.275,0,False,,0.3949579831932773,62.5,1475.0,1.0,5.05,0.0,0,0.9989811512990321
WA,530765002666,3011,Friday Harbor Middle School,6.9,4.625,2.275,0,False,,0.4432432432432432,62.0,162.0,0.0,6.58,0.0,0,0.9989811512990321
WA,530159000280,3012,Columbia Middle School,2.15,-0.125,2.275,1,True,,0.5647058823529412,34.5,181.0,0.0,3.1,0.0,0,0.9989811512990321
WA,530315000497,3013,Smith Elementary School,4.45,2.1750000000000003,2.275,0,True,,0.8333333333333334,49.5,583.0,0.0,3.45,30130.0,1,0.9989811512990321
WA,530648000957,3015,Othello High School,5.0,2.725,2.275,0,True,,0.7907801418439716,33.0,1202.0,1.0,5.3,0.0,0,0.9989811512990321
WA,530927001583,3016,Sarah J Anderson Elementary,5.3,3.025,2.275,0,True,,0.5885558583106267,50.0,735.0,0.0,3.4,30430.0,1,0.9989811512990321
WA,530927001572,3017,Lake Shore Elementary,5.45,3.1750000000000003,2.275,0,False,,0.2796610169491525,63.5,440.0,0.0,5.7,0.0,0,0.9989811512990321
WA,530038000051,3018,Glenwood Heights Primary,4.55,2.275,2.275,0,True,,0.4049079754601227,50.5,559.0,0.0,5.0,0.0,0,0.9989811512990321
WA,530447000710,3019,Robert Gray Elementary,5.25,2.975,2.275,0,True,,0.4765957446808511,45.0,445.0,0.0,3.4,0.0,0,0.9989811512990321
WA,530708001053,3020,Mountain View Elementary,1.8,-0.47499999999999987,2.275,1,True,,0.898989898989899,32.0,307.0,0.0,2.7,0.0,0,0.9989811512990321
WA,530522000790,3021,Larson Heights Elementary,1.6,-0.6749999999999998,2.275,1,True,,0.9493670886075948,24.5,316.0,0.0,1.85,0.0,0,0.9989811512990321
WA,530522000785,3022,Columbia Middle School,4.5,2.225,2.275,0,False,,0.6405919661733616,44.5,999.0,0.0,3.95,0.0,0,0.9989811512990321
WA,531011002609,3023,K-8 Learning Lab,3.98,1.705,2.275,0,False,,0.5416666666666666,49.5,200.0,0.0,1.58,0.0,0,0.9989811512990321
WA,530609000914,3024,Ocosta Junior - Senior High,3.1,0.8250000000000002,2.275,0,True,,0.8571428571428571,39.5,278.0,1.0,3.43,0.0,0,0.9989811512990321
WA,530609000913,3025,Ocosta Elementary School,2.9,0.625,2.275,0,True,,0.8805970149253731,47.5,358.0,0.0,3.45,0.0,0,0.9989811512990321
WA,530771001261,3026,Wedgwood Elementary School,9.13,6.855,2.275,0,False,,0.0944206008583691,83.0,463.0,0.0,8.95,0.0,0,0.9989811512990321
WA,530771001225,3027,James Baldwin Elementary School,8.7,6.424999999999999,2.275,0,True,,0.79,57.0,254.0,0.0,8.1,0.0,0,0.9989811512990321
WA,530771001242,3028,Sacajawea Elementary School,6.45,4.175000000000001,2.275,0,False,,0.2421052631578947,59.5,252.0,0.0,4.55,0.0,0,0.9989811512990321
WA,530498000761,3029,Mercer Island High School,9.1,6.824999999999999,2.275,0,False,,0.0267062314540059,94.75,1544.0,1.0,9.0,0.0,0,0.9989811512990321
WA,530723001066,3034,Campbell Hill Elementary School,2.6,0.3250000000000002,2.275,0,True,,0.8051282051282052,39.5,334.0,0.0,2.9,31145.0,1,0.9989811512990321
WA,530723001079,3035,McKnight Middle School,5.15,2.8750000000000004,2.275,0,False,,0.508274231678487,53.5,930.0,0.0,4.7,0.0,0,0.9989811512990321
WA,530375000573,3038,Issaquah Middle School,8.75,6.475,2.275,0,False,,0.1501564129301355,74.5,1003.0,0.0,8.55,0.0,0,0.9989811512990321
WA,530423000675,3041,Lakeview Elementary,8.4,6.125,2.275,0,False,,0.1302681992337164,78.5,556.0,0.0,9.4,0.0,0,0.9989811512990321
WA,530033000044,3043,Halilts Elementary School,9.13,6.855,2.275,0,False,,0.0194805194805194,89.5,357.0,0.0,9.15,0.0,0,0.9989811512990321
WA,530816001351,3046,Marcus Whitman Middle School,3.08,0.8050000000000002,2.275,0,True,,0.4664634146341463,48.5,713.0,0.0,2.65,0.0,0,0.9989811512990321
WA,530303000489,3048,Glenwood Secondary,3.65,1.375,2.275,0,False,,0.4102564102564102,49.5,44.0,1.0,3.45,0.0,0,0.9989811512990321
WA,530459000717,3049,Dallesport Elementary,2.78,0.5049999999999999,2.275,0,True,,0.6923076923076923,34.5,143.0,0.0,1.68,0.0,0,0.9989811512990321
WA,530622000938,3051,E Omak Elementary,4.45,2.1750000000000003,2.275,0,True,,0.7584415584415585,34.0,359.0,0.0,3.65,0.0,0,0.9989811512990321
WA,530696001032,3052,Kalles Junior High,4.8,2.525,2.275,0,False,,0.330550918196995,66.5,922.0,0.0,5.45,0.0,0,0.9989811512990321
WA,530870001470,3053,Grant Elementary School,7.08,4.805,2.275,0,False,,0.3580246913580246,62.0,351.0,0.0,6.75,0.0,0,0.9989811512990321
WA,530870001454,3054,Baker Middle School,2.65,0.375,2.275,0,True,,0.7994542974079127,37.0,767.0,0.0,3.95,34548.0,1,0.9989811512990321
WA,530669000982,3055,Evergreen Elementary,7.3,5.025,2.275,0,True,,0.6071428571428571,62.0,281.0,0.0,6.75,0.0,0,0.9989811512990321
WA,530669000988,3056,Vaughn Elementary School,4.4,2.1250000000000004,2.275,0,True,,0.4020618556701031,59.5,455.0,0.0,6.0,0.0,0,0.9989811512990321
WA,530015000019,3057,Mount Erie Elementary,9.07,6.795,2.275,0,True,,0.3137254901960784,69.5,378.0,0.0,7.45,0.0,0,0.9989811512990321
WA,530486000733,3059,Cascade Elementary,3.0,0.7250000000000001,2.275,0,False,,0.6188340807174888,48.5,411.0,0.0,4.1,0.0,0,0.9989811512990321
WA,530513000773,3060,Frank Wagner Elementary,2.8,0.5249999999999999,2.275,0,True,,0.7283018867924528,17.0,592.0,0.0,3.7,47357.0,1,0.9989811512990321
WA,530906002657,3062,Trout Lake Elementary,8.1,5.824999999999999,2.275,0,True,,,69.75,72.0,0.0,8.6,0.0,0,0.9989811512990321
WA,530825001413,3063,Westview Elementary,7.15,4.875,2.275,0,True,,0.7181818181818181,61.5,520.0,0.0,6.15,0.0,0,0.9989811512990321
WA,530111000203,3064,University Elementary School,3.2,0.9250000000000003,2.275,0,True,,0.5328467153284672,49.5,312.0,0.0,4.0,0.0,0,0.9989811512990321
WA,530111000191,3065,Central Valley High School,6.65,4.375,2.275,0,False,,0.2682481751824817,68.5,2236.0,1.0,5.6,0.0,0,0.9989811512990321
WA,530618000929,3066,Madison Elementary School,4.43,2.155,2.275,0,False,,0.4414414414414414,57.0,282.0,0.0,4.68,0.0,0,0.9989811512990321
WA,530747001118,3067,Rochester Middle School,6.0,3.725,2.275,0,True,,0.5531914893617021,56.0,523.0,0.0,6.45,0.0,0,0.9989811512990321
WA,530831001421,3068,St John/Endicott High,6.55,4.275,2.275,0,False,,0.3333333333333333,49.75,78.0,1.0,5.7,0.0,0,0.9989811512990321
WA,530831001420,3069,St John Elementary,7.92,5.645,2.275,0,True,,0.25,69.5,77.0,0.0,9.0,0.0,0,0.9989811512990321
WA,530465000723,3070,Artz Fox Elementary,2.7,0.42500000000000027,2.275,0,True,,0.9522184300341296,22.5,496.0,0.0,3.4,55000.0,1,0.9989811512990321
WA,530315000498,3071,Grandview Middle School,4.55,2.275,2.275,0,True,,0.8692660550458715,41.0,905.0,0.0,3.1,0.0,0,0.9989811512990321
WA,530351000517,3073,Tieton Elementary School,5.65,3.3750000000000004,2.275,0,True,,0.8644688644688645,47.0,270.0,0.0,4.35,0.0,0,0.9989811512990321
WA,530972001654,3074,West Valley High School,6.0,3.725,2.275,0,False,,0.4045226130653266,53.0,1590.0,1.0,6.3,0.0,0,0.9989811512990321
WA,530957001625,3075,Washtucna Elementary/High School,4.6,2.3249999999999997,2.275,0,True,,0.8529411764705882,39.5,61.0,1.0,5.3,0.0,0,0.9989811512990321
WA,530393000602,3077,Hawthorne Elementary School,5.6,3.3249999999999997,2.275,0,True,,,49.5,436.0,0.0,4.0,0.0,0,0.9989811512990321
WA,530291000468,3078,Finley Elementary,2.4,0.125,2.275,0,True,,0.8214285714285714,24.5,404.0,0.0,1.6,0.0,0,0.9989811512990321
WA,530682000999,3079,Hamilton Elementary,8.1,5.824999999999999,2.275,0,True,,0.5529953917050692,73.5,405.0,0.0,6.2,0.0,0,0.9989811512990321
WA,530927001556,3080,Benjamin Franklin Elementary,7.45,5.175000000000001,2.275,0,False,,0.1959798994974874,62.0,379.0,0.0,7.25,0.0,0,0.9989811512990321
WA,530927001569,3081,Hudson's Bay High School,5.3,3.025,2.275,0,False,,0.6545454545454545,35.5,1244.0,1.0,4.55,0.0,0,0.9989811512990321
WA,530000300589,3082,Butler Acres Elementary,6.95,4.675000000000001,2.275,0,False,,0.5070422535211268,54.5,404.0,0.0,6.65,0.0,0,0.9989811512990321
WA,530231000321,3083,Lee Elementary,7.45,5.175000000000001,2.275,0,True,,0.7377049180327869,59.5,455.0,0.0,7.7,0.0,0,0.9989811512990321
WA,530657000966,3085,Mark Twain Elementary,5.3,3.025,2.275,0,True,,0.7446300715990454,35.5,682.0,0.0,3.7,0.0,0,0.9989811512990321
WA,530573000849,3086,Mesa Elem,5.25,2.975,2.275,0,True,,0.6632653061224489,39.5,196.0,0.0,4.5,0.0,0,0.9989811512990321
WA,530678000993,3087,Pomeroy Elementary School,7.3,5.025,2.275,0,True,,0.5666666666666667,59.5,214.0,0.0,7.45,0.0,0,0.9989811512990321
WA,530708001055,3088,Quincy High School,5.2,2.9250000000000003,2.275,0,True,,0.7197802197802198,37.0,800.0,1.0,5.8,0.0,0,0.9989811512990321
WA,530807001335,3089,Soap Lake Middle & High School,1.8,-0.47499999999999987,2.275,1,True,,0.7797619047619048,27.0,284.0,1.0,2.28,47433.0,1,0.9989811512990321
WA,530522000787,3091,Garden Heights Elementary,2.5,0.2250000000000001,2.275,0,True,,0.5714285714285714,48.0,501.0,0.0,3.8,30696.0,1,0.9989811512990321
WA,530261000388,3092,Grant Elementary,3.05,0.7749999999999999,2.275,0,True,,0.538860103626943,57.0,481.0,0.0,2.35,0.0,0,0.9989811512990321
WA,530684001005,3094,Salish Coast Elementary,5.43,3.155,2.275,0,True,,0.5622641509433962,54.0,517.0,0.0,5.45,0.0,0,0.9989811512990321
WA,530771001136,3095,Mercer International Middle School,8.15,5.875,2.275,0,True,,0.62677304964539,66.0,1115.0,0.0,6.9,0.0,0,0.9989811512990321
WA,530771001149,3096,Chief Sealth International High School,5.35,3.0749999999999997,2.275,0,False,,0.5643153526970954,54.5,1088.0,1.0,5.1,0.0,0,0.9989811512990321
WA,530354000535,3097,Marvista Elementary,5.65,3.3750000000000004,2.275,0,True,,0.3693693693693693,55.5,588.0,0.0,6.15,0.0,0,0.9989811512990321
WA,530354000524,3098,Chinook Middle School,3.8,1.525,2.275,0,True,,0.7993197278911565,42.0,727.0,0.0,2.35,31106.0,1,0.9989811512990321
WA,530354000526,3099,Evergreen High School,4.35,2.0749999999999997,2.275,0,True,,0.8592233009708737,47.5,1040.0,1.0,4.1,0.0,0,0.9989811512990321
WA,530039000089,3100,Stevenson Elementary,5.0,2.725,2.275,0,True,,0.6697247706422018,38.0,697.0,0.0,4.6,0.0,0,0.9989811512990321
WA,530456000715,3101,Cherry Valley Elementary School,6.0,3.725,2.275,0,False,,0.104089219330855,69.0,496.0,0.0,5.15,0.0,0,0.9989811512990321
WA,530792001302,3104,Echo Lake Elementary School,6.7,4.425000000000001,2.275,0,True,,0.3786764705882353,61.0,426.0,0.0,6.1,0.0,0,0.9989811512990321
WA,530591000881,3105,Crystal Springs Elementary,8.05,5.775,2.275,0,True,,0.3297491039426523,60.5,591.0,0.0,8.25,0.0,0,0.9989811512990321
WA,530591000876,3106,Bothell High School,9.0,6.725,2.275,0,False,,0.1719197707736389,74.5,1607.0,1.0,8.5,0.0,0,0.9989811512990321
WA,530591000875,3107,Arrowhead Elementary,5.4,3.1250000000000004,2.275,0,False,,0.1390134529147982,74.5,406.0,0.0,5.75,0.0,0,0.9989811512990321
WA,530066000137,3108,Crownhill Elementary School,7.45,5.175000000000001,2.275,0,True,,0.6211180124223602,54.5,372.0,0.0,5.75,25648.0,1,0.9989811512990321
WA,530066000139,3109,Bremerton High School,3.15,0.875,2.275,0,True,,0.5572519083969466,44.5,1210.0,1.0,3.0,0.0,0,0.9989811512990321
WA,530816001356,3110,South Colby Elementary,8.43,6.154999999999999,2.275,0,False,,0.2777777777777778,77.0,330.0,0.0,4.93,0.0,0,0.9989811512990321
WA,530459000718,3111,Lyle High School,3.72,1.4450000000000003,2.275,0,True,,0.6666666666666666,49.75,78.0,1.0,3.1,49154.0,1,0.9989811512990321
WA,530519000784,3112,Morton Junior-Senior High,5.45,3.1750000000000003,2.275,0,False,,0.5662650602409639,42.0,171.0,1.0,5.08,0.0,0,0.9989811512990321
WA,530336000512,3113,Harrington High School,2.55,0.2749999999999999,2.275,0,True,,0.4827586206896552,39.75,47.0,1.0,3.6,0.0,0,0.9989811512990321
WA,530870001508,3116,Wainwright Intermediate School,3.65,1.375,2.275,0,False,,0.5264227642276422,45.5,502.0,0.0,3.85,0.0,0,0.9989811512990321
WA,530141000258,3117,Idlewild Elementary School,5.58,3.305,2.275,0,False,,0.4430379746835443,58.0,496.0,0.0,2.9,0.0,0,0.9989811512990321
WA,530852001436,3119,Stevenson High School,4.6,2.3249999999999997,2.275,0,True,,0.5238095238095238,52.0,262.0,1.0,5.1,0.0,0,0.9989811512990321
WA,530543000820,3120,Olympic View Middle School,7.35,5.074999999999999,2.275,0,False,,0.4787234042553192,56.5,963.0,0.0,7.4,0.0,0,0.9989811512990321
WA,530543000819,3121,Olivia Park Elementary,5.55,3.275,2.275,0,True,,0.7578616352201258,36.0,614.0,0.0,6.05,0.0,0,0.9989811512990321
WA,530240000343,3122,Lynndale Elementary,7.05,4.775,2.275,0,True,,0.4738955823293173,56.5,461.0,0.0,6.15,31009.0,1,0.9989811512990321
WA,530240002673,3123,Edmonds Woodway High School,5.65,3.3750000000000004,2.275,0,False,,0.3409090909090909,69.5,1562.0,1.0,5.45,0.0,0,0.9989811512990321
WA,530024000024,3124,Post Middle School,4.7,2.4250000000000003,2.275,0,False,,0.378716744913928,54.5,668.0,0.0,3.5,0.0,0,0.9989811512990321
WA,530834001425,3125,Stanwood Elementary School,8.43,6.154999999999999,2.275,0,True,,0.4333333333333333,67.0,518.0,0.0,8.45,0.0,0,0.9989811512990321
WA,530111000197,3127,McDonald Elementary School,7.07,4.795,2.275,0,True,,0.5753424657534246,64.5,297.0,0.0,4.55,0.0,0,0.9989811512990321
WA,530228000316,3128,Trentwood School,6.2,3.9250000000000003,2.275,0,True,,0.6428571428571429,43.5,454.0,0.0,7.75,0.0,0,0.9989811512990321
WA,530969001644,3129,Orchard Center Elementary,4.75,2.475,2.275,0,True,,0.6258503401360545,37.0,248.0,0.0,5.4,0.0,0,0.9989811512990321
WA,530585000867,3130,Mountain View Elementary,5.15,2.8750000000000004,2.275,0,True,,0.6183745583038869,57.0,723.0,0.0,3.95,0.0,0,0.9989811512990321
WA,530618000937,3132,Olympia High School,8.7,6.424999999999999,2.275,0,False,,0.1705607476635514,83.5,1879.0,1.0,8.5,0.0,0,0.9989811512990321
WA,530618000925,3133,Jefferson Middle School,9.55,7.275,2.275,0,True,,0.455981941309255,77.5,473.0,0.0,9.5,0.0,0,0.9989811512990321
WA,530042000106,3134,Happy Valley Elementary School,5.05,2.775,2.275,0,False,,0.3165137614678899,57.0,454.0,0.0,4.65,0.0,0,0.9989811512990321
WA,530057000132,3136,Blaine High School,7.55,5.275,2.275,0,False,,0.5289855072463768,57.0,650.0,1.0,7.0,0.0,0,0.9989811512990321
WA,530429000687,3137,Lamont Middle School,2.55,0.2749999999999999,2.275,0,False,,0.7352941176470589,34.5,40.0,0.0,1.0,0.0,0,0.9989811512990321
WA,531011001686,3138,Barge-Lincoln Elementary School,5.55,3.275,2.275,0,True,,0.9574468085106383,35.0,576.0,0.0,5.5,0.0,0,0.9989811512990321
WA,530948001617,3141,Wapato High School,4.75,2.475,2.275,0,True,,0.8904761904761904,33.5,863.0,1.0,4.75,0.0,0,0.9989811512990321
WA,530393000610,3144,Washington Elementary School,3.1,0.8250000000000002,2.275,0,True,,,44.5,389.0,0.0,2.15,0.0,0,0.9989811512990321
WA,530084000165,3145,Neah Bay Junior/ Senior High School,3.87,1.5950000000000002,2.275,0,True,,0.7889908256880734,39.5,187.0,1.0,3.45,0.0,0,0.9989811512990321
WA,530927001577,3146,Mcloughlin Middle School,1.75,-0.5249999999999999,2.275,1,True,,0.805668016194332,27.5,1054.0,0.0,1.25,47415.0,1,0.9989811512990321
WA,530954001624,3147,Washougal High School,5.9,3.6250000000000004,2.275,0,False,,0.364,56.5,1084.0,1.0,5.8,0.0,0,0.9989811512990321
WA,530270000417,3148,Ellsworth Elementary School,5.5,3.225,2.275,0,True,,0.6287128712871287,47.0,384.0,0.0,4.15,0.0,0,0.9989811512990321
WA,530270000425,3149,Sifton Elementary School,3.3,1.025,2.275,0,True,,0.6730769230769231,44.5,408.0,0.0,3.5,35289.0,1,0.9989811512990321
WA,530447000703,3151,Mark Morris High School,6.25,3.975,2.275,0,False,,0.4449541284403669,50.0,941.0,1.0,5.65,0.0,0,0.9989811512990321
WA,530936001595,3152,Mattawa Elementary,3.0,0.7250000000000001,2.275,0,True,,0.9049773755656108,23.0,410.0,0.0,3.25,0.0,0,0.9989811512990321
WA,530522000791,3153,Longview Elementary,3.25,0.9750000000000001,2.275,0,True,,0.7342342342342343,47.0,477.0,0.0,3.2,0.0,0,0.9989811512990321
WA,530570000845,3155,Pacific Beach Elementary School,3.05,0.7749999999999999,2.275,0,True,,0.9054054054054054,27.0,141.0,0.0,4.5,48865.0,1,0.9989811512990321
WA,530771001240,3157,Roxhill Elementary School,3.75,1.475,2.275,0,True,,0.8090909090909091,34.5,300.0,0.0,4.4,34922.0,1,0.9989811512990321
WA,530282000443,3159,Mirror Lake Elementary School,2.4,0.125,2.275,0,True,,0.9209302325581395,47.0,474.0,0.0,1.8,31069.0,1,0.9989811512990321
WA,530282000449,3160,Star Lake Elementary School,7.45,5.175000000000001,2.275,0,True,,0.6778846153846154,43.5,371.0,0.0,6.0,0.0,0,0.9989811512990321
WA,530498000758,3162,Island Park Elementary,8.85,6.574999999999999,2.275,0,False,,0.0049261083743842,85.0,410.0,0.0,9.68,0.0,0,0.9989811512990321
WA,530354000522,3163,Cascade Middle School,2.75,0.4750000000000001,2.275,0,True,,0.7992277992277992,35.0,787.0,0.0,2.05,48469.0,1,0.9989811512990321
WA,530354000532,3165,Hilltop Elementary,2.05,-0.2250000000000001,2.275,1,True,,0.8283132530120482,31.5,504.0,0.0,2.0,34983.0,1,0.9989811512990321
WA,530039000068,3166,Highland Middle School,3.45,1.1750000000000003,2.275,0,True,,0.5083932853717026,47.5,495.0,0.0,3.35,0.0,0,0.9989811512990321
WA,530039000096,3167,Woodridge Elementary,8.2,5.924999999999999,2.275,0,False,,0.1900826446280991,73.0,482.0,0.0,9.15,0.0,0,0.9989811512990321
WA,530039000082,3168,Phantom Lake Elementary,9.0,6.725,2.275,0,False,,0.2133333333333333,72.0,453.0,0.0,8.75,0.0,0,0.9989811512990321
WA,530030000038,3169,Olympic Middle School,2.2,-0.07499999999999973,2.275,1,True,,0.7453051643192489,36.5,969.0,0.0,1.95,53140.0,1,0.9989811512990321
WA,530066000143,3171,Naval Avenue Elementary School,2.55,0.2749999999999999,2.275,0,True,,0.65625,59.5,341.0,0.0,2.05,0.0,0,0.9989811512990321
WA,530114000209,3172,Jefferson Lincoln Elementary,1.9,-0.375,2.275,1,True,,0.9318181818181818,49.5,452.0,0.0,1.85,0.0,0,0.9989811512990321
WA,530201000303,3173,Davenport Senior High School,8.8,6.525,2.275,0,True,,0.5688622754491018,69.5,319.0,1.0,7.95,0.0,0,0.9989811512990321
WA,530579000860,3174,Hawkins Middle School,4.1,1.8249999999999997,2.275,0,True,,0.7377049180327869,39.5,516.0,0.0,4.15,0.0,0,0.9989811512990321
WA,530579000859,3175,North Mason Senior High School,3.95,1.6750000000000003,2.275,0,False,,0.6011560693641619,37.0,775.0,1.0,4.1,0.0,0,0.9989811512990321
WA,530894001529,3176,Tonasket Elementary School,2.95,0.6750000000000003,2.275,0,True,,0.7258687258687259,44.0,504.0,0.0,2.35,0.0,0,0.9989811512990321
WA,530918001548,3179,Curtis Junior High,4.7,2.4250000000000003,2.275,0,False,,0.3846153846153846,71.5,906.0,0.0,3.85,0.0,0,0.9989811512990321
WA,530294000470,3180,Brookdale Elementary,4.2,1.9250000000000003,2.275,0,False,,0.7692307692307693,47.5,503.0,0.0,2.7,0.0,0,0.9989811512990321
WA,530774001273,3181,Cascade Middle School,2.9,0.625,2.275,0,False,,0.5036603221083455,48.0,702.0,0.0,2.5,0.0,0,0.9989811512990321
WA,530015000017,3182,Fidalgo Elementary,9.15,6.875,2.275,0,True,,0.3480392156862745,75.5,363.0,0.0,7.65,0.0,0,0.9989811512990321
WA,530540000809,3183,Jefferson Elementary,6.3,4.025,2.275,0,True,,0.6254416961130742,55.5,493.0,0.0,3.7,0.0,0,0.9989811512990321
WA,530267000394,3184,Emerson Elementary School,3.75,1.475,2.275,0,True,,0.7133550488599348,50.0,615.0,0.0,5.85,0.0,0,0.9989811512990321
WA,530240000363,3186,Westgate Elementary,7.55,5.275,2.275,0,False,,0.3936170212765957,66.5,546.0,0.0,7.2,0.0,0,0.9989811512990321
WA,530486000739,3187,Shoultes Elementary,4.25,1.975,2.275,0,False,,0.5748987854251012,50.5,427.0,0.0,4.3,0.0,0,0.9989811512990321
WA,530825001407,3189,Shadle Park High School,6.05,3.775,2.275,0,False,,0.5377049180327869,53.5,1159.0,1.0,5.05,0.0,0,0.9989811512990321
WA,530825001392,3190,Linwood Elementary,4.7,2.4250000000000003,2.275,0,True,,0.7415730337078652,37.0,526.0,0.0,3.75,31221.0,1,0.9989811512990321
WA,530492000747,3191,Mountainside Middle School,5.05,2.775,2.275,0,False,,0.3469119579500657,66.0,817.0,0.0,5.65,0.0,0,0.9989811512990321
WA,530297000485,3192,Freeman High School,8.87,6.594999999999999,2.275,0,False,,0.2441860465116279,57.0,317.0,1.0,8.33,0.0,0,0.9989811512990321
WA,530969001646,3194,Pasadena Park Elementary,6.8,4.525,2.275,0,False,,0.4123222748815165,60.5,352.0,0.0,6.95,0.0,0,0.9989811512990321
WA,530969001648,3195,West Valley High School,7.67,5.395,2.275,0,True,,,,928.0,1.0,7.45,0.0,0,0.9989811512990321
WA,530969001641,3196,Ness Elementary,8.45,6.174999999999999,2.275,0,True,,0.6966292134831461,49.5,269.0,0.0,8.3,0.0,0,0.9989811512990321
WA,530273000429,3197,Evergreen School,4.05,1.775,2.275,0,True,,0.7894736842105263,49.5,36.0,0.0,6.73,0.0,0,0.9989811512990321
WA,530399001904,3198,Kettle Falls Middle School,6.55,4.275,2.275,0,True,,0.6746987951807228,50.5,251.0,0.0,6.13,0.0,0,0.9989811512990321
WA,530910001543,3199,Peter G Schmidt Elementary,4.48,2.2050000000000005,2.275,0,True,,0.4218181818181818,57.5,649.0,0.0,3.68,0.0,0,0.9989811512990321
WA,530042000098,3200,Alderwood Elementary School,3.85,1.5750000000000002,2.275,0,True,,0.6507936507936508,29.5,276.0,0.0,4.1,0.0,0,0.9989811512990321
WA,530042000114,3201,Shuksan Middle School,2.9,0.625,2.275,0,False,,0.5857359635811836,39.0,686.0,0.0,4.45,0.0,0,0.9989811512990321
WA,530042000110,3202,Parkview Elementary School,7.15,4.875,2.275,0,False,,0.3952095808383233,54.5,343.0,0.0,8.05,0.0,0,0.9989811512990321
WA,530693001018,3203,Jefferson Elementary,7.1,4.824999999999999,2.275,0,True,,0.3819742489270386,60.5,283.0,0.0,5.75,0.0,0,0.9989811512990321
WA,530756002422,3204,Rosalia Elementary & Secondary School,6.47,4.195,2.275,0,True,,0.6979166666666666,59.5,219.0,1.0,6.35,0.0,0,0.9989811512990321
WA,530597000907,3205,Oakesdale Elementary School,4.1,1.8249999999999997,2.275,0,True,,0.36,79.75,73.0,0.0,4.08,0.0,0,0.9989811512990321
WA,531011001690,3206,Eisenhower High School,4.2,1.9250000000000003,2.275,0,True,,0.7522727272727273,36.0,1998.0,1.0,4.05,0.0,0,0.9989811512990321
WA,530972001652,3207,Summitview Elementary,6.15,3.8750000000000004,2.275,0,False,,0.5338345864661654,59.5,311.0,0.0,4.2,0.0,0,0.9989811512990321
WA,530966001637,3208,Sunnyslope Elementary School,9.38,7.105,2.275,0,False,,0.2903225806451613,74.5,322.0,0.0,8.4,0.0,0,0.9989811512990321
WA,530966001632,3209,Abraham Lincoln Elementary,2.15,-0.125,2.275,1,True,,0.8038461538461539,30.5,528.0,0.0,2.65,0.0,0,0.9989811512990321
WA,530966001635,3210,Pioneer Middle School,5.2,2.9250000000000003,2.275,0,True,,0.6490066225165563,44.5,627.0,0.0,3.5,0.0,0,0.9989811512990321
WA,530447000700,3211,Columbia Heights Elementary,6.8,4.525,2.275,0,True,,0.5057471264367817,49.5,349.0,0.0,4.98,30558.0,1,0.9989811512990321
WA,530231000320,3212,Kenroy Elementary,5.7,3.4250000000000003,2.275,0,True,,0.6839378238341969,57.0,476.0,0.0,5.15,0.0,0,0.9989811512990321
WA,530378000583,3214,Kahlotus Elem & High,2.95,0.6750000000000003,2.275,0,True,,0.6875,39.75,47.0,1.0,3.2,0.0,0,0.9989811512990321
WA,530522000792,3215,Moses Lake High School,4.5,2.225,2.275,0,False,,0.6217616580310881,41.5,2385.0,1.0,4.1,0.0,0,0.9989811512990321
WA,530003000005,3216,Central Park Elementary,6.33,4.055,2.275,0,True,,0.6371681415929203,52.0,164.0,0.0,5.13,0.0,0,0.9989811512990321
WA,530249000371,3217,Elma Elementary School,6.9,4.625,2.275,0,True,,0.8106508875739645,52.0,695.0,0.0,6.85,0.0,0,0.9989811512990321
WA,530771001223,3218,North Beach Elementary School,8.03,5.754999999999999,2.275,0,False,,0.0526315789473684,79.5,402.0,0.0,6.2,0.0,0,0.9989811512990321
WA,530498000764,3219,Islander Middle School,8.85,6.574999999999999,2.275,0,False,,0.0450928381962864,82.5,1139.0,0.0,8.5,0.0,0,0.9989811512990321
WA,530039000090,3224,Puesta del Sol Elementary School,7.85,5.574999999999999,2.275,0,False,,0.0796812749003984,75.0,570.0,0.0,8.15,0.0,0,0.9989811512990321
WA,530039000075,3225,Lake Hills Elementary,3.85,1.5750000000000002,2.275,0,True,,0.6515837104072398,35.0,544.0,0.0,5.2,0.0,0,0.9989811512990321
WA,530813002032,3226,Cascade View Elementary,2.7,0.42500000000000027,2.275,0,True,,0.8923076923076924,29.5,462.0,0.0,1.8,0.0,0,0.9989811512990321
WA,530030000039,3227,Pioneer Elementary School,4.6,2.3249999999999997,2.275,0,True,,0.8744769874476988,51.0,544.0,0.0,2.85,0.0,0,0.9989811512990321
WA,530375002307,3228,Sunset Elementary,9.75,7.475,2.275,0,True,,0.1032028469750889,75.0,650.0,0.0,9.2,0.0,0,0.9989811512990321
WA,530792001300,3230,Brookside Elementary,8.8,6.525,2.275,0,False,,0.1843003412969283,77.5,473.0,0.0,9.3,0.0,0,0.9989811512990321
WA,530792001304,3231,Highland Terrace Elementary,7.08,4.805,2.275,0,False,,0.1649484536082474,71.5,466.0,0.0,7.7,0.0,0,0.9989811512990321
WA,530423000680,3232,Redmond Middle School,8.8,6.525,2.275,0,False,,0.1551059730250481,80.0,1007.0,0.0,8.3,0.0,0,0.9989811512990321
WA,530396000626,3233,Meridian Middle School,3.15,0.875,2.275,0,False,,0.6388384754990926,47.0,588.0,0.0,3.95,0.0,0,0.9989811512990321
WA,530591000880,3234,Cottage Lake Elementary,7.3,5.025,2.275,0,False,,0.0935251798561151,74.5,317.0,0.0,7.25,0.0,0,0.9989811512990321
WA,530576000852,3236,North Kitsap High School,7.45,5.175000000000001,2.275,0,False,,0.2355212355212355,66.0,1123.0,1.0,7.05,0.0,0,0.9989811512990321
WA,530108000178,3237,Central Kitsap Middle School,5.3,3.025,2.275,0,False,,0.3432032301480484,64.5,820.0,0.0,3.9,0.0,0,0.9989811512990321
WA,530525000796,3238,Mossyrock Jr./Sr. High School,5.77,3.4949999999999997,2.275,0,True,,0.6551724137931034,59.5,229.0,1.0,3.93,0.0,0,0.9989811512990321
WA,530624000941,3239,Onalaska Elementary School,7.07,4.795,2.275,0,True,,0.6173469387755102,57.0,409.0,0.0,4.63,0.0,0,0.9989811512990321
WA,530114000205,3240,Centralia Middle School,3.95,1.6750000000000003,2.275,0,True,,0.7777777777777778,42.5,530.0,0.0,3.5,0.0,0,0.9989811512990321
WA,530790001295,3241,Shelton High School,4.85,2.5749999999999997,2.275,0,False,,0.6350574712643678,40.5,1492.0,1.0,4.65,0.0,0,0.9989811512990321
WA,530870001487,3244,Meeker Middle School,4.2,1.9250000000000003,2.275,0,False,,0.3582089552238806,52.5,697.0,0.0,3.8,0.0,0,0.9989811512990321
WA,530870001513,3246,Dr. Dolores Silas High School,7.25,4.975,2.275,0,False,,0.4225806451612903,46.0,1273.0,1.0,7.5,0.0,0,0.9989811512990321
WA,530861001446,3247,Sumner High School,7.55,5.275,2.275,0,False,,0.2511415525114155,70.5,1709.0,1.0,7.45,0.0,0,0.9989811512990321
WA,530141000257,3248,Hudtloff Middle School,4.6,2.3249999999999997,2.275,0,True,,0.7378640776699029,45.0,766.0,0.0,2.0,0.0,0,0.9989811512990321
WA,530141000270,3249,Tyee Park Elementary School,2.9,0.625,2.275,0,True,,0.9547738693467336,27.0,410.0,0.0,2.55,47705.0,1,0.9989811512990321
WA,530048000120,3250,Bethel Middle School,3.9,1.625,2.275,0,False,,0.6049046321525886,43.5,780.0,0.0,3.85,0.0,0,0.9989811512990321
WA,530078000157,3251,Lucille Umbarger Elementary,2.4,0.125,2.275,0,True,,0.6807692307692308,26.0,630.0,0.0,2.6,53104.0,1,0.9989811512990321
WA,530015000018,3252,Island View Elementary,7.43,5.154999999999999,2.275,0,False,,0.308457711442786,71.5,430.0,0.0,6.85,0.0,0,0.9989811512990321
WA,530267000397,3253,Evergreen Middle School,6.05,3.775,2.275,0,False,,0.6370967741935484,52.5,1097.0,0.0,4.6,0.0,0,0.9989811512990321
WA,530240000354,3254,Mountlake Terrace Elementary,6.0,3.725,2.275,0,True,,0.5708502024291497,50.0,484.0,0.0,4.6,31009.0,1,0.9989811512990321
WA,530426000685,3255,Lakewood Elementary School,2.1,-0.17499999999999982,2.275,1,True,,0.5056818181818182,32.0,452.0,0.0,1.6,0.0,0,0.9989811512990321
WA,530825001408,3257,Shaw Middle School,1.35,-0.9249999999999998,2.275,1,True,,0.8641509433962264,28.0,593.0,0.0,1.25,48647.0,1,0.9989811512990321
WA,530825001377,3258,Glover Middle School,2.45,0.17500000000000027,2.275,0,True,,0.7916666666666666,38.0,582.0,0.0,2.05,0.0,0,0.9989811512990321
WA,530111000187,3259,Adams Elementary,4.15,1.8750000000000004,2.275,0,True,,0.5,51.0,391.0,0.0,5.15,0.0,0,0.9989811512990321
WA,530111000189,3260,Bowdish Middle School,2.9,0.625,2.275,0,False,,0.5301455301455301,47.0,468.0,0.0,2.5,0.0,0,0.9989811512990321
WA,530207000308,3261,Deer Park Middle School,7.08,4.805,2.275,0,False,,0.5452586206896551,62.5,512.0,0.0,7.65,0.0,0,0.9989811512990321
WA,530585000866,3262,Lydia Hawk Elementary,3.25,0.9750000000000001,2.275,0,True,,0.8007662835249042,43.0,533.0,0.0,3.75,0.0,0,0.9989811512990321
WA,531011001703,3264,Robertson Elementary,3.85,1.5750000000000002,2.275,0,True,,0.8508064516129032,53.0,510.0,0.0,2.4,0.0,0,0.9989811512990321
WA,530132000236,3266,Highland Elementary,3.98,1.705,2.275,0,True,,0.7730061349693251,32.0,276.0,0.0,3.15,0.0,0,0.9989811512990321
WA,530393000603,3267,Highlands Middle School,3.05,0.7749999999999999,2.275,0,True,,,33.5,839.0,0.0,2.7,30810.0,1,0.9989811512990321
WA,530096000168,3268,CASHMERE HIGH SCHOOL,8.2,5.924999999999999,2.275,0,False,,0.4360902255639097,59.5,484.0,1.0,8.2,0.0,0,0.9989811512990321
WA,530954001621,3270,Cape Horn Skye Elementary,6.33,4.055,2.275,0,True,,0.2872340425531915,64.5,354.0,0.0,5.58,0.0,0,0.9989811512990321
WA,530573000848,3272,Connell High School,7.7,5.425000000000001,2.275,0,False,,0.6394557823129252,47.0,648.0,1.0,7.2,0.0,0,0.9989811512990321
WA,530951001619,3273,Warden High School,4.85,2.5749999999999997,2.275,0,False,,0.8545454545454545,44.5,255.0,1.0,4.8,0.0,0,0.9989811512990321
WA,530594000904,3274,Oak Harbor Intermediate School,4.85,2.5749999999999997,2.275,0,False,,0.4239007891770011,53.5,866.0,0.0,4.45,0.0,0,0.9989811512990321
WA,530129000233,3275,Chimacum Junior/Senior High School,5.42,3.145,2.275,0,False,,0.5689655172413793,59.5,324.0,1.0,4.93,0.0,0,0.9989811512990321
WA,530771001187,3276,Ingraham High School,6.95,4.675000000000001,2.275,0,False,,0.2198142414860681,77.5,1488.0,1.0,6.6,0.0,0,0.9989811512990321
WA,530771001264,3277,Whitman Middle School,9.7,7.424999999999999,2.275,0,False,,0.1690647482014388,78.0,636.0,0.0,8.2,0.0,0,0.9989811512990321
WA,530354000533,3278,Madrona Elementary,1.5,-0.7749999999999999,2.275,1,True,,0.8691860465116279,23.0,450.0,0.0,2.0,48468.0,1,0.9989811512990321
WA,530354000538,3279,Mount Rainier High School,6.9,4.625,2.275,0,True,,0.5640326975476839,52.0,1728.0,1.0,6.15,0.0,0,0.9989811512990321
WA,530723002564,3280,Dimmitt Middle School,2.7,0.42500000000000027,2.275,0,True,,0.759493670886076,38.5,636.0,0.0,2.75,35027.0,1,0.9989811512990321
WA,530039000085,3282,Sammamish Senior High,7.2,4.925000000000001,2.275,0,False,,0.3659420289855072,62.0,1272.0,1.0,6.9,0.0,0,0.9989811512990321
WA,530039000094,3283,Tyee Middle School,8.9,6.625,2.275,0,False,,0.10184287099903,83.0,1049.0,0.0,9.65,0.0,0,0.9989811512990321
WA,530876001516,3286,Lake Wilderness Elementary,7.65,5.375,2.275,0,True,,0.1351981351981352,70.5,1039.0,0.0,6.4,0.0,0,0.9989811512990321
WA,530591000895,3287,Westhill Elementary,6.55,4.275,2.275,0,False,,0.1804878048780487,72.0,471.0,0.0,7.2,0.0,0,0.9989811512990321
WA,530549000826,3288,Napavine Elementary,4.68,2.405,2.275,0,True,,0.5092936802973977,57.5,448.0,0.0,4.45,0.0,0,0.9989811512990321
WA,530984001668,3289,Wilbur Secondary School,5.2,2.9250000000000003,2.275,0,False,,0.532258064516129,54.5,133.0,1.0,4.68,0.0,0,0.9989811512990321
WA,530984001667,3290,Wilbur Elementary School,3.93,1.6550000000000002,2.275,0,True,,0.5517241379310345,54.5,99.0,0.0,3.75,0.0,0,0.9989811512990321
WA,530790001292,3291,Bordeaux Elementary School,4.45,2.1750000000000003,2.275,0,True,,0.6433566433566433,51.0,503.0,0.0,4.4,36089.0,1,0.9989811512990321
WA,530790001294,3292,Mountain View Elementary,3.6,1.3250000000000002,2.275,0,True,,0.6615853658536586,41.0,714.0,0.0,4.0,35788.0,1,0.9989811512990321
WA,530069000148,3293,Brewster Elementary School,3.85,1.5750000000000002,2.275,0,True,,0.9714285714285714,37.0,489.0,0.0,2.65,0.0,0,0.9989811512990321
WA,530552000831,3295,Naselle-Grays River Valley Jr Sr High Schools,7.1,4.824999999999999,2.275,0,False,,0.5108695652173914,57.0,183.0,1.0,6.7,0.0,0,0.9989811512990321
WA,530918001550,3296,Narrows View Intermediate,9.55,7.275,2.275,0,False,,0.4281437125748503,78.5,681.0,0.0,9.45,0.0,0,0.9989811512990321
WA,530141000256,3298,Hillside Elementary School,5.95,3.6750000000000003,2.275,0,True,,0.7553191489361702,52.0,523.0,0.0,4.4,0.0,0,0.9989811512990321
WA,530669000980,3299,Artondale Elementary School,5.85,3.5749999999999997,2.275,0,False,,0.1415525114155251,76.0,579.0,0.0,6.7,0.0,0,0.9989811512990321
WA,530294000479,3300,Morris Ford Middle School,3.4,1.125,2.275,0,True,,0.7758964143426295,41.5,1040.0,0.0,2.9,34879.0,1,0.9989811512990321
WA,530294000472,3301,Christensen Elementary,4.35,2.0749999999999997,2.275,0,False,,0.9032258064516128,34.0,447.0,0.0,3.55,0.0,0,0.9989811512990321
WA,530240000330,3302,Beverly Elementary,4.05,1.775,2.275,0,True,,0.4695945945945945,46.5,529.0,0.0,3.8,31009.0,1,0.9989811512990321
WA,530240000356,3303,Mountlake Terrace High School,7.2,4.925000000000001,2.275,0,False,,0.3235294117647059,66.0,1366.0,1.0,6.15,0.0,0,0.9989811512990321
WA,530240000334,3304,Cedar Way Elementary,5.8,3.525,2.275,0,True,,0.5477707006369427,49.0,589.0,0.0,4.15,0.0,0,0.9989811512990321
WA,530802001322,3305,Cathcart Elementary,8.2,5.924999999999999,2.275,0,False,,0.2572614107883817,64.5,423.0,0.0,8.1,0.0,0,0.9989811512990321
WA,530111000201,3307,South Pines Elementary,7.5,5.225,2.275,0,True,,0.5347222222222222,62.0,316.0,0.0,6.5,0.0,0,0.9989811512990321
WA,530123000228,3309,Windsor Elementary,5.3,3.025,2.275,0,True,,0.436,72.0,603.0,0.0,5.45,0.0,0,0.9989811512990321
WA,530163000282,3310,Colville Senior High School,6.82,4.545,2.275,0,False,,0.3865546218487395,57.0,514.0,1.0,6.28,0.0,0,0.9989811512990321
WA,530483000730,3311,Mary Walker High School,4.45,2.1750000000000003,2.275,0,True,,0.7878787878787878,49.5,150.0,1.0,4.58,0.0,0,0.9989811512990321
WA,531011001709,3312,Whitney Elementary,6.65,4.375,2.275,0,True,,0.6985294117647058,58.5,477.0,0.0,4.75,31456.0,1,0.9989811512990321
WA,530867001451,3313,Harrison Middle School,5.7,3.4250000000000003,2.275,0,True,,0.8406417112299466,48.0,938.0,0.0,3.7,0.0,0,0.9989811512990321
WA,530318000502,3314,Granger High School,3.8,1.525,2.275,0,True,,0.8350515463917526,34.5,451.0,1.0,3.6,0.0,0,0.9989811512990321
WA,530393000600,3315,Edison Elementary School,1.35,-0.9249999999999998,2.275,1,True,,,24.5,397.0,0.0,1.65,52808.0,1,0.9989811512990321
WA,530690001011,3316,Prosser Heights Elementary,2.95,0.6750000000000003,2.275,0,True,,0.7211328976034859,42.5,460.0,0.0,3.95,0.0,0,0.9989811512990321
WA,530255000374,3317,Entiat Middle and High School,6.0,3.725,2.275,0,False,,0.7252747252747253,52.0,151.0,1.0,5.05,0.0,0,0.9989811512990321
WA,530682001004,3318,Stevens Middle School,5.88,3.605,2.275,0,False,,0.5620437956204379,57.0,572.0,0.0,4.43,0.0,0,0.9989811512990321
WA,530357000559,3319,Hockinson Middle School,9.0,6.725,2.275,0,False,,0.2094017094017094,69.0,482.0,0.0,8.35,0.0,0,0.9989811512990321
WA,530270000415,3320,Covington Middle School,1.8,-0.47499999999999987,2.275,1,False,,0.6750972762645915,31.5,1102.0,0.0,1.85,0.0,0,0.9989811512990321
WA,530735001106,3321,South Ridge Elementary,8.8,6.525,2.275,0,True,,0.2469879518072289,74.5,572.0,0.0,7.4,0.0,0,0.9989811512990321
WA,530000300591,3322,Coweeman Middle School,2.9,0.625,2.275,0,False,,0.6097560975609756,39.5,569.0,0.0,3.95,0.0,0,0.9989811512990321
WA,530000300587,3323,Barnes Elementary,4.1,1.8249999999999997,2.275,0,True,,0.8378378378378378,47.0,374.0,0.0,5.15,30701.0,1,0.9989811512990321
WA,530657000973,3324,Stevens Middle School,4.45,2.1750000000000003,2.275,0,True,,0.9218106995884774,25.0,753.0,0.0,4.15,0.0,0,0.9989811512990321
WA,530573000846,3325,Basin City Elem,6.25,3.975,2.275,0,True,,0.8165137614678899,36.0,368.0,0.0,5.0,0.0,0,0.9989811512990321
WA,530171000288,3326,Cosmopolis Elementary School,7.53,5.255000000000001,2.275,0,True,,0.5402298850574713,52.0,188.0,0.0,7.35,0.0,0,0.9989811512990321
WA,530771001236,3327,Rainier Beach High School,4.95,2.6750000000000003,2.275,0,True,,0.8404907975460123,39.5,755.0,1.0,4.2,0.0,0,0.9989811512990321
WA,530282000456,3328,Woodmont K-8 School,4.5,2.225,2.275,0,True,,0.6589147286821705,49.5,467.0,0.0,4.5,0.0,0,0.9989811512990321
WA,530282001767,3329,Panther Lake Elementary School,2.35,0.07500000000000018,2.275,0,True,,0.8333333333333334,28.5,425.0,0.0,5.05,48412.0,1,0.9989811512990321
WA,530000100379,3330,Enumclaw Sr High School,5.85,3.5749999999999997,2.275,0,False,,0.2596491228070175,58.0,1258.0,1.0,5.25,0.0,0,0.9989811512990321
WA,530354000543,3333,Pacific Middle School,4.2,1.9250000000000003,2.275,0,True,,0.6427378964941569,49.0,734.0,0.0,3.55,0.0,0,0.9989811512990321
WA,530354000544,3335,Parkside Elementary,4.8,2.525,2.275,0,True,,0.5969773299748111,50.0,392.0,0.0,3.3,34984.0,1,0.9989811512990321
WA,530723001067,3337,Cascade Elementary School,4.65,2.3750000000000004,2.275,0,True,,0.680327868852459,38.0,449.0,0.0,5.35,35027.0,1,0.9989811512990321
WA,530039000064,3338,Chinook Middle School,8.25,5.975,2.275,0,False,,0.1276824034334764,74.5,934.0,0.0,8.25,0.0,0,0.9989811512990321
WA,530039000086,3339,Sherwood Forest Elementary,3.95,1.6750000000000003,2.275,0,True,,0.5129533678756477,39.5,436.0,0.0,4.7,0.0,0,0.9989811512990321
WA,530876002979,3341,Summit Trail Middle School,7.1,4.824999999999999,2.275,0,False,,0.1131898971000935,71.5,1116.0,0.0,7.65,0.0,0,0.9989811512990321
WA,530792001315,3343,Shorecrest High School,8.3,6.025,2.275,0,False,,0.3019390581717451,70.5,1536.0,1.0,7.2,0.0,0,0.9989811512990321
WA,530591000889,3344,Maywood Hills Elementary,6.7,4.425000000000001,2.275,0,False,,0.2040816326530612,76.5,614.0,0.0,4.45,0.0,0,0.9989811512990321
WA,530591000886,3345,Kenmore Middle School,6.6,4.324999999999999,2.275,0,False,,0.235042735042735,64.5,771.0,0.0,6.4,0.0,0,0.9989811512990321
WA,530861001441,3349,Bonney Lake Elementary,7.75,5.475,2.275,0,True,,0.2816326530612245,69.5,476.0,0.0,6.65,0.0,0,0.9989811512990321
WA,530141000260,3351,Lake Louise Elementary School,5.75,3.475,2.275,0,True,,0.8222222222222222,47.0,486.0,0.0,6.85,30616.0,1,0.9989811512990321
WA,530240000351,3353,Meadowdale Middle School,6.2,3.9250000000000003,2.275,0,False,,0.4704225352112676,56.5,776.0,0.0,6.1,0.0,0,0.9989811512990321
WA,530486000736,3355,Marysville Middle School,1.95,-0.32499999999999996,2.275,1,False,,0.5879518072289157,36.0,858.0,0.0,1.75,0.0,0,0.9989811512990321
WA,530825001405,3356,Sacajawea Middle School,8.1,5.824999999999999,2.275,0,False,,0.3645569620253164,73.5,854.0,0.0,6.65,0.0,0,0.9989811512990321
WA,530825001364,3357,Balboa Elementary,9.05,6.775,2.275,0,False,,0.5364583333333334,59.5,356.0,0.0,8.95,0.0,0,0.9989811512990321
WA,530228000312,3360,East Valley High School,5.02,2.7449999999999997,2.275,0,False,,0.5115384615384615,50.5,1101.0,1.0,4.95,0.0,0,0.9989811512990321
WA,530585000862,3361,Chinook Middle School,4.1,1.8249999999999997,2.275,0,False,,0.5155038759689923,50.5,804.0,0.0,3.85,0.0,0,0.9989811512990321
WA,530910001544,3362,Tumwater High School,8.65,6.375,2.275,0,False,,0.2414965986394557,67.5,1199.0,1.0,8.05,0.0,0,0.9989811512990321
WA,530531000801,3365,Harmony Elementary,6.08,3.805,2.275,0,True,,0.375609756097561,55.0,343.0,0.0,4.2,0.0,0,0.9989811512990321
WA,530144000273,3366,Colfax High School,5.92,3.645,2.275,0,True,,0.3169014084507042,67.0,277.0,1.0,6.2,0.0,0,0.9989811512990321
WA,531011001710,3368,Wilson Middle School,4.45,2.1750000000000003,2.275,0,True,,0.7358943577430972,44.0,936.0,0.0,3.2,0.0,0,0.9989811512990321
WA,530393000609,3369,Vista Elementary School,6.05,3.775,2.275,0,True,,,52.0,408.0,0.0,5.5,0.0,0,0.9989811512990321
WA,530966001634,3370,Orchard Middle School,3.45,1.1750000000000003,2.275,0,True,,0.7474332648870636,37.5,489.0,0.0,2.85,34895.0,1,0.9989811512990321
WA,530417000649,3371,La Center Middle School,6.1,3.8249999999999997,2.275,0,False,,0.2686170212765957,55.0,406.0,0.0,5.3,0.0,0,0.9989811512990321
WA,530231000323,3372,Eastmont Junior High,2.35,0.07500000000000018,2.275,0,False,,0.6203904555314533,45.5,988.0,0.0,2.1,0.0,0,0.9989811512990321
WA,530261000387,3373,Ephrata Middle School,6.1,3.8249999999999997,2.275,0,True,,0.5645161290322581,59.0,470.0,0.0,5.2,0.0,0,0.9989811512990321
WA,530516000781,3374,Simpson Avenue Elementary,7.2,4.925000000000001,2.275,0,True,,0.3720430107526882,62.5,454.0,0.0,7.55,0.0,0,0.9989811512990321
WA,530999001679,3375,Wishkah Valley Elementary/High School,3.83,1.5550000000000002,2.275,0,True,,0.5802469135802469,34.5,160.0,1.0,3.55,0.0,0,0.9989811512990321
WA,530594000900,3377,Crescent Harbor Elem,5.4,3.1250000000000004,2.275,0,True,,0.5638297872340425,54.5,511.0,0.0,5.55,0.0,0,0.9989811512990321
WA,530771001175,3378,Graham Hill Elementary School,5.95,3.6750000000000003,2.275,0,True,,0.5746268656716418,54.5,330.0,0.0,3.55,0.0,0,0.9989811512990321
WA,530771003361,3380,Rainier View Elementary School,3.7,1.4250000000000003,2.275,0,True,,0.7844827586206896,47.0,245.0,0.0,2.75,0.0,0,0.9989811512990321
WA,530282000442,3381,Lakota Middle School,4.2,1.9250000000000003,2.275,0,False,,0.6227106227106227,46.0,799.0,0.0,2.75,0.0,0,0.9989811512990321
WA,530354000549,3382,Seahurst Elementary School,2.3,0.02499999999999991,2.275,0,True,,0.8015564202334631,30.0,410.0,0.0,1.95,0.0,0,0.9989811512990321
WA,530375000574,3385,Issaquah High School,8.9,6.625,2.275,0,False,,0.077757685352622,85.5,2480.0,1.0,8.85,0.0,0,0.9989811512990321
WA,530375000581,3386,Sunny Hills Elementary,9.95,7.674999999999999,2.275,0,False,,0.0405405405405405,83.0,796.0,0.0,9.2,0.0,0,0.9989811512990321
WA,530792001308,3387,Kellogg Middle School,6.75,4.475,2.275,0,False,,0.299837925445705,68.5,663.0,0.0,8.45,0.0,0,0.9989811512990321
WA,530396000613,3388,Covington Elementary School,6.7,4.425000000000001,2.275,0,True,,0.5457142857142857,54.0,656.0,0.0,5.55,0.0,0,0.9989811512990321
WA,530396000631,3389,Scenic Hill Elementary School,6.1,3.8249999999999997,2.275,0,True,,0.7933130699088146,39.0,612.0,0.0,5.1,0.0,0,0.9989811512990321
WA,530591000888,3390,Lockwood Elementary,8.9,6.625,2.275,0,False,,0.0611111111111111,83.0,645.0,0.0,8.45,0.0,0,0.9989811512990321
WA,530576000855,3391,Suquamish Elementary School,8.65,6.375,2.275,0,True,,0.4261603375527426,68.0,410.0,0.0,5.7,0.0,0,0.9989811512990321
WA,530051000129,3392,Bickleton Elementary & High Schl,8.07,5.795,2.275,0,False,,0.4782608695652174,64.5,124.0,1.0,7.35,0.0,0,0.9989811512990321
WA,530309000491,3393,Goldendale Middle School,3.93,1.6550000000000002,2.275,0,True,,0.7021276595744681,39.0,289.0,0.0,3.25,0.0,0,0.9989811512990321
WA,530981001666,3394,Wayne M Henkle Middle School,6.8,4.525,2.275,0,False,,0.4610778443113772,52.0,200.0,0.0,5.35,0.0,0,0.9989811512990321
WA,530870001458,3397,Bryant Montessori School,5.33,3.055,2.275,0,False,,0.4713375796178344,55.0,542.0,0.0,2.05,0.0,0,0.9989811512990321
WA,530870001488,3398,Mount Tahoma High School,4.05,1.775,2.275,0,False,,0.7526881720430108,24.5,1346.0,1.0,4.25,0.0,0,0.9989811512990321
WA,530861001445,3399,Donald Eismann Elementary,8.3,6.025,2.275,0,False,,0.1531914893617021,69.5,503.0,0.0,8.1,0.0,0,0.9989811512990321
WA,530294000481,3401,Perry G Keithley Middle School,1.85,-0.4249999999999998,2.275,1,True,,0.8266360505166476,31.0,905.0,0.0,1.05,48049.0,1,0.9989811512990321
WA,530774001278,3402,Samish Elementary School,2.35,0.07500000000000018,2.275,0,False,,0.4722222222222222,49.5,175.0,0.0,2.93,0.0,0,0.9989811512990321
WA,530774001274,3403,Clear Lake Elementary School,5.8,3.525,2.275,0,False,,0.4682080924855491,74.5,289.0,0.0,6.1,0.0,0,0.9989811512990321
WA,530795001319,3405,Skamania Elementary,5.95,3.6750000000000003,2.275,0,True,,0.639344262295082,49.5,70.0,0.0,6.93,0.0,0,0.9989811512990321
WA,530504000772,3406,Mill A Elementary School,5.33,3.055,2.275,0,True,,0.5833333333333334,20.0,40.0,0.0,7.1,0.0,0,0.9989811512990321
WA,530267000391,3407,Cascade High School,7.25,4.975,2.275,0,False,,0.5061124694376528,55.5,1785.0,1.0,7.15,0.0,0,0.9989811512990321
WA,530420000652,3408,Lake Stevens Middle School,4.45,2.1750000000000003,2.275,0,False,,0.3157894736842105,59.0,696.0,0.0,4.2,0.0,0,0.9989811512990321
WA,530240000333,3409,Cedar Valley Community School,1.9,-0.375,2.275,1,True,,0.8372093023255814,29.0,469.0,0.0,1.65,34875.0,1,0.9989811512990321
WA,530240000362,3410,Spruce Elementary,6.45,4.175000000000001,2.275,0,True,,0.6440129449838188,42.0,566.0,0.0,7.15,0.0,0,0.9989811512990321
WA,530825001385,3412,Ferris High School,7.15,4.875,2.275,0,False,,0.4029484029484029,57.5,1712.0,1.0,6.55,0.0,0,0.9989811512990321
WA,530825001406,3413,Salk Middle School,3.1,0.8250000000000002,2.275,0,True,,0.542203147353362,50.5,766.0,0.0,2.85,0.0,0,0.9989811512990321
WA,530492000745,3414,Evergreen Elementary School,8.35,6.074999999999999,2.275,0,True,,0.4297082228116711,64.0,541.0,0.0,8.15,0.0,0,0.9989811512990321
WA,530111000204,3415,University High School,5.8,3.525,2.275,0,False,,0.3955431754874652,64.0,1659.0,1.0,5.3,0.0,0,0.9989811512990321
WA,530438000693,3416,Liberty High School,8.22,5.945,2.275,0,False,,0.3414634146341463,69.5,166.0,1.0,8.05,0.0,0,0.9989811512990321
WA,530462000720,3417,Fisher Elementary School,4.15,1.8750000000000004,2.275,0,True,,0.5109170305676856,44.0,466.0,0.0,5.25,0.0,0,0.9989811512990321
WA,530693001019,3419,Lincoln Middle School,7.88,5.605,2.275,0,False,,0.3048048048048048,71.0,689.0,0.0,7.95,0.0,0,0.9989811512990321
WA,530441000695,3421,Lind Elementary School,4.28,2.0050000000000003,2.275,0,True,,0.7045454545454546,64.5,116.0,0.0,3.15,0.0,0,0.9989811512990321
WA,530084000164,3422,Clallam Bay High & Elementary,4.4,2.1250000000000004,2.275,0,False,,0.7258064516129032,49.5,127.0,1.0,4.15,0.0,0,0.9989811512990321
WA,530927001557,3423,Columbia River High,7.6,5.324999999999999,2.275,0,False,,0.2526690391459075,68.5,1138.0,1.0,7.4,0.0,0,0.9989811512990321
WA,530927001563,3424,George C Marshall Elementary,2.95,0.6750000000000003,2.275,0,True,,0.776595744680851,34.5,371.0,0.0,2.8,34223.0,1,0.9989811512990321
WA,530657000963,3425,Edwin Markham Elementary,8.15,5.875,2.275,0,True,,0.4069264069264069,60.5,401.0,0.0,8.45,0.0,0,0.9989811512990321
WA,530708001052,3426,George Elementary,5.8,3.525,2.275,0,True,,0.9423076923076924,27.0,188.0,0.0,2.3,0.0,0,0.9989811512990321
WA,530771001245,3429,Genesee Hill Elementary,9.4,7.125,2.275,0,False,,0.1131498470948012,80.5,651.0,0.0,9.0,0.0,0,0.9989811512990321
WA,530000100376,3430,Black Diamond Elementary,5.0,2.725,2.275,0,False,,0.3815789473684211,57.0,312.0,0.0,6.05,0.0,0,0.9989811512990321
WA,530282000452,3431,Evergreen Middle School,1.9,-0.375,2.275,1,False,,0.7754172989377845,26.5,755.0,0.0,1.6,48412.0,1,0.9989811512990321
WA,530282000447,3432,Olympic View Elementary School,3.75,1.475,2.275,0,True,,0.8967136150234741,33.5,427.0,0.0,1.7,31069.0,1,0.9989811512990321
WA,530498000765,3433,West Mercer Elementary,9.68,7.404999999999999,2.275,0,False,,0.0656934306569343,85.0,473.0,0.0,9.45,0.0,0,0.9989811512990321
WA,530723001070,3434,Nelsen Middle School,3.3,1.025,2.275,0,False,,0.6028368794326241,42.5,1007.0,0.0,3.75,0.0,0,0.9989811512990321
WA,530039000093,3435,Tillicum Middle School,7.6,5.324999999999999,2.275,0,False,,0.1400523560209424,75.5,780.0,0.0,8.7,0.0,0,0.9989811512990321
WA,530039000076,3436,Medina Elementary School,9.95,7.674999999999999,2.275,0,False,,0.0091463414634146,90.5,524.0,0.0,9.95,0.0,0,0.9989811512990321
WA,530039000077,3437,Newport Heights Elementary,8.45,6.174999999999999,2.275,0,False,,0.2169811320754717,74.5,553.0,0.0,8.95,0.0,0,0.9989811512990321
WA,530030000034,3439,Chinook Elementary School,5.8,3.525,2.275,0,True,,0.8052434456928839,45.0,605.0,0.0,4.25,31003.0,1,0.9989811512990321
WA,530375000571,3440,Briarwood Elementary,9.15,6.875,2.275,0,True,,0.1133144475920679,81.5,725.0,0.0,8.7,0.0,0,0.9989811512990321
WA,530423000676,3441,Mark Twain Elementary,8.15,5.875,2.275,0,False,,0.1846689895470383,80.0,656.0,0.0,7.4,0.0,0,0.9989811512990321
WA,530591000890,3442,Moorlands Elementary,8.2,5.924999999999999,2.275,0,False,,0.1057401812688821,74.5,696.0,0.0,8.45,0.0,0,0.9989811512990321
WA,530987001672,3444,Willapa Elementary,4.33,2.055,2.275,0,True,,0.4302325581395348,49.5,196.0,0.0,7.0,0.0,0,0.9989811512990321
WA,530696001022,3447,Aylen Jr High,4.4,2.1250000000000004,2.275,0,False,,0.3537906137184115,58.5,725.0,0.0,4.55,34824.0,1,0.9989811512990321
WA,530870001507,3448,Truman Middle School,3.38,1.105,2.275,0,False,,0.6166883963494133,43.5,747.0,0.0,3.3,0.0,0,0.9989811512990321
WA,530870001455,3449,Birney Elementary School,4.75,2.475,2.275,0,True,,0.7894736842105263,32.0,433.0,0.0,3.85,30718.0,1,0.9989811512990321
WA,530870001484,3453,Edna Travis Elementary School,1.45,-0.825,2.275,1,True,,0.9055555555555556,24.5,472.0,0.0,1.75,47865.0,1,0.9989811512990321
WA,530141000246,3454,Beachwood Elementary School,8.6,6.324999999999999,2.275,0,False,,0.5639097744360902,69.5,343.0,0.0,9.65,0.0,0,0.9989811512990321
WA,530141000252,3455,Dower Elementary School,4.3,2.025,2.275,0,True,,0.8066666666666666,49.5,310.0,0.0,2.15,0.0,0,0.9989811512990321
WA,530141000261,3456,Lakes High School,6.55,4.275,2.275,0,False,,0.5184049079754601,50.5,1295.0,1.0,5.95,0.0,0,0.9989811512990321
WA,530141000247,3457,Carter Lake Elementary School,7.07,4.795,2.275,0,False,,0.4590163934426229,52.0,478.0,0.0,6.3,0.0,0,0.9989811512990321
WA,530978003005,3458,Glacier Middle School,5.65,3.3750000000000004,2.275,0,True,,0.304921968787515,53.5,893.0,0.0,5.2,0.0,0,0.9989811512990321
WA,530534000804,3459,Mount Pleasant School,8.23,5.955,2.275,0,False,,0.175,59.5,69.0,0.0,7.5,0.0,0,0.9989811512990321
WA,530240000359,3461,Seaview Elementary,8.1,5.824999999999999,2.275,0,False,,0.2833333333333333,67.0,436.0,0.0,8.2,0.0,0,0.9989811512990321
WA,530240000348,3463,Madrona K-8 School,6.5,4.225,2.275,0,False,,0.1492537313432835,63.5,608.0,0.0,6.5,0.0,0,0.9989811512990321
WA,530240000352,3464,Meadowdale High School,7.0,4.725,2.275,0,False,,0.3463687150837989,63.5,1526.0,1.0,6.1,0.0,0,0.9989811512990321
WA,530111000188,3465,Summit School,5.8,3.525,2.275,0,False,,0.2753623188405797,63.5,442.0,0.0,6.7,0.0,0,0.9989811512990321
WA,530744001114,3466,Riverside Middle School,7.18,4.904999999999999,2.275,0,False,,0.4782608695652174,54.0,328.0,0.0,6.43,0.0,0,0.9989811512990321
WA,530933001594,3467,Wahkiakum High School,8.0,5.725,2.275,0,True,,0.5925925925925926,49.5,193.0,1.0,8.0,0.0,0,0.9989811512990321
WA,530945001609,3468,Walla Walla High School,7.05,4.775,2.275,0,False,,0.5303030303030303,47.0,1726.0,1.0,7.7,0.0,0,0.9989811512990321
WA,530648000956,3471,McFarland Middle School,1.9,-0.375,2.275,1,True,,0.8633093525179856,32.0,722.0,0.0,1.45,0.0,0,0.9989811512990321
WA,530393000607,3472,Park Middle School,5.7,3.4250000000000003,2.275,0,True,,,39.5,736.0,0.0,4.9,0.0,0,0.9989811512990321
WA,530183000292,3473,Crescent School,4.52,2.2449999999999997,2.275,0,True,,0.525,49.5,246.0,1.0,4.55,0.0,0,0.9989811512990321
WA,530081000163,3474,Lacamas Lake Elementary,8.07,5.795,2.275,0,False,,0.2192513368983957,67.0,381.0,0.0,8.05,0.0,0,0.9989811512990321
WA,530447000699,3475,Cascade Middle School,4.85,2.5749999999999997,2.275,0,False,,0.6419529837251357,42.0,569.0,0.0,4.15,0.0,0,0.9989811512990321
WA,530003000007,3476,J M Weatherwax High School,4.55,2.275,2.275,0,True,,0.5814977973568282,38.0,965.0,1.0,4.45,0.0,0,0.9989811512990321
WA,530594000898,3477,Broad View Elementary,9.25,6.975,2.275,0,True,,0.4247311827956989,74.5,451.0,0.0,6.75,0.0,0,0.9989811512990321
WA,530771001169,3478,Kimball Elementary School,4.3,2.025,2.275,0,True,,0.5169082125603864,48.5,435.0,0.0,5.35,29998.0,1,0.9989811512990321
WA,530771001222,3479,Nathan Hale High School,6.0,3.725,2.275,0,False,,0.234375,64.0,1147.0,1.0,5.9,0.0,0,0.9989811512990321
WA,530354000555,3483,Tyee High School,3.25,0.9750000000000001,2.275,0,True,,0.7239819004524887,26.0,907.0,1.0,3.05,0.0,0,0.9989811512990321
WA,530723001071,3485,Hazelwood Elementary School,9.25,6.975,2.275,0,False,,0.2312703583061889,69.0,607.0,0.0,9.7,0.0,0,0.9989811512990321
WA,530039000078,3486,Newport Senior High School,9.8,7.525,2.275,0,False,,0.1049107142857142,84.5,1781.0,1.0,9.8,0.0,0,0.9989811512990321
WA,530813001344,3488,Tukwila Elementary,5.85,3.5749999999999997,2.275,0,True,,0.6836363636363636,51.5,530.0,0.0,5.4,0.0,0,0.9989811512990321
WA,530792001313,3489,Parkwood Elementary,8.9,6.625,2.275,0,True,,0.4129554655870445,71.0,451.0,0.0,6.15,0.0,0,0.9989811512990321
WA,530423000684,3490,Henry David Thoreau Elementary,8.35,6.074999999999999,2.275,0,False,,0.1410788381742738,79.5,480.0,0.0,9.05,0.0,0,0.9989811512990321
WA,530396000629,3491,Park Orchard Elementary School,3.45,1.1750000000000003,2.275,0,True,,0.7530864197530864,36.5,479.0,0.0,3.4,29662.0,1,0.9989811512990321
WA,530591000884,3492,Inglemoor HS,9.3,7.025,2.275,0,False,,0.1492890995260663,78.0,1659.0,1.0,9.25,0.0,0,0.9989811512990321
WA,530591000879,3493,Canyon Park Middle School,6.7,4.425000000000001,2.275,0,False,,0.1704668838219326,72.0,967.0,0.0,7.2,0.0,0,0.9989811512990321
WA,530408000644,3494,Klickitat Elem & High,4.1,1.8249999999999997,2.275,0,True,,0.6086956521739131,39.5,74.0,1.0,3.68,0.0,0,0.9989811512990321
WA,530870001506,3498,Skyline Elementary School,8.48,6.205,2.275,0,True,,0.6521739130434783,67.0,347.0,0.0,7.2,0.0,0,0.9989811512990321
WA,530861001447,3499,Sumner Middle School,8.45,6.174999999999999,2.275,0,True,,0.420249653259362,68.0,739.0,0.0,7.9,0.0,0,0.9989811512990321
WA,530141000272,3500,Thomas Middle School,3.95,1.6750000000000003,2.275,0,False,,0.7701863354037267,44.5,508.0,0.0,2.2,0.0,0,0.9989811512990321
WA,530240000344,3503,Lynnwood Elementary,6.9,4.625,2.275,0,True,,0.5151515151515151,60.5,563.0,0.0,6.35,0.0,0,0.9989811512990321
WA,530240000350,3504,Meadowdale Elementary,7.3,5.025,2.275,0,True,,0.5054545454545455,62.0,504.0,0.0,6.85,0.0,0,0.9989811512990321
WA,530825001383,3506,Indian Trail Elementary,6.25,3.975,2.275,0,False,,0.4157303370786517,54.5,323.0,0.0,7.58,0.0,0,0.9989811512990321
WA,530156000278,3508,Columbia High And Elementary,4.17,1.895,2.275,0,True,,0.8028169014084507,39.5,107.0,1.0,4.13,0.0,0,0.9989811512990321
WA,530882001522,3509,Tenino High School,5.38,3.105,2.275,0,False,,0.4050632911392405,47.0,389.0,1.0,5.7,0.0,0,0.9989811512990321
WA,530945001601,3510,Garrison Middle School,6.05,3.775,2.275,0,True,,0.5207612456747405,48.5,612.0,0.0,5.75,30757.0,1,0.9989811512990321
WA,530732001093,3511,Richland High School,6.55,4.275,2.275,0,False,,0.3089770354906054,59.0,1967.0,1.0,5.7,0.0,0,0.9989811512990321
WA,530657000970,3515,Robert Frost Elementary,2.0,-0.2749999999999999,2.275,1,True,,0.9214092140921408,25.0,499.0,0.0,1.9,35095.0,1,0.9989811512990321
WA,530762001123,3516,Royal High School,4.85,2.5749999999999997,2.275,0,True,,0.711864406779661,42.0,499.0,1.0,4.9,0.0,0,0.9989811512990321
WA,530771001212,3517,McClure Middle School,8.13,5.855,2.275,0,False,,0.1511194029850746,76.0,536.0,0.0,7.5,0.0,0,0.9989811512990321
WA,530771003497,3518,Fairmount Park Elementary School,7.98,5.705,2.275,0,False,,0.1399317406143344,84.0,522.0,0.0,8.55,0.0,0,0.9989811512990321
WA,530282000430,3519,Adelaide Elementary School,4.8,2.525,2.275,0,True,,0.7083333333333334,42.0,402.0,0.0,4.05,31069.0,1,0.9989811512990321
WA,530723001081,3521,Renton Park Elementary School,2.0,-0.2749999999999999,2.275,1,True,,0.6592920353982301,32.0,410.0,0.0,1.8,35027.0,1,0.9989811512990321
WA,530039003149,3522,International School,9.4,7.125,2.275,0,False,,0.1171428571428571,84.0,587.0,1.0,9.28,0.0,0,0.9989811512990321
WA,530456000716,3524,Cedarcrest High School,8.75,6.475,2.275,0,False,,0.11328125,77.5,976.0,1.0,9.05,0.0,0,0.9989811512990321
WA,530030000036,3525,Lea Hill Elementary School,3.9,1.625,2.275,0,True,,0.7467532467532467,34.5,682.0,0.0,6.65,34869.0,1,0.9989811512990321
WA,530792001310,3527,Melvin G Syre Elementary,7.95,5.675000000000001,2.275,0,False,,0.1578947368421052,78.0,484.0,0.0,8.5,0.0,0,0.9989811512990321
WA,530423000679,3528,Redmond High School,8.45,6.174999999999999,2.275,0,False,,0.1303370786516854,82.0,2087.0,1.0,8.15,0.0,0,0.9989811512990321
WA,530423000667,3529,Horace Mann Elementary,7.4,5.125,2.275,0,False,,0.0604395604395604,84.5,383.0,0.0,8.7,0.0,0,0.9989811512990321
WA,530606000912,3531,Long Beach Elementary School,3.4,1.125,2.275,0,True,,0.6237623762376238,54.5,203.0,0.0,,0.0,0,0.9989811512990321
WA,530294000474,3532,Elmhurst Elementary School,4.2,1.9250000000000003,2.275,0,False,,0.8302752293577982,31.5,392.0,0.0,3.9,0.0,0,0.9989811512990321
WA,530267000402,3533,Jefferson Elementary,8.9,6.625,2.275,0,False,,0.4390243902439024,62.5,554.0,0.0,8.7,0.0,0,0.9989811512990321
WA,530240000335,3534,Chase Lake Elementary,6.4,4.125,2.275,0,True,,0.6111111111111112,47.0,429.0,0.0,6.45,0.0,0,0.9989811512990321
WA,530240000331,3536,Brier Elementary,8.45,6.174999999999999,2.275,0,False,,0.1608695652173913,70.5,464.0,0.0,8.8,0.0,0,0.9989811512990321
WA,530486000740,3537,Sunnyside Elementary,5.0,2.725,2.275,0,False,,0.4307692307692308,48.5,527.0,0.0,6.45,0.0,0,0.9989811512990321
WA,530969001645,3538,Centennial Middle School,2.88,0.605,2.275,0,True,,0.5609756097560976,41.5,688.0,0.0,2.9,34403.0,1,0.9989811512990321
WA,530585000865,3539,Lakes Elementary School,4.95,2.6750000000000003,2.275,0,False,,0.4178674351585014,60.0,577.0,0.0,5.25,0.0,0,0.9989811512990321
WA,530618000927,3540,Leland P Brown Elementary,3.78,1.505,2.275,0,True,,0.5976331360946746,57.0,374.0,0.0,6.83,0.0,0,0.9989811512990321
WA,530147000276,3541,John Sager Middle School,3.85,1.5750000000000002,2.275,0,False,,0.6171428571428571,44.0,384.0,0.0,3.85,0.0,0,0.9989811512990321
WA,530927001570,3543,Jason Lee Middle School,5.05,2.775,2.275,0,False,,0.4713467048710602,52.0,698.0,0.0,3.6,0.0,0,0.9989811512990321
WA,530038000052,3545,Laurin Middle School,3.15,0.875,2.275,0,False,,0.3662182361733931,42.5,713.0,0.0,2.95,0.0,0,0.9989811512990321
WA,531005001682,3546,Woodland High School,6.5,4.225,2.275,0,False,,0.4444444444444444,59.5,749.0,1.0,5.95,0.0,0,0.9989811512990321
WA,530282000432,3547,Camelot Elementary School,4.25,1.975,2.275,0,True,,0.5657894736842105,47.0,353.0,0.0,4.5,30015.0,1,0.9989811512990321
WA,530423000657,3548,John J. Audubon Elementary,9.65,7.375,2.275,0,False,,0.0329670329670329,83.5,558.0,0.0,8.9,0.0,0,0.9989811512990321
WA,530396000623,3550,Lake Youngs Elementary School,8.8,6.525,2.275,0,False,,0.2706270627062706,71.5,477.0,0.0,8.8,0.0,0,0.9989811512990321
WA,530033000045,3552,Capt Johnston Blakely Elem Sch,9.9,7.625,2.275,0,False,,0.0662251655629139,92.0,363.0,0.0,9.9,0.0,0,0.9989811512990321
WA,530354002974,3553,Raisbeck Aviation High School,9.85,7.574999999999999,2.275,0,False,,0.25,89.75,400.0,1.0,9.75,0.0,0,0.9989811512990321
WA,530234000324,3554,Easton School,4.65,2.3750000000000004,2.275,0,True,,0.6721311475409836,39.5,106.0,1.0,3.35,0.0,0,0.9989811512990321
WA,530975001658,3555,White Pass Elementary School,5.72,3.445,2.275,0,True,,0.8076923076923077,49.5,209.0,0.0,6.43,0.0,0,0.9989811512990321
WA,530927002943,3556,Vancouver Home Connection,5.25,2.975,2.275,0,False,,0.4098360655737705,59.5,209.0,1.0,3.75,0.0,0,0.9989811512990321
WA,530696001027,3557,Fruitland Elementary,6.7,4.425000000000001,2.275,0,False,,0.3322368421052631,77.5,655.0,0.0,6.5,0.0,0,0.9989811512990321
WA,530696001043,3558,Wildwood Elementary,6.48,4.205,2.275,0,True,,0.5736434108527132,46.0,462.0,0.0,6.75,0.0,0,0.9989811512990321
WA,530726002949,3559,Republic Junior High,5.23,2.9550000000000005,2.275,0,False,,0.7377049180327869,52.0,63.0,0.0,2.58,0.0,0,0.9989811512990321
WA,530240000329,3560,Alderwood Middle School,5.45,3.1750000000000003,2.275,0,False,,0.4974554707379134,53.0,791.0,0.0,4.25,0.0,0,0.9989811512990321
WA,530802001326,3561,Riverview Elementary,5.9,3.6250000000000004,2.275,0,False,,0.2555205047318612,50.5,569.0,0.0,5.2,0.0,0,0.9989811512990321
WA,530492000744,3562,Colbert Elementary School,7.98,5.705,2.275,0,False,,0.2592592592592592,68.5,521.0,0.0,5.5,0.0,0,0.9989811512990321
WA,530095001935,3564,Cascade High School,7.0,4.725,2.275,0,False,,0.4077669902912621,64.5,422.0,1.0,7.0,0.0,0,0.9989811512990321
WA,530927001587,3565,Washington Elementary,1.4,-0.875,2.275,1,True,,0.8263473053892215,29.5,337.0,0.0,1.45,47415.0,1,0.9989811512990321
WA,530594000905,3566,Olympic View Elem,5.43,3.155,2.275,0,True,,0.5862068965517241,37.0,467.0,0.0,7.2,0.0,0,0.9989811512990321
WA,530282000450,3567,Sunnycrest Elementary School,3.4,1.125,2.275,0,True,,0.9035714285714286,33.0,563.0,0.0,2.6,34942.0,1,0.9989811512990321
WA,530282000440,3568,Lake Grove Elementary School,3.5,1.225,2.275,0,True,,0.8514851485148515,42.5,367.0,0.0,3.0,0.0,0,0.9989811512990321
WA,530375001773,3569,Echo Glen School,1.65,-0.625,2.275,1,False,,0.9705882352941176,10.0,78.0,1.0,1.85,110892.0,1,0.9989811512990321
WA,530696001036,3572,Mt View Elementary,7.3,5.025,2.275,0,True,,0.4032258064516129,57.0,337.0,0.0,7.7,0.0,0,0.9989811512990321
WA,530111000195,3573,Greenacres Middle School,6.75,4.475,2.275,0,False,,0.2657894736842105,71.0,539.0,0.0,6.8,0.0,0,0.9989811512990321
WA,530687001009,3574,Prescott Elementary School,4.75,2.475,2.275,0,True,,0.8533333333333334,44.5,130.0,0.0,5.6,0.0,0,0.9989811512990321
WA,530042000113,3576,Sehome High School,7.07,4.795,2.275,0,False,,0.1838235294117647,77.0,1153.0,1.0,7.45,0.0,0,0.9989811512990321
WA,530726001089,3579,Republic Senior High School,4.97,2.695,2.275,0,False,,0.75,49.75,81.0,1.0,5.3,0.0,0,0.9989811512990321
WA,530873001514,3580,Taholah High School,3.3,1.025,2.275,0,True,,0.6428571428571429,24.5,67.0,1.0,3.45,0.0,0,0.9989811512990321
WA,530771001267,3581,Wing Luke Elementary School,8.1,5.824999999999999,2.275,0,True,,0.8083832335329342,62.0,312.0,0.0,5.4,0.0,0,0.9989811512990321
WA,530282000454,3582,Valhalla Elementary School,3.65,1.375,2.275,0,True,,0.8013468013468014,46.0,580.0,0.0,3.7,26142.0,1,0.9989811512990321
WA,530282000455,3583,Wildwood Elementary School,1.45,-0.825,2.275,1,True,,0.890728476821192,29.0,529.0,0.0,3.0,53253.0,1,0.9989811512990321
WA,530282000451,3584,Thomas Jefferson High School,4.85,2.5749999999999997,2.275,0,False,,0.5561097256857855,45.5,1695.0,1.0,4.35,0.0,0,0.9989811512990321
WA,530000100383,3585,Westwood Elementary School,8.05,5.775,2.275,0,False,,0.2894736842105263,67.0,371.0,0.0,8.15,0.0,0,0.9989811512990321
WA,530723001078,3586,Maplewood Heights Elementary School,9.05,6.775,2.275,0,False,,0.3441734417344173,69.0,736.0,0.0,9.05,0.0,0,0.9989811512990321
WA,530723001064,3587,Benson Hill Elementary School,3.15,0.875,2.275,0,False,,0.5151515151515151,50.0,559.0,0.0,2.7,0.0,0,0.9989811512990321
WA,530039000072,3588,Interlake Senior High School,8.4,6.125,2.275,0,False,,0.1981566820276497,78.0,1705.0,1.0,8.25,0.0,0,0.9989811512990321
WA,530876001517,3589,Shadow Lake Elementary,7.95,5.675000000000001,2.275,0,True,,0.2950819672131147,64.0,509.0,0.0,7.65,0.0,0,0.9989811512990321
WA,530423000663,3590,Finn Hill Middle School,6.95,4.675000000000001,2.275,0,False,,0.2031746031746031,72.0,676.0,0.0,6.0,0.0,0,0.9989811512990321
WA,530423000658,3591,Benjamin Franklin Elementary,8.85,6.574999999999999,2.275,0,False,,0.074235807860262,78.0,480.0,0.0,8.6,0.0,0,0.9989811512990321
WA,530423000656,3592,Alexander Graham Bell Elementary,8.7,6.424999999999999,2.275,0,False,,0.2420091324200913,71.0,546.0,0.0,9.15,0.0,0,0.9989811512990321
WA,530396000630,3593,Pine Tree Elementary School,4.4,2.1250000000000004,2.275,0,True,,0.7401574803149606,35.0,436.0,0.0,4.45,25834.0,1,0.9989811512990321
WA,530108000184,3594,John D. Bud Hawk Elementary at Jackson Park,7.28,5.005000000000001,2.275,0,False,,0.4913793103448275,57.0,510.0,0.0,6.2,0.0,0,0.9989811512990321
WA,530246000368,3596,Mt. Stuart Elementary,5.8,3.525,2.275,0,True,,0.6223175965665236,52.0,494.0,0.0,4.9,0.0,0,0.9989811512990321
WA,530993001676,3597,Winlock Senior High,6.72,4.445,2.275,0,True,,0.8837209302325582,39.5,176.0,1.0,6.35,0.0,0,0.9989811512990321
WA,530918001549,3600,Curtis Senior High,8.95,6.674999999999999,2.275,0,False,,0.3211991434689507,71.5,1348.0,1.0,8.7,0.0,0,0.9989811512990321
WA,530918001551,3601,Sunset Primary,6.5,4.225,2.275,0,False,,0.3950617283950617,67.0,596.0,0.0,7.0,0.0,0,0.9989811512990321
WA,530141000263,3602,Lochburn Middle School,1.6,-0.6749999999999998,2.275,1,True,,0.9093851132686084,27.5,637.0,0.0,1.05,52475.0,1,0.9989811512990321
WA,530078000154,3603,Allen Elementary,2.05,-0.2250000000000001,2.275,1,True,,0.8360655737704918,18.0,435.0,0.0,3.6,53104.0,1,0.9989811512990321
WA,530240000360,3605,Sherwood Elementary,8.1,5.824999999999999,2.275,0,False,,0.2636986301369863,64.0,552.0,0.0,8.3,0.0,0,0.9989811512990321
WA,530240002293,3606,Edmonds Elementary,8.65,6.375,2.275,0,False,,0.1336898395721925,79.5,318.0,0.0,7.3,0.0,0,0.9989811512990321
WA,530240000341,3607,Hazelwood Elementary,5.8,3.525,2.275,0,False,,0.3688212927756654,59.0,452.0,0.0,4.55,0.0,0,0.9989811512990321
WA,530240000357,3608,Oak Heights Elementary,5.1,2.8249999999999997,2.275,0,True,,0.436046511627907,50.5,618.0,0.0,6.1,0.0,0,0.9989811512990321
WA,530198000300,3609,Darrington Elementary School,4.67,2.395,2.275,0,True,,0.5159574468085106,49.5,317.0,0.0,3.45,0.0,0,0.9989811512990321
WA,530123000223,3610,Cheney High School,6.9,4.625,2.275,0,False,,0.4457478005865102,54.5,1332.0,1.0,6.5,0.0,0,0.9989811512990321
WA,530585000868,3611,Nisqually Middle School,3.2,0.9250000000000003,2.275,0,False,,0.5017921146953405,46.0,929.0,0.0,2.1,0.0,0,0.9989811512990321
WA,530910001545,3612,Tumwater Middle School,6.65,4.375,2.275,0,False,,0.3303964757709251,62.0,675.0,0.0,6.95,0.0,0,0.9989811512990321
WA,530159000279,3613,Columbia Elementary,3.8,1.525,2.275,0,False,,0.5819209039548022,44.5,378.0,0.0,3.6,0.0,0,0.9989811512990321
WA,530693001021,3614,Sunnyside Elementary,8.38,6.105,2.275,0,False,,0.297029702970297,71.0,326.0,0.0,7.43,0.0,0,0.9989811512990321
WA,531011001698,3615,Lewis & Clark Middle School,2.7,0.42500000000000027,2.275,0,True,,0.8875598086124402,26.0,866.0,0.0,2.7,49014.0,1,0.9989811512990321
WA,530270000421,3618,Marrion Elementary School,2.05,-0.2250000000000001,2.275,1,True,,0.7425373134328358,36.5,475.0,0.0,3.35,47596.0,1,0.9989811512990321
WA,530762001124,3620,Royal Middle School,5.1,2.8249999999999997,2.275,0,True,,0.832,35.0,277.0,0.0,3.6,0.0,0,0.9989811512990321
WA,530366000566,3621,Lincoln Elementary,5.1,2.8249999999999997,2.275,0,True,,0.7383177570093458,44.5,287.0,0.0,3.6,0.0,0,0.9989811512990321
WA,530366000564,3622,Hoquiam High School,4.87,2.595,2.275,0,True,,0.6178861788617886,37.0,469.0,1.0,4.5,0.0,0,0.9989811512990321
WA,530282000444,3625,Nautilus K-8 School,6.35,4.074999999999999,2.275,0,True,,0.5747800586510264,50.0,577.0,0.0,5.5,0.0,0,0.9989811512990321
WA,530282000448,3626,Sacajawea Middle School,2.75,0.4750000000000001,2.275,0,False,,0.7540983606557377,36.0,786.0,0.0,2.95,0.0,0,0.9989811512990321
WA,530282001835,3627,Mark Twain Elementary School,2.25,-0.02499999999999991,2.275,0,True,,0.930327868852459,27.0,510.0,0.0,1.8,48412.0,1,0.9989811512990321
WA,530282000453,3628,Twin Lakes Elementary School,7.65,5.375,2.275,0,True,,0.6226415094339622,52.0,365.0,0.0,7.15,31069.0,1,0.9989811512990321
WA,530723001080,3630,Hazen Senior High School,6.9,4.625,2.275,0,False,,0.345,67.0,1713.0,1.0,6.65,0.0,0,0.9989811512990321
WA,530039000079,3631,Odle Middle School,9.35,7.074999999999999,2.275,0,False,,0.2117988394584139,80.0,1026.0,0.0,9.65,0.0,0,0.9989811512990321
WA,530039000058,3633,Ardmore Elementary School,6.55,4.275,2.275,0,True,,0.5063291139240507,47.0,455.0,0.0,5.9,0.0,0,0.9989811512990321
WA,530039000088,3634,Spiritridge Elementary School,9.7,7.424999999999999,2.275,0,False,,0.0804597701149425,85.5,692.0,0.0,9.7,0.0,0,0.9989811512990321
WA,530813001343,3635,Thorndyke Elementary,2.2,-0.07499999999999973,2.275,1,True,,0.8448275862068966,29.5,427.0,0.0,2.5,50000.0,1,0.9989811512990321
WA,530375000579,3636,Maywood Middle School,8.25,5.975,2.275,0,False,,0.121866897147796,73.5,1223.0,0.0,8.35,0.0,0,0.9989811512990321
WA,530375000577,3637,Maple Hills Elementary,8.93,6.654999999999999,2.275,0,False,,0.1144278606965174,80.5,421.0,0.0,8.9,0.0,0,0.9989811512990321
WA,530396000622,3640,Kentridge High School,7.6,5.324999999999999,2.275,0,False,,0.3471074380165289,75.0,2025.0,1.0,7.1,0.0,0,0.9989811512990321
WA,530066000135,3641,Armin Jahr Elementary,2.6,0.3250000000000002,2.275,0,True,,0.7451923076923077,31.0,393.0,0.0,4.0,34537.0,1,0.9989811512990321
WA,530459002931,3643,Lyle Middle School,1.4,-0.875,2.275,1,True,,0.7254901960784313,29.5,56.0,0.0,1.0,49154.0,1,0.9989811512990321
WA,530696001028,3645,Gov John Rogers High School,6.98,4.705,2.275,0,False,,0.3308411214953271,57.0,1742.0,1.0,6.28,0.0,0,0.9989811512990321
WA,530870001456,3646,Boze Elementary School,4.6,2.3249999999999997,2.275,0,True,,0.8509615384615384,39.0,486.0,0.0,4.9,0.0,0,0.9989811512990321
WA,530294000483,3648,Washington High School,5.25,2.975,2.275,0,True,,0.8461538461538461,44.5,973.0,1.0,5.5,0.0,0,0.9989811512990321
WA,530048000121,3649,Chester H Thompson Elementary,4.75,2.475,2.275,0,True,,0.7689873417721519,68.5,730.0,0.0,4.35,0.0,0,0.9989811512990321
WA,530240000332,3650,Brier Terrace Middle School,5.25,2.975,2.275,0,False,,0.3013698630136986,62.5,680.0,0.0,4.6,0.0,0,0.9989811512990321
WA,530486000738,3651,Pinewood Elementary,4.1,1.8249999999999997,2.275,0,False,,0.4965986394557823,53.0,553.0,0.0,3.85,0.0,0,0.9989811512990321
WA,530585000864,3653,Lacey Elementary,4.95,2.6750000000000003,2.275,0,True,,0.706140350877193,54.5,459.0,0.0,3.7,0.0,0,0.9989811512990321
WA,530447000704,3658,Mint Valley Elementary,4.75,2.475,2.275,0,True,,0.7342342342342343,43.5,430.0,0.0,4.9,30558.0,1,0.9989811512990321
WA,530231000317,3659,Cascade Elementary,8.2,5.924999999999999,2.275,0,True,,0.4191919191919191,72.0,520.0,0.0,7.2,0.0,0,0.9989811512990321
WA,530180000289,3664,Coupeville Elementary School,5.5,3.225,2.275,0,True,,0.3928571428571428,64.5,469.0,0.0,5.65,0.0,0,0.9989811512990321
WA,530771001244,3665,Sanislo Elementary School,4.95,2.6750000000000003,2.275,0,True,,0.7169811320754716,29.5,218.0,0.0,5.6,31051.0,1,0.9989811512990321
WA,530930001589,3667,McMurray Middle School,8.15,5.875,2.275,0,False,,0.2181818181818181,70.5,378.0,0.0,7.75,0.0,0,0.9989811512990321
WA,530723001084,3668,Sierra Heights Elementary School,6.4,4.125,2.275,0,False,,0.5141843971631206,49.0,503.0,0.0,5.0,0.0,0,0.9989811512990321
WA,530030000040,3669,Gildo Rey Elementary School,6.5,4.225,2.275,0,True,,0.7820069204152249,65.5,629.0,0.0,4.85,0.0,0,0.9989811512990321
WA,530375000575,3673,Issaquah Valley Elementary,8.0,5.725,2.275,0,True,,0.2348993288590604,66.0,627.0,0.0,8.5,0.0,0,0.9989811512990321
WA,530792001297,3674,Albert Einstein Middle School,6.3,4.025,2.275,0,False,,0.2883156297420334,70.5,713.0,0.0,6.8,0.0,0,0.9989811512990321
WA,530423000681,3675,Robert Frost Elementary,7.6,5.324999999999999,2.275,0,True,,0.3933649289099526,70.0,441.0,0.0,7.85,0.0,0,0.9989811512990321
WA,530396000612,3676,Cedar Valley Elementary School,3.85,1.5750000000000002,2.275,0,True,,0.6387096774193548,39.5,269.0,0.0,4.9,0.0,0,0.9989811512990321
WA,530396000635,3677,Springbrook Elementary School,3.3,1.025,2.275,0,True,,0.7568493150684932,40.0,482.0,0.0,3.95,0.0,0,0.9989811512990321
WA,530396000615,3678,Fairwood Elementary School,6.05,3.775,2.275,0,False,,0.3382352941176471,54.5,388.0,0.0,5.05,0.0,0,0.9989811512990321
WA,530591000893,3679,Shelton View Elementary,8.65,6.375,2.275,0,False,,0.2085308056872037,83.5,484.0,0.0,7.95,0.0,0,0.9989811512990321
WA,530816001346,3680,Cedar Heights Middle School,6.25,3.975,2.275,0,True,,0.4325842696629213,53.5,690.0,0.0,6.55,0.0,0,0.9989811512990321
WA,530669000986,3685,Purdy Elementary School,8.68,6.404999999999999,2.275,0,False,,0.2123287671232876,69.5,633.0,0.0,8.85,0.0,0,0.9989811512990321
WA,530267000406,3686,Monroe Elementary,8.3,6.025,2.275,0,False,,0.4908424908424908,61.0,546.0,0.0,8.45,0.0,0,0.9989811512990321
WA,530543000821,3687,Serene Lake Elementary,8.2,5.924999999999999,2.275,0,False,,0.4752475247524752,57.0,451.0,0.0,7.2,0.0,0,0.9989811512990321
WA,530543000818,3688,Mariner High School,5.0,2.725,2.275,0,False,,0.6642066420664207,49.0,2426.0,1.0,4.85,0.0,0,0.9989811512990321
WA,530240000342,3689,Hilltop Elementary,9.1,6.824999999999999,2.275,0,False,,0.2039473684210526,74.0,555.0,0.0,8.9,0.0,0,0.9989811512990321
WA,530240000336,3691,College Place Elementary,4.15,1.8750000000000004,2.275,0,True,,0.7661016949152543,44.0,503.0,0.0,1.95,0.0,0,0.9989811512990321
WA,530492000743,3693,Brentwood Elementary School,7.58,5.305,2.275,0,True,,0.407514450867052,65.0,523.0,0.0,6.0,0.0,0,0.9989811512990321
WA,530618000936,3696,Reeves Middle School,8.13,5.855,2.275,0,False,,0.387409200968523,66.5,388.0,0.0,7.9,0.0,0,0.9989811512990321
WA,530618000932,3697,Pioneer Elementary School,7.48,5.205,2.275,0,False,,0.1859504132231405,78.5,450.0,0.0,5.1,0.0,0,0.9989811512990321
WA,530972001650,3699,Apple Valley Elementary,9.35,7.074999999999999,2.275,0,False,,0.4469696969696969,77.0,340.0,0.0,9.3,0.0,0,0.9989811512990321
WA,530282000431,3700,Brigadoon Elementary School,5.65,3.3750000000000004,2.275,0,True,,0.6560509554140127,57.0,382.0,0.0,3.95,0.0,0,0.9989811512990321
WA,530282000438,3701,Kilo Middle School,4.45,2.1750000000000003,2.275,0,False,,0.6580226904376013,39.5,676.0,0.0,3.75,0.0,0,0.9989811512990321
WA,530723001087,3702,Tiffany Park Elementary School,4.05,1.775,2.275,0,True,,0.6232558139534884,46.5,439.0,0.0,4.05,35027.0,1,0.9989811512990321
WA,530423000659,3703,Benjamin Rush Elementary,9.65,7.375,2.275,0,False,,0.067193675889328,84.0,681.0,0.0,9.6,0.0,0,0.9989811512990321
WA,530423000666,3704,Helen Keller Elementary,7.9,5.625,2.275,0,False,,0.2716049382716049,74.5,311.0,0.0,7.5,0.0,0,0.9989811512990321
WA,530039000062,3705,Bennett Elementary School,9.45,7.174999999999999,2.275,0,False,,0.102803738317757,81.0,484.0,0.0,8.95,0.0,0,0.9989811512990321
WA,530423000683,3706,Rose Hill Middle School,9.4,7.125,2.275,0,False,,0.1869469026548672,80.0,1025.0,0.0,9.3,0.0,0,0.9989811512990321
WA,530396000633,3707,Soos Creek Elementary School,4.85,2.5749999999999997,2.275,0,True,,0.5159574468085106,47.0,417.0,0.0,5.45,0.0,0,0.9989811512990321
WA,530396000617,3708,Grass Lake Elementary School,7.7,5.425000000000001,2.275,0,False,,0.2648083623693379,75.0,421.0,0.0,7.55,0.0,0,0.9989811512990321
WA,530585000870,3709,Olympic View Elementary,6.65,4.375,2.275,0,False,,0.4356060606060606,61.0,600.0,0.0,5.6,0.0,0,0.9989811512990321
WA,530585000872,3710,Timberline High School,6.4,4.125,2.275,0,False,,0.415041782729805,57.0,1458.0,1.0,6.55,0.0,0,0.9989811512990321
WA,530618000935,3711,Washington Middle School,8.72,6.445,2.275,0,False,,0.174346201743462,77.5,790.0,0.0,7.7,0.0,0,0.9989811512990321
WA,530771001205,3714,Lowell Elementary School,7.0,4.725,2.275,0,True,,0.7610619469026548,47.0,295.0,0.0,3.35,0.0,0,0.9989811512990321
WA,530771001157,3717,B F Day Elementary School,9.4,7.125,2.275,0,False,,0.208955223880597,82.0,409.0,0.0,9.2,0.0,0,0.9989811512990321
WA,530825001395,3718,Longfellow Elementary,3.3,1.025,2.275,0,True,,0.8951310861423221,35.0,506.0,0.0,3.15,31221.0,1,0.9989811512990321
WA,530825001393,3719,Logan Elementary,1.53,-0.7449999999999999,2.275,1,True,,0.9590909090909092,31.5,362.0,0.0,1.25,0.0,0,0.9989811512990321
WA,530633000947,3723,Orchard Prairie Elementary,7.15,4.875,2.275,0,True,,0.1836734693877551,54.5,78.0,0.0,7.93,0.0,0,0.9989811512990321
WA,530825001375,3727,Garfield Elementary,5.05,2.775,2.275,0,True,,0.7348837209302326,41.0,412.0,0.0,4.45,31221.0,1,0.9989811512990321
WA,530945001608,3728,Sharpstein Elementary School,5.25,2.975,2.275,0,True,,0.6435643564356436,41.0,398.0,0.0,5.25,0.0,0,0.9989811512990321
WA,530825001378,3729,Grant Elementary,1.55,-0.7249999999999999,2.275,1,True,,0.8548387096774194,29.5,359.0,0.0,1.5,35112.0,1,0.9989811512990321
WA,530648000958,3730,Scootney Springs Elementary,3.0,0.7250000000000001,2.275,0,True,,0.8986666666666666,34.0,640.0,0.0,4.05,0.0,0,0.9989811512990321
WA,530393000604,3731,Kamiakin High School,6.3,4.025,2.275,0,True,,,58.5,1806.0,1.0,6.15,0.0,0,0.9989811512990321
WA,530732001101,3732,Sacajawea Elementary,4.05,1.775,2.275,0,True,,0.5642857142857143,49.5,532.0,0.0,5.3,0.0,0,0.9989811512990321
WA,530927001558,3733,Dwight D Eisenhower Elementary,8.35,6.074999999999999,2.275,0,False,,0.4496644295302013,65.5,539.0,0.0,7.3,0.0,0,0.9989811512990321
WA,530927001576,3734,Martin Luther King Elementary,4.35,2.0749999999999997,2.275,0,True,,0.817351598173516,37.5,451.0,0.0,3.95,34223.0,1,0.9989811512990321
WA,530927001565,3735,Harry S Truman Elementary School,2.7,0.42500000000000027,2.275,0,True,,0.6292134831460674,43.0,524.0,0.0,1.8,34223.0,1,0.9989811512990321
WA,530270000413,3736,Burton Elementary School,1.95,-0.32499999999999996,2.275,1,True,,0.6336633663366337,35.0,387.0,0.0,1.7,0.0,0,0.9989811512990321
WA,530702001048,3737,Forks Elementary School,2.3,0.02499999999999991,2.275,0,True,,0.6875,47.0,363.0,0.0,4.0,0.0,0,0.9989811512990321
WA,530282000439,3738,Lake Dolloff Elementary School,3.35,1.0750000000000002,2.275,0,True,,0.8201754385964912,38.0,436.0,0.0,2.15,26142.0,1,0.9989811512990321
WA,530000100382,3739,Southwood Elementary School,5.55,3.275,2.275,0,True,,0.3266666666666666,62.0,331.0,0.0,6.45,0.0,0,0.9989811512990321
WA,530723001085,3740,Talbot Hill Elementary School,4.55,2.275,2.275,0,False,,0.425,50.0,458.0,0.0,5.2,0.0,0,0.9989811512990321
WA,530723001077,3741,Lindbergh Senior High School,5.85,3.5749999999999997,2.275,0,False,,0.5586206896551724,62.5,1210.0,1.0,5.4,0.0,0,0.9989811512990321
WA,530039000063,3742,Cherry Crest Elementary School,9.45,7.174999999999999,2.275,0,False,,0.026595744680851,94.5,654.0,0.0,9.45,0.0,0,0.9989811512990321
WA,530030000035,3745,Evergreen Heights Elementary,7.2,4.925000000000001,2.275,0,False,,0.4257028112449799,67.5,554.0,0.0,6.25,0.0,0,0.9989811512990321
WA,530375000570,3746,Apollo Elementary,9.65,7.375,2.275,0,True,,0.1498559077809798,76.5,613.0,0.0,9.6,0.0,0,0.9989811512990321
WA,530423000660,3747,Carl Sandburg Elementary,7.25,4.975,2.275,0,False,,0.0847457627118644,75.5,465.0,0.0,7.5,0.0,0,0.9989811512990321
WA,530423000668,3748,John Muir Elementary,7.25,4.975,2.275,0,True,,0.3676470588235294,67.5,425.0,0.0,8.25,31009.0,1,0.9989811512990321
WA,530591000896,3749,Woodin Elementary,7.6,5.324999999999999,2.275,0,True,,0.2976190476190476,58.5,519.0,0.0,6.9,0.0,0,0.9989811512990321
WA,530696001026,3750,Ballou Jr High,4.55,2.275,2.275,0,False,,0.4277016742770167,55.5,851.0,0.0,4.4,0.0,0,0.9989811512990321
WA,530048000128,3751,Spanaway Middle School,3.8,1.525,2.275,0,False,,0.6697247706422018,38.0,766.0,0.0,6.65,0.0,0,0.9989811512990321
WA,530267000393,3752,Eisenhower Middle School,6.55,4.275,2.275,0,False,,0.487674169346195,59.0,961.0,0.0,6.05,0.0,0,0.9989811512990321
WA,530420000655,3753,Sunnycrest Elementary School,8.0,5.725,2.275,0,False,,0.25,66.0,590.0,0.0,7.8,0.0,0,0.9989811512990321
WA,530240000337,3754,College Place Middle School,4.8,2.525,2.275,0,False,,0.4928571428571429,57.5,480.0,0.0,3.5,0.0,0,0.9989811512990321
WA,530240000346,3755,Lynnwood High School,5.8,3.525,2.275,0,False,,0.4642857142857143,59.5,1449.0,1.0,5.35,0.0,0,0.9989811512990321
WA,530825001411,3758,Garry Middle School,1.8,-0.47499999999999987,2.275,1,True,,0.8593481989708405,32.5,617.0,0.0,2.3,48647.0,1,0.9989811512990321
WA,530492000746,3759,Farwell Elementary School,9.03,6.754999999999999,2.275,0,True,,0.3405572755417956,70.0,576.0,0.0,7.3,0.0,0,0.9989811512990321
WA,530123000226,3761,Salnave Elementary,3.52,1.245,2.275,0,True,,0.6382978723404256,37.0,358.0,0.0,3.68,0.0,0,0.9989811512990321
WA,530285000463,3762,Vista Middle School,6.05,3.775,2.275,0,True,,0.511864406779661,47.5,581.0,0.0,6.45,31331.0,1,0.9989811512990321
WA,530141000265,3763,Oakbrook Elementary School,4.45,2.1750000000000003,2.275,0,False,,0.6404494382022472,54.5,338.0,0.0,4.25,0.0,0,0.9989811512990321
WA,530396000624,3764,Meeker Middle School,4.1,1.8249999999999997,2.275,0,False,,0.5919354838709677,50.0,715.0,0.0,3.9,0.0,0,0.9989811512990321
WA,530282000434,3766,Decatur High School,4.9,2.6250000000000004,2.275,0,False,,0.5270758122743683,41.0,1373.0,1.0,4.75,0.0,0,0.9989811512990321
WA,530423000670,3771,Juanita High School,8.05,5.775,2.275,0,False,,0.2326869806094182,70.5,1526.0,1.0,7.65,0.0,0,0.9989811512990321
WA,530771001249,3774,Aki Kurose Middle School,5.65,3.3750000000000004,2.275,0,True,,0.7881996974281392,44.0,657.0,0.0,5.2,0.0,0,0.9989811512990321
WA,530522000793,3779,North Elementary,5.2,2.9250000000000003,2.275,0,True,,0.916030534351145,39.5,264.0,0.0,6.1,0.0,0,0.9989811512990321
WA,530270000414,3785,Cascade Middle School,1.5,-0.7749999999999999,2.275,1,False,,0.6362637362637362,34.0,977.0,0.0,1.3,0.0,0,0.9989811512990321
WA,530735001107,3786,Union Ridge Elementary,6.92,4.645,2.275,0,False,,0.2339743589743589,69.5,886.0,0.0,8.6,0.0,0,0.9989811512990321
WA,530570000844,3787,Ocean Shores Elementary,2.5,0.2250000000000001,2.275,0,True,,0.75,39.5,295.0,0.0,3.85,0.0,0,0.9989811512990321
WA,530570002039,3788,North Beach Junior High School,3.05,0.7749999999999999,2.275,0,False,,0.7872340425531915,42.0,103.0,0.0,3.6,53716.0,1,0.9989811512990321
WA,530039000087,3789,Somerset Elementary School,9.95,7.674999999999999,2.275,0,False,,0.0545023696682464,92.0,668.0,0.0,9.95,0.0,0,0.9989811512990321
WA,530591000887,3790,Leota Middle School,7.05,4.775,2.275,0,False,,0.1385474860335195,73.0,924.0,0.0,7.1,0.0,0,0.9989811512990321
WA,530108000183,3791,Fairview Middle School,4.3,2.025,2.275,0,False,,0.531437125748503,52.0,720.0,0.0,3.4,0.0,0,0.9989811512990321
WA,530918001552,3792,Chambers Elementary,8.45,6.174999999999999,2.275,0,True,,0.4200913242009132,66.5,519.0,0.0,9.0,0.0,0,0.9989811512990321
WA,530297000484,3794,Freeman Elementary School,5.95,3.6750000000000003,2.275,0,True,,0.3103448275862069,65.0,367.0,0.0,6.83,0.0,0,0.9989811512990321
WA,530882001523,3795,Tenino Middle School,5.0,2.725,2.275,0,False,,0.5241157556270096,51.0,304.0,0.0,3.18,0.0,0,0.9989811512990321
WA,530057000131,3796,Blaine Middle School,5.3,3.025,2.275,0,False,,0.5215686274509804,51.5,512.0,0.0,4.8,0.0,0,0.9989811512990321
WA,530288000467,3798,Surprise Lake Middle School,3.0,0.7250000000000001,2.275,0,False,,0.4966442953020134,48.5,591.0,0.0,2.35,0.0,0,0.9989811512990321
WA,530852001437,3800,Wind River Middle School,5.0,2.725,2.275,0,True,,0.6068376068376068,39.5,144.0,0.0,6.1,0.0,0,0.9989811512990321
WA,530747001116,3801,Grand Mound Elementary,4.85,2.5749999999999997,2.275,0,True,,0.5657492354740061,56.0,510.0,0.0,6.3,0.0,0,0.9989811512990321
WA,530771001158,3803,Dearborn Park International School,6.25,3.975,2.275,0,True,,0.7289156626506024,42.0,348.0,0.0,8.4,0.0,0,0.9989811512990321
WA,530591000892,3811,Secondary Academy for Success,4.92,2.645,2.275,0,False,,0.2727272727272727,49.5,107.0,1.0,4.8,0.0,0,0.9989811512990321
WA,531011001814,3817,Martin Luther King Jr Elementary,3.5,1.225,2.275,0,True,,0.933774834437086,33.5,597.0,0.0,1.75,31456.0,1,0.9989811512990321
WA,530540000810,3821,La Venture Middle School,2.7,0.42500000000000027,2.275,0,True,,0.7774647887323943,35.0,760.0,0.0,3.25,36045.0,1,0.9989811512990321
WA,530270000416,3822,Crestline Elementary School,3.35,1.0750000000000002,2.275,0,True,,0.7615062761506276,42.5,545.0,0.0,2.15,0.0,0,0.9989811512990321
WA,530270000426,3823,Silver Star Elementary School,2.6,0.3250000000000002,2.275,0,True,,0.6553398058252428,39.5,467.0,0.0,2.35,34589.0,1,0.9989811512990321
WA,530030000029,3825,Alpac Elementary School,7.4,5.125,2.275,0,True,,0.6372881355932203,55.0,687.0,0.0,7.6,31003.0,1,0.9989811512990321
WA,530846001432,3827,Saltars Point Elementary,4.45,2.1750000000000003,2.275,0,True,,0.3068893528183716,58.0,471.0,0.0,4.5,0.0,0,0.9989811512990321
WA,530163000283,3831,Colville Junior High School,8.4,6.125,2.275,0,True,,0.5579710144927537,61.0,422.0,0.0,7.13,0.0,0,0.9989811512990321
WA,530732001095,3833,Hanford High School,7.2,4.925000000000001,2.275,0,False,,0.2594696969696969,68.5,2066.0,1.0,6.9,0.0,0,0.9989811512990321
WA,531014001715,3848,Southworth Elementary,4.98,2.7050000000000005,2.275,0,True,,0.4714828897338403,53.0,543.0,0.0,3.95,31081.0,1,0.9989811512990321
WA,530492000748,3851,Northwood Middle School,6.3,4.025,2.275,0,False,,0.2815432742440041,67.0,1356.0,0.0,5.4,0.0,0,0.9989811512990321
WA,530423001784,3855,Emerson High School,4.25,1.975,2.275,0,False,,0.1666666666666666,24.5,54.0,1.0,4.05,0.0,0,0.9989811512990321
WA,530423000673,3856,Community School,7.9,5.625,2.275,0,False,,,,72.0,0.0,8.7,0.0,0,0.9989811512990321
WA,530771001132,3874,Licton Springs K-8,4.85,2.5749999999999997,2.275,0,True,,0.6086956521739131,49.5,164.0,0.0,2.5,0.0,0,0.9989811512990321
WA,530375000580,3879,Pine Lake Middle School,8.85,6.574999999999999,2.275,0,False,,0.0328389830508474,81.0,942.0,0.0,9.15,0.0,0,0.9989811512990321
WA,530870001466,3880,Foss High School,4.7,2.4250000000000003,2.275,0,False,,0.7583892617449665,39.5,627.0,1.0,4.4,0.0,0,0.9989811512990321
WA,530111000193,3890,Evergreen Middle School,7.8,5.525,2.275,0,False,,0.3508064516129032,60.0,701.0,0.0,7.08,0.0,0,0.9989811512990321
WA,530735001108,3891,View Ridge Middle School,5.75,3.475,2.275,0,False,,0.2706422018348624,62.5,536.0,0.0,5.6,0.0,0,0.9989811512990321
WA,530426000686,3893,Lakewood Middle School,4.35,2.0749999999999997,2.275,0,False,,0.4118673647469459,49.5,652.0,0.0,3.3,0.0,0,0.9989811512990321
WA,530483000732,3894,Springdale Middle School,2.15,-0.125,2.275,1,True,,0.8440366972477065,29.5,108.0,0.0,3.2,0.0,0,0.9989811512990321
WA,530696001041,3896,Sunrise Elementary,6.3,4.025,2.275,0,True,,0.4894366197183099,57.0,786.0,0.0,5.5,0.0,0,0.9989811512990321
WA,530282000437,3898,Illahee Middle School,3.25,0.9750000000000001,2.275,0,False,,0.6245306633291614,40.0,877.0,0.0,3.25,0.0,0,0.9989811512990321
WA,530411001905,3900,La Conner Middle,2.85,0.5750000000000002,2.275,0,False,,0.609271523178808,39.5,157.0,0.0,2.15,0.0,0,0.9989811512990321
WA,530927001562,3902,Gaiser Middle School,2.2,-0.07499999999999973,2.275,1,False,,0.6172248803827751,37.5,921.0,0.0,1.25,0.0,0,0.9989811512990321
WA,530951001620,3909,Warden Middle School,3.4,1.125,2.275,0,True,,0.8697478991596639,36.0,250.0,0.0,3.0,0.0,0,0.9989811512990321
WA,530657000968,3912,New Horizons High School,2.2,-0.07499999999999973,2.275,1,True,,1.0,,249.0,1.0,2.7,53237.0,1,0.9989811512990321
WA,530792001317,3921,Shorewood High School,6.85,4.574999999999999,2.275,0,False,,0.2927536231884058,72.5,1553.0,1.0,7.55,0.0,0,0.9989811512990321
WA,530423000671,3922,Kamiakin Middle School,7.15,4.875,2.275,0,False,,0.3539823008849557,64.0,604.0,0.0,7.55,0.0,0,0.9989811512990321
WA,530732002504,3926,Enterprise Middle School,5.0,2.725,2.275,0,False,,0.3412256267409471,55.5,726.0,0.0,4.9,0.0,0,0.9989811512990321
WA,530696001037,3927,Northwood Elementary,5.7,3.4250000000000003,2.275,0,False,,0.3428571428571428,65.0,521.0,0.0,6.7,0.0,0,0.9989811512990321
WA,530111000192,3929,Chester Elementary School,8.65,6.375,2.275,0,False,,0.247148288973384,64.0,440.0,0.0,8.25,0.0,0,0.9989811512990321
WA,530501000767,3930,Meridian Middle School,6.5,4.225,2.275,0,False,,0.4674556213017751,52.0,363.0,0.0,5.5,0.0,0,0.9989811512990321
WA,530927001579,3932,Lewis and Clark High School,7.02,4.744999999999999,2.275,0,False,,0.5,49.75,89.0,1.0,7.18,0.0,0,0.9989811512990321
WA,530876001515,3937,Maple View Middle School,6.3,4.025,2.275,0,False,,0.2016048144433299,65.5,1058.0,0.0,7.8,0.0,0,0.9989811512990321
WA,530594000901,3939,North Whidbey Middle School,6.1,3.8249999999999997,2.275,0,False,,0.4272486772486772,54.5,841.0,0.0,6.3,0.0,0,0.9989811512990321
WA,530423000677,3941,Peter Kirk Elementary,8.65,6.375,2.275,0,False,,0.0675675675675675,79.5,636.0,0.0,8.9,0.0,0,0.9989811512990321
WA,530774001275,3942,Evergreen Elementary School,5.65,3.3750000000000004,2.275,0,True,,0.6863905325443787,41.0,600.0,0.0,5.55,36089.0,1,0.9989811512990321
WA,530792000404,3958,Meridian Park Elementary School,9.6,7.324999999999999,2.275,0,True,,0.2853470437017995,79.0,745.0,0.0,9.85,0.0,0,0.9989811512990321
WA,530618000923,3960,Capital High School,7.45,5.175000000000001,2.275,0,True,,0.3107692307692307,71.0,1389.0,1.0,6.75,0.0,0,0.9989811512990321
WA,530402000640,3961,Kiona-Benton City Middle School,1.5,-0.7749999999999999,2.275,1,False,,0.7442622950819672,26.0,347.0,0.0,1.65,46768.0,1,0.9989811512990321
WA,530375000576,3962,Liberty Sr High School,9.35,7.074999999999999,2.275,0,False,,0.1096605744125326,74.5,1460.0,1.0,9.4,0.0,0,0.9989811512990321
WA,530486000734,3964,Liberty Elementary,2.45,0.17500000000000027,2.275,0,True,,0.7880184331797235,35.5,430.0,0.0,2.75,34654.0,1,0.9989811512990321
WA,530495000756,3965,Medical Lake Middle School,6.78,4.505000000000001,2.275,0,False,,0.4076923076923077,57.0,403.0,0.0,7.08,0.0,0,0.9989811512990321
WA,530561001911,3968,Sadie Halstead Middle School,3.93,1.6550000000000002,2.275,0,True,,0.6666666666666666,46.0,344.0,0.0,3.7,0.0,0,0.9989811512990321
WA,530099000173,3969,Castle Rock Middle School,4.38,2.105,2.275,0,True,,0.5638629283489096,46.5,363.0,0.0,2.9,0.0,0,0.9989811512990321
WA,530270000427,3970,Sunset Elementary School,1.8,-0.47499999999999987,2.275,1,True,,0.6395348837209303,38.5,525.0,0.0,1.9,0.0,0,0.9989811512990321
WA,530270000419,3971,Fircrest Elementary School,3.15,0.875,2.275,0,True,,0.6470588235294118,42.5,475.0,0.0,2.7,36089.0,1,0.9989811512990321
WA,530696001023,3972,E B Walker High School,2.85,0.5750000000000002,2.275,0,False,,0.5,20.0,95.0,1.0,2.85,0.0,0,0.9989811512990321
WA,530771001253,3974,Thornton Creek Elementary School,9.2,6.924999999999999,2.275,0,False,,0.0688073394495412,79.5,580.0,0.0,9.65,0.0,0,0.9989811512990321
WA,530891001528,3977,Toledo Middle School,6.8,4.525,2.275,0,False,,0.6263736263736264,62.0,209.0,0.0,4.98,0.0,0,0.9989811512990321
WA,530270000420,3994,Image Elementary School,3.4,1.125,2.275,0,True,,0.5912806539509536,59.0,679.0,0.0,1.85,0.0,0,0.9989811512990321
WA,530270000424,3995,Riverview Elementary School,5.8,3.525,2.275,0,True,,0.4877049180327868,43.0,467.0,0.0,5.7,30546.0,1,0.9989811512990321
WA,530038000055,3996,Pleasant Valley Primary,5.3,3.025,2.275,0,True,,0.3866666666666666,60.0,521.0,0.0,3.85,0.0,0,0.9989811512990321
WA,530038000054,3997,Pleasant Valley Middle,6.5,4.225,2.275,0,False,,0.3920145190562613,51.0,494.0,0.0,5.7,0.0,0,0.9989811512990321
WA,530867001450,4000,Chief Kamiakin Elementary School,4.0,1.725,2.275,0,True,,0.9080188679245284,43.5,648.0,0.0,3.0,0.0,0,0.9989811512990321
WA,530180002049,4004,Coupeville Middle School,5.68,3.405,2.275,0,False,,0.3276595744680851,63.0,220.0,0.0,6.13,0.0,0,0.9989811512990321
WA,530204002513,4011,Dayton Middle School,5.53,3.2550000000000003,2.275,0,True,,0.4791666666666667,62.0,98.0,0.0,3.9,0.0,0,0.9989811512990321
WA,530540002584,4013,Little Mountain Elementary,4.5,2.225,2.275,0,True,,0.6332288401253918,47.0,525.0,0.0,4.3,32050.0,1,0.9989811512990321
WA,530108000181,4014,Cottonwood Elementary School,5.28,3.0050000000000003,2.275,0,True,,0.4397590361445783,67.0,374.0,0.0,4.35,0.0,0,0.9989811512990321
WA,530108000182,4015,Esquire Hills Elementary,5.55,3.275,2.275,0,True,,0.5524861878453039,59.5,345.0,0.0,6.65,0.0,0,0.9989811512990321
WA,530108000180,4016,Clear Creek Elementary School,6.1,3.8249999999999997,2.275,0,True,,0.5677966101694916,57.0,543.0,0.0,4.8,0.0,0,0.9989811512990321
WA,530591000878,4017,Canyon Creek Elementary,9.1,6.824999999999999,2.275,0,False,,0.1842105263157894,71.5,722.0,0.0,9.1,0.0,0,0.9989811512990321
WA,530423000661,4018,Emily Dickinson Elementary,8.9,6.625,2.275,0,False,,0.11,72.0,516.0,0.0,8.65,0.0,0,0.9989811512990321
WA,530591000891,4021,Northshore Middle School,6.6,4.324999999999999,2.275,0,False,,0.1541850220264317,69.0,942.0,0.0,7.95,0.0,0,0.9989811512990321
WA,530948001611,4022,Pace Alternative High School,1.65,-0.625,2.275,1,True,,0.8,24.5,77.0,1.0,2.65,52636.0,1,0.9989811512990321
WA,530393000598,4028,Desert Hills Middle School,5.6,3.3249999999999997,2.275,0,False,,,63.0,923.0,0.0,5.45,0.0,0,0.9989811512990321
WA,530816001345,4029,Burley Glenwood Elementary,6.58,4.305,2.275,0,False,,0.4439655172413793,62.0,493.0,0.0,5.78,0.0,0,0.9989811512990321
WA,530291002100,4031,Finley Middle School,2.4,0.125,2.275,0,True,,0.7653061224489796,34.5,204.0,0.0,2.4,0.0,0,0.9989811512990321
WA,530744001115,4033,Riverside Elementary,7.28,5.005000000000001,2.275,0,True,,0.5482233502538071,44.5,380.0,0.0,6.78,0.0,0,0.9989811512990321
WA,530927001581,4034,Sacajawea Elementary School,4.7,2.4250000000000003,2.275,0,False,,0.5380710659898477,47.0,407.0,0.0,4.85,0.0,0,0.9989811512990321
WA,530825001398,4035,Mullan Road Elementary,8.2,5.924999999999999,2.275,0,False,,0.3658536585365853,71.0,674.0,0.0,7.6,0.0,0,0.9989811512990321
WA,530564000836,4036,Lake Spokane Elementary,3.15,0.875,2.275,0,True,,0.3459915611814346,48.5,465.0,0.0,4.05,0.0,0,0.9989811512990321
WA,530606003050,4039,Ocean Park Elementary,2.3,0.02499999999999991,2.275,0,True,,0.8214285714285714,34.5,237.0,0.0,2.55,34574.0,1,0.9989811512990321
WA,530972001653,4040,West Valley Mid-Level Campus,6.25,3.975,2.275,0,True,,0.4456391875746714,60.5,883.0,0.0,6.65,0.0,0,0.9989811512990321
WA,530657000971,4041,Ruth Livingston Elementary,7.15,4.875,2.275,0,True,,0.4633204633204633,67.0,674.0,0.0,7.15,0.0,0,0.9989811512990321
WA,530270000412,4042,Legacy High School,3.4,1.125,2.275,0,False,,0.5535714285714286,29.75,200.0,1.0,3.45,0.0,0,0.9989811512990321
WA,530159001758,4049,Columbia High School,3.45,1.1750000000000003,2.275,0,False,,0.5535714285714286,34.75,226.0,1.0,4.2,0.0,0,0.9989811512990321
WA,530270000428,4051,Wyeast Middle School,3.2,0.9250000000000003,2.275,0,False,,0.6238425925925926,40.0,871.0,0.0,2.95,0.0,0,0.9989811512990321
WA,530537000806,4055,East Valley Central Middle School,5.45,3.1750000000000003,2.275,0,False,,0.6223067173637515,57.0,815.0,0.0,4.5,0.0,0,0.9989811512990321
WA,530585000863,4058,Evergreen Forest Elementary,8.85,6.574999999999999,2.275,0,False,,0.431578947368421,63.0,548.0,0.0,7.45,0.0,0,0.9989811512990321
WA,530732001103,4059,Tapteal Elementary School,4.65,2.3750000000000004,2.275,0,True,,0.5391566265060241,49.5,653.0,0.0,4.05,0.0,0,0.9989811512990321
WA,530732001090,4060,Badger Mountain Elementary,5.05,2.775,2.275,0,False,,0.3707165109034268,56.5,583.0,0.0,5.9,0.0,0,0.9989811512990321
WA,530033000047,4062,Ordway Elementary,8.85,6.574999999999999,2.275,0,True,,0.0970149253731343,84.5,384.0,0.0,7.48,0.0,0,0.9989811512990321
WA,530771001259,4064,Washington Middle School,6.05,3.775,2.275,0,False,,0.3894230769230769,71.0,605.0,0.0,5.6,0.0,0,0.9989811512990321
WA,530771002231,4065,Orca K-8 School,6.05,3.775,2.275,0,True,,0.3690987124463519,56.5,406.0,0.0,6.0,0.0,0,0.9989811512990321
WA,530591000894,4069,Wellington Elementary,8.33,6.055,2.275,0,False,,0.1092436974789916,78.0,547.0,0.0,8.9,0.0,0,0.9989811512990321
WA,530945001607,4071,Lincoln High School,4.95,2.6750000000000003,2.275,0,True,,0.8823529411764706,19.75,152.0,1.0,5.95,0.0,0,0.9989811512990321
WA,530393000597,4072,Canyon View Elementary School,5.85,3.5749999999999997,2.275,0,True,,,51.5,420.0,0.0,6.4,0.0,0,0.9989811512990321
WA,530393000608,4073,Southgate Elementary School,3.45,1.1750000000000003,2.275,0,True,,,45.5,456.0,0.0,5.0,30810.0,1,0.9989811512990321
WA,530927001559,4075,Felida Elementary School,8.2,5.924999999999999,2.275,0,False,,0.1324324324324324,72.5,711.0,0.0,6.9,0.0,0,0.9989811512990321
WA,530816001350,4079,Manchester Elementary School,4.78,2.5050000000000003,2.275,0,False,,0.4449760765550239,58.5,476.0,0.0,5.35,0.0,0,0.9989811512990321
WA,530669000981,4080,Discovery Elementary School,9.43,7.154999999999999,2.275,0,False,,0.1751592356687898,77.0,693.0,0.0,9.38,0.0,0,0.9989811512990321
WA,530669001793,4081,Gig Harbor High,8.62,6.344999999999999,2.275,0,False,,0.1318681318681318,70.5,1480.0,1.0,8.5,0.0,0,0.9989811512990321
WA,530423001785,4096,Margaret Mead Elementary,7.4,5.125,2.275,0,False,,0.0616883116883116,84.5,667.0,0.0,7.4,0.0,0,0.9989811512990321
WA,530228001760,4097,East Farms STEAM School,5.35,3.0749999999999997,2.275,0,True,,0.5568627450980392,52.0,443.0,0.0,5.25,0.0,0,0.9989811512990321
WA,530111001756,4098,Ponderosa Elementary,5.85,3.5749999999999997,2.275,0,False,,0.3018018018018018,67.0,454.0,0.0,6.63,0.0,0,0.9989811512990321
WA,530048001748,4099,Evergreen Elementary,5.75,3.475,2.275,0,True,,0.6818181818181818,73.0,533.0,0.0,3.6,0.0,0,0.9989811512990321
WA,530108001753,4100,Olympic High School,5.25,2.975,2.275,0,False,,0.4229390681003584,54.5,1224.0,1.0,5.25,0.0,0,0.9989811512990321
WA,530108001754,4101,Silverdale Elementary,5.6,3.3249999999999997,2.275,0,False,,0.4152542372881356,57.0,466.0,0.0,7.3,0.0,0,0.9989811512990321
WA,530048001749,4102,Naches Trail Elementary,8.5,6.225,2.275,0,True,,0.4779874213836478,71.0,487.0,0.0,7.35,0.0,0,0.9989811512990321
WA,530048001750,4103,Shining Mountain Elementary,5.95,3.6750000000000003,2.275,0,True,,0.6903073286052009,47.5,769.0,0.0,4.3,30917.0,1,0.9989811512990321
WA,530038001747,4104,Prairie High School,6.05,3.775,2.275,0,False,,0.3324675324675324,60.0,1573.0,1.0,5.55,0.0,0,0.9989811512990321
WA,530897001812,4106,Kirkwood Elementary School,1.9,-0.375,2.275,1,True,,0.9571428571428572,22.0,482.0,0.0,1.9,51363.0,1,0.9989811512990321
WA,530453001787,4107,Lopez Elementary School,5.97,3.695,2.275,0,True,,0.4769230769230769,54.5,117.0,0.0,5.1,0.0,0,0.9989811512990321
WA,530321001770,4113,Granite Falls Middle School,1.65,-0.625,2.275,1,False,,0.4525,29.5,459.0,0.0,3.3,47975.0,1,0.9989811512990321
WA,530030001744,4120,Lake View Elementary School,6.95,4.675000000000001,2.275,0,False,,0.4605263157894737,63.5,518.0,0.0,6.45,0.0,0,0.9989811512990321
WA,530696001795,4121,Ridgecrest Elementary,8.93,6.654999999999999,2.275,0,True,,0.4504792332268371,73.5,488.0,0.0,8.05,0.0,0,0.9989811512990321
WA,530585001857,4122,Woodland Elementary,5.97,3.695,2.275,0,False,,0.4384615384615384,59.5,517.0,0.0,7.45,0.0,0,0.9989811512990321
WA,530207001759,4123,Deer Park High School,7.5,5.225,2.275,0,False,,0.5142857142857142,57.0,700.0,1.0,7.45,0.0,0,0.9989811512990321
WA,530591001791,4124,Hollywood Hill Elementary,8.85,6.574999999999999,2.275,0,False,,0.1341463414634146,67.0,377.0,0.0,9.55,0.0,0,0.9989811512990321
WA,530267001792,4125,Woodside Elementary,8.65,6.375,2.275,0,False,,0.3927492447129909,70.5,575.0,0.0,8.85,0.0,0,0.9989811512990321
WA,530396001779,4126,Crestwood Elementary School,7.15,4.875,2.275,0,False,,0.2972972972972973,59.5,521.0,0.0,6.9,0.0,0,0.9989811512990321
WA,530396001780,4127,Mattson Middle School,4.1,1.8249999999999997,2.275,0,False,,0.4368770764119601,54.5,689.0,0.0,3.65,0.0,0,0.9989811512990321
WA,530396001840,4128,Kentwood High School,7.75,5.475,2.275,0,False,,0.3986784140969163,66.5,1881.0,1.0,6.85,0.0,0,0.9989811512990321
WA,530285001768,4130,Skyline Elementary School,4.8,2.525,2.275,0,False,,0.5023474178403756,48.5,448.0,0.0,4.55,0.0,0,0.9989811512990321
WA,530846001807,4131,Steilacoom High,7.98,5.705,2.275,0,False,,0.0722433460076045,85.5,1037.0,1.0,7.5,0.0,0,0.9989811512990321
WA,530861001808,4132,Lakeridge Middle School,7.78,5.505000000000001,2.275,0,True,,0.2662162162162162,69.0,785.0,0.0,7.9,0.0,0,0.9989811512990321
WA,530492001804,4133,Midway Elementary,7.83,5.555,2.275,0,False,,0.1834625322997416,74.0,623.0,0.0,7.0,0.0,0,0.9989811512990321
WA,530492001789,4134,Shiloh Hills Elementary,8.05,5.775,2.275,0,True,,0.7554179566563467,53.5,561.0,0.0,7.05,0.0,0,0.9989811512990321
WA,530108001752,4135,Woodlands Elementary,5.0,2.725,2.275,0,True,,0.6,52.0,413.0,0.0,5.9,0.0,0,0.9989811512990321
WA,530393001774,4136,Sunset View Elementary School,4.1,1.8249999999999997,2.275,0,True,,,55.0,406.0,0.0,3.5,0.0,0,0.9989811512990321
WA,530267001765,4137,Sequoia High School,3.77,1.495,2.275,0,False,,0.6666666666666666,24.75,214.0,1.0,3.68,0.0,0,0.9989811512990321
WA,530420001906,4139,North Lake Middle School,6.05,3.775,2.275,0,False,,0.2889784946236559,61.5,839.0,0.0,7.05,0.0,0,0.9989811512990321
WA,530816001803,4141,Sunnyslope Elementary School,6.05,3.775,2.275,0,False,,0.3831775700934579,63.0,518.0,0.0,7.65,0.0,0,0.9989811512990321
WA,530816001877,4142,John Sedgwick Middle School,6.78,4.505000000000001,2.275,0,False,,0.3233287858117326,60.5,759.0,0.0,6.55,0.0,0,0.9989811512990321
WA,530038003681,4144,Maple Grove Primary,6.0,3.725,2.275,0,True,,,,599.0,0.0,4.75,0.0,0,0.9989811512990321
WA,530802001790,4145,Valley View Middle School,7.65,5.375,2.275,0,False,,0.1474164133738602,69.0,687.0,0.0,7.0,0.0,0,0.9989811512990321
WA,530696001866,4146,Pope Elementary,6.35,4.074999999999999,2.275,0,True,,0.3873626373626374,60.0,487.0,0.0,6.2,0.0,0,0.9989811512990321
WA,530423001842,4147,Norman Rockwell Elementary,8.65,6.375,2.275,0,False,,0.0451127819548872,86.5,543.0,0.0,8.4,0.0,0,0.9989811512990321
WA,530423001841,4148,Evergreen Middle School,9.45,7.174999999999999,2.275,0,False,,0.0665571076417419,88.5,648.0,0.0,9.45,0.0,0,0.9989811512990321
WA,530819001878,4149,South Whidbey High School,7.65,5.375,2.275,0,False,,0.1847826086956521,72.0,449.0,1.0,7.05,0.0,0,0.9989811512990321
WA,530486001847,4150,Marshall Elementary,1.6,-0.6749999999999998,2.275,1,False,,0.5988023952095808,39.5,363.0,0.0,2.3,0.0,0,0.9989811512990321
WA,530024001815,4154,Presidents Elementary,3.9,1.625,2.275,0,False,,0.3829787234042553,59.5,577.0,0.0,3.2,0.0,0,0.9989811512990321
WA,530657001860,4155,James McGee Elementary,6.35,4.074999999999999,2.275,0,True,,0.628428927680798,44.5,601.0,0.0,5.15,0.0,0,0.9989811512990321
WA,530669001863,4156,Key Peninsula Middle School,5.28,3.0050000000000003,2.275,0,True,,0.4444444444444444,57.0,467.0,0.0,3.5,0.0,0,0.9989811512990321
WA,530048001821,4158,Spanaway Lake High School,4.5,2.225,2.275,0,False,,0.6108247422680413,43.0,1517.0,1.0,4.9,0.0,0,0.9989811512990321
WA,530513001849,4159,Salem Woods Elementary School,6.6,4.324999999999999,2.275,0,False,,0.2408759124087591,64.5,522.0,0.0,8.95,0.0,0,0.9989811512990321
WA,530111001827,4160,Sunrise Elementary,7.5,5.225,2.275,0,False,,0.1634615384615384,74.5,673.0,0.0,6.9,0.0,0,0.9989811512990321
WA,530270001834,4162,Mountain View High School,7.15,4.875,2.275,0,False,,0.3632075471698113,56.5,1744.0,1.0,6.45,0.0,0,0.9989811512990321
WA,530270001833,4163,Hearthwood Elementary School,3.2,0.9250000000000003,2.275,0,True,,0.6313131313131313,37.0,402.0,0.0,4.15,36014.0,1,0.9989811512990321
WA,530543001852,4164,Mukilteo Elementary,8.5,6.225,2.275,0,False,,0.1634349030470914,72.0,601.0,0.0,8.45,0.0,0,0.9989811512990321
WA,530543001853,4165,Picnic Point Elementary,6.35,4.074999999999999,2.275,0,False,,0.4186046511627907,61.0,443.0,0.0,5.8,0.0,0,0.9989811512990321
WA,530861001886,4166,Victor Falls Elementary,6.15,3.8750000000000004,2.275,0,False,,0.2394822006472491,70.0,599.0,0.0,5.05,0.0,0,0.9989811512990321
WA,530423001843,4167,Northstar Middle School,9.95,7.674999999999999,2.275,0,False,,0.0113636363636363,97.5,90.0,0.0,9.95,0.0,0,0.9989811512990321
WA,530978001894,4170,Wilkeson Elementary School,8.43,6.154999999999999,2.275,0,False,,0.2876712328767123,64.5,305.0,0.0,7.68,0.0,0,0.9989811512990321
WA,530163001898,4180,Fort Colville Elementary,6.2,3.9250000000000003,2.275,0,True,,0.5721518987341773,60.0,377.0,0.0,6.08,0.0,0,0.9989811512990321
WA,530393001903,4181,Lincoln Elementary School,4.0,1.725,2.275,0,True,,,61.0,516.0,0.0,4.3,0.0,0,0.9989811512990321
WA,530081001823,4182,Dorothy Fox,9.4,7.125,2.275,0,False,,0.1050583657587548,81.5,498.0,0.0,9.35,0.0,0,0.9989811512990321
WA,530696001865,4183,Ferrucci Jr High,4.35,2.0749999999999997,2.275,0,False,,0.4724857685009487,55.5,727.0,0.0,3.6,0.0,0,0.9989811512990321
WA,530802002028,4184,Seattle Hill Elementary,7.35,5.074999999999999,2.275,0,False,,0.1959287531806615,67.0,636.0,0.0,6.55,0.0,0,0.9989811512990321
WA,530111001826,4185,Horizon Middle School,7.2,4.925000000000001,2.275,0,False,,0.2565055762081784,64.5,509.0,0.0,7.93,0.0,0,0.9989811512990321
WA,530048001819,4186,Cedarcrest Middle School,2.15,-0.125,2.275,1,False,,0.6293222683264177,41.5,764.0,0.0,1.9,0.0,0,0.9989811512990321
WA,530591001993,4187,Sunrise Elementary,9.95,7.674999999999999,2.275,0,False,,0.0123456790123456,89.5,297.0,0.0,8.95,0.0,0,0.9989811512990321
WA,530669002007,4189,Minter Creek Elementary,5.15,2.8750000000000004,2.275,0,True,,0.3432835820895522,62.0,424.0,0.0,6.23,0.0,0,0.9989811512990321
WA,530825001883,4192,Woodridge Elementary,6.98,4.705,2.275,0,False,,0.3515625,68.0,447.0,0.0,4.48,0.0,0,0.9989811512990321
WA,530894001647,4196,Tonasket Middle School,5.05,2.775,2.275,0,True,,0.7588652482269503,45.0,260.0,0.0,4.5,0.0,0,0.9989811512990321
WA,530462002259,4201,Lynden High School,6.0,3.725,2.275,0,False,,0.3482142857142857,55.5,945.0,1.0,5.85,0.0,0,0.9989811512990321
WA,530393001839,4202,Cascade Elementary School,3.7,1.4250000000000003,2.275,0,True,,,52.5,593.0,0.0,4.8,0.0,0,0.9989811512990321
WA,530426002117,4204,Lakewood High School,4.55,2.275,2.275,0,False,,0.3397435897435897,52.0,787.0,1.0,4.15,0.0,0,0.9989811512990321
WA,530910001889,4205,Black Lake Elementary,6.55,4.275,2.275,0,False,,0.365079365079365,72.0,378.0,0.0,3.9,0.0,0,0.9989811512990321
WA,530399001967,4206,Kettle Falls High School,6.42,4.145,2.275,0,False,,0.6428571428571429,39.5,249.0,1.0,5.88,0.0,0,0.9989811512990321
WA,530954001892,4207,Jemtegaard Middle School,6.9,4.625,2.275,0,False,,0.450199203187251,60.0,517.0,0.0,6.4,0.0,0,0.9989811512990321
WA,530591001994,4208,Woodinville HS,9.35,7.074999999999999,2.275,0,False,,0.0796252927400468,80.5,1696.0,1.0,9.35,0.0,0,0.9989811512990321
WA,530270001901,4209,Pacific Middle School,3.85,1.5750000000000002,2.275,0,False,,0.4137931034482758,49.5,1020.0,0.0,4.3,0.0,0,0.9989811512990321
WA,530000102054,4210,Enumclaw Middle School,7.15,4.875,2.275,0,False,,0.3675564681724846,60.0,505.0,0.0,6.8,0.0,0,0.9989811512990321
WA,530072001271,4213,Bridgeport Middle School,3.7,1.4250000000000003,2.275,0,True,,0.9726775956284152,22.0,199.0,0.0,3.5,0.0,0,0.9989811512990321
WA,530000202870,4214,Inchelium Middle School,2.75,0.4750000000000001,2.275,0,True,,0.7924528301886793,19.75,51.0,0.0,6.0,50000.0,1,0.9989811512990321
WA,530000202871,4215,Inchelium Elementary School,2.63,0.355,2.275,0,True,,0.851063829787234,29.5,91.0,0.0,4.3,50000.0,1,0.9989811512990321
WA,530771002933,4218,South Shore PK-8 School,4.55,2.275,2.275,0,True,,0.6816901408450704,47.5,596.0,0.0,4.95,0.0,0,0.9989811512990321
WA,530669001862,4219,Kopachuck Middle School,7.3,5.025,2.275,0,False,,0.1337209302325581,71.5,533.0,0.0,8.63,0.0,0,0.9989811512990321
WA,530606002528,4220,Ilwaco High School,4.3,2.025,2.275,0,False,,0.6029411764705882,29.5,311.0,1.0,5.1,0.0,0,0.9989811512990321
WA,531017001896,4221,Zillah Intermediate School,5.45,3.1750000000000003,2.275,0,True,,0.6283783783783784,65.0,296.0,0.0,4.2,0.0,0,0.9989811512990321
WA,530936001890,4222,Morris Schott Elementary,4.7,2.4250000000000003,2.275,0,True,,0.9655172413793104,12.0,243.0,0.0,3.9,0.0,0,0.9989811512990321
WA,530069002284,4223,Brewster Middle School,5.35,3.0749999999999997,2.275,0,True,,0.9375,43.5,236.0,0.0,4.45,0.0,0,0.9989811512990321
WA,531014001916,4224,Yelm Prairie Elementary,6.23,3.9550000000000005,2.275,0,True,,0.4684684684684684,55.0,444.0,0.0,4.85,0.0,0,0.9989811512990321
WA,530438001908,4226,Liberty Jr High & Elementary,5.4,3.1250000000000004,2.275,0,True,,0.4034334763948498,62.5,392.0,0.0,5.48,0.0,0,0.9989811512990321
WA,530048001925,4227,Rocky Ridge Elementary,4.05,1.775,2.275,0,True,,0.6141078838174274,59.5,435.0,0.0,4.55,30917.0,1,0.9989811512990321
WA,530744002013,4228,Riverside High School,5.92,3.645,2.275,0,False,,0.5480769230769231,49.5,444.0,1.0,5.95,0.0,0,0.9989811512990321
WA,530237001899,4230,Eatonville Middle School,3.83,1.5550000000000002,2.275,0,False,,0.4177545691906005,51.5,424.0,0.0,3.18,0.0,0,0.9989811512990321
WA,530543001910,4231,Explorer Middle School,4.4,2.1250000000000004,2.275,0,False,,0.6674008810572687,44.5,976.0,0.0,4.55,0.0,0,0.9989811512990321
WA,530963003150,4232,Wellpinit Middle School,1.25,-1.025,2.275,1,True,,0.8902439024390244,22.0,82.0,0.0,1.25,47560.0,1,0.9989811512990321
WA,530622001912,4237,Omak Middle School,1.2,-1.075,2.275,1,False,,0.648876404494382,21.0,397.0,0.0,1.1,48323.0,1,0.9989811512990321
WA,530882002241,4238,Tenino Elementary School,7.45,5.175000000000001,2.275,0,True,,0.5286195286195287,52.0,327.0,0.0,5.03,0.0,0,0.9989811512990321
WA,530802002029,4241,Dutch Hill Elementary,8.35,6.074999999999999,2.275,0,False,,0.1489361702127659,65.0,587.0,0.0,7.5,0.0,0,0.9989811512990321
WA,530249002060,4245,Elma Middle School,4.6,2.3249999999999997,2.275,0,False,,0.7828571428571428,48.0,366.0,0.0,3.9,0.0,0,0.9989811512990321
WA,530771002269,4248,Hawthorne Elementary School,7.0,4.725,2.275,0,False,,0.5128205128205128,57.0,430.0,0.0,6.8,0.0,0,0.9989811512990321
WA,530108002056,4249,Ridgetop Middle School,6.5,4.225,2.275,0,False,,0.3980978260869565,60.0,737.0,0.0,5.9,0.0,0,0.9989811512990321
WA,530861002169,4250,Emerald Hills Elementary,7.67,5.395,2.275,0,True,,0.2509225092250922,81.5,541.0,0.0,7.05,0.0,0,0.9989811512990321
WA,530936002070,4254,Wahluke High School,4.7,2.4250000000000003,2.275,0,True,,0.8954248366013072,29.5,666.0,1.0,5.25,0.0,0,0.9989811512990321
WA,530585002064,4255,Meadows Elementary,7.1,4.824999999999999,2.275,0,False,,0.3061889250814332,68.5,810.0,0.0,5.6,0.0,0,0.9989811512990321
WA,530423002062,4256,Louisa May Alcott Elementary,9.85,7.574999999999999,2.275,0,False,,0.0394366197183098,87.5,715.0,0.0,9.35,0.0,0,0.9989811512990321
WA,530120002058,4260,Chelan High School,8.0,5.725,2.275,0,True,,0.6173913043478261,59.5,456.0,1.0,7.9,0.0,0,0.9989811512990321
WA,530645002066,4262,Orting Middle School,4.13,1.855,2.275,0,False,,0.3553846153846154,45.5,692.0,0.0,3.75,0.0,0,0.9989811512990321
WA,530903002069,4264,Toutle Lake Elementary,4.85,2.5749999999999997,2.275,0,True,,0.4573991031390134,57.5,383.0,0.0,3.05,0.0,0,0.9989811512990321
WA,530585002129,4271,Pleasant Glade Elementary,5.25,2.975,2.275,0,True,,0.6458333333333334,62.0,448.0,0.0,4.95,0.0,0,0.9989811512990321
WA,530855002168,4274,Sultan Senior High School,4.45,2.1750000000000003,2.275,0,False,,0.4925373134328358,47.0,561.0,1.0,4.65,0.0,0,0.9989811512990321
WA,530000100478,4289,Sunrise Elementary,5.05,2.775,2.275,0,True,,0.3620689655172414,62.5,462.0,0.0,5.0,0.0,0,0.9989811512990321
WA,530396002111,4293,Ridgewood Elementary School,7.3,5.025,2.275,0,False,,0.1926910299003322,75.5,510.0,0.0,7.9,0.0,0,0.9989811512990321
WA,530396002112,4294,Martin Sortun Elementary School,7.65,5.375,2.275,0,True,,0.5488721804511278,67.0,663.0,0.0,8.1,0.0,0,0.9989811512990321
WA,530048002202,4296,Camas Prairie Elementary,5.9,3.6250000000000004,2.275,0,True,,0.6327868852459017,54.5,598.0,0.0,7.05,30917.0,1,0.9989811512990321
WA,530048002203,4297,Graham Elementary,5.7,3.4250000000000003,2.275,0,False,,0.425414364640884,61.0,672.0,0.0,5.3,0.0,0,0.9989811512990321
WA,530267002208,4298,Silver Firs Elementary,9.8,7.525,2.275,0,False,,0.25,76.5,541.0,0.0,9.85,0.0,0,0.9989811512990321
WA,530270002211,4299,Burnt Bridge Creek Elementary Sch,4.75,2.475,2.275,0,True,,0.5277777777777778,40.0,460.0,0.0,4.5,0.0,0,0.9989811512990321
WA,530375002214,4300,Challenger Elementary,8.7,6.424999999999999,2.275,0,True,,0.1216730038022813,69.5,590.0,0.0,8.9,0.0,0,0.9989811512990321
WA,530396002113,4301,Jenkins Creek Elementary School,4.6,2.3249999999999997,2.275,0,True,,0.4358974358974359,49.5,433.0,0.0,4.15,25834.0,1,0.9989811512990321
WA,530423002216,4302,Samantha Smith Elementary,9.9,7.625,2.275,0,False,,0.0055401662049861,92.0,676.0,0.0,9.65,0.0,0,0.9989811512990321
WA,530543002128,4303,Challenger Elementary,4.9,2.6250000000000004,2.275,0,True,,0.7866242038216561,50.0,612.0,0.0,5.15,0.0,0,0.9989811512990321
WA,530543002218,4304,Discovery Elementary,3.15,0.875,2.275,0,True,,0.7837837837837838,36.0,691.0,0.0,3.65,0.0,0,0.9989811512990321
WA,530591002222,4306,Fernwood Elementary,9.65,7.375,2.275,0,False,,0.0652680652680652,82.5,866.0,0.0,9.7,0.0,0,0.9989811512990321
WA,530669002266,4307,Voyager Elementary,7.83,5.555,2.275,0,False,,0.2033898305084746,76.5,616.0,0.0,8.5,0.0,0,0.9989811512990321
WA,530804002239,4308,Edwin R Opstad Elementary,8.65,6.375,2.275,0,False,,0.2006920415224913,74.5,515.0,0.0,9.4,0.0,0,0.9989811512990321
WA,530978002245,4309,Foothills Elementary,6.2,3.9250000000000003,2.275,0,False,,0.4444444444444444,60.5,499.0,0.0,6.2,0.0,0,0.9989811512990321
WA,530117002252,4311,Chehalis Middle School,5.25,2.975,2.275,0,False,,0.5314009661835749,54.0,649.0,0.0,5.4,0.0,0,0.9989811512990321
WA,530267002209,4316,Mill Creek Elementary,9.85,7.574999999999999,2.275,0,False,,0.1684210526315789,85.0,697.0,0.0,9.35,0.0,0,0.9989811512990321
WA,530456002119,4318,Tolt Middle School,6.45,4.175000000000001,2.275,0,True,,0.1395045632333768,63.5,744.0,0.0,5.85,0.0,0,0.9989811512990321
WA,530579002220,4320,Sand Hill Elementary,3.35,1.0750000000000002,2.275,0,True,,0.7044534412955465,36.5,525.0,0.0,4.8,0.0,0,0.9989811512990321
WA,530819002240,4321,South Whidbey Elementary,6.65,4.375,2.275,0,True,,0.3651226158038147,51.5,635.0,0.0,5.9,0.0,0,0.9989811512990321
WA,530486002261,4323,Kellogg Marsh Elementary School,3.15,0.875,2.275,0,False,,0.5560165975103735,52.0,485.0,0.0,2.8,0.0,0,0.9989811512990321
WA,530462002260,4324,Isom Elementary School,5.2,2.9250000000000003,2.275,0,False,,0.34765625,56.0,531.0,0.0,6.4,0.0,0,0.9989811512990321
WA,530918002383,4325,Drum Intermediate,9.25,6.975,2.275,0,False,,0.3836805555555556,77.5,620.0,0.0,8.6,0.0,0,0.9989811512990321
WA,530747002267,4326,Rochester High School,5.35,3.0749999999999997,2.275,0,False,,0.4563758389261745,49.5,636.0,1.0,5.5,0.0,0,0.9989811512990321
WA,530024002248,4327,Eagle Creek Elementary,5.1,2.8249999999999997,2.275,0,True,,0.4748427672955975,56.5,718.0,0.0,4.0,31453.0,1,0.9989811512990321
WA,530594002264,4328,Hillcrest Elementary,9.3,7.025,2.275,0,False,,0.3039215686274509,66.5,524.0,0.0,9.25,0.0,0,0.9989811512990321
WA,530540002262,4329,Centennial Elementary School,3.85,1.5750000000000002,2.275,0,True,,0.8192307692307692,52.0,451.0,0.0,2.45,0.0,0,0.9989811512990321
WA,530048002250,4331,Centennial Elementary,6.8,4.525,2.275,0,True,,0.6496062992125984,62.0,535.0,0.0,3.4,0.0,0,0.9989811512990321
WA,530456002258,4332,Stillwater Elementary,5.25,2.975,2.275,0,False,,0.1904761904761904,70.0,520.0,0.0,4.4,0.0,0,0.9989811512990321
WA,530564002321,4333,Lakeside High School,7.55,5.275,2.275,0,False,,0.3023255813953488,64.5,485.0,1.0,7.93,0.0,0,0.9989811512990321
WA,530267002253,4334,Heatherwood Middle School,7.85,5.574999999999999,2.275,0,False,,0.257455268389662,74.0,1046.0,0.0,7.9,0.0,0,0.9989811512990321
WA,530624003062,4335,Onalaska Middle School,3.67,1.395,2.275,0,True,,0.6564102564102564,39.5,220.0,0.0,5.28,0.0,0,0.9989811512990321
WA,530423002257,4336,Laura Ingalls Wilder Elementary,9.2,6.924999999999999,2.275,0,False,,0.0366492146596858,89.5,405.0,0.0,9.4,0.0,0,0.9989811512990321
WA,530108002251,4341,Cougar Valley Elementary,6.48,4.205,2.275,0,False,,0.3584905660377358,72.0,457.0,0.0,4.4,0.0,0,0.9989811512990321
WA,530543002263,4342,Columbia Elementary,8.15,5.875,2.275,0,False,,0.2949640287769784,60.5,586.0,0.0,8.6,0.0,0,0.9989811512990321
WA,530282002255,4343,Silver Lake Elementary School,5.3,3.025,2.275,0,True,,0.7192982456140351,40.5,419.0,0.0,4.55,0.0,0,0.9989811512990321
WA,530543002320,4344,Horizon Elementary,2.95,0.6750000000000003,2.275,0,True,,0.8150470219435737,34.0,663.0,0.0,2.2,0.0,0,0.9989811512990321
WA,530396002310,4345,Horizon Elementary School,6.1,3.8249999999999997,2.275,0,True,,0.6023622047244095,54.0,459.0,0.0,5.95,0.0,0,0.9989811512990321
WA,531014002393,4346,Fort Stevens Elementary,4.4,2.1250000000000004,2.275,0,True,,0.5680933852140078,57.0,547.0,0.0,3.4,26152.0,1,0.9989811512990321
WA,530030002277,4347,Hazelwood Elementary School,6.5,4.225,2.275,0,False,,0.4560810810810811,67.0,592.0,0.0,6.55,0.0,0,0.9989811512990321
WA,530816002357,4348,Hidden Creek Elementary School,5.98,3.7050000000000005,2.275,0,True,,0.4177777777777778,67.5,420.0,0.0,4.0,0.0,0,0.9989811512990321
WA,530816002360,4349,Sidney Glen Elementary School,5.8,3.525,2.275,0,True,,0.4669421487603306,60.0,462.0,0.0,4.95,0.0,0,0.9989811512990321
WA,530816002359,4350,Mullenix Ridge Elementary School,7.18,4.904999999999999,2.275,0,False,,0.2570093457943925,72.5,435.0,0.0,6.45,0.0,0,0.9989811512990321
WA,530038002278,4352,Captain Strong,5.45,3.1750000000000003,2.275,0,True,,0.3573883161512027,53.5,698.0,0.0,6.05,0.0,0,0.9989811512990321
WA,530396002308,4353,Carriage Crest Elementary School,7.5,5.225,2.275,0,False,,0.26953125,63.5,457.0,0.0,8.0,0.0,0,0.9989811512990321
WA,530423002311,4354,Christa Mcauliffe Elementary,9.2,6.924999999999999,2.275,0,False,,0.0284697508896797,86.0,586.0,0.0,9.45,0.0,0,0.9989811512990321
WA,530591002329,4355,Frank Love Elementary,7.8,5.525,2.275,0,False,,0.2170542635658914,67.0,626.0,0.0,7.3,0.0,0,0.9989811512990321
WA,530396002309,4356,Neely O Brien Elementary School,2.35,0.07500000000000018,2.275,0,True,,0.7872340425531915,28.5,765.0,0.0,2.85,29662.0,1,0.9989811512990321
WA,530486002425,4357,Cedarcrest School,4.5,2.225,2.275,0,False,,0.5218508997429306,45.0,866.0,0.0,3.9,0.0,0,0.9989811512990321
WA,530576002324,4359,Kingston Middle School,3.58,1.3050000000000002,2.275,0,True,,0.4762886597938144,51.0,535.0,0.0,3.7,34928.0,1,0.9989811512990321
WA,530696002341,4360,Warren Hunt Elem,7.35,5.074999999999999,2.275,0,True,,0.47,61.5,780.0,0.0,5.5,0.0,0,0.9989811512990321
WA,530696002340,4361,Frank Brouillet Elem,6.9,4.625,2.275,0,False,,0.3397590361445783,62.0,691.0,0.0,6.9,0.0,0,0.9989811512990321
WA,530513002316,4362,Chain Lake Elementary School,6.4,4.125,2.275,0,False,,0.1725352112676056,60.5,546.0,0.0,6.15,0.0,0,0.9989811512990321
WA,530790002353,4363,Oakland Bay Junior High School,2.75,0.4750000000000001,2.275,0,False,,0.6521739130434783,36.0,633.0,0.0,2.2,0.0,0,0.9989811512990321
WA,530834002367,4364,Twin City Elementary,6.0,3.725,2.275,0,True,,0.4070351758793969,69.5,399.0,0.0,5.25,0.0,0,0.9989811512990321
WA,530910002379,4365,East Olympia Elementary,7.8,5.525,2.275,0,False,,0.3473282442748092,67.0,495.0,0.0,6.25,0.0,0,0.9989811512990321
WA,530802002354,4366,Cascade View Elementary,5.28,3.0050000000000003,2.275,0,False,,0.2478632478632478,47.0,409.0,0.0,6.1,0.0,0,0.9989811512990321
WA,530618002334,4367,Centennial Elementary,5.08,2.805,2.275,0,False,,0.1586715867158671,81.5,529.0,0.0,4.95,0.0,0,0.9989811512990321
WA,530585002327,4368,Seven Oaks Elementary,5.35,3.0749999999999997,2.275,0,True,,0.4743589743589743,51.5,498.0,0.0,5.15,0.0,0,0.9989811512990321
WA,530993002392,4369,Winlock Middle School,4.48,2.2050000000000005,2.275,0,True,,0.8827160493827161,37.0,161.0,0.0,3.7,31555.0,1,0.9989811512990321
WA,530591000480,4371,Skyview Middle School,6.95,4.675000000000001,2.275,0,False,,0.1463917525773196,72.5,1102.0,0.0,7.25,0.0,0,0.9989811512990321
WA,530108002287,4372,Silver Ridge Elementary,7.47,5.195,2.275,0,False,,0.3940886699507389,73.0,445.0,0.0,7.7,0.0,0,0.9989811512990321
WA,530910002381,4373,Tumwater Hill Elementary,5.38,3.105,2.275,0,False,,0.3009708737864077,61.5,399.0,0.0,5.1,0.0,0,0.9989811512990321
WA,530282002301,4374,Sherwood Forest Elementary School,3.55,1.275,2.275,0,True,,0.5265486725663717,43.0,427.0,0.0,4.25,30015.0,1,0.9989811512990321
WA,530375000482,4375,Cougar Ridge Elementary,9.95,7.674999999999999,2.275,0,False,,0.0254777070063694,88.5,566.0,0.0,9.7,0.0,0,0.9989811512990321
WA,530375002426,4376,Discovery Elementary,9.45,7.174999999999999,2.275,0,False,,0.0151515151515151,90.0,708.0,0.0,9.45,0.0,0,0.9989811512990321
WA,530591002330,4377,Woodmoor Elementary,5.25,2.975,2.275,0,True,,0.2288329519450801,71.5,774.0,0.0,4.45,0.0,0,0.9989811512990321
WA,530783002427,4378,Greywolf Elementary School,6.8,4.525,2.275,0,True,,0.5244755244755245,68.5,608.0,0.0,5.33,0.0,0,0.9989811512990321
WA,530591002428,4379,East Ridge Elementary,8.25,5.975,2.275,0,False,,0.0515463917525773,77.0,373.0,0.0,8.9,0.0,0,0.9989811512990321
WA,530270002429,4380,Harmony Elementary School,5.35,3.0749999999999997,2.275,0,True,,0.3487031700288184,58.0,645.0,0.0,3.35,0.0,0,0.9989811512990321
WA,530048002430,4381,Pioneer Valley Elementary,7.5,5.225,2.275,0,True,,0.4844444444444444,58.0,500.0,0.0,7.2,0.0,0,0.9989811512990321
WA,530267002431,4382,Cedar Wood Elementary,9.45,7.174999999999999,2.275,0,False,,0.108991825613079,92.5,704.0,0.0,9.9,0.0,0,0.9989811512990321
WA,530802002432,4383,Totem Falls,8.83,6.555,2.275,0,False,,0.0691056910569105,75.5,443.0,0.0,7.75,0.0,0,0.9989811512990321
WA,530132002433,4384,Heights Elementary,5.75,3.475,2.275,0,False,,0.359504132231405,68.5,376.0,0.0,5.38,0.0,0,0.9989811512990321
WA,530030002434,4385,Rainier Middle School,2.85,0.5750000000000002,2.275,0,True,,0.5545755237045203,48.5,1022.0,0.0,2.4,34869.0,1,0.9989811512990321
WA,530423002435,4386,Inglewood Middle School,9.6,7.324999999999999,2.275,0,False,,0.0377510040160642,87.0,1288.0,0.0,9.3,0.0,0,0.9989811512990321
WA,530669002436,4387,Harbor Ridge Middle School,5.33,3.055,2.275,0,False,,0.15359477124183,65.0,613.0,0.0,6.33,0.0,0,0.9989811512990321
WA,530825002366,4389,Moran Prairie Elementary,8.8,6.525,2.275,0,False,,0.2064516129032258,78.5,538.0,0.0,9.4,0.0,0,0.9989811512990321
WA,530420000520,4391,Glenwood Elementary,6.7,4.425000000000001,2.275,0,False,,0.2268041237113402,67.5,595.0,0.0,7.65,0.0,0,0.9989811512990321
WA,530420000527,4392,Skyline Elementary,7.2,4.925000000000001,2.275,0,True,,0.3356890459363957,62.0,633.0,0.0,6.45,0.0,0,0.9989811512990321
WA,530108000530,4393,Green Mountain Elementary,5.0,2.725,2.275,0,False,,0.4333333333333333,62.0,385.0,0.0,5.43,0.0,0,0.9989811512990321
WA,530858001203,4394,Summit Valley School,4.98,2.7050000000000005,2.275,0,True,,0.78,44.5,84.0,0.0,2.4,0.0,0,0.9989811512990321
WA,530802000540,4395,Centennial Middle School,5.65,3.3750000000000004,2.275,0,False,,0.23203026481715,59.5,832.0,0.0,3.35,0.0,0,0.9989811512990321
WA,530141002438,4396,Evergreen Elementary School,5.53,3.2550000000000003,2.275,0,False,,0.7028571428571428,52.0,581.0,0.0,5.9,0.0,0,0.9989811512990321
WA,530804002439,4397,Chief Kanim Middle School,6.7,4.425000000000001,2.275,0,False,,0.1003861003861003,74.0,585.0,0.0,7.3,0.0,0,0.9989811512990321
WA,530855000541,4399,Gold Bar Elementary,6.9,4.625,2.275,0,True,,0.6193181818181818,54.5,335.0,0.0,4.35,0.0,0,0.9989811512990321
WA,530492000545,4400,Meadow Ridge Elementary,7.43,5.154999999999999,2.275,0,False,,0.2950391644908616,68.0,583.0,0.0,7.98,0.0,0,0.9989811512990321
WA,530861000552,4402,Liberty Ridge Elementary,8.0,5.725,2.275,0,True,,0.5128205128205128,57.5,511.0,0.0,8.6,0.0,0,0.9989811512990321
WA,530095000553,4403,Icicle River Middle School,8.22,5.945,2.275,0,False,,0.4522968197879858,67.5,313.0,0.0,5.6,0.0,0,0.9989811512990321
WA,530927000572,4405,Chinook Elementary School,7.7,5.425000000000001,2.275,0,False,,0.2245989304812834,63.5,682.0,0.0,6.0,0.0,0,0.9989811512990321
WA,530927000578,4406,Alki Middle School,9.05,6.775,2.275,0,False,,0.241860465116279,69.5,711.0,0.0,7.45,0.0,0,0.9989811512990321
WA,530048000595,4407,Frontier Middle School,6.18,3.905,2.275,0,False,,0.4285714285714285,57.0,852.0,0.0,4.2,0.0,0,0.9989811512990321
WA,530585000601,4408,Horizons Elementary,6.25,3.975,2.275,0,False,,0.3494809688581315,71.5,572.0,0.0,4.4,0.0,0,0.9989811512990321
WA,530585000606,4409,Komachin Middle School,4.35,2.0749999999999997,2.275,0,False,,0.4650205761316872,50.5,768.0,0.0,5.15,0.0,0,0.9989811512990321
WA,530927000638,4410,Roosevelt Elementary School,2.7,0.42500000000000027,2.275,0,True,,0.840782122905028,34.0,599.0,0.0,1.4,34223.0,1,0.9989811512990321
WA,530246000688,4411,Valley View Elementary School,5.35,3.0749999999999997,2.275,0,True,,0.3857142857142857,52.5,561.0,0.0,5.6,30543.0,1,0.9989811512990321
WA,530078000689,4412,Bay View Elementary,5.05,2.775,2.275,0,False,,0.3532608695652174,42.5,490.0,0.0,4.2,0.0,0,0.9989811512990321
WA,530396000690,4413,George T. Daniel Elementary School,4.95,2.6750000000000003,2.275,0,True,,0.8051470588235294,34.5,504.0,0.0,2.95,0.0,0,0.9989811512990321
WA,530696000691,4414,Shaw Road Elementary,7.85,5.574999999999999,2.275,0,False,,0.284688995215311,68.0,738.0,0.0,6.85,0.0,0,0.9989811512990321
WA,530876000692,4415,Rock Creek Elementary,7.4,5.125,2.275,0,False,,0.1132075471698113,75.0,716.0,0.0,7.05,0.0,0,0.9989811512990321
WA,530213000694,4416,North Tapps Middle School,7.8,5.525,2.275,0,True,,0.1286549707602339,77.5,550.0,0.0,7.4,0.0,0,0.9989811512990321
WA,530030000698,4417,Ilalko Elementary School,7.0,4.725,2.275,0,True,,0.5747800586510264,54.0,695.0,0.0,5.75,0.0,0,0.9989811512990321
WA,530393000701,4418,Amistad Elementary School,1.25,-1.025,2.275,1,True,,,14.0,853.0,0.0,2.75,52808.0,1,0.9989811512990321
WA,530396000706,4420,Sunrise Elementary School,7.7,5.425000000000001,2.275,0,False,,0.3719806763285024,69.0,696.0,0.0,8.95,0.0,0,0.9989811512990321
WA,530066000708,4421,Kitsap Lake Elementary,5.35,3.0749999999999997,2.275,0,True,,0.5142857142857142,61.0,368.0,0.0,4.83,30737.0,1,0.9989811512990321
WA,530282002440,4422,Rainier View Elementary School,3.8,1.525,2.275,0,True,,0.8275862068965517,37.5,511.0,0.0,1.95,34942.0,1,0.9989811512990321
WA,530966000991,4423,John Newbery Elementary,5.65,3.3750000000000004,2.275,0,True,,0.5984251968503937,47.5,480.0,0.0,5.4,0.0,0,0.9989811512990321
WA,530423002648,4424,Albert Einstein Elementary,9.65,7.375,2.275,0,False,,0.1784037558685446,84.0,419.0,0.0,9.6,0.0,0,0.9989811512990321
WA,530543000719,4425,Voyager Middle School,4.35,2.0749999999999997,2.275,0,False,,0.6913294797687861,39.0,889.0,0.0,4.5,0.0,0,0.9989811512990321
WA,530282001120,4426,Green Gables Elementary School,6.55,4.275,2.275,0,True,,0.4139784946236559,49.5,378.0,0.0,5.5,0.0,0,0.9989811512990321
WA,530585001208,4427,River Ridge High School,5.65,3.3750000000000004,2.275,0,False,,0.3919308357348703,60.5,1444.0,1.0,5.1,0.0,0,0.9989811512990321
WA,530567001220,4428,Everson Elementary,4.3,2.025,2.275,0,True,,0.6083916083916084,47.0,297.0,0.0,5.5,0.0,0,0.9989811512990321
WA,530393000750,4429,Horse Heaven Hills Middle School,5.55,3.275,2.275,0,True,,,52.0,898.0,0.0,4.3,0.0,0,0.9989811512990321
WA,530543001185,4430,Harbour Pointe Middle School,7.9,5.625,2.275,0,False,,0.2512820512820513,69.5,857.0,0.0,7.3,0.0,0,0.9989811512990321
WA,530417001049,4431,La Center High School,6.15,3.8750000000000004,2.275,0,False,,0.2063492063492063,64.5,540.0,1.0,6.2,0.0,0,0.9989811512990321
WA,530966001006,4432,Foothills Middle School,7.2,4.925000000000001,2.275,0,True,,0.5305084745762711,59.0,622.0,0.0,5.3,0.0,0,0.9989811512990321
WA,530543001188,4433,Kamiak High School,8.15,5.875,2.275,0,False,,0.2051792828685259,82.5,2096.0,1.0,7.85,0.0,0,0.9989811512990321
WA,530861002665,4435,Crestwood Elementary,6.45,4.175000000000001,2.275,0,True,,0.3644859813084112,65.5,467.0,0.0,7.45,0.0,0,0.9989811512990321
WA,530024001190,4436,Kent Prairie Elementary,8.4,6.125,2.275,0,True,,0.42296918767507,65.0,727.0,0.0,7.65,0.0,0,0.9989811512990321
WA,530267001725,4437,Gateway Middle School,9.4,7.125,2.275,0,False,,0.1406761177753544,79.5,961.0,0.0,8.6,0.0,0,0.9989811512990321
WA,530267001726,4438,Henry M. Jackson High School,9.1,6.824999999999999,2.275,0,False,,0.2361359570661896,72.0,2271.0,1.0,9.2,0.0,0,0.9989811512990321
WA,530423001141,4439,Eastlake High School,9.6,7.324999999999999,2.275,0,False,,0.0316205533596837,87.5,2151.0,1.0,9.6,0.0,0,0.9989811512990321
WA,530396001142,4440,Cedar Heights Middle School,3.55,1.275,2.275,0,False,,0.5255813953488372,48.0,672.0,0.0,3.5,0.0,0,0.9989811512990321
WA,530066001144,4441,Mountain View Middle School,1.5,-0.7749999999999999,2.275,1,True,,0.6651053864168618,39.5,902.0,0.0,1.25,47496.0,1,0.9989811512990321
WA,530042001739,4442,Kulshan Middle School,7.4,5.125,2.275,0,False,,0.4119782214156079,53.5,614.0,0.0,8.25,0.0,0,0.9989811512990321
WA,530696001178,4443,Doris Stahl Junior High,5.35,3.0749999999999997,2.275,0,False,,0.3777372262773723,55.0,828.0,0.0,4.95,30964.0,1,0.9989811512990321
WA,530108000757,4444,Emerald Heights Elementary,6.45,4.175000000000001,2.275,0,False,,0.3235294117647059,77.0,516.0,0.0,6.2,0.0,0,0.9989811512990321
WA,530270000760,4445,Pioneer Elementary School,3.35,1.0750000000000002,2.275,0,True,,0.6005291005291006,42.0,690.0,0.0,3.15,31789.0,1,0.9989811512990321
WA,530393000762,4446,Ridge View Elementary School,7.43,5.154999999999999,2.275,0,False,,,69.5,415.0,0.0,7.43,0.0,0,0.9989811512990321
WA,530918001179,4447,Evergreen Primary,8.75,6.475,2.275,0,True,,0.3918918918918919,65.5,557.0,0.0,6.5,0.0,0,0.9989811512990321
WA,530972001238,4448,Cottonwood Elementary School,6.85,4.574999999999999,2.275,0,False,,0.3333333333333333,72.0,466.0,0.0,7.3,0.0,0,0.9989811512990321
WA,531014001204,4451,Mill Pond Elementary School,8.73,6.455,2.275,0,True,,0.4615384615384615,61.0,402.0,0.0,8.05,26152.0,1,0.9989811512990321
WA,530910001734,4452,George Bush Middle School,6.25,3.975,2.275,0,False,,0.3521320495185694,58.0,738.0,0.0,6.65,0.0,0,0.9989811512990321
WA,530876001463,4453,Glacier Park Elementary,8.4,6.125,2.275,0,False,,0.1761194029850746,76.0,707.0,0.0,6.9,0.0,0,0.9989811512990321
WA,530486001191,4454,Allen Creek Elementary School,4.5,2.225,2.275,0,False,,0.5163934426229508,55.0,491.0,0.0,3.05,0.0,0,0.9989811512990321
WA,530591001612,4455,Kokanee Elementary,8.4,6.125,2.275,0,False,,0.1031746031746031,76.5,679.0,0.0,8.1,0.0,0,0.9989811512990321
WA,530825001732,4457,Chase Middle School,6.2,3.9250000000000003,2.275,0,True,,0.554016620498615,55.5,781.0,0.0,5.45,31221.0,1,0.9989811512990321
WA,530618001210,4458,McKenny Elementary,8.48,6.205,2.275,0,False,,0.3351351351351351,69.5,449.0,0.0,8.55,0.0,0,0.9989811512990321
WA,530375001495,4460,Beaver Lake Middle School,9.68,7.404999999999999,2.275,0,False,,0.0571776155717761,81.5,825.0,0.0,9.8,0.0,0,0.9989811512990321
WA,530576001626,4461,Vinland Elementary,7.3,5.025,2.275,0,False,,0.3321299638989169,56.0,629.0,0.0,7.45,0.0,0,0.9989811512990321
WA,530030001443,4462,Mt Baker Middle School,3.95,1.6750000000000003,2.275,0,True,,0.5072164948453608,59.0,977.0,0.0,2.75,29986.0,1,0.9989811512990321
WA,530675002457,4463,Pioneer Elementary School,2.42,0.14500000000000002,2.275,0,True,,0.6964980544747081,43.5,540.0,0.0,3.15,0.0,0,0.9989811512990321
WA,530396001603,4465,Meadow Ridge Elementary School,3.8,1.525,2.275,0,True,,0.7578947368421053,34.5,535.0,0.0,1.95,25834.0,1,0.9989811512990321
WA,530396001610,4466,Sawyer Woods Elementary School,7.95,5.675000000000001,2.275,0,False,,0.2442748091603053,75.0,443.0,0.0,7.45,0.0,0,0.9989811512990321
WA,530576001627,4467,Richard Gordon Elementary,8.25,5.975,2.275,0,False,,0.3581395348837209,59.5,484.0,0.0,7.75,0.0,0,0.9989811512990321
WA,530930001394,4468,Chautauqua Elementary,6.5,4.225,2.275,0,True,,0.2644927536231884,56.0,539.0,0.0,8.2,0.0,0,0.9989811512990321
WA,530543001727,4469,Endeavour Elementary,8.5,6.225,2.275,0,False,,0.2045454545454545,72.5,473.0,0.0,7.95,0.0,0,0.9989811512990321
WA,530282001380,4470,Enterprise Elementary School,5.1,2.8249999999999997,2.275,0,True,,0.6666666666666666,49.0,488.0,0.0,3.2,0.0,0,0.9989811512990321
WA,530978001720,4471,Mountain Meadow Elementary,9.9,7.625,2.275,0,False,,0.2830882352941176,85.0,400.0,0.0,9.85,0.0,0,0.9989811512990321
WA,530618001736,4472,Julia Butler Hansen Elementary,5.13,2.855,2.275,0,True,,0.5291479820627802,58.5,540.0,0.0,4.1,0.0,0,0.9989811512990321
WA,530618001737,4473,Thurgood Marshall Middle School,7.85,5.574999999999999,2.275,0,True,,0.4019607843137255,64.5,418.0,0.0,6.85,0.0,0,0.9989811512990321
WA,530030002445,4474,Auburn Riverside High School,6.65,4.375,2.275,0,False,,0.3790523690773067,58.0,1769.0,1.0,6.5,0.0,0,0.9989811512990321
WA,530684001305,4475,Blue Heron Middle School,5.28,3.0050000000000003,2.275,0,True,,0.5071428571428571,57.5,280.0,0.0,4.05,0.0,0,0.9989811512990321
WA,530426002478,4477,English Crossing Elementary,7.1,4.824999999999999,2.275,0,True,,0.5,44.5,334.0,0.0,5.65,0.0,0,0.9989811512990321
WA,530561002462,4478,Stratton Elementary,5.65,3.3750000000000004,2.275,0,True,,0.6643835616438356,54.5,391.0,0.0,6.03,0.0,0,0.9989811512990321
WA,530321002482,4479,Monte Cristo Elementary,4.22,1.9449999999999998,2.275,0,True,,0.4955947136563877,38.0,460.0,0.0,3.8,30995.0,1,0.9989811512990321
WA,530282002298,4480,Meredith Hill Elementary School,3.65,1.375,2.275,0,False,,0.5201793721973094,40.0,502.0,0.0,3.4,0.0,0,0.9989811512990321
WA,531017002502,4481,Zillah Middle School,4.15,1.8750000000000004,2.275,0,False,,0.6323529411764706,50.5,216.0,0.0,4.7,0.0,0,0.9989811512990321
WA,530285002495,4482,Eagleridge Elementary,3.85,1.5750000000000002,2.275,0,False,,0.6176470588235294,38.0,491.0,0.0,2.9,0.0,0,0.9989811512990321
WA,530495002487,4483,Hallett Elementary School,8.1,5.824999999999999,2.275,0,True,,0.5343511450381679,58.0,556.0,0.0,8.65,0.0,0,0.9989811512990321
WA,530393002009,4484,Southridge High School,5.4,3.1250000000000004,2.275,0,True,,,57.0,1775.0,1.0,4.9,0.0,0,0.9989811512990321
WA,530396002521,4485,Northwood Middle School,5.0,2.725,2.275,0,False,,0.3321100917431193,59.0,596.0,0.0,5.5,0.0,0,0.9989811512990321
WA,530711002537,4486,Rainier Elementary School,7.63,5.355,2.275,0,True,,0.5226130653266332,49.5,477.0,0.0,6.75,0.0,0,0.9989811512990321
WA,530537002543,4487,East Valley Elementary,6.05,3.775,2.275,0,True,,0.6259259259259259,58.5,584.0,0.0,5.9,0.0,0,0.9989811512990321
WA,530396002522,4489,Glenridge Elementary,6.7,4.425000000000001,2.275,0,True,,0.5818181818181818,62.0,495.0,0.0,6.45,0.0,0,0.9989811512990321
WA,530936002514,4490,Saddle Mountain Elementary,4.6,2.3249999999999997,2.275,0,True,,0.944206008583691,17.0,477.0,0.0,4.95,31227.0,1,0.9989811512990321
WA,530492002599,4491,Mt Spokane High School,7.6,5.324999999999999,2.275,0,False,,0.2881773399014778,67.0,1661.0,1.0,7.05,0.0,0,0.9989811512990321
WA,530396002570,4492,Kentlake High School,5.3,3.025,2.275,0,False,,0.3565217391304348,57.0,1508.0,1.0,5.2,0.0,0,0.9989811512990321
WA,530375002518,4493,Endeavour Elementary School,9.95,7.674999999999999,2.275,0,False,,0.0728862973760933,83.0,588.0,0.0,9.95,0.0,0,0.9989811512990321
WA,530682002505,4494,Dry Creek Elementary,3.6,1.3250000000000002,2.275,0,True,,0.7391304347826086,39.5,286.0,0.0,5.38,0.0,0,0.9989811512990321
WA,530375002567,4495,Skyline High School,9.6,7.324999999999999,2.275,0,False,,0.0482625482625482,87.0,2230.0,1.0,9.6,0.0,0,0.9989811512990321
WA,530696002530,4496,Edward Zeiger Elem,4.5,2.225,2.275,0,True,,0.3740458015267175,58.5,560.0,0.0,4.1,30964.0,1,0.9989811512990321
WA,530867002544,4497,Pioneer Elementary School,3.15,0.875,2.275,0,True,,0.8905109489051095,42.5,691.0,0.0,2.75,0.0,0,0.9989811512990321
WA,530270002510,4498,Frontier Middle School,3.9,1.625,2.275,0,False,,0.4980793854033291,40.5,818.0,0.0,3.95,0.0,0,0.9989811512990321
WA,530270002511,4499,Fishers Landing Elementary School,9.2,6.924999999999999,2.275,0,False,,0.2163934426229508,74.0,592.0,0.0,7.95,0.0,0,0.9989811512990321
WA,530910002602,4500,A G West Black Hills High School,7.3,5.025,2.275,0,False,,0.2453703703703703,62.0,867.0,1.0,7.35,0.0,0,0.9989811512990321
WA,530502002526,4501,Methow Valley Elementary,5.03,2.7550000000000003,2.275,0,True,,0.396039603960396,57.5,407.0,0.0,4.2,0.0,0,0.9989811512990321
WA,530861002580,4502,Mountain View Middle School,6.55,4.275,2.275,0,False,,0.2981029810298103,66.5,830.0,0.0,6.6,0.0,0,0.9989811512990321
WA,530927002018,4503,Discovery Middle School,1.25,-1.025,2.275,1,True,,0.75920245398773,27.5,687.0,0.0,1.25,47415.0,1,0.9989811512990321
WA,530927002555,4504,Skyview High School,7.9,5.625,2.275,0,False,,0.2957110609480812,56.5,1801.0,1.0,7.25,0.0,0,0.9989811512990321
WA,530033002452,4505,Woodward Middle School,7.98,5.705,2.275,0,False,,0.0883458646616541,84.0,524.0,0.0,8.48,0.0,0,0.9989811512990321
WA,530081002512,4508,Skyridge Middle School,9.63,7.355,2.275,0,False,,0.1101591187270501,78.5,791.0,0.0,9.4,0.0,0,0.9989811512990321
WA,530108002524,4509,Klahowya Secondary,6.12,3.845,2.275,0,False,,0.339041095890411,58.5,1048.0,1.0,5.8,0.0,0,0.9989811512990321
WA,530540002585,4511,Mount Baker Middle School,2.45,0.17500000000000027,2.275,0,True,,0.6479289940828402,38.5,717.0,0.0,2.5,36045.0,1,0.9989811512990321
WA,530834002595,4512,Port Susan Middle School,7.58,5.305,2.275,0,False,,0.2842741935483871,69.5,524.0,0.0,7.5,0.0,0,0.9989811512990321
WA,530834002596,4513,Cedarhome Elementary School,8.18,5.904999999999999,2.275,0,False,,0.2552447552447552,71.0,559.0,0.0,6.9,0.0,0,0.9989811512990321
WA,530042002693,4515,Squalicum High School,5.95,3.6750000000000003,2.275,0,False,,0.3447204968944099,55.5,1275.0,1.0,5.45,0.0,0,0.9989811512990321
WA,530591002571,4516,Timbercrest Middle School,7.55,5.275,2.275,0,False,,0.0650195058517555,76.0,781.0,0.0,8.65,0.0,0,0.9989811512990321
WA,530462002605,4517,Vossbeck Elementary School,5.1,2.8249999999999997,2.275,0,True,,0.4206008583690987,65.0,533.0,0.0,5.85,0.0,0,0.9989811512990321
WA,530948002611,4518,Adams Elementary,3.3,1.025,2.275,0,True,,0.9602803738317756,25.0,407.0,0.0,2.1,34538.0,1,0.9989811512990321
WA,530783002617,4519,Sequim Middle School,4.6,2.3249999999999997,2.275,0,True,,0.5308848080133556,58.0,627.0,0.0,4.15,31307.0,1,0.9989811512990321
WA,530396000619,4520,Kent Elementary School,3.2,0.9250000000000003,2.275,0,True,,0.7890410958904109,33.0,723.0,0.0,4.0,0.0,0,0.9989811512990321
WA,530564002680,4521,Lakeside Middle School,8.7,6.424999999999999,2.275,0,False,,0.2492401215805471,64.0,346.0,0.0,9.25,0.0,0,0.9989811512990321
WA,530270002711,4523,Heritage High School,4.2,1.9250000000000003,2.275,0,False,,0.5244565217391305,42.0,1725.0,1.0,4.35,0.0,0,0.9989811512990321
WA,530567002699,4525,Nooksack Elementary,4.6,2.3249999999999997,2.275,0,True,,0.533678756476684,69.5,398.0,0.0,6.2,0.0,0,0.9989811512990321
WA,530108002655,4527,Pinecrest Elementary,3.95,1.6750000000000003,2.275,0,True,,0.5445544554455446,52.0,424.0,0.0,3.55,0.0,0,0.9989811512990321
WA,530513002760,4528,Monroe High School,6.85,4.574999999999999,2.275,0,False,,0.2926829268292683,59.5,1613.0,1.0,6.05,0.0,0,0.9989811512990321
WA,530111002681,4529,Liberty Lake Elementary,5.65,3.3750000000000004,2.275,0,False,,0.2593984962406015,71.0,541.0,0.0,5.93,0.0,0,0.9989811512990321
WA,530267002669,4530,Penny Creek Elementary,9.1,6.824999999999999,2.275,0,False,,0.2443890274314214,77.5,694.0,0.0,8.4,0.0,0,0.9989811512990321
WA,530423002649,4532,Elizabeth Blackwell Elementary,9.15,6.875,2.275,0,False,,0.0211267605633802,87.0,555.0,0.0,8.15,0.0,0,0.9989811512990321
WA,530531002776,4533,Kendall Elementary,6.25,3.975,2.275,0,True,,0.7580645161290323,39.5,394.0,0.0,5.15,0.0,0,0.9989811512990321
WA,530420002756,4534,Highland Elementary,5.2,2.9250000000000003,2.275,0,False,,0.2573529411764705,68.0,548.0,0.0,5.05,0.0,0,0.9989811512990321
WA,530318002780,4535,Roosevelt Elementary,1.65,-0.625,2.275,1,True,,0.8945147679324894,30.0,658.0,0.0,1.5,48262.0,1,0.9989811512990321
WA,530708002714,4536,Monument Elementary,5.25,2.975,2.275,0,True,,0.913109756097561,35.5,300.0,0.0,2.55,31178.0,1,0.9989811512990321
WA,530870002742,4537,Crescent Heights Elementary School,8.95,6.674999999999999,2.275,0,False,,0.4137931034482758,64.0,443.0,0.0,7.45,0.0,0,0.9989811512990321
WA,530048002747,4538,North Star Elementary,7.73,5.455,2.275,0,False,,0.5572519083969466,56.5,490.0,0.0,6.15,0.0,0,0.9989811512990321
WA,530696002809,4540,Emerald Ridge High School,6.2,3.9250000000000003,2.275,0,False,,0.3089108910891089,61.0,1417.0,1.0,6.03,0.0,0,0.9989811512990321
WA,530861002744,4541,Daffodil Valley Elementary,7.9,5.625,2.275,0,True,,0.6666666666666666,61.0,540.0,0.0,8.3,0.0,0,0.9989811512990321
WA,530033002734,4542,Sonoji Sakai Intermediate,9.68,7.404999999999999,2.275,0,False,,0.0711610486891385,81.5,478.0,0.0,9.95,0.0,0,0.9989811512990321
WA,530732002704,4543,William Wiley Elementary School,9.07,6.795,2.275,0,False,,0.229965156794425,68.5,555.0,0.0,8.8,0.0,0,0.9989811512990321
WA,530513002761,4544,Hidden River Middle School,7.3,5.025,2.275,0,False,,0.3318284424379232,63.5,418.0,0.0,5.6,0.0,0,0.9989811512990321
WA,530396002729,4545,Emerald Park Elementary School,6.25,3.975,2.275,0,True,,0.5527156549520766,58.0,522.0,0.0,6.5,0.0,0,0.9989811512990321
WA,530645002813,4547,Ptarmigan Ridge Elementary School,4.6,2.3249999999999997,2.275,0,False,,0.3704414587332054,49.5,689.0,0.0,3.15,0.0,0,0.9989811512990321
WA,530213002812,4548,Dieringer Heights Elementary,8.28,6.004999999999999,2.275,0,False,,0.1514195583596214,77.5,536.0,0.0,7.95,0.0,0,0.9989811512990321
WA,530954002709,4549,Canyon Creek Middle School,8.4,6.125,2.275,0,False,,0.2446351931330472,63.0,257.0,0.0,8.1,0.0,0,0.9989811512990321
WA,530000102795,4550,Thunder Mountain Middle School,6.45,4.175000000000001,2.275,0,False,,0.2597701149425287,62.5,484.0,0.0,4.9,0.0,0,0.9989811512990321
WA,530834002824,4551,Utsalady Elementary,8.18,5.904999999999999,2.275,0,False,,0.2352941176470588,64.5,339.0,0.0,6.78,0.0,0,0.9989811512990321
WA,530834002825,4553,Elger Bay Elementary,4.3,2.025,2.275,0,True,,0.4171779141104294,57.0,379.0,0.0,4.15,0.0,0,0.9989811512990321
WA,530285002832,4554,Horizon Middle School,5.25,2.975,2.275,0,True,,0.5373134328358209,49.0,494.0,0.0,4.3,35243.0,1,0.9989811512990321
WA,530657002785,4555,Rowena Chess Elementary,1.75,-0.5249999999999999,2.275,1,True,,0.9648562300319488,15.0,463.0,0.0,1.2,35095.0,1,0.9989811512990321
WA,530288002875,4557,Hedden Elementary School,6.85,4.574999999999999,2.275,0,True,,0.4206730769230769,57.5,548.0,0.0,5.65,0.0,0,0.9989811512990321
WA,530630002815,4558,Orcas Island Middle School,5.28,3.0050000000000003,2.275,0,False,,0.5742574257425742,49.5,107.0,0.0,5.85,0.0,0,0.9989811512990321
WA,530351002876,4559,Highland High School,5.7,3.4250000000000003,2.275,0,True,,0.8227848101265823,39.5,365.0,1.0,5.8,0.0,0,0.9989811512990321
WA,530270002877,4560,Illahee Elementary School,8.15,5.875,2.275,0,False,,0.2948328267477204,64.0,566.0,0.0,7.9,0.0,0,0.9989811512990321
WA,530270002878,4561,Shahala Middle School,5.7,3.4250000000000003,2.275,0,False,,0.3282588011417697,61.5,1016.0,0.0,5.85,0.0,0,0.9989811512990321
WA,530081002880,4563,Prune Hill Elem,7.7,5.425000000000001,2.275,0,False,,0.1244979919678714,82.0,476.0,0.0,8.15,0.0,0,0.9989811512990321
WA,530657002936,4564,Ellen Ochoa Middle School,2.55,0.2749999999999999,2.275,0,True,,0.9549180327868853,20.5,765.0,0.0,2.25,0.0,0,0.9989811512990321
WA,530375002881,4565,Cascade Ridge Elementary,9.45,7.174999999999999,2.275,0,False,,0.0134228187919463,84.5,494.0,0.0,9.2,0.0,0,0.9989811512990321
WA,530081003152,4567,Camas High School,8.52,6.244999999999999,2.275,0,False,,0.1114982578397212,77.5,2163.0,1.0,8.85,0.0,0,0.9989811512990321
WA,530357002938,4568,Hockinson High School,8.95,6.674999999999999,2.275,0,False,,0.1266666666666666,64.5,675.0,1.0,8.8,0.0,0,0.9989811512990321
WA,530978003153,4569,White River High School,8.45,6.174999999999999,2.275,0,False,,0.2771535580524344,62.0,1189.0,1.0,7.9,0.0,0,0.9989811512990321
WA,530282003154,4570,Todd Beamer High School,3.85,1.5750000000000002,2.275,0,False,,0.6077844311377245,39.5,1496.0,1.0,3.85,0.0,0,0.9989811512990321
WA,530042002939,4571,Northern Heights Elementary Schl,3.75,1.475,2.275,0,False,,0.3649289099526066,44.5,390.0,0.0,4.65,0.0,0,0.9989811512990321
WA,530024002940,4573,Pioneer Elementary,4.7,2.4250000000000003,2.275,0,False,,0.3444816053511705,59.0,578.0,0.0,4.0,0.0,0,0.9989811512990321
WA,530447002947,4574,Mt. Solo Middle School,7.35,5.074999999999999,2.275,0,False,,0.5151515151515151,53.5,456.0,0.0,5.8,0.0,0,0.9989811512990321
WA,530870003155,4575,Angelo Giaudrone Middle School,1.8,-0.47499999999999987,2.275,1,True,,0.8088235294117647,33.5,685.0,0.0,1.8,34548.0,1,0.9989811512990321
WA,530426003156,4576,Cougar Creek Elementary School,4.3,2.025,2.275,0,False,,0.3715596330275229,55.5,389.0,0.0,3.55,0.0,0,0.9989811512990321
WA,530495003157,4577,Michael Anderson Elementary School,8.5,6.225,2.275,0,False,,0.2748538011695906,59.5,482.0,0.0,8.3,0.0,0,0.9989811512990321
WA,530048003158,4578,Cougar Mountain Middle School,5.4,3.1250000000000004,2.275,0,False,,0.5246422893481717,50.5,625.0,0.0,5.85,0.0,0,0.9989811512990321
WA,530270003159,4579,York Elementary School,5.35,3.0749999999999997,2.275,0,True,,0.4182509505703422,58.5,505.0,0.0,4.4,0.0,0,0.9989811512990321
WA,530396002799,4581,Millennium Elementary School,3.8,1.525,2.275,0,True,,0.7329376854599406,56.0,595.0,0.0,2.5,0.0,0,0.9989811512990321
WA,530288003161,4582,Columbia Junior High School,4.6,2.3249999999999997,2.275,0,False,,0.4758364312267658,42.0,611.0,0.0,5.9,0.0,0,0.9989811512990321
WA,530543003162,4583,Odyssey Elementary,4.4,2.1250000000000004,2.275,0,True,,0.7091503267973857,42.0,520.0,0.0,2.9,0.0,0,0.9989811512990321
WA,530861002998,4585,Bonney Lake High School,7.15,4.875,2.275,0,False,,0.3281733746130031,58.5,1463.0,1.0,7.15,0.0,0,0.9989811512990321
WA,530790002990,4586,Olympic Middle School,2.5,0.2250000000000001,2.275,0,True,,0.7137931034482758,37.5,600.0,0.0,1.5,35788.0,1,0.9989811512990321
WA,530270002946,4587,Columbia Valley Elementary,5.85,3.5749999999999997,2.275,0,True,,0.4555555555555555,50.0,529.0,0.0,4.55,32089.0,1,0.9989811512990321
WA,530897003027,4588,Valley View Elementary,2.7,0.42500000000000027,2.275,0,True,,0.9678714859437751,44.0,527.0,0.0,2.9,29967.0,1,0.9989811512990321
WA,530927002944,4591,Thomas Jefferson Middle School,4.6,2.3249999999999997,2.275,0,False,,0.2713085234093637,59.5,884.0,0.0,3.55,0.0,0,0.9989811512990321
WA,530375002981,4592,Newcastle Elementary School,9.4,7.125,2.275,0,True,,0.0814332247557003,78.0,617.0,0.0,8.95,0.0,0,0.9989811512990321
WA,530297003013,4593,Freeman Middle School,5.2,2.9250000000000003,2.275,0,False,,0.2767857142857143,60.5,235.0,0.0,3.78,0.0,0,0.9989811512990321
WA,530513003009,4594,Fryelands Elementary,4.15,1.8750000000000004,2.275,0,False,,0.3835616438356164,44.0,423.0,0.0,3.75,0.0,0,0.9989811512990321
WA,530657002950,4595,Maya Angelou Elementary,4.9,2.6250000000000004,2.275,0,True,,0.5628517823639775,46.0,899.0,0.0,3.55,0.0,0,0.9989811512990321
WA,530834003011,5004,Saratoga School,4.45,2.1750000000000003,2.275,0,False,,0.1392405063291139,44.5,159.0,1.0,5.25,0.0,0,0.9989811512990321
WA,530024003008,5010,Haller Middle School,5.65,3.3750000000000004,2.275,0,False,,0.3066037735849056,58.5,641.0,0.0,3.8,0.0,0,0.9989811512990321
WA,530804002980,5015,Cascade View Elementary School,9.4,7.125,2.275,0,False,,0.0460992907801418,78.0,564.0,0.0,9.45,0.0,0,0.9989811512990321
WA,530396002986,5016,Mill Creek Middle School,1.4,-0.875,2.275,1,True,,0.7454545454545455,33.5,888.0,0.0,1.1,47842.0,1,0.9989811512990321
WA,531014003016,5018,Lackamas Elementary,3.27,0.9950000000000001,2.275,0,True,,0.4805194805194805,47.0,388.0,0.0,2.28,31081.0,1,0.9989811512990321
WA,530657002951,5020,Virgie Robinson Elementary,5.35,3.0749999999999997,2.275,0,True,,0.9689578713968958,31.0,747.0,0.0,3.8,0.0,0,0.9989811512990321
WA,530057003020,5021,Blaine Home Connection,2.2,-0.07499999999999973,2.275,1,False,,0.2,34.5,54.0,0.0,3.95,0.0,0,0.9989811512990321
WA,530141003000,5027,General William H. Harrison Preparatory School,6.32,4.045,2.275,0,False,,0.6790890269151139,59.5,724.0,1.0,5.6,0.0,0,0.9989811512990321
WA,530282002964,5029,Sequoyah Middle School,2.95,0.6750000000000003,2.275,0,False,,0.7495621716287215,36.5,591.0,0.0,2.8,0.0,0,0.9989811512990321
WA,530183002942,5030,Olympic Peninsula HomeConnection,3.65,1.375,2.275,0,False,,0.5454545454545454,34.5,120.0,1.0,2.0,0.0,0,0.9989811512990321
WA,530873002956,5032,Taholah Elementary & Middle School,1.55,-0.7249999999999999,2.275,1,True,,0.7323943661971831,7.5,111.0,0.0,1.28,50542.0,1,0.9989811512990321
WA,530048003003,5033,Graham Kapowsin High School,6.5,4.225,2.275,0,False,,0.4004376367614879,53.5,1912.0,1.0,6.2,0.0,0,0.9989811512990321
WA,530123003014,5035,HomeWorks,4.6,2.3249999999999997,2.275,0,False,,0.4166666666666667,54.5,85.0,1.0,2.83,0.0,0,0.9989811512990321
WA,530030002978,5037,Auburn Mountainview High School,6.45,4.175000000000001,2.275,0,True,,0.4611528822055137,54.5,1645.0,1.0,5.5,0.0,0,0.9989811512990321
WA,530513003040,5040,Park Place Middle School,5.2,2.9250000000000003,2.275,0,False,,0.3910171730515192,50.0,828.0,0.0,4.75,0.0,0,0.9989811512990321
WA,530771003046,5046,Private School Services,1.45,-0.825,2.275,1,False,,0.4285714285714285,24.5,192.0,1.0,1.45,0.0,0,0.9989811512990321
WA,530501003036,5047,Meridian Parent Partnership Program,5.68,3.405,2.275,0,False,,0.1970802919708029,49.5,236.0,0.0,7.05,0.0,0,0.9989811512990321
WA,530867003037,5049,Sierra Vista Middle School,3.7,1.4250000000000003,2.275,0,True,,0.8741450068399452,39.0,760.0,0.0,2.1,0.0,0,0.9989811512990321
WA,530030003063,5051,Lakeland Hills Elementary,8.15,5.875,2.275,0,False,,0.2415730337078651,79.5,660.0,0.0,7.75,0.0,0,0.9989811512990321
WA,531014003068,5052,Ridgeline Middle School,6.83,4.555,2.275,0,False,,0.4130081300813008,54.0,675.0,0.0,5.7,0.0,0,0.9989811512990321
WA,530423003077,5053,Rosa Parks Elementary,9.9,7.625,2.275,0,False,,0.0356083086053412,90.0,649.0,0.0,9.9,0.0,0,0.9989811512990321
WA,530081003066,5054,Liberty Middle School,8.95,6.674999999999999,2.275,0,False,,0.1837837837837838,76.0,818.0,0.0,7.3,0.0,0,0.9989811512990321
WA,530375003067,5056,Grand Ridge Elementary,9.95,7.674999999999999,2.275,0,False,,0.0777777777777777,77.5,725.0,0.0,9.95,0.0,0,0.9989811512990321
WA,530423003070,5057,Renaissance School of Art and Reasoning,9.28,7.004999999999999,2.275,0,False,,0.0224719101123595,82.0,92.0,0.0,8.5,0.0,0,0.9989811512990321
WA,530870003064,5066,Helen Stafford Elementary School,5.65,3.3750000000000004,2.275,0,True,,0.8076923076923077,50.0,536.0,0.0,5.0,0.0,0,0.9989811512990321
WA,530723003073,5070,Renton Academy,1.45,-0.825,2.275,1,True,,0.84,10.0,39.0,1.0,,0.0,0,0.9989811512990321
WA,530780003074,5075,Selkirk Elementary School,4.85,2.5749999999999997,2.275,0,True,,0.5645161290322581,67.0,144.0,0.0,5.78,0.0,0,0.9989811512990321
WA,530618003205,5078,Olympia Regional Learning Academy,4.62,2.345,2.275,0,False,,0.3888888888888889,39.75,58.0,1.0,4.98,0.0,0,0.9989811512990321
WA,530030003174,5082,Arthur Jacobsen Elementary,5.55,3.275,2.275,0,True,,0.5494880546075085,56.0,590.0,0.0,3.4,0.0,0,0.9989811512990321
WA,530576003201,5085,Kingston High School,6.65,4.375,2.275,0,False,,0.3313609467455621,59.5,657.0,1.0,6.65,0.0,0,0.9989811512990321
WA,530696003192,5088,Emma L Carson Elementary,5.8,3.525,2.275,0,True,,0.3824091778202677,55.5,783.0,0.0,6.0,0.0,0,0.9989811512990321
WA,530038003176,5089,Daybreak Middle,4.15,1.8750000000000004,2.275,0,False,,0.4191343963553531,41.0,555.0,0.0,4.45,0.0,0,0.9989811512990321
WA,530038003194,5090,Daybreak Primary,6.25,3.975,2.275,0,True,,0.4926829268292683,51.5,570.0,0.0,5.75,0.0,0,0.9989811512990321
WA,530267003195,5091,Forest View Elementary School,9.15,6.875,2.275,0,False,,0.0845771144278607,82.5,679.0,0.0,9.65,0.0,0,0.9989811512990321
WA,530732003171,5092,White Bluffs Elementary School,7.75,5.475,2.275,0,False,,0.1809045226130653,80.0,786.0,0.0,8.35,0.0,0,0.9989811512990321
WA,530696003191,5093,G W Edgerton Elementary,7.4,5.125,2.275,0,False,,0.2574031890660592,67.0,768.0,0.0,7.3,0.0,0,0.9989811512990321
WA,530492003193,5094,Prairie View Elementary,9.47,7.195,2.275,0,False,,0.136986301369863,82.0,661.0,0.0,8.4,0.0,0,0.9989811512990321
WA,530420003190,5099,Cavelero Mid High School,5.0,2.725,2.275,0,False,,0.2766853932584269,58.5,1444.0,0.0,5.4,0.0,0,0.9989811512990321
WA,530802003184,5100,Little Cedars Elementary School,7.0,4.725,2.275,0,False,,0.1048780487804878,73.5,666.0,0.0,7.95,0.0,0,0.9989811512990321
WA,530081003200,5104,Hayes Freedom High School,5.03,2.7550000000000003,2.275,0,False,,0.2580645161290322,52.25,137.0,1.0,5.68,0.0,0,0.9989811512990321
WA,530270003222,5111,Union High School,7.95,5.675000000000001,2.275,0,False,,0.2637130801687763,55.5,2030.0,1.0,7.85,0.0,0,0.9989811512990321
WA,530531003211,5112,Mount Baker Academy,4.05,1.775,2.275,0,False,,0.25,49.75,28.0,1.0,4.33,0.0,0,0.9989811512990321
WA,530682003230,5115,Roosevelt Elementary School,6.78,4.505000000000001,2.275,0,True,,0.5015015015015015,63.0,547.0,0.0,3.95,0.0,0,0.9989811512990321
WA,530486003235,5123,Grove Elementary,4.75,2.475,2.275,0,False,,0.4789915966386555,45.0,435.0,0.0,5.75,0.0,0,0.9989811512990321
WA,530042003225,5125,Wade King Elementary School,6.18,3.905,2.275,0,False,,0.2247706422018348,56.0,397.0,0.0,7.75,0.0,0,0.9989811512990321
WA,530802003217,5128,Glacier Peak High School,9.4,7.125,2.275,0,False,,0.085972850678733,72.5,1768.0,1.0,9.15,0.0,0,0.9989811512990321
WA,530038003214,5131,Tukes Valley Middle School,5.9,3.6250000000000004,2.275,0,False,,0.281183932346723,57.0,549.0,0.0,5.4,0.0,0,0.9989811512990321
WA,530038003228,5132,Tukes Valley Primary,4.78,2.5050000000000003,2.275,0,False,,0.3094170403587444,51.5,561.0,0.0,6.25,0.0,0,0.9989811512990321
WA,530038003262,5133,Chief Umtuch Middle,5.7,3.4250000000000003,2.275,0,False,,0.3722871452420701,52.5,631.0,0.0,6.05,0.0,0,0.9989811512990321
WA,530804003252,5135,Twin Falls Middle School,7.53,5.255000000000001,2.275,0,False,,0.1199040767386091,76.5,567.0,0.0,7.3,0.0,0,0.9989811512990321
WA,530270003241,5136,Endeavour Elementary School,5.1,2.8249999999999997,2.275,0,True,,0.6501457725947521,60.0,680.0,0.0,4.0,0.0,0,0.9989811512990321
WA,530423003242,5139,Rachel Carson Elementary,9.7,7.424999999999999,2.275,0,False,,0.0327868852459016,89.0,487.0,0.0,9.2,0.0,0,0.9989811512990321
WA,530696003260,5142,Glacier View Junior High,3.7,1.4250000000000003,2.275,0,False,,0.3499142367066895,51.5,868.0,0.0,3.9,0.0,0,0.9989811512990321
WA,530936003264,5144,Wahluke Junior High,4.9,2.6250000000000004,2.275,0,True,,0.9303079416531604,32.0,651.0,0.0,3.0,0.0,0,0.9989811512990321
WA,530927003246,5149,Vancouver Virtual Learning Academy,2.07,-0.20500000000000007,2.275,1,False,,0.6197183098591549,24.75,269.0,1.0,2.38,0.0,0,0.9989811512990321
WA,530081003312,5158,Grass Valley Elementary,7.48,5.205,2.275,0,False,,0.1220338983050847,83.5,539.0,0.0,9.65,0.0,0,0.9989811512990321
WA,530048003272,5159,Frederickson Elementary,4.3,2.025,2.275,0,True,,0.5710227272727273,60.5,601.0,0.0,2.5,0.0,0,0.9989811512990321
WA,530048003288,5160,Nelson Elementary School,7.35,5.074999999999999,2.275,0,False,,0.3873873873873873,63.5,728.0,0.0,6.6,0.0,0,0.9989811512990321
WA,530282003306,5163,Career Academy at Truman High School,3.2,0.9250000000000003,2.275,0,False,,0.5714285714285714,24.5,98.0,1.0,3.2,0.0,0,0.9989811512990321
WA,530657003292,5164,Chiawana Senior High School,5.15,2.8750000000000004,2.275,0,True,,0.6319444444444444,44.0,2972.0,1.0,4.95,0.0,0,0.9989811512990321
WA,530732003273,5165,Three Rivers Home Link,5.33,3.055,2.275,0,False,,0.1828571428571428,57.0,436.0,1.0,5.23,0.0,0,0.9989811512990321
WA,530585003308,5167,Chambers Prairie Elementary School,5.4,3.1250000000000004,2.275,0,True,,0.5983606557377049,52.0,511.0,0.0,6.1,0.0,0,0.9989811512990321
WA,530585003280,5168,Aspire Middle School,8.07,5.795,2.275,0,False,,0.3310104529616725,72.5,297.0,0.0,7.95,0.0,0,0.9989811512990321
WA,530870003286,5169,Science and Math Institute,9.07,6.795,2.275,0,False,,0.3974358974358974,67.0,555.0,1.0,8.55,0.0,0,0.9989811512990321
WA,530870003299,5170,First Creek Middle School,2.1,-0.17499999999999982,2.275,1,True,,0.8653295128939829,26.0,734.0,0.0,2.05,47865.0,1,0.9989811512990321
WA,530522003281,5173,Sage Point Elementary School,6.95,4.675000000000001,2.275,0,False,,0.3438914027149321,68.5,468.0,0.0,7.85,0.0,0,0.9989811512990321
WA,530771003271,5175,Hazel Wolf K-8,8.35,6.074999999999999,2.275,0,False,,0.2195121951219512,77.0,730.0,0.0,8.1,0.0,0,0.9989811512990321
WA,530396000628,5178,Panther Lake Elementary School,4.2,1.9250000000000003,2.275,0,True,,0.717741935483871,46.0,676.0,0.0,4.45,25834.0,1,0.9989811512990321
WA,530891003310,5190,Cowlitz Prairie Academy,3.45,1.1750000000000003,2.275,0,False,,0.875,24.5,37.0,1.0,3.45,0.0,0,0.9989811512990321
WA,530000303314,5194,Kelso Virtual Academy,5.08,2.805,2.275,0,False,,0.2857142857142857,75.0,18.0,1.0,3.35,0.0,0,0.9989811512990321
WA,530622003282,5195,Washington Virtual Academy Omak Elementary,2.4,0.125,2.275,0,False,,0.5115131578947368,41.5,1094.0,0.0,2.5,0.0,0,0.9989811512990321
WA,530622003307,5196,Washington Virtual Academy Omak Middle School,3.55,1.275,2.275,0,False,,0.4831460674157303,41.0,1318.0,0.0,2.95,0.0,0,0.9989811512990321
WA,530622003304,5197,Washington Virtual Academy Omak High School,5.65,3.3750000000000004,2.275,0,False,,0.4668769716088328,52.0,1314.0,1.0,5.2,0.0,0,0.9989811512990321
WA,530375003337,5200,Pacific Cascade Middle School,8.3,6.025,2.275,0,False,,0.0512562814070351,80.5,1021.0,0.0,9.15,0.0,0,0.9989811512990321
WA,530375003331,5201,Creekside Elementary,9.7,7.424999999999999,2.275,0,False,,0.0264550264550264,81.5,731.0,0.0,9.7,0.0,0,0.9989811512990321
WA,530771003332,5203,McDonald International School,9.7,7.424999999999999,2.275,0,False,,0.0287081339712918,90.5,478.0,0.0,9.7,0.0,0,0.9989811512990321
WA,530771003318,5204,Queen Anne Elementary,8.35,6.074999999999999,2.275,0,False,,0.125,77.0,222.0,0.0,8.45,0.0,0,0.9989811512990321
WA,530771003316,5205,Sand Point Elementary,6.75,4.475,2.275,0,True,,0.5222222222222223,49.5,221.0,0.0,5.1,0.0,0,0.9989811512990321
WA,530048003343,5206,Liberty Middle School,4.2,1.9250000000000003,2.275,0,False,,0.5169712793733682,47.5,773.0,0.0,4.2,0.0,0,0.9989811512990321
WA,530285003339,5207,Cascadia Elementary,7.8,5.525,2.275,0,False,,0.502262443438914,71.0,436.0,0.0,5.55,0.0,0,0.9989811512990321
WA,530486003317,5213,Marysville Pilchuck High School,3.55,1.275,2.275,0,False,,0.4609665427509293,38.5,1167.0,1.0,3.9,0.0,0,0.9989811512990321
WA,530393003330,5220,Cottonwood Elementary,8.3,6.025,2.275,0,False,,,77.5,493.0,0.0,8.95,0.0,0,0.9989811512990321
WA,530924003327,5223,Paideia High School,5.77,3.4949999999999997,2.275,0,False,,0.6,49.75,72.0,1.0,5.1,0.0,0,0.9989811512990321
WA,530780003341,5225,Selkirk Middle School,8.63,6.355,2.275,0,False,,0.53125,64.5,59.0,0.0,7.63,0.0,0,0.9989811512990321
WA,530780003344,5226,Selkirk High School,8.7,6.424999999999999,2.275,0,False,,0.5,59.5,80.0,1.0,7.83,0.0,0,0.9989811512990321
WA,530723003351,5229,Honey Dew Elementary,2.65,0.375,2.275,0,True,,0.7398373983739838,31.5,425.0,0.0,2.6,0.0,0,0.9989811512990321
WA,530699003353,5236,Partnership for Excellence in Alternative Remote Learning,3.38,1.105,2.275,0,False,,,52.0,376.0,0.0,3.38,0.0,0,0.9989811512990321
WA,530042003358,5239,Cordata Elementary School,1.55,-0.7249999999999999,2.275,1,True,,0.7043010752688172,29.5,380.0,0.0,2.25,50000.0,1,0.9989811512990321
WA,530039003354,5240,Bellevue Big Picture School,8.27,5.994999999999999,2.275,0,False,,0.1685823754789272,74.0,367.0,1.0,7.93,0.0,0,0.9989811512990321
WA,531005003371,5246,Lewis River Academy,5.6,3.3249999999999997,2.275,0,False,,0.4782608695652174,39.75,42.0,1.0,4.33,0.0,0,0.9989811512990321
WA,530825003378,5250,On Track Academy,6.0,3.725,2.275,0,True,,0.75,29.75,403.0,1.0,6.0,0.0,0,0.9989811512990321
WA,530522003368,5251,Park Orchard Elementary School,4.6,2.3249999999999997,2.275,0,True,,0.7053941908713693,46.5,466.0,0.0,5.65,0.0,0,0.9989811512990321
WA,530423003432,5265,Nikola Tesla STEM High School,9.9,7.625,2.275,0,False,,0.0258064516129032,97.5,603.0,1.0,9.9,0.0,0,0.9989811512990321
WA,530123003428,5269,Westwood Middle School,5.55,3.275,2.275,0,False,,0.5648148148148148,45.0,578.0,0.0,5.9,0.0,0,0.9989811512990321
WA,530927003415,5271,Vancouver iTech Preparatory,7.42,5.145,2.275,0,False,,0.2857142857142857,63.0,407.0,1.0,7.1,0.0,0,0.9989811512990321
WA,530771003426,5276,Louisa Boren STEM K-8,5.0,2.725,2.275,0,False,,0.2625368731563421,63.0,556.0,0.0,3.6,0.0,0,0.9989811512990321
WA,530648003393,5285,Wahitis Elementary School,6.25,3.975,2.275,0,True,,0.8847184986595175,44.0,614.0,0.0,6.5,0.0,0,0.9989811512990321
WA,530474003427,5286,Manson Middle School,6.7,4.425000000000001,2.275,0,True,,0.7123287671232876,54.5,173.0,0.0,3.55,0.0,0,0.9989811512990321
WA,530465003406,5289,Mabton Jr. Sr. High,3.38,1.105,2.275,0,True,,0.9775280898876404,14.75,373.0,1.0,2.95,0.0,0,0.9989811512990321
WA,530771003390,5292,Cascadia Elementary,9.68,7.404999999999999,2.275,0,False,,0.0287206266318537,99.5,523.0,0.0,9.95,0.0,0,0.9989811512990321
WA,530441003416,5293,Lind-Ritzville Middle School,3.28,1.005,2.275,0,False,,0.7659574468085106,34.75,46.0,0.0,2.35,0.0,0,0.9989811512990321
WA,530123003413,5294,Phil Snowdon Elementary,8.45,6.174999999999999,2.275,0,True,,0.4632034632034632,62.5,522.0,0.0,6.85,0.0,0,0.9989811512990321
WA,530804003394,5296,Snoqualmie Parent Partnership Program,8.57,6.295,2.275,0,False,,,64.5,93.0,0.0,6.78,0.0,0,0.9989811512990321
WA,530825003401,5301,The Community School,8.05,5.775,2.275,0,False,,0.4736842105263157,69.5,152.0,1.0,7.8,0.0,0,0.9989811512990321
WA,530738003418,5303,Lind Ritzville Middle School,4.55,2.275,2.275,0,False,,0.4133333333333333,59.5,91.0,0.0,2.6,0.0,0,0.9989811512990321
WA,530039003455,5308,Jing Mei Elementary School,9.9,7.625,2.275,0,False,,0.0157068062827225,82.0,473.0,0.0,9.4,0.0,0,0.9989811512990321
WA,530081003460,5309,Woodburn Elementary,7.8,5.525,2.275,0,True,,0.208955223880597,70.0,591.0,0.0,8.1,0.0,0,0.9989811512990321
WA,530270003463,5310,Henrietta Lacks Health and Bioscience High School,8.1,5.824999999999999,2.275,0,False,,0.5170068027210885,54.5,572.0,1.0,7.8,0.0,0,0.9989811512990321
WA,530357003440,5311,Hockinson Heights Elementary School,7.0,4.725,2.275,0,True,,0.2243436754176611,58.0,855.0,0.0,6.2,0.0,0,0.9989811512990321
WA,530696003449,5322,Puyallup Parent Partnership Program,4.15,1.8750000000000004,2.275,0,False,,0.2222222222222222,39.75,27.0,0.0,2.23,0.0,0,0.9989811512990321
WA,530657003499,5345,Rosalind Franklin STEM Elementary,4.0,1.725,2.275,0,True,,0.5368852459016393,45.5,858.0,0.0,4.8,0.0,0,0.9989811512990321
WA,530228003494,5346,East Valley Middle School,3.35,1.0750000000000002,2.275,0,False,,0.610738255033557,46.5,472.0,0.0,3.9,0.0,0,0.9989811512990321
WA,530486003480,5350,Quil Ceda Tulalip Elementary,1.4,-0.875,2.275,1,True,,0.8272058823529411,26.0,506.0,0.0,1.2,52813.0,1,0.9989811512990321
WA,530771003467,5351,Jane Addams Middle School,6.25,3.975,2.275,0,False,,0.2828507795100223,71.0,997.0,0.0,7.5,0.0,0,0.9989811512990321
WA,530522003482,5354,Endeavor Middle School,1.3,-0.9749999999999999,2.275,1,True,,0.91869918699187,18.0,273.0,0.0,1.5,0.0,0,0.9989811512990321
WA,530825003502,5361,Spokane Public Montessori,7.7,5.425000000000001,2.275,0,False,,0.31438127090301,59.0,463.0,0.0,6.43,0.0,0,0.9989811512990321
WA,530147003489,5362,College Place High School,6.55,4.275,2.275,0,False,,0.5412844036697247,57.0,494.0,1.0,6.45,0.0,0,0.9989811512990321
WA,530141003473,5364,Meriwether Elementary School,6.48,4.205,2.275,0,False,,0.4055944055944055,57.0,336.0,0.0,7.55,0.0,0,0.9989811512990321
WA,530141003472,5365,Rainier Elementary School,8.3,6.025,2.275,0,False,,0.555045871559633,72.0,542.0,0.0,8.2,0.0,0,0.9989811512990321
WA,530648003470,5367,Desert Oasis High School,2.15,-0.125,2.275,1,True,,0.9090909090909092,10.0,89.0,1.0,2.7,51686.0,1,0.9989811512990321
WA,530981003500,5368,Wallace & Priscilla Stevenson Intermediate School,4.8,2.525,2.275,0,True,,0.5098684210526315,46.0,289.0,0.0,4.05,0.0,0,0.9989811512990321
WA,530033403510,5375,Summit Public School: Sierra,6.7,4.425000000000001,2.275,0,True,,0.3578947368421052,54.5,344.0,1.0,7.3,0.0,0,0.9989811512990321
WA,530033303541,5376,Summit Public School: Olympus,4.87,2.595,2.275,0,True,,0.6756756756756757,59.5,183.0,1.0,4.63,0.0,0,0.9989811512990321
WA,530033503533,5380,Rainier Prep,8.15,5.875,2.275,0,True,,0.7413249211356467,61.5,350.0,0.0,8.5,0.0,0,0.9989811512990321
WA,530033703539,5381,Spokane International Academy,6.45,4.175000000000001,2.275,0,True,,0.4410876132930513,62.0,467.0,0.0,5.8,0.0,0,0.9989811512990321
WA,530777003546,5384,Selah Intermediate School,4.3,2.025,2.275,0,True,,0.5788834951456311,54.5,856.0,0.0,3.15,0.0,0,0.9989811512990321
WA,530777003554,5385,Selah Middle School,5.05,2.775,2.275,0,True,,0.5459119496855346,52.0,839.0,0.0,2.6,0.0,0,0.9989811512990321
WA,530141003516,5387,Four Heroes Elementary,2.95,0.6750000000000003,2.275,0,True,,0.9353932584269664,30.0,680.0,0.0,4.45,47705.0,1,0.9989811512990321
WA,530762003526,5388,Royal Intermediate School,4.05,1.775,2.275,0,True,,0.8412698412698413,34.0,449.0,0.0,3.0,0.0,0,0.9989811512990321
WA,530657003520,5391,Barbara McClintock STEM Elementary,3.55,1.275,2.275,0,True,,0.5388026607538803,38.0,847.0,0.0,3.15,0.0,0,0.9989811512990321
WA,530657003552,5392,Captain Gray STEM Elementary,1.9,-0.375,2.275,1,True,,0.9711815561959656,11.0,580.0,0.0,1.55,48398.0,1,0.9989811512990321
WA,530657003542,5394,Marie Curie STEM Elementary,4.25,1.975,2.275,0,True,,0.9624242424242424,24.0,837.0,0.0,2.2,0.0,0,0.9989811512990321
WA,531005003509,5409,Woodland Middle School,8.2,5.924999999999999,2.275,0,True,,0.5027397260273972,57.5,709.0,0.0,6.95,0.0,0,0.9989811512990321
WA,530095003528,5418,Cascade Home-Link,7.73,5.455,2.275,0,False,,0.3076923076923077,60.0,31.0,0.0,,0.0,0,0.9989811512990321
WA,530732003540,5419,Orchard Elementary,7.85,5.574999999999999,2.275,0,False,,0.2017291066282421,74.0,708.0,0.0,8.15,0.0,0,0.9989811512990321
WA,530228003581,5432,EV Online,4.37,2.095,2.275,0,False,,0.2857142857142857,49.75,52.0,1.0,3.95,0.0,0,0.9989811512990321
WA,530228003582,5433,EV Parent Partnership,4.3,2.025,2.275,0,False,,0.3846153846153846,39.5,230.0,1.0,5.38,0.0,0,0.9989811512990321
WA,530375003588,5437,Gibson Ek High School,6.75,4.475,2.275,0,False,,0.0217391304347826,59.5,184.0,1.0,8.0,0.0,0,0.9989811512990321
WA,530393003584,5438,Sage Crest Elementary,5.55,3.275,2.275,0,False,,,67.5,592.0,0.0,6.4,0.0,0,0.9989811512990321
WA,530393003586,5439,Chinook Middle School,5.85,3.5749999999999997,2.275,0,True,,,53.5,979.0,0.0,5.0,0.0,0,0.9989811512990321
WA,530480003571,5444,Mary M. Knight School,2.7,0.42500000000000027,2.275,0,True,,0.7023809523809523,24.5,166.0,1.0,3.43,0.0,0,0.9989811512990321
WA,530480003569,5445,Washington Connections Academy - Mary M. Knight,2.88,0.605,2.275,0,False,,0.1633919338159255,41.5,1668.0,1.0,2.4,0.0,0,0.9989811512990321
WA,530498003566,5447,Northwood Elementary School,9.95,7.674999999999999,2.275,0,True,,0.0793650793650793,77.0,479.0,0.0,9.95,0.0,0,0.9989811512990321
WA,530543003577,5450,Lake Stickney Elementary School,4.8,2.525,2.275,0,True,,0.6167146974063401,46.5,616.0,0.0,4.55,0.0,0,0.9989811512990321
WA,530546003559,5451,Naches Valley Elementary School,5.9,3.6250000000000004,2.275,0,True,,0.5663265306122449,59.5,506.0,0.0,7.7,0.0,0,0.9989811512990321
WA,530585003587,5452,Salish Middle School,5.15,2.8750000000000004,2.275,0,False,,0.4499332443257677,56.5,766.0,0.0,3.0,0.0,0,0.9989811512990321
WA,530804003560,5457,Timber Ridge Elementary School,9.2,6.924999999999999,2.275,0,False,,0.015432098765432,83.0,724.0,0.0,9.6,0.0,0,0.9989811512990321
WA,530870003575,5458,Industrial Design Engineering and Arts,8.22,5.945,2.275,0,False,,0.4605263157894737,54.5,390.0,1.0,7.8,0.0,0,0.9989811512990321
WA,530034203602,5468,Rainier Valley Leadership Academy,4.42,2.145,2.275,0,True,,0.7135678391959799,37.0,320.0,0.0,4.45,0.0,0,0.9989811512990321
WA,530034303611,5469,Summit Public School: Atlas,6.7,4.425000000000001,2.275,0,True,,0.5215686274509804,54.5,506.0,1.0,6.78,0.0,0,0.9989811512990321
WA,530108003622,5472,Barker Creek Community School,2.82,0.5449999999999999,2.275,0,False,,0.4347826086956521,42.0,392.0,1.0,3.35,0.0,0,0.9989811512990321
WA,530282003610,5473,Technology Access Foundation Academy at Saghalie,4.75,2.475,2.275,0,False,,0.7243460764587525,38.5,633.0,1.0,4.5,0.0,0,0.9989811512990321
WA,530420003634,5477,Stevens Creek Elementary,9.55,7.275,2.275,0,True,,0.3159509202453988,75.5,619.0,0.0,9.15,0.0,0,0.9989811512990321
WA,530486003607,5478,Marysville Getchell High School,6.6,4.324999999999999,2.275,0,False,,0.424390243902439,53.0,1550.0,1.0,6.0,0.0,0,0.9989811512990321
WA,530591003617,5481,North Creek High School,9.45,7.174999999999999,2.275,0,False,,0.1331967213114754,82.0,1722.0,1.0,9.4,0.0,0,0.9989811512990321
WA,530723003603,5484,Vera Risdon Middle School,6.1,3.8249999999999997,2.275,0,False,,0.4069212410501193,57.5,906.0,0.0,5.65,0.0,0,0.9989811512990321
WA,530771003612,5485,Edmonds S. Meany Middle School,4.85,2.5749999999999997,2.275,0,False,,0.4551282051282051,56.5,515.0,0.0,4.65,0.0,0,0.9989811512990321
WA,530771003620,5486,Robert Eagle Staff Middle School,8.75,6.475,2.275,0,False,,0.2646310432569974,71.5,810.0,0.0,8.9,0.0,0,0.9989811512990321
WA,530771003613,5487,Cedar Park Elementary School,9.25,6.975,2.275,0,False,,0.2916666666666667,79.75,185.0,0.0,8.45,0.0,0,0.9989811512990321
WA,530771003618,5488,Stephen Decatur Elementary School,9.68,7.404999999999999,2.275,0,False,,0.0306122448979591,97.5,231.0,0.0,9.95,0.0,0,0.9989811512990321
WA,530876003605,5489,Cedar River Elementary,9.1,6.824999999999999,2.275,0,False,,0.1024844720496894,82.5,613.0,0.0,8.55,0.0,0,0.9989811512990321
WA,530876003604,5490,Tahoma Elementary,7.6,5.324999999999999,2.275,0,False,,0.1428571428571428,77.5,740.0,0.0,6.4,0.0,0,0.9989811512990321
WA,530732003606,5493,Leona Libby Middle School,8.07,5.795,2.275,0,False,,0.1692524682651622,73.0,783.0,0.0,7.4,0.0,0,0.9989811512990321
WA,530954003608,5494,Columbia River Gorge Elementary School,5.98,3.7050000000000005,2.275,0,True,,0.4101382488479262,55.5,397.0,0.0,6.85,0.0,0,0.9989811512990321
WA,530972003614,5506,WEST VALLEY VIRTUAL ACADEMY 9-12,2.05,-0.2250000000000001,2.275,1,False,,0.4,,151.0,1.0,1.95,0.0,0,0.9989811512990321
WA,530117003655,5510,Orin C Smith Elementary School,4.6,2.3249999999999997,2.275,0,True,,0.5482866043613707,56.5,669.0,0.0,3.55,0.0,0,0.9989811512990321
WA,530423003640,5511,Clara Barton Elementary School,8.1,5.824999999999999,2.275,0,False,,0.2116788321167883,72.5,610.0,0.0,9.1,0.0,0,0.9989811512990321
WA,530423003628,5512,Ella Baker Elementary School,9.65,7.375,2.275,0,False,,0.0850202429149797,86.5,549.0,0.0,9.85,0.0,0,0.9989811512990321
WA,530034503653,5517,Impact Public Schools,8.0,5.725,2.275,0,True,,,,285.0,0.0,7.4,0.0,0,0.9989811512990321
WA,530735003660,5518,Sunset Ridge Intermediate School,6.3,4.025,2.275,0,False,,0.2765567765567766,61.0,566.0,0.0,6.0,0.0,0,0.9989811512990321
WA,530723003651,5519,Sartori Elementary School,9.0,6.725,2.275,0,False,,0.421259842519685,64.0,533.0,0.0,9.25,0.0,0,0.9989811512990321
WA,530393003663,5520,Amon Creek Elementary,8.95,6.674999999999999,2.275,0,False,,,81.0,728.0,0.0,7.8,0.0,0,0.9989811512990321
WA,530393003647,5521,Fuerza Elementary,4.15,1.8750000000000004,2.275,0,True,,,41.5,606.0,0.0,4.45,0.0,0,0.9989811512990321
WA,530861003643,5524,Tehaleh Heights Elementary School,9.8,7.525,2.275,0,False,,0.0909090909090909,77.0,417.0,0.0,9.75,0.0,0,0.9989811512990321
WA,530081003662,5533,Discovery High School,6.32,4.045,2.275,0,False,,,,155.0,1.0,8.05,0.0,0,0.9989811512990321
WA,530081003652,5534,Odyssey Middle School,7.5,5.225,2.275,0,False,,0.1004566210045662,73.0,245.0,0.0,8.6,0.0,0,0.9989811512990321
WA,530192003642,5538,Home Pride,2.95,0.6750000000000003,2.275,0,False,,0.3076923076923077,24.5,15.0,1.0,3.2,0.0,0,0.9989811512990321
WA,530111003629,5541,Riverbend Elementary School,5.6,3.3249999999999997,2.275,0,False,,0.34,64.5,463.0,0.0,4.9,0.0,0,0.9989811512990321
WA,530381003659,5545,Kalama High School,6.3,4.025,2.275,0,True,,0.1940298507462686,59.5,317.0,1.0,6.15,0.0,0,0.9989811512990321
WA,530354003674,5551,Glacier Middle School,1.3,-0.9749999999999999,2.275,1,True,,,,922.0,0.0,1.3,48468.0,1,0.9989811512990321
WA,530111003706,5552,Selkirk Middle School,7.33,5.055,2.275,0,False,,,,478.0,0.0,6.9,0.0,0,0.9989811512990321
WA,530657003686,5556,Three Rivers Elementary,2.3,0.02499999999999991,2.275,0,True,,,,623.0,0.0,2.95,0.0,0,0.9989811512990321
WA,530696003690,5557,Dessie F Evans Elementary,7.4,5.125,2.275,0,True,,,,999.0,0.0,6.85,0.0,0,0.9989811512990321
WA,530771003714,5565,Magnolia Elementary School,7.38,5.105,2.275,0,False,,,,276.0,0.0,7.85,0.0,0,0.9989811512990321
WA,530771003719,5566,Lincoln High School,9.4,7.125,2.275,0,False,,,,590.0,1.0,9.5,0.0,0,0.9989811512990321
WA,530966003678,5569,Valley Academy of Learning K-8,7.53,5.255000000000001,2.275,0,False,,,,186.0,0.0,7.48,0.0,0,0.9989811512990321
WA,530267003699,5570,Tambark Creek Elementary School,9.9,7.625,2.275,0,False,,,,657.0,0.0,9.9,0.0,0,0.9989811512990321
WA,,5571,Highland Middle School,7.83,5.555,2.275,0,False,,,,,,7.1,0.0,0,0.9989811512990321
WA,,5572,Creekside Elementary School,5.97,3.695,2.275,0,True,,,,,,6.58,0.0,0,0.9989811512990321
WA,530693003694,5574,Kamiak Elementary,7.85,5.574999999999999,2.275,0,True,,,,374.0,0.0,8.3,0.0,0,0.9989811512990321
WA,530285003703,5579,Ferndale Virtual Academy,4.8,2.525,2.275,0,True,,,,0.0,1.0,3.25,0.0,0,0.9989811512990321
WA,530708003717,5585,Ancient Lakes Elementary,1.7,-0.575,2.275,1,True,,,,372.0,0.0,2.4,0.0,0,0.9989811512990321
WA,530894003673,5587,Tonasket Outreach School,4.8,2.525,2.275,0,False,,,,57.0,1.0,3.98,0.0,0,0.9989811512990321
WA,530540003683,5589,Harriet Rowley,2.5,0.2250000000000001,2.275,0,True,,,,507.0,0.0,2.75,0.0,0,0.9989811512990321
WA,530423003708,5597,Timberline Middle School,9.65,7.375,2.275,0,False,,,,777.0,0.0,9.35,0.0,0,0.9989811512990321
WA,531005003711,5599,Columbia Elementary School,2.25,-0.02499999999999991,2.275,1,False,,,,428.0,0.0,2.9,0.0,0,0.9989811512990321
WA,531005003715,5600,North Fork Elementary School,7.9,5.625,2.275,0,False,,,,502.0,0.0,8.1,0.0,0,0.9989811512990321
WA,,5605,Ruby Bridges Elementary,7.6,5.324999999999999,2.275,0,False,,,,,,8.4,0.0,0,0.9989811512990321
WA,,5606,Innovation Lab High School,9.3,7.025,2.275,0,False,,,,,,7.35,0.0,0,0.9989811512990321
WA,,5607,Catalyst Public Schools,5.6,3.3249999999999997,2.275,0,True,,,,,,6.75,0.0,0,0.9989811512990321
WA,,5610,Bowman Creek Elementary,8.35,6.074999999999999,2.275,0,False,,,,,,8.4,0.0,0,0.9989811512990321
WA,,5612,Emerald Elementary School,3.3,1.025,2.275,0,True,,,,,,4.95,0.0,0,0.9989811512990321
WA,,5614,Longview Virtual Academy,3.4,1.125,2.275,0,False,,,,,,2.55,0.0,0,0.9989811512990321
WA,,5615,Washougal Learning Academy,7.33,5.055,2.275,0,False,,,,,,7.13,0.0,0,0.9989811512990321
WA,,5618,Washington Connections Academy Goldendale,3.85,1.5750000000000002,2.275,0,False,,,,,,3.05,0.0,0,0.9989811512990321
WA,,5621,Cedar High School,4.72,2.445,2.275,0,False,,,,,,5.43,0.0,0,0.9989811512990321
WA,,5622,Highline Public Schools Virtual Academy,4.5,2.225,2.275,0,True,,,,,,3.88,0.0,0,0.9989811512990321
WA,,5623,Columbia River Elementary,4.45,2.1750000000000003,2.275,0,True,,,,,,2.75,0.0,0,0.9989811512990321
WA,,5624,Ray Reynolds Middle School,5.5,3.225,2.275,0,True,,,,,,5.2,0.0,0,0.9989811512990321
WA,,5626,Oak Harbor Virtual Academy,2.95,0.6750000000000003,2.275,0,False,,,,,,3.45,0.0,0,0.9989811512990321
WA,,5627,Bryant Montessori Middle School,2.95,0.6750000000000003,2.275,0,False,,,,,,3.38,0.0,0,0.9989811512990321
WA,,5631,Pioneer Elementary School,6.5,4.225,2.275,0,False,,,,,,6.83,0.0,0,0.9989811512990321
WA,,5633,Bethel Virtual Academy,3.67,1.395,2.275,0,False,,,,,,3.08,0.0,0,0.9989811512990321
WA,,5635,Katherine G. Johnson Elementary School,8.45,6.174999999999999,2.275,0,True,,,,,,8.3,0.0,0,0.9989811512990321
WA,,5636,Walla Walla Online,6.27,3.9949999999999997,2.275,0,False,,,,,,4.73,0.0,0,0.9989811512990321
WA,,5637,Valley Online Academy,4.22,1.9449999999999998,2.275,0,False,,,,,,5.35,0.0,0,0.9989811512990321
WA,,5642,Sultan Virtual Academy,3.6,1.3250000000000002,2.275,0,False,,,,,,3.0,0.0,0,0.9989811512990321
WA,,5646,North Kitsap Options,8.75,6.475,2.275,0,False,,,,,,8.8,0.0,0,0.9989811512990321
WA,,5654,Envision Career Academy,6.55,4.275,2.275,0,False,,,,,,5.58,0.0,0,0.9989811512990321
WA,,5658,Skyline Elementary,6.45,4.175000000000001,2.275,0,False,,,,,,7.0,0.0,0,0.9989811512990321
WA,,5660,Ridgeline High School,7.97,5.695,2.275,0,False,,,,,,7.6,0.0,0,0.9989811512990321
WA,,5667,Central Valley Virtual Learning,5.73,3.4550000000000005,2.275,0,False,,,,,,3.05,0.0,0,0.9989811512990321
WA,,5671,Fife Elementary School,6.25,3.975,2.275,0,True,,,,,,6.65,0.0,0,0.9989811512990321
WA,,5673,Cedar Trails Elementary,9.65,7.375,2.275,0,False,,,,,,9.65,0.0,0,0.9989811512990321
WA,,5674,Cougar Mountain Middle School,8.6,6.324999999999999,2.275,0,False,,,,,,8.2,0.0,0,0.9989811512990321
WA,,5675,Lexington Elementary,6.8,4.525,2.275,0,True,,,,,,6.65,0.0,0,0.9989811512990321
WA,,5676,Kent Laboratory Academy,7.92,5.645,2.275,0,False,,,,,,8.08,0.0,0,0.9989811512990321
WA,,5677,River Ridge Elementary,1.2,-1.075,2.275,1,True,,,,,,1.7,0.0,0,0.9989811512990321
WA,,5679,Digital Learning Center,4.0,1.725,2.275,0,False,,,,,,2.38,0.0,0,0.9989811512990321
WA,,5680,Vicki I. Groff Elementary School,7.75,5.475,2.275,0,True,,,,,,7.1,0.0,0,0.9989811512990321
WA,,5683,Summit VIrtual Academy,4.15,1.8750000000000004,2.275,0,False,,,,,,3.65,0.0,0,0.9989811512990321
WA,,5685,Swift Water Elementary,8.4,6.125,2.275,0,False,,,,,,9.1,0.0,0,0.9989811512990321
WA,,5686,Pinnacles Prep Charter School,3.1,0.8250000000000002,2.275,0,True,,,,,,3.75,0.0,0,0.9989811512990321
WA,,5687,Prescott Middle School,3.55,1.275,2.275,0,False,,,,,,3.15,0.0,0,0.9989811512990321
WA,,5689,Pacific Crest Online Academy,4.58,2.305,2.275,0,False,,,,,,3.55,0.0,0,0.9989811512990321
WA,,5694,Spokane Virtual Academy,1.7,-0.575,2.275,1,False,,,,,,3.25,0.0,0,0.9989811512990321
WA,,5697,Hunt Middle School,3.85,1.5750000000000002,2.275,0,False,,,,,,3.85,0.0,0,0.9989811512990321
WA,,5699,West Valley Innovation Center,5.1,2.8249999999999997,2.275,0,False,,,,,,2.65,0.0,0,0.9989811512990321
WA,,5700,Clovis Point Elementary School,5.35,3.0749999999999997,2.275,0,True,,,,,,5.25,0.0,0,0.9989811512990321
WA,,5701,Sterling Junior High School,3.4,1.125,2.275,0,False,,,,,,4.5,0.0,0,0.9989811512990321
WA,,5702,Camas Connect Academy,5.55,3.275,2.275,0,False,,,,,,4.9,0.0,0,0.9989811512990321
WA,,5711,Pasco Innovative Experiences and e-Learning,2.5,0.2250000000000001,2.275,0,True,,,,,,2.35,0.0,0,0.9989811512990321
