draw,w_achievement,w_grad,w_quality,w_growth,n_identified,mean_poverty_identified,share_identified_top_pov_quartile
0,0.7386842756949668,0.15337042996892958,0.09452278347284826,0.013422510863255384,4694,0.7791348225629713,0.5136344269279932
1,0.3804242769700356,0.23135381728762405,0.12407387143005144,0.2641480343122889,4925,0.7632819731919545,0.4698477157360406
2,0.4351767900422211,0.3411729230064505,0.2222228923851278,0.0014273945662006127,4609,0.770840387326073,0.4964200477326969
3,0.6475581823904305,0.014019432283479934,0.23367537262143534,0.10474701270465431,4563,0.756173982450111,0.462853385930309
4,0.5163219229258814,0.17944985585862622,0.10410529965069182,0.2001229215648004,4843,0.770457215514843,0.488746644641751
5,0.27713434628693545,0.057044571042328435,0.24146048242794343,0.42436060024279276,4847,0.7374046963575634,0.41695894367650094
6,0.33791847232252,0.1017095039263002,0.1889281432166767,0.3714438805345031,4861,0.7485014606053225,0.43756428718370705
7,0.4374582293008055,0.21001379207494986,0.17314074508652655,0.17938723353771815,4723,0.7651060934980839,0.48126190980309125
8,0.31103543360851166,0.30917723895654814,0.18986300978223855,0.18992431765270174,4741,0.7620716827961213,0.47310693946424803
9,0.35165667232721964,0.27762753482407326,0.21117968582766236,0.15953610702104468,4676,0.7626324389877961,0.47775876817792984
10,0.48756772553232613,0.1281499423736823,0.19208678731369783,0.1921955447802938,4693,0.7611680267667508,0.4713402940549755
11,0.33168229988863535,0.2897843292663788,0.08875132087737476,0.28978204996761087,5082,0.7601379945703284,0.4573002754820937
12,0.2741418565579982,0.34199407279861566,0.2434114604798894,0.1404526101634967,4628,0.7592901176871447,0.47234226447709593
13,0.7211862172728676,0.026850036646052504,0.15354318498987127,0.0984205610912086,4616,0.76255199153951,0.47357019064124783
14,0.4867367799359242,0.3568728015679101,0.12308563094242607,0.033304787553739654,4794,0.7813683212948282,0.5164789319983313
15,0.4582230226118014,0.08799146479901393,0.08630842570536273,0.36747708688382186,5015,0.7545613257036488,0.446061814556331
16,0.28636433921217613,0.2108197862911426,0.08058458516839313,0.4222312893282882,5192,0.7457600814035988,0.4262326656394453
17,0.3384736565114706,0.03611557526438514,0.17197517810036683,0.4534355901237775,4937,0.7398791284234507,0.4178651002633178
18,0.35060866647491185,0.31141945128200227,0.13979495881714013,0.19817692342594578,4848,0.7670069429833201,0.4799917491749175
19,0.3538874545568882,0.2750664594879647,0.18937958855853057,0.1816664973966164,4733,0.7637703112817124,0.47792098035072894
20,0.41037047746454575,0.14201124597254128,0.12713658610393286,0.3204816904589801,4926,0.7585041340379769,0.4565570442549736
21,0.2855644652526338,0.20064880959558745,0.15003908419646006,0.36374764095531853,4974,0.7501638132445831,0.4390832328106152
22,0.20152207480293743,0.20904494594891967,0.19292919270935605,0.3965037865387867,4955,0.7420662797402369,0.4232088799192735
23,0.16697681526275598,0.24515318077486842,0.1997071191612967,0.38816288480107897,4959,0.7406669817021498,0.42064932446057673
24,0.20943076802095528,0.2747317918115286,0.18399415999309976,0.3318432801744164,4920,0.7479091303051207,0.43597560975609756
25,0.3422143179876,0.0710020715522124,0.18365970952570368,0.4031239009344839,4890,0.745106254294591,0.4296523517382413
26,0.27881121775382517,0.17161355375681417,0.12605379713745818,0.4235214313519025,5056,0.7456772921032884,0.4285996835443038
27,0.3278486088627165,0.3885007400641026,0.26214426530724544,0.02150638576593552,4564,0.7618354082721932,0.48006134969325154
28,0.5126786468571806,0.0058839194797400875,0.2119203475466711,0.2695170861164081,4712,0.749309814552546,0.44227504244482174
29,0.6753968058482787,0.027326851492258428,0.25787909450234986,0.03939724815711316,4529,0.7564354546497968,0.46323691764186353
30,0.33350288388171706,0.14872219644815218,0.24017257944476847,0.27760234022536234,4717,0.7529874612524787,0.45261818952724187
31,0.41656333859371414,0.11608011208173259,0.31237349300184697,0.15498305632270631,4565,0.7533081010536432,0.4595837897042716
32,0.3142383924326801,0.12693686979519395,0.21034343773876937,0.34848130003335653,4823,0.7483313376494337,0.4393530997304582
33,0.506568135858447,0.18968260435435916,0.10412490907046773,0.19962435071672616,4850,0.7702871842939375,0.48886597938144327
34,0.4494704931086,0.18693022336417062,0.206143721342021,0.15745556218520823,4655,0.7622859146282781,0.4781954887218045
35,0.45700491051880776,0.22562739402205104,0.23841867124974148,0.0789490242093997,4593,0.7632065029167966,0.48225560635750053
36,0.31501859477901994,0.27668988875848255,0.050921382619968286,0.35737013384252925,5239,0.7526455727926216,0.44111471654895973
37,0.4109011620536036,0.3259249472558335,0.05834470930015379,0.20482918139040915,5080,0.773947715287353,0.4899606299212598
38,0.2526870867425946,0.24937154534792957,0.1143821562273683,0.3835592116821075,5102,0.7471952509195253,0.4306154449235594
39,0.6603296824865901,0.050750372173044796,0.2549246676546124,0.03399527768575276,4531,0.7588655077488795,0.4685499889649084
40,0.30938689853764006,0.13209531288756896,0.1297672706021509,0.4287505179726401,5025,0.7460867622323466,0.4292537313432836
41,0.44221743767685384,0.09368203584089897,0.09010052489128999,0.37400000159095714,5015,0.7535585562874961,0.4444666001994018
42,0.41000875854413815,0.1326423813578233,0.088201400698227,0.36914745939981164,5049,0.7543141569408734,0.44701921172509407
43,0.31919112549941236,0.06254127375346484,0.22104304477417144,0.3972245559729514,4834,0.7422146158735624,0.4255275134464212
44,0.33087785922253005,0.23758937966826113,0.16654741472507611,0.2649853463841326,4841,0.7592094738896212,0.4610617640983268
45,0.5213104977928618,0.08285077508997811,0.0749469853954294,0.3208917417217308,4983,0.7600601365211098,0.4607666064619707
46,0.4305038701811381,0.0518082952969259,0.1144041919781052,0.40328364254383076,4976,0.7487118850939937,0.43609324758842444
47,0.4337493050761096,0.2067986078024599,0.09074846478565261,0.2687036223357779,4977,0.7662629329122405,0.4755877034358047
48,0.4209120568947241,0.032004799116275025,0.25333297720915393,0.293750166779847,4710,0.7477120679247655,0.44118895966029725
49,0.1998498064488818,0.2668043033570136,0.24236212434435891,0.2909837658497457,4771,0.7488826246065493,0.4435128903793754
50,0.48533506264598236,0.09714571708664112,0.27311489110281284,0.1444043291645637,4592,0.7558738431667283,0.4634146341463415
51,0.4683175886695934,0.22899422062479938,0.26343390482598866,0.03925428587961859,4558,0.7632289389477968,0.48310662571303203
52,0.4255647354464018,0.27708647124913266,0.09090878796111958,0.2064400053433459,4967,0.7720122431823233,0.48802093819206765
53,0.30250353287961157,0.3413312693946009,0.09075927887012483,0.2654059188556627,5086,0.7614551074169011,0.4600865119937082
54,0.41302829924803575,0.1242711443932239,0.17480445863798388,0.2878960977207566,4779,0.7568263985793114,0.45699937225360954
55,0.79669644796001,0.06275159375213439,0.09106799030950447,0.049483967978351154,4667,0.7709358439301631,0.4943218341547032
56,0.5472395006923123,0.221802000982205,0.14923192432993748,0.08172657399554528,4696,0.7750294865062234,0.5004258943781942
57,0.4680176695487581,0.11095622988793807,0.19157192760599803,0.22945417295730572,4715,0.7579854392524993,0.4608695652173913
58,0.3884972690612981,0.26644480244835234,0.06608420084744775,0.2789737276429018,5110,0.7641062068078049,0.4659491193737769
59,0.23166670242968276,0.2349510448230001,0.12274630342121559,0.4106359493261015,5112,0.7429599736318022,0.422339593114241
60,0.2574599934149619,0.31766404466070314,0.1980904443669596,0.22678551755737528,4772,0.7581991338128238,0.462070410729254
61,0.38231910306559597,0.15353280637592787,0.13172291560138719,0.33242517495708906,4934,0.7562956687208491,0.4521686258613701
62,0.280013649715815,0.36191896252303646,0.15648860912085683,0.2015787786402918,4835,0.7631667255747258,0.47114788004136504
63,0.486080266825442,0.22238967408887225,0.11965284806373128,0.17187721102195458,4807,0.7715970076097936,0.4915747867692948
64,0.4718947176016709,0.026022353871298514,0.16416089227245062,0.33792203625457995,4840,0.7493716134958518,0.44008264462809915
65,0.544467639157283,0.11818102176787587,0.21931294366898255,0.11803839540585849,4609,0.7615225563967151,0.47494033412887826
66,0.4888236484915148,0.2070619846486969,0.22431656546441056,0.0797978013953778,4608,0.7651001802690824,0.4841579861111111
67,0.3672974432781914,0.00010655229439580932,0.20135309781613567,0.4312429066112771,4882,0.7374343119280696,0.414584186808685
68,0.2117363683238353,0.2040748905802816,0.17747709610315013,0.40671164499273293,4982,0.7419883915929436,0.42211963067041347
69,0.37883043115473763,0.10461554897843285,0.17333188544265185,0.3432221344241776,4847,0.7519651330599771,0.44501753662059007
70,0.3534017407952304,0.23213210860510367,0.20489772420921504,0.2095684263904507,4721,0.7599306983657977,0.468756619360305
71,0.4249632633666815,0.19128603224918708,0.08474488885343848,0.299005815530693,5023,0.7627558130746809,0.46446346804698385
72,0.683852711700523,0.05244702321825296,0.20482673778164562,0.05887352729957863,4565,0.762278861873797,0.4757940854326396
73,0.4032276028104819,0.15489063831860292,0.13915116178350265,0.30273059708741257,4886,0.7596833182980994,0.45988538681948427
74,0.21205268192017604,0.2782395618312049,0.15904197319022478,0.35066578305839413,5002,0.7465600399906728,0.4318272690923631
75,0.4748321102667022,0.1735083683621694,0.049328754545355964,0.30233076682577237,5086,0.7638043740877759,0.46775462052693667
76,0.3341359678191103,0.2258918835949065,0.12223649491353632,0.31773565367244694,4993,0.7572293133672519,0.45263368716202684
77,0.5978833834317933,0.12250552682250693,0.08407481372096917,0.19553627602473062,4843,0.7706775696326493,0.4875077431344208
78,0.5655161384423769,0.17345051675104597,0.1891853820142208,0.07184796279235636,4622,0.7688956360832151,0.4898312418866292
79,0.4426132048535372,0.08846755433425278,0.0795283463639865,0.3893908944482236,5049,0.7529528407420953,0.44404832640126757
80,0.49045025485080107,0.19533755785766016,0.26467217289415773,0.04954001439738105,4556,0.7624964633596267,0.4822212467076383
81,0.4710489503833887,0.11301529591950756,0.08376377154146913,0.33217198215563465,5001,0.7594405411315255,0.4579084183163367
82,0.4319633241783673,0.14451421612231818,0.29880151690074147,0.12472094279857303,4555,0.7554252453520105,0.4649835345773875
83,0.43178841900035747,0.008963426521367881,0.08817042073517187,0.4710777337431028,5076,0.739414518286424,0.4180457052797478
84,0.47575645274062983,0.1797973695073679,0.08717206872595931,0.257274109026043,4946,0.767146702601644,0.47735543873837444
85,0.21102496478593244,0.25705929292861207,0.19917007918694787,0.3327456630985076,4886,0.7480890978876251,0.43778141629144496
86,0.5188283507298448,0.030112695381487246,0.11587353785994504,0.3351854160287229,4892,0.7535230645552694,0.4476696647587899
87,0.35216825320683315,0.3418628112378987,0.23113507598204,0.07483385957322816,4623,0.7644231549856458,0.4838849232100368
88,0.47739018254093946,0.26681742117826174,0.08465078111885144,0.17114161516194737,4929,0.776850980526232,0.501724487725705
89,0.4678517390097034,0.3033814051733768,0.11384314682327175,0.114923708993648,4832,0.776492925945688,0.5024834437086093
90,0.525117939830474,0.2033502902399546,0.14432853819765668,0.12720323173191478,4724,0.7720869706356219,0.4961896697713802
91,0.46100843377193473,0.01260277432782619,0.3340763772346908,0.1923124146655483,4605,0.7476824087242593,0.44625407166123776
92,0.6112538461369036,0.038958048658159466,0.14542354473571242,0.2043645604692244,4703,0.7598507898663553,0.4652349564108016
93,0.2671185626014103,0.23897718359399472,0.16299425824499614,0.3309099955595986,4933,0.7519995661654589,0.4443543482667748
94,0.322033358676278,0.17054614097142473,0.2126872705730106,0.2947332297792866,4773,0.7534465719836119,0.45170752147496335
95,0.3577604489771552,0.11235008810368478,0.3954112711721952,0.13447819174696468,4515,0.7468883522261203,0.4487264673311185
96,0.4543875778430544,0.24176046331091455,0.10776059105412487,0.19609136779190625,4874,0.7714008720943717,0.4897414854329093
97,0.38826236111569284,0.17465933098866945,0.15937264551584776,0.27770566237978994,4825,0.7590707534446247,0.46196891191709843
98,0.43313359743023455,0.29045418698008596,0.19503061263763072,0.08138160295204883,4660,0.7688545121118189,0.4907725321888412
99,0.5784336884688759,0.03514750806007072,0.15659766668234854,0.22982113678870486,4715,0.7568104022151607,0.45832449628844113
100,0.4127128778866256,0.482362884193278,0.10132458052102603,0.0035996573990702127,4883,0.7845926701446113,0.5246774523858284
101,0.27563569816015143,0.2903669885767144,0.08619805844093428,0.34779925482219987,5158,0.7514910968713356,0.4391236913532377
102,0.25059694174762226,0.19101758981764905,0.22494246671013884,0.3334430017245898,4818,0.7479841588677987,0.4396014943960149
103,0.4060389920500261,0.13787892788161132,0.16912505353066162,0.2869570265377009,4787,0.7572539939662553,0.4572801336954251
104,0.4345007126755038,0.2642626807819921,0.14981780715455587,0.1514187993879483,4757,0.7697701688496961,0.49022493167963
105,0.5265573164297565,0.10148696154910647,0.2630896217357983,0.10886610028533893,4583,0.7581572122364958,0.4695614226489199
106,0.36420501747342,0.1585409109770369,0.15584954787802274,0.3214045236715204,4886,0.7562640573345812,0.4529267294310274
107,0.27026813998685806,0.2423453088568103,0.14712849763678645,0.3402580535195452,4979,0.7511334748324884,0.44024904599317133
108,0.4192723918332915,0.17989428693855328,0.17257216548976376,0.22826115573839137,4762,0.7615095432891674,0.46997060058798823
109,0.4145835446848693,0.10804021607506198,0.1031545534628209,0.3742216857772479,5012,0.7526542962085075,0.44373503591380686
110,0.42452058256024355,0.060727914251399166,0.21689813794676227,0.29785336524159495,4740,0.7506402486899368,0.4438818565400844
111,0.37767454576879966,0.26956444696633425,0.13487231911743927,0.21788868814742665,4865,0.7658636734439743,0.47687564234326824
112,0.3119389976443325,0.056202151044732855,0.1977957843886087,0.43406306692232594,4893,0.7398141601463911,0.4187614960147149
113,0.4499460846474682,0.12328597668817395,0.1577223668679432,0.2690455717964146,4786,0.7595827655692116,0.4628081905557877
114,0.46651776067317047,0.11015837969357009,0.06734931174900363,0.3559745478842559,5054,0.7572049450975553,0.45290858725761773
115,0.5677873705288781,0.017192608394765368,0.09123494086707815,0.3237850802092784,4901,0.7539166938818098,0.4490920220363191
116,0.5891735186228447,0.24267171481866753,0.10093247405642236,0.06722229250206539,4771,0.7801981300166578,0.5114231817229092
117,0.49143904768605473,0.34859492052596697,0.1140861306256084,0.045879901162370014,4815,0.7818974169964791,0.5163032191069574
118,0.4483640625668936,0.07159867240044185,0.06770470790548995,0.4123325571271746,5078,0.7506563509412734,0.43934619929105945
119,0.5774063096465526,0.15232154504365647,0.11888691986882749,0.15138522544096333,4747,0.7714694331469492,0.4918896144933642
120,0.3915531649042864,0.22957064067431074,0.17686876949372676,0.20200742492767612,4753,0.7631234388942678,0.4761203450452346
121,0.43463186108327234,0.22594651235121288,0.15442997353016732,0.18499165303534748,4765,0.7672087937520324,0.48478488982161594
122,0.4852815393366765,0.22362659928662942,0.12744575190150595,0.16364610947518818,4784,0.7710233029085645,0.49122073578595316
123,0.41989605835977256,0.21513759351578587,0.1728167626077115,0.19214958551673006,4738,0.7645016736062038,0.47889404812157027
124,0.3209096225493221,0.25971745928788936,0.10207821331162983,0.31729470485115874,5062,0.7571067420460089,0.4519952587909917
125,0.2560523379609892,0.33731845693886137,0.2624520141265038,0.14417719097364556,4613,0.7565738014590163,0.46715803164968567
126,0.2164757961944916,0.1786553877971398,0.0914581835100012,0.5134106324983674,5209,0.733146622131632,0.40103666730658477
127,0.4223718747353566,0.2540162393650298,0.12901585887848113,0.19459602702113238,4830,0.769614902410888,0.4857142857142857
128,0.4013413049807751,0.17189517057189907,0.07506907352312574,0.3516944509242,5085,0.7565162103942249,0.4511307767944936
129,0.42305451593542936,0.3047244507402894,0.16903686274529453,0.10318417057898664,4718,0.7703205288912268,0.49385332768122087
130,0.5263336699670522,0.3323675574017686,0.12994299042225493,0.011355782208924137,4770,0.7813719534004884,0.5174004192872117
131,0.38304444606880583,0.2735446727016787,0.17722119857566165,0.16618968265385387,4740,0.766393204158225,0.4839662447257384
132,0.37615819032224135,0.13101135032530717,0.19306373631428553,0.2997667230381659,4776,0.7536718333817432,0.4507956448911223
133,0.6626604066070445,0.1130994511695583,0.10017234501935818,0.1240677972040389,4721,0.7736265578226224,0.4941749629315823
134,0.361675094234841,0.17385361422134588,0.08624379006429149,0.37822750147952156,5088,0.7530771424820952,0.4435927672955975
135,0.49456554812406384,0.09993161232625647,0.1369862246163439,0.26851661493333584,4814,0.7606868560518909,0.46530951391773995
136,0.4831086316367306,0.05099859033009242,0.10490550204492964,0.36098727598824737,4958,0.7530035782941469,0.44594594594594594
137,0.393754245260317,0.2902686978161183,0.12862135822679335,0.18735569869677143,4854,0.7698669277241905,0.4855789039967037
138,0.4505126345558953,0.11308855256259322,0.25158275448295525,0.1848160583985562,4618,0.7557750810684767,0.46297098310957124
139,0.49161822977238584,0.0854626855961678,0.16661109315533784,0.2563079914761085,4761,0.7579971983732843,0.46019743751312747
140,0.4886769738272158,0.3392887413530879,0.09093760706736707,0.08109667775232914,4889,0.7823428163565879,0.5146246676211904
141,0.4828186676692096,0.05192602928580342,0.30442195330017113,0.1608333497448159,4591,0.7520528237488974,0.4558919625353953
142,0.5859740993095394,0.0088688200239696,0.13999865635420508,0.26515842431228587,4768,0.7548440431871274,0.4526006711409396
143,0.44322423123159727,0.19263437025265245,0.14622773472243908,0.21791366379331117,4795,0.7653181101044676,0.47883211678832116
144,0.4965102093622571,0.12701943076504352,0.11063138212021388,0.26583897775248544,4875,0.7638066338379836,0.4705641025641026
145,0.4415245070902472,0.21912041050530587,0.06348207786740277,0.27587300453704416,5066,0.7665541808680117,0.47315436241610737
146,0.4915128910868968,0.27684000391782665,0.1667378123049524,0.06490929269032401,4682,0.7745628192935379,0.5017086715079027
147,0.2853131492004482,0.13816080527873575,0.2877760868519968,0.2887499586688193,4685,0.7469253868549921,0.43991462113127
148,0.4800957458355022,0.13837735686380886,0.17289930128757883,0.20862759601311007,4721,0.7623981059024848,0.472357551366236
149,0.5060927551212072,0.11620468640466865,0.2386350924243439,0.1390674660497802,4611,0.7585793885389237,0.4697462589459987
150,0.20902354130308287,0.26057701710182507,0.1913186610692995,0.33908078052579255,4912,0.7472020071772083,0.43526058631921827
151,0.4366234231287743,0.18862790212547823,0.06715821620045145,0.3075904585452961,5066,0.7618239148879329,0.46308724832214765
152,0.3434596601527826,0.1084670727495683,0.2274184173817082,0.3206548497159407,4751,0.7491823181406864,0.4430646179751631
153,0.3255670628806123,0.196502038995419,0.22975525712853673,0.24817564099543196,4715,0.7551163010151571,0.45811240721102864
154,0.47511497433643507,0.07943754099162466,0.07741512789858931,0.3680323567733509,5023,0.7551677759310502,0.4489348994624726
155,0.45521575757706156,0.1463336621201095,0.07532229184907338,0.32312828845375574,5033,0.7602883759290275,0.459964236042122
156,0.5416685016372692,0.06216400053155335,0.20352327050709257,0.19264422732408484,4659,0.7583785036695334,0.46576518566215924
157,0.40349942524358795,0.18750378958070588,0.07466696570442656,0.33432981947127965,5084,0.758246402056894,0.4541699449252557
158,0.2842160352360371,0.08751111673977413,0.13309024480607015,0.49518260321811847,5068,0.7392850562569878,0.414759273875296
159,0.3925140783246866,0.15542254760650925,0.09037310773323563,0.3616902663355685,5050,0.7547968676210135,0.44811881188118813
160,0.3204882728322186,0.11239749669881206,0.27430528178923896,0.2928089486797304,4699,0.7477509446674262,0.4409448818897638
161,0.5181265235326232,0.1981169018067526,0.19560165433216267,0.0881549203284614,4632,0.7679559308158164,0.48812607944732295
162,0.38710597402094116,0.1563263896339608,0.1764740506638609,0.2800935856812371,4790,0.757272566057128,0.4580375782881002
163,0.42169687653679294,0.048322346619245816,0.17561627837710098,0.3543644984668603,4842,0.7484121278943178,0.4382486575795126
164,0.42441059183207536,0.00605922753535359,0.20012379798035634,0.3694063826522147,4819,0.7435714140453784,0.42892716331189046
165,0.5563844492106454,0.023641958481125328,0.19511117122720062,0.22486242108102852,4688,0.7537700551651644,0.45307167235494883
166,0.40116518913813065,0.20401133986452574,0.20090992266287533,0.1939135483344683,4697,0.760914211823276,0.47221630828188205
167,0.3392543446900139,0.15692039790857484,0.2588643686406123,0.2449608887607989,4670,0.7526028335947993,0.45417558886509635
168,0.8685130354621479,0.016000451133812495,0.0946621790112626,0.02082433439277717,4633,0.7664430650162385,0.4871573494496007
169,0.4215172873455272,0.06966703054294449,0.14938547748948128,0.35943020462204706,4884,0.7517487332938056,0.4436936936936937
170,0.39064066122380725,0.10095426878664632,0.2290381579924038,0.27936691199714275,4725,0.7525311744172771,0.45037037037037037
171,0.2829019587597894,0.03334220170596603,0.21508568634965622,0.4686701531845882,4896,0.7337145290159631,0.40727124183006536
172,0.5991677070103084,0.19234216578512056,0.08693309145412792,0.12155703575044313,4803,0.7778762176219763,0.5057255881740579
173,0.38267137673638624,0.29913645371904474,0.18063511022987616,0.13755705931469295,4720,0.767661706993485,0.4891949152542373
174,0.4502799262189733,0.1366000042417779,0.22098565961757916,0.19213440992166977,4664,0.7586564886503452,0.4676243567753002
175,0.5733801048220745,0.005455927886573481,0.20758313127510888,0.21358083601624314,4670,0.7525964741086092,0.45289079229122053
176,0.49645298063292864,0.08645485369874119,0.2930763517403482,0.12401581392798189,4573,0.7550316095808234,0.46293461622567245
177,0.39002839609090306,0.1920323938295136,0.203621809903777,0.21431740017580628,4707,0.7593892404102509,0.4678138942001275
178,0.404563152582572,0.1394516924590756,0.18348813914307244,0.27249701581527985,4769,0.7564645095763464,0.45690920528412665
179,0.4843020467247569,0.28279672469509987,0.18044156524421553,0.05245966333592767,4663,0.7736264925358258,0.5022517692472657
180,0.32766641202385405,0.28294909674433866,0.1367505621510417,0.2526339290807656,4906,0.7617836629962526,0.4657562168772931
181,0.3272626199008875,0.32389786585140884,0.26821437920623864,0.080625135041465,4569,0.7598037696077498,0.4749398117750055
182,0.41272353675589635,0.14029046080504892,0.21106611545200699,0.2359198869870478,4708,0.7572730874775424,0.46197960917587083
183,0.42962945312083567,0.1729049982924901,0.2143677631750127,0.18309778541166147,4668,0.7606182834151836,0.4723650385604113
184,0.48854336609315946,0.11937438382570799,0.07104306593089117,0.32103918415024146,5022,0.7615231346100043,0.46336121067303865
185,0.3928605703066798,0.2520086778223038,0.22806811431112292,0.12706263755989344,4619,0.7628012684659684,0.47802554665512015
186,0.25613979725762914,0.4139471078571521,0.2557986027032857,0.07411449218193297,4571,0.7586584842960021,0.47451323561583897
187,0.4834470668789965,0.08100573377692255,0.08917518593965967,0.3463720134044212,4981,0.757055246052931,0.4525195743826541
188,0.40230648432515026,0.23683899814365333,0.06185673196000818,0.2989977855711882,5115,0.7624374335779753,0.4633431085043988
189,0.34592681842335665,0.10170953391468138,0.17554566959419277,0.3768179780677692,4882,0.7485462857283773,0.43752560426054893
190,0.30151610003556195,0.049660004235487984,0.22760230825787012,0.4212215874710799,4846,0.7387481191266528,0.418695831613702
191,0.280784222283417,0.2533298652820947,0.060379544188848104,0.4055063682456401,5242,0.7462837379997295,0.4250286150324304
192,0.5172692968278976,0.06990325428414733,0.11072324306706564,0.30210420582088937,4883,0.7594839336401297,0.46201105877534304
193,0.3925620818613479,0.29551624852996305,0.19320874091696272,0.11871292869172631,4681,0.7673342535612545,0.48728904080324714
194,0.7377148330471356,0.00817500085887504,0.12019837988746859,0.13391178620652067,4668,0.7613371729758032,0.4708654670094259
195,0.4868591740663834,0.005943191006528776,0.3364553123254941,0.17074232260159375,4585,0.7483894063398855,0.4477644492911668
196,0.36104460295770824,0.15399006444400404,0.2789308856910069,0.20603444690728073,4614,0.7526292732639256,0.4568703944516688
197,0.41172863379158503,0.11549478877493272,0.27111071723617297,0.20166586019730934,4620,0.7535276210618382,0.4582251082251082
198,0.27683672492378086,0.2731349763713854,0.2292841306494703,0.22074416805536345,4721,0.7568184802147221,0.46346113111628895
199,0.2676252619431082,0.1347164369912171,0.129614779646629,0.46804352141904565,5078,0.741034985807368,0.4186687672311934
200,0.4553033869489251,0.18209492879740077,0.07439343684226445,0.2882082474114096,5023,0.7644971922221131,0.4690424049372885
201,0.6146654257823533,0.032205343053621716,0.15366318683003066,0.19946604433399434,4686,0.7591040554871751,0.46372172428510455
202,0.4378720826044889,0.23374647760750722,0.0882320356858235,0.24014940410218036,4979,0.7691294061544652,0.481221128740711
203,0.6678080478361128,0.00620788393325653,0.13896041302597423,0.18702365520465639,4685,0.7575989613734198,0.46168623265741726
204,0.2907983079601813,0.2442239409901572,0.11051330252027626,0.35446444852938525,5065,0.7516185674567334,0.4412635735439289
205,0.3942957245982734,0.13620771460782943,0.09207281403818372,0.3774237467557136,5049,0.7534963122112092,0.4454347395523866
206,0.6824029357764889,0.1107504580709713,0.11333731127319131,0.0935092948793485,4671,0.7724233476455784,0.49368443588096766
207,0.4124439711938199,0.1033157713632374,0.15664281482589598,0.32759744261704676,4858,0.7546821342565987,0.4510086455331412
208,0.3751283776661815,0.01471977790678356,0.11112758705343728,0.4990242573735977,5073,0.7373345256713499,0.413364872856298
209,0.2355649046090903,0.2256024989834035,0.10083848100778323,0.43799411539972294,5178,0.7412906979214078,0.41695635380455776
210,0.42539975643862704,0.20868514917221098,0.11801688615251976,0.24789820823664216,4899,0.7654957796768033,0.4745866503368034
211,0.1967523707833607,0.2553826781438084,0.20866354938852474,0.3392014016843062,4874,0.7457780951048564,0.43331965531391053
212,0.36966757609181666,0.27412981645313805,0.047120956669383346,0.3090816507856621,5190,0.7606571985282365,0.45838150289017343
213,0.6015881619367166,0.1356717455225936,0.2626273578201863,0.00011273472050338948,4555,0.7635317553802395,0.48386388583973655
214,0.5268055874491947,0.12256514312059055,0.20442444841504423,0.14620482101517057,4633,0.7616589400742132,0.4739909345996115
215,0.38053036005219487,0.2937374199352825,0.20022501919487934,0.12550720081764336,4671,0.7662250550913434,0.48554913294797686
216,0.40287965387200175,0.2244007391347612,0.11619379174807587,0.25652581524516116,4915,0.7645791593398373,0.4724313326551373
217,0.3020488772200204,0.22263888807140036,0.1720528309860591,0.3032594037225202,4874,0.7543182012657358,0.44993844891259743
218,0.4288778880756926,0.012365947061600883,0.2620805156827393,0.2966756491799672,4695,0.7451264874091973,0.43599574014909476
219,0.46316208712494306,0.24993004698903235,0.13017802834939513,0.1567298375366293,4796,0.7718642742616346,0.4935362802335279
220,0.3617776190199773,0.18512510779373398,0.1390280270163031,0.31406924616998555,4924,0.7579717083157341,0.45735174654752236
221,0.3563107567316217,0.14934102563605628,0.12682303135390058,0.3675251862784215,4988,0.7526721922923105,0.44386527666399356
222,0.4152009782174365,0.3528910903054929,0.18080788892599745,0.051100042551073116,4693,0.7719169165356293,0.4984018751331771
223,0.35684618085099945,0.0958113887259286,0.14625425510735404,0.40108817531571794,4945,0.7482939553186685,0.4351870576339737
224,0.27466025610066036,0.1680899599918292,0.16826361145471566,0.38898617245279477,4956,0.7474931965234801,0.43341404358353514
225,0.49192414811070506,0.164471851370371,0.1999848751362248,0.1436191253826993,4655,0.7627463974420828,0.47862513426423203
226,0.495723234863665,0.2620159119687176,0.15708550059382034,0.08517535257379719,4698,0.7737535338373962,0.4991485738612175
227,0.34686246317343405,0.09960949783890428,0.2381445888540254,0.31538345013363617,4743,0.7493700443912011,0.4433902593295383
228,0.5186267395978654,0.09538198709318745,0.12494925962240472,0.2610420136865424,4825,0.7617174897413145,0.46756476683937825
229,0.49862324932378577,0.2330198832227157,0.24773036198214807,0.020626505471350472,4563,0.7660302096481307,0.48827525750602674
230,0.42710772752590276,9.865724162287741e-05,0.18627549612547778,0.38651811910699657,4849,0.7422070547534136,0.42565477418024333
231,0.24892859471945336,0.08892418251567186,0.2212250622319988,0.440922160532876,4899,0.7375812533977464,0.4149826495203103
232,0.3232370701157617,0.2594122506239658,0.095969859251379,0.32138082000889356,5080,0.7571728115877425,0.45216535433070865
233,0.5500947544493213,0.20262358629334934,0.2384743326748659,0.0088073265824636,4562,0.76700969445256,0.4903551074090311
234,0.29213231168420856,0.11337709312482805,0.20518537042758928,0.3893052247633741,4869,0.744809805791524,0.43027315670568905
235,0.5493028044920358,0.3124658636853266,0.07665548897862687,0.06157584284401071,4888,0.7842001725602157,0.5198445171849427
236,0.5008414124854738,0.11537912703251385,0.15120591809729028,0.232573542384722,4768,0.7621415786524947,0.470008389261745
237,0.6063392412069109,0.036234304063585326,0.27441172174163725,0.0830147329878665,4549,0.7550776939304292,0.4614200923279842
238,0.43053055618573244,0.12823423800463377,0.13525191433080866,0.30598329147882514,4883,0.7596355921953477,0.4605775138234692
239,0.40106264014951487,0.01854864530263806,0.27954842292092535,0.30084029162692183,4693,0.7449878968234774,0.43660771361602385
240,0.4214029172565394,0.15771355224826747,0.1814479435145557,0.2394355869806375,4752,0.7599486441879308,0.4671717171717172
241,0.25676851095985403,0.2315810931832146,0.08714997455718032,0.424500421299751,5191,0.7436525574318149,0.4207281833943364
242,0.43351439517412416,0.301841158440261,0.16133543611726758,0.10330901026834731,4723,0.7710304683090315,0.4948126190980309
243,0.4002408773322756,0.25567435632631774,0.18208936841635634,0.16199539792505044,4720,0.765722528169821,0.4832627118644068
244,0.3983635197945265,0.2821695729844482,0.16116062156245095,0.15830628565857432,4762,0.7689144235330816,0.4890802183956321
245,0.5000786156066044,0.25670060397648475,0.19588002881935654,0.04734075159755442,4636,0.7706724562356507,0.495685936151855
246,0.43056420880380053,0.3764097179033049,0.1428648745643479,0.0501611987285466,4764,0.7774455577704796,0.5075566750629723
247,0.42878710386171914,0.2534316590277166,0.16157758768486521,0.1562036494256991,4743,0.7684059875039807,0.4876660341555977
248,0.4146322506186897,0.007367148733031411,0.1589753795862072,0.41902522106207174,4912,0.741044027254699,0.4214169381107492
249,0.3622115665788174,0.2101664204510859,0.12997802619182053,0.2976439867782762,4943,0.7589605236621002,0.4596398948007283
250,0.23801931993011116,0.33604881619459914,0.1731166359182562,0.25281522795703343,4855,0.7558302408137005,0.454994850669413
251,0.44960276116512554,0.30350767206703666,0.11043450877812097,0.13645505798971677,4856,0.7758833093826585,0.5010296540362438
252,0.5535643182590314,0.2348257757913859,0.15927701668203018,0.05233288926755249,4672,0.7752520100551354,0.5012842465753424
253,0.41748376632402656,0.0637908439621193,0.06429581315815835,0.45442957655569577,5128,0.7452947480403754,0.4266770670826833
254,0.29816446635862465,0.0381370171712993,0.28051781021545275,0.38318070625462325,4781,0.7388249283593147,0.4227149131980757
255,0.4181892404262804,0.16812925987517807,0.05465351393244709,0.3590279857660944,5121,0.756994191227031,0.4514743214215973
256,0.5753439119601322,0.2152202989400437,0.12073982779650874,0.08869596130331528,4727,0.7771818943200428,0.5037021366617305
257,0.38277115048571686,0.18634097942027955,0.14391382742946704,0.2869740426645367,4883,0.7598017448580016,0.462215850911325
258,0.5613611878030405,0.17977140563446206,0.1281823264442359,0.13068508011826155,4730,0.7726300919264264,0.4945031712473573
259,0.3402061652993003,0.20690581849746476,0.22039015643423768,0.23249785976899723,4721,0.7569742153342262,0.46261385299724633
260,0.4184162124151445,0.12738689341976842,0.1317902616939199,0.3224066324711672,4911,0.7578510526632903,0.4553044186520057
261,0.43454437385866057,0.18964008734976992,0.16732848868500388,0.20848705010656568,4753,0.7630965430228037,0.47506837786661055
262,0.32592185183517197,0.13855272213278566,0.20336304082737924,0.33216238520466296,4813,0.7505173480183229,0.44275919384998963
263,0.25963318778967776,0.25211906680279556,0.1192819894727685,0.36896575593475833,5075,0.7491095614981099,0.4348768472906404
264,0.2801850575605159,0.30167203876356685,0.06622338178893714,0.35191952188698,5219,0.7508693867842867,0.4368652998658747
265,0.30157922890250694,0.11988149189237018,0.3248216091583898,0.2537176700467331,4629,0.7455777911532591,0.440699935191186
266,0.4386106962341712,0.24900580409463838,0.16077915933988018,0.15160434033131023,4733,0.7683209347851055,0.4882738221001479
267,0.45106185065654003,0.1328231764795296,0.062460745445995725,0.3536542274179346,5080,0.7574325561653391,0.4531496062992126
268,0.49823226355815436,0.04490054298040255,0.21131659133809763,0.24555060212334556,4695,0.7521232103013221,0.45005324813631525
269,0.44872835902208125,0.08467087086644581,0.08397688966149827,0.3826238804499747,5027,0.7533872972327667,0.44459916451163717
270,0.4213464080012725,0.04949562671401381,0.11792919207861537,0.41122877320609824,4977,0.7473821467848903,0.4337954591119148
271,0.3739539934888243,0.11383188966794,0.11411406839606947,0.39810004844716623,5017,0.750704057227153,0.43950568068566875
272,0.31695769530058626,0.2756100974612393,0.09336364126179236,0.31406856597638194,5089,0.7578750511065437,0.453134211043427
273,0.44804272553082636,0.38312258054097476,0.07629787995807331,0.09253681397012552,4948,0.7822033718593806,0.5121261115602264
274,0.31488188961323366,0.31574184528811955,0.11871434358662127,0.25066192151202554,4958,0.7628786716822205,0.46591367486889873
275,0.41781915225777483,0.3412812472451031,0.11907128561789353,0.12182831487922859,4841,0.7751603216189733,0.5007229911175377
276,0.5370810390080445,0.08810689730131031,0.06424750715927734,0.31056455653136783,4998,0.761669644094194,0.46378551420568226
277,0.3738141469577526,0.026721855445948458,0.3123941569733527,0.2870698406229463,4664,0.7438148919477475,0.4346054888507719
278,0.581548469182904,0.27726911515697095,0.0960315738796502,0.04515084178047485,4809,0.7827274006567227,0.5190268247036806
279,0.27425099440885775,0.1767825010521691,0.12413326215688258,0.4248332423820905,5068,0.7448994504952035,0.42679558011049723
280,0.3567322128602991,0.17865523665873537,0.11730817545907087,0.34730437502189465,5001,0.754850207236256,0.44891021795640873
281,0.42491797125308656,0.21445355533422011,0.18255500326634938,0.17807347014634406,4710,0.7645252971571849,0.4800424628450106
282,0.24790781672577453,0.2865928612012135,0.11923603268886239,0.34626328938414946,5074,0.750340168935884,0.4377217185652345
283,0.5517855949061451,0.22762984523628793,0.21439608399895768,0.006188475858609334,4593,0.7703932700273238,0.49684302198998476
284,0.3740861210111624,0.028862626284597716,0.1902268536249357,0.40682439907930423,4869,0.7419238895623775,0.4237009652906141
285,0.26046795991075816,0.056859158741327645,0.26399201442901854,0.4186808669188956,4822,0.7375901887394155,0.4182911654914973
286,0.45733672871943387,0.20431979310703788,0.1302862014432484,0.20805727673027993,4813,0.7675479231832183,0.482858923748182
287,0.3097572013766472,0.41666369494761063,0.19258598857759493,0.08099311509814722,4676,0.767510571029256,0.48952095808383234
288,0.5753985178492385,0.17793305237226995,0.23521352181231778,0.01145490796617388,4564,0.766867977762351,0.4899211218229623
289,0.39817746646281227,0.2828371496139036,0.2574496665554023,0.06153571736788176,4566,0.7624017817156354,0.480946123521682
290,0.40693901424242157,0.2635874899003643,0.09611160350360833,0.23336189235360588,4978,0.769210112793705,0.4815186822016874
291,0.40666482496636996,0.17789056707347606,0.06604450592131107,0.34940010203884286,5104,0.7570987079727602,0.4519984326018809
292,0.2901985499981914,0.2485343326344731,0.12105189095976537,0.34021522640757007,5033,0.7528897514580236,0.4442678323067753
293,0.4522606843207087,0.2514091689558565,0.1678329296960442,0.12849721702739061,4709,0.7696234317640576,0.49182416648970056
294,0.5412703963487476,0.05141014456117766,0.09774445637049488,0.3095750027195798,4909,0.7580629318833447,0.45854552862090037
295,0.6200758877385107,0.021880459180993666,0.12888160094105625,0.22916205213943946,4741,0.7581362314315577,0.4612950854250158
296,0.5764027873095863,0.0007177780219733466,0.24386651515994318,0.17901291950849735,4631,0.7505446407405609,0.4508745411358238
297,0.4026982142519834,0.2953012339676452,0.05618983951978671,0.2458107122605847,5116,0.7688898190017217,0.4765441751368256
298,0.3315349937464628,0.282071766664312,0.24509178132185838,0.1413014582673669,4617,0.7600600287644581,0.4739008013861815
299,0.6652223375513203,0.07593748832758625,0.17856545343082136,0.08027472069027212,4592,0.7643810729522724,0.4780052264808362
300,0.40303815652794533,0.16338855114706957,0.23589520282359192,0.19767808950139318,4652,0.7567939345293225,0.46539122957867585
301,0.4144564268079904,0.22939799507810457,0.20845187235105847,0.14769370576284657,4651,0.7622503319213161,0.4779617286605031
302,0.24629872967267516,0.09182614133954031,0.17618488992012915,0.4856902390676553,4998,0.7362916360583751,0.4107643057222889
303,0.4720153022542933,0.21667780368724435,0.05744956414085425,0.2538573299176081,5050,0.7705152786219122,0.4805940594059406
304,0.4274363312306605,0.15637961401359868,0.3110694852317543,0.1051145695239866,4534,0.755329163801909,0.4660344067048963
305,0.3590496555716578,0.16290728639430035,0.27238325850775025,0.2056597995262915,4617,0.753223217916303,0.4585228503357158
306,0.3766427735656621,0.18997528650180895,0.10748003043722827,0.3259019094953006,4998,0.7570967548433785,0.4531812725090036
307,0.44439786360979755,0.29416433963281147,0.21309270165739252,0.04834509509999844,4626,0.7683253070465165,0.4924340683095547
308,0.28890261159798064,0.1680256655166893,0.2090417989422162,0.33402992394311376,4820,0.750193331485997,0.44315352697095434
309,0.6691819980933861,0.11727940664278096,0.1773611188729822,0.036177476390850956,4590,0.7684467796900772,0.48932461873638344
310,0.4206224108120592,0.1443587445528397,0.17666430303178662,0.2583545416033144,4767,0.7585692293794751,0.4615061883784351
311,0.3527684601358155,0.11852376033573123,0.05591412313751388,0.4727936563909395,5179,0.7439966070209687,0.42228229387912725
312,0.5749877718991546,0.02227471204072339,0.23256671531477435,0.17017080074534768,4630,0.7529960335553274,0.4555075593952484
313,0.7445069901357759,0.07631000553465561,0.1696580680337845,0.009524936295783855,4581,0.7667798402935622,0.4885396201702685
314,0.41358845114394427,0.08115659635113756,0.15786939445691123,0.34738555804800686,4867,0.7528991526425511,0.4470926648859667
315,0.4375960498952724,0.08133691019082426,0.13229027395137932,0.34877676596252405,4921,0.7547750978400352,0.44848608006502744
316,0.381499133970588,0.23047097659045362,0.12644656794274775,0.2615833214962107,4909,0.7628489928532454,0.4689346099001833
317,0.5724493317589314,0.11106872157678853,0.31409257944369023,0.002389367220589901,4533,0.758746428448612,0.471652327377013
318,0.5204477296186445,0.002565618731688604,0.1756878526125242,0.3012987990371427,4777,0.7495773251178116,0.4423278208080385
319,0.26354093622576813,0.22552940026212656,0.21932577227488698,0.29160389123721836,4792,0.7518120340800196,0.44887312186978295
320,0.3689000625033691,0.19505295356532798,0.07170482670976679,0.3643421572215362,5128,0.7553069257222307,0.44773790951638065
321,0.29979275892485835,0.18502507337667862,0.0639736369795212,0.4512085307189418,5219,0.7442788658006674,0.4209618700900556
322,0.5769987716316125,0.20200608368779324,0.20400455699434206,0.016990587686252258,4597,0.7705628520331612,0.4972808353273874
323,0.38235659019597223,0.4406200574344693,0.0855124741769005,0.091510878192658,4941,0.779345521232505,0.5077919449504149
324,0.3176406074860682,0.20046492628845783,0.163230232011228,0.3186642342142461,4893,0.7549114554342738,0.45064377682403434
325,0.42054826934645856,0.10151464252263347,0.13875331953119258,0.33918376859971533,4906,0.7553375443369454,0.44924582144313085
326,0.43988351116245555,0.04905506088264561,0.24395161058505616,0.2671098173698426,4696,0.7498395977464418,0.4454855195911414
327,0.21242105392706487,0.19071269220104795,0.13135246385909127,0.46551379001279597,5124,0.7374621183942501,0.41198282591725216
328,0.3795788543016044,0.2638459101267482,0.18612693532622512,0.17044830024542235,4719,0.7652440438101722,0.4820936639118457
329,0.5888366008821418,0.19577080001504207,0.14835930908356695,0.06703329001924908,4675,0.7747201553155629,0.5003208556149733
330,0.5010469738119461,0.17683909358618344,0.15124268101225008,0.17087125158962047,4728,0.7675303826127893,0.48519458544839256
331,0.5202660691693263,0.27193549502871855,0.2032102805753327,0.004588155226622382,4614,0.772538516832335,0.5010836584308626
332,0.3138810026802388,0.5102419981960437,0.14581808313147027,0.0300589159922474,4764,0.7761671613848758,0.5073467674223342
333,0.3958152520775309,0.16967387799807496,0.11228462550135088,0.3222262444230434,4970,0.7579886290719777,0.45714285714285713
334,0.5246021929470959,0.126610922142129,0.11414446885597655,0.23464241605479866,4831,0.7653367712896372,0.4762989029186504
335,0.3578764381263515,0.07417330273456918,0.15559994888327935,0.4123503102557998,4934,0.7463661131919618,0.43149574381840294
336,0.32578286761592745,0.07663801346968563,0.3348228283830857,0.2627562905313012,4629,0.7438796058660103,0.4363793475912724
337,0.6865277145476598,0.03147384485959434,0.2595242118415739,0.022474228751171874,4526,0.7568069570047695,0.4646486964206805
338,0.4305437564369652,0.23857513071957995,0.2355292195952126,0.09535189324824228,4601,0.7633739150311928,0.4818517713540535
339,0.37154640247218357,0.2645754934016298,0.18514378884012697,0.17873431528605968,4732,0.764663319785019,0.4801352493660186
340,0.4683032944105212,0.3286708157560096,0.12062607231169854,0.08239981752177064,4808,0.7786040936191825,0.5079034941763727
341,0.43315046093898923,0.22523755391536068,0.16573862840887332,0.1758733567367768,4735,0.7663339008416096,0.4834213305174234
342,0.1838473781733865,0.22325103250205117,0.17860236224688483,0.4142992270776774,4998,0.7394919694702086,0.4179671868747499
343,0.22572230919917158,0.29963014912126584,0.12360790695995454,0.3510396347196081,5079,0.7484581973628528,0.4333530222484741
344,0.6116648612570903,0.09615273925154484,0.2715203877887914,0.02066201170257337,4544,0.7609867296589464,0.47557218309859156
345,0.22955123672106525,0.15706068129270395,0.18091607193874532,0.4324720100474855,4972,0.7405290013880768,0.41995172968624295
346,0.44172194483860916,0.278421925536289,0.11333584013191089,0.16652028949319078,4858,0.7736045343985949,0.4956772334293948
347,0.36177825120974105,0.20105609336775287,0.19142103485129616,0.24574462057120997,4768,0.7586906566945156,0.46434563758389263
348,0.39852263394111037,0.1030962922157165,0.1447523941972625,0.3536286796459106,4912,0.7536168897703118,0.44686482084690554
349,0.20010695472469392,0.21396056697227941,0.19934985002378555,0.38658262827924117,4938,0.7431683941260564,0.426285945727015
350,0.5320906516637802,0.09453877223180107,0.12719336762992903,0.24617720847448973,4803,0.7621420908274854,0.4692900270664168
351,0.4730180617411746,0.07478801061343236,0.1465227828792476,0.3056711447661453,4834,0.75631193947495,0.4555233760860571
352,0.2169204191631686,0.2554490948829383,0.12666427817356965,0.40096620778032355,5108,0.74339608601326,0.42325763508222397
353,0.3995178650071427,0.23832917416007962,0.06221472319243221,0.2999382376403455,5118,0.7621686538377044,0.46268073466197734
354,0.4393177907610528,0.26719365950952534,0.14498877618244105,0.14849977354698068,4767,0.7704315311303882,0.49150409062303335
355,0.3951031745819311,0.050218649346447784,0.22650459973940623,0.32817357633221494,4762,0.7472758827913497,0.43805123897522047
356,0.3303815373109435,0.31639534666762514,0.18935955908046959,0.16386355694096172,4721,0.7643562601453844,0.4799830544376191
357,0.702289805523466,0.13943710846460133,0.1400175441899429,0.018255541821989733,4625,0.7736955174837721,0.5018378378378379
358,0.5302419777068349,0.04172558985610641,0.06593700370768818,0.36209542872937034,5008,0.7537826656252999,0.4464856230031949
359,0.6342079005223507,0.024253989415809196,0.2180851046916393,0.12345300537020087,4592,0.7569125394669571,0.4623257839721254
360,0.4839310811100918,0.0037777312692765545,0.07894960655280868,0.433341581067823,5037,0.7435537008639171,0.4274369664482827
361,0.5878716557403799,0.06300473721908023,0.06962228778618054,0.2795013192543594,4926,0.7624604634349232,0.46772228989037756
362,0.45393620140808527,0.22647733064853975,0.2260867468427397,0.0934997211006353,4601,0.764232726083861,0.4818517713540535
363,0.4055737695048804,0.022976873399878934,0.30887848582754784,0.26257087126769274,4646,0.7449488739635001,0.4380111924235902
364,0.6315170811496379,0.1337564783643977,0.10508927373292486,0.12963716675303963,4735,0.7737442638385952,0.49482576557550156
365,0.2782135708712715,0.32522424691713736,0.33472915260631425,0.06183302960527681,4509,0.75250863749874,0.46063428698159237
366,0.22214141183530603,0.23424449657389973,0.14799448210296728,0.3956196094878269,5041,0.7438146909200294,0.4253124380083317
367,0.3441017751914685,0.1490494890495193,0.10672746946632411,0.40012126629268807,5051,0.750437557337226,0.43931894674321914
368,0.26278479587560927,0.12702267472220685,0.1737965866952795,0.4363959427069043,4970,0.7416659494297486,0.42052313883299797
369,0.44755014969830315,0.025343656259121855,0.18989762203644578,0.3372085720061292,4805,0.7476993018584956,0.4380853277835588
370,0.518769891264292,0.2589506492560797,0.1852299496011093,0.037049509878518974,4643,0.7730447757541729,0.5001076889941848
371,0.3786596889332882,0.36881193626246306,0.19587479680128167,0.05665357800296706,4673,0.7694653086894863,0.4936871388829446
372,0.36890467166636376,0.1898579061713596,0.18617113239152625,0.2550662897707503,4774,0.7581162430944247,0.46208630079597823
373,0.25691486085643367,0.3108894698792728,0.10005333241324423,0.3321423368510494,5114,0.7525359738267209,0.44192412983965584
374,0.3975334367955327,0.2703943132163193,0.16986548122538106,0.1622067687627669,4744,0.7675664561605005,0.4856661045531197
375,0.41555530103657995,0.43548172528991275,0.09929231869504435,0.04967065497846298,4884,0.7822430407042688,0.5151515151515151
376,0.32072430850307443,0.30743823464475795,0.31800237365058276,0.05383508320158496,4507,0.7553342351261751,0.4668293765254049
377,0.3233578764778094,0.13094691083295643,0.22682734210391528,0.31886787058531885,4762,0.7501640224114621,0.4447711045779084
378,0.29954849836633946,0.26710448210421905,0.15513453245958866,0.2782124870698528,4891,0.7577466207887499,0.4575751380085872
379,0.37174429782520374,0.14540444417583442,0.11002700583138535,0.37282425216757636,5020,0.7528132436343141,0.44402390438247014
380,0.5827166891443087,0.19323161908005732,0.09339542862926441,0.13065626314636947,4797,0.7765242485745854,0.5013550135501355
381,0.5820215653845238,0.33018920105972044,0.04963210444780884,0.038157129107946795,4972,0.7881370370472691,0.5291633145615446
382,0.5643975482904086,0.09132912809286099,0.21870713995442126,0.12556618366230918,4609,0.7597675852669761,0.4692991972228249
383,0.3738202710376868,0.11885586320680755,0.10347169146853342,0.4038521742869723,5040,0.7504616183814051,0.4388888888888889
384,0.2732046332618819,0.27201823963219324,0.074557412151977,0.38021971495394796,5204,0.7480994780763882,0.4304381245196003
385,0.41140301261012113,0.16302261241105392,0.38833817715169383,0.03723619782713114,4489,0.7510050249924911,0.45734016484740475
386,0.4368065158199474,0.04674660710059431,0.12551274623542363,0.3909341308440346,4946,0.7490468491611911,0.43792964011322283
387,0.2888010732576648,0.153884748574607,0.17688852078676492,0.38042565738096334,4926,0.7483709980696458,0.4348355663824604
388,0.5090053042220505,0.13248229874935136,0.35237373013126133,0.006138666897336754,4509,0.7557232454496322,0.46773120425815035
389,0.5353331840691928,0.047215336011012354,0.08692525755439573,0.3305262223653991,4947,0.7562734705712159,0.4525975338589044
390,0.5921693578144223,0.212136425155248,0.06416370809355024,0.13153050893677948,4894,0.77987027733738,0.5069472823865958
391,0.25262804536549505,0.27860187932207714,0.12646538378745545,0.34230469152497234,5040,0.7503065252529402,0.4384920634920635
392,0.4411438637242685,0.10791693775716192,0.18412700395953713,0.2668121945590325,4749,0.7561872906893651,0.45609602021478207
393,0.4909953785597346,0.17524585738105236,0.15378580395611818,0.17997296010309494,4737,0.7670968261508827,0.48427274646400675
394,0.4187357255590246,0.2282103557637924,0.17677795672475682,0.17627596195242623,4720,0.7654767047509063,0.4819915254237288
395,0.25423668513148434,0.37737637952239184,0.182289539223102,0.18609739612302173,4775,0.761709542832591,0.4724607329842932
396,0.5328501162238188,0.16942599768062597,0.21584352733622045,0.0818803587593348,4606,0.7645815655315228,0.4830655666521928
397,0.273287212427691,0.08713980967543068,0.23498467826786648,0.4045882996290119,4843,0.7403300836628044,0.42308486475325213
398,0.30837648296708087,0.30420639905719493,0.20675738785700742,0.18065973011871678,4710,0.7616375637217869,0.4745222929936306
399,0.40933890454542876,0.32071351911321255,0.17795505868612904,0.09199251765522964,4703,0.7699780779266472,0.4933021475653838
400,0.38496316392445423,0.2732598175828518,0.13706487398710288,0.2047121445055912,4845,0.767963312867818,0.48194014447884415
401,0.5950173847574246,0.18981437580240038,0.21097169976857483,0.004196539671600152,4579,0.7696557453818587,0.4961782048482201
402,0.343882939485428,0.2289902372536647,0.149122912203954,0.2780039110569533,4883,0.7598288408460168,0.4616014745033791
403,0.4573980378484333,0.3022922436893777,0.1736309606993313,0.0666787577628577,4686,0.7727178932498807,0.49829278702518137
404,0.27093623495034397,0.15471618343522164,0.27590261703124747,0.29844496458318687,4703,0.7479471477574772,0.44142036997661066
405,0.45604730567053686,0.021913967851796994,0.29028354903379056,0.23175517744387567,4636,0.7474810852571435,0.44348576358930114
406,0.5927687949073411,0.1347009382886361,0.1805278622261232,0.09200240457789963,4617,0.7660257870341783,0.48234784492094435
407,0.4714570448667027,0.25896217478654576,0.20310770789040267,0.06647307245634894,4643,0.7683196087882874,0.4902003015291837
408,0.585740681314035,0.26902085982083407,0.08588410353081272,0.05935435533431819,4836,0.7830109521827464,0.5184036393713813
409,0.4301116849470002,0.22928764353399145,0.15803695762917616,0.1825637138898321,4759,0.7668921960305103,0.4841353225467535
410,0.43259639879967393,0.04008250692757504,0.0888116231106306,0.4385094711621206,5056,0.7462882651866047,0.43156645569620256
411,0.2608300057529467,0.08231002032579189,0.244593889055392,0.4122660848658695,4844,0.7395319365197348,0.42155243600330305
412,0.33540700099843823,0.3000667343585805,0.10203109987875232,0.2624951647642289,5020,0.7634489883805525,0.4657370517928287
413,0.31208107957287934,0.17828819426008694,0.1098820487044382,0.3997486774625957,5062,0.7491895962339754,0.4365863295140261
414,0.22855323913860548,0.25896736814514426,0.19156378044544078,0.3209156122708095,4882,0.7496867910651869,0.44039328144203194
415,0.47191812672813943,0.09009306685562725,0.05138064877285088,0.38660815764338247,5102,0.7544572501908118,0.4462955703645629
416,0.5304295574981711,0.0189402624172202,0.25267105036371756,0.1979591297208911,4637,0.7498559342586992,0.44899719646323055
417,0.3747441184343715,0.22235171699481082,0.11002774100272368,0.2928764235680942,4985,0.7614411186394302,0.4631895687061184
418,0.3749063423885172,0.10512675785813354,0.2143840166507401,0.3055828831026092,4756,0.7512721394827423,0.4465937762825904
419,0.38997404139115166,0.22678954665700382,0.09611391531755277,0.28712249663429157,5012,0.7627257093156677,0.4658818834796488
420,0.5664590784934848,0.18539204842347567,0.22658122600040914,0.021567647082630516,4578,0.7675705288546906,0.491044124071647
421,0.566365012344155,0.07220554852312014,0.06530259633649595,0.2961268427962289,4966,0.7623484601562868,0.46637132501006845
422,0.525674621772241,0.12603494973412166,0.2615822931914866,0.08670813530215077,4571,0.7601583859196549,0.47495077663530955
423,0.27322996327643045,0.3001366851112048,0.14213047149332259,0.2845028801190422,4949,0.7576741065537925,0.4542331784198828
424,0.5003167472181221,0.1641998023653753,0.22503337209147978,0.11045007832502275,4610,0.7623920769211899,0.4785249457700651
425,0.46048630526790085,0.06918275899853324,0.11352924013629072,0.3568016955972752,4952,0.7544165580611568,0.44810177705977383
426,0.5184357168006406,0.15696317593622522,0.06095911291029451,0.26364199435283964,4998,0.7677569605842375,0.47759103641456585
427,0.24343479072813898,0.27542434308747116,0.13100591416274016,0.3501349520216496,5039,0.7490275110114024,0.43580075411788055
428,0.42112623781113834,0.028279995814652837,0.1309237358032919,0.419670030570917,4965,0.7438237987957149,0.4269889224572004
429,0.3915841081008521,0.04697056525764725,0.19220700351497474,0.3692383231265259,4835,0.746297991868349,0.43391933815925543
430,0.4255546732412784,0.1992851855861817,0.18974226914602998,0.1854178720265101,4707,0.7624166172815245,0.4754620777565328
431,0.27980541871691617,0.26093692662454826,0.055898697341001106,0.4033589573175345,5255,0.7465591071756789,0.4253092293054234
432,0.4104071257520353,0.17696595560388592,0.3181656089938432,0.09446130965023554,4527,0.755064817324009,0.4660923348796112
433,0.31318661853075297,0.20369285183630909,0.10415533510966782,0.37896519452327004,5082,0.7513219557592248,0.44077134986225897
434,0.4542318814894807,0.29510070951495887,0.17228776494192005,0.07837964405364034,4687,0.7719291044871698,0.49647962449327926
435,0.35260057062497574,0.32348112686468766,0.12840269669144572,0.19551560581889085,4878,0.7684583353188817,0.48154981549815495
436,0.5067992721351251,0.2924541742786364,0.15037919641344755,0.05036735717279079,4711,0.7768935570833975,0.5058374018255147
437,0.25941224574966876,0.23664107719121957,0.10749978348775777,0.39644689357135393,5120,0.7461218080797832,0.428515625
438,0.3455824207340036,0.33947865661900495,0.17797533403043242,0.13696358861655908,4726,0.7671108050839205,0.48709267879813795
439,0.44267195164933043,0.29602867753380013,0.10529747953355574,0.15600189128331363,4879,0.7751262520457133,0.4986677597868416
440,0.3474402377474035,0.12037734573046811,0.22548259298205298,0.3066998235400755,4743,0.7511562552213396,0.4482395108581067
441,0.3513402054328205,0.2670554840023429,0.10508788145080154,0.276516429114035,5009,0.762534641251096,0.4647634258334997
442,0.29259523885628336,0.3193327660556564,0.12651468232581597,0.26155731276224436,4960,0.7605355534065577,0.46169354838709675
443,0.2594626344788612,0.06321908292315823,0.2617879864451989,0.4155302961527816,4827,0.7377196060613427,0.418272218769422
444,0.18066328799947895,0.23848647546214508,0.1568620783609168,0.4239881581774593,5067,0.7388680173813268,0.4144464179988159
445,0.5711552978035322,0.14736041489233853,0.07209898963242525,0.209385297671704,4906,0.7716390676981534,0.48980839788014674
446,0.45026311811654984,0.21966451815585786,0.1253345474646843,0.20473781626290805,4824,0.7693111189066661,0.4848673300165838
447,0.24123427128927608,0.28157958165294933,0.11320098832933895,0.3639851587284357,5114,0.7481459721657979,0.43253813062182245
448,0.4071335774501002,0.3858857203087939,0.12796061796108038,0.07902008428002566,4818,0.7775038456382619,0.5056039850560399
449,0.5322973352422011,0.0829311541447461,0.08820987248372328,0.29656163812932956,4920,0.761278090074848,0.46463414634146344
450,0.326855817445386,0.2839886341099824,0.0779751357765666,0.3111804126680651,5129,0.758599369469319,0.45466952622343537
451,0.48430815885946404,0.039558015443152364,0.08785432471449059,0.38827950098289293,5001,0.7508106076809481,0.4405118976204759
452,0.28286592245587266,0.3592530627414192,0.1735388429587999,0.1843421718439083,4780,0.7636010520368866,0.47468619246861926
453,0.7512778932312607,0.010134948119407872,0.2270242725504472,0.01156288609888419,4537,0.7580039023795783,0.468371170376901
454,0.38353774807877095,0.11892644392034271,0.07182440604729043,0.42571140195359597,5124,0.7489122593330109,0.4344262295081967
455,0.5666595897727317,0.035774715698560056,0.32438373440939045,0.07318196011931785,4538,0.753353366183414,0.4587924195680917
456,0.5058645469492231,0.013612339319758351,0.1672026698417353,0.3133204438892832,4814,0.7507610001237991,0.4439135853759867
457,0.5467493394391696,0.23898835496176715,0.12139388333812537,0.09286842226093782,4755,0.7774980194689697,0.5055730809674027
458,0.4509807697837513,0.2377645276532664,0.12937793315177362,0.18187676941120867,4812,0.7708040290846623,0.4898171238570241
459,0.6983015943038715,0.10701755430865856,0.1893044536338854,0.00537639775358459,4565,0.7675333871012433,0.49025191675794083
460,0.4447346182989005,0.23162676347143488,0.05424613014744291,0.2693924880822217,5088,0.7675949170246749,0.47464622641509435
461,0.461200946287097,0.3344218552796162,0.09968700123292498,0.10469019720036184,4876,0.7785377114719083,0.5057424118129614
462,0.6646077942515707,0.0832954759801312,0.1565511548688845,0.09554557489941368,4610,0.7665334067099105,0.4817787418655098
463,0.37424641214730964,0.13116572246691263,0.19454493475924553,0.30004293062653214,4782,0.7537343682626391,0.4510664993726474
464,0.4805866405091703,0.23318865288618063,0.16386796445785123,0.12235674214679783,4702,0.7702506913835354,0.493619736282433
465,0.470313287017838,0.23450051057345916,0.15914870560592415,0.1360374968027786,4718,0.7693433860935198,0.49088596863077577
466,0.27890988639657993,0.1327974315944093,0.11734122108748775,0.47095146092152307,5095,0.7415082605000747,0.41864573110893033
467,0.528886049867903,0.36427458691665365,0.08342771812317974,0.023411645092263695,4895,0.786117288556424,0.5270684371807968
468,0.542692296443032,0.15570341385913652,0.16289532239136945,0.13870896730646207,4672,0.766844172387072,0.4852311643835616
469,0.395898840137273,0.04925821410461878,0.26336925766299457,0.2914736880951137,4713,0.747705726032608,0.4415446636961596
470,0.24165529578508874,0.30070006497025514,0.137224336254142,0.32042030299051416,5008,0.7514306234693039,0.44049520766773165
471,0.32879824515823175,0.1731608317383931,0.1870949043289878,0.3109460187743874,4827,0.7540517931958697,0.4495545887714937
472,0.5581507118289689,0.18346918492041395,0.11683149213739952,0.14154861111321754,4757,0.7729186050655907,0.4961109943241539
473,0.5324951455682841,0.27247211910935354,0.16953004603710095,0.025502689285261247,4663,0.7753759272615622,0.5050396740295947
474,0.37189931296383844,0.2690632697607554,0.13842680392772674,0.22061061334767929,4858,0.7656558964385916,0.4761218608480856
475,0.5510709024196967,0.0615136346287623,0.15633018043106198,0.2310852825204789,4733,0.7592720507774886,0.46418761884639764
476,0.44626466079518046,0.06449738206826273,0.1796583568749497,0.3095796002616072,4792,0.752500412477006,0.44720367278797996
477,0.4222771647972256,0.1888672292523665,0.05228904515198969,0.3365665607984181,5131,0.7599421553159282,0.4568310270902358
478,0.6358356920690957,0.18390323061303143,0.16192980807952864,0.01833126923834438,4629,0.7744218621692351,0.5035644847699287
479,0.2597222598004206,0.22638441208669194,0.06523928039015084,0.44865404772273665,5244,0.7415700526183855,0.41571319603356216
480,0.2331052593723091,0.3874502117257442,0.12203194878047087,0.2574125801214757,5004,0.7578552619051414,0.4536370903277378
481,0.6545279496942557,0.1586179815846689,0.14727987518815533,0.03957419353292013,4638,0.774287672018876,0.5025873221216042
482,0.38508035833358706,0.24754942999701077,0.05463812936295197,0.3127320823064502,5161,0.7610984891455796,0.4576632435574501
483,0.5381904217002593,0.289456913482167,0.14061847427681595,0.031734190540757656,4727,0.7789806860301133,0.5115295113179607
484,0.4283286619699623,0.30291165210956283,0.16349111342820713,0.10526857249226762,4729,0.7705875700201451,0.4941848170860647
485,0.42003348226883075,0.04313461819490903,0.1960680851855154,0.3407638143507449,4802,0.7477355914471047,0.43731778425655976
486,0.48255822885960203,0.0038640743347685175,0.0790930772959837,0.43448461950964584,5039,0.7436050715353564,0.42726731494344117
487,0.43148951795121626,0.1821282837829329,0.08642923890590236,0.2999529593599485,5012,0.7629864997471727,0.46548284118116523
488,0.3012086497565171,0.2732098183570773,0.20453108089516336,0.22105045099124226,4747,0.7587932353335052,0.4655571940172741
489,0.40737522112475544,0.35913807684414834,0.12206878023735575,0.11141792179374045,4842,0.7756523578469188,0.5014456836018174
490,0.5114854705985798,0.26100965148193167,0.07946362213352948,0.14804125578595903,4912,0.778236377944075,0.5052931596091205
491,0.3044498731373532,0.40668309649617923,0.06570853903521608,0.22315849133125124,5141,0.7654441762145414,0.46897490760552424
492,0.2598101453840485,0.1616327048443428,0.22879755565707843,0.3497595941145302,4812,0.746499488269043,0.43599334995843725
493,0.3948655338300704,0.07497348280822964,0.21920069869427183,0.3109602846674281,4751,0.7494281082017387,0.4424331719637971
494,0.6522300351781506,0.02097777565490474,0.11308173919554922,0.21371044997139543,4753,0.7602048976107629,0.4649694929518199
495,0.37910929440283236,0.19543696035827224,0.15926574870791427,0.266187996530981,4831,0.7595713451195554,0.46367211757400123
496,0.4549295166379106,0.15587579807890262,0.11282660457931634,0.2763680807038705,4904,0.7638573150902325,0.47043230016313214
497,0.31946616362481856,0.3368054238708909,0.30898992022525057,0.034738492279039926,4519,0.7565427706916698,0.4691303385704802
498,0.7071750685355541,0.10800902959378383,0.1616964489094323,0.02311945296122961,4598,0.7694283819131807,0.49260548064375814
499,0.5809752476518681,0.1945040786269043,0.06556479040190004,0.15895588331932747,4906,0.7781090092722368,0.5038728088055442
500,0.5997507662711177,0.02132875535506131,0.2370749201708988,0.14184555820292216,4596,0.7541927908333914,0.4586597040905135
501,0.26808766428237857,0.25355706287417085,0.265875339181732,0.21247993366171838,4652,0.7530626829402202,0.456792777300086
502,0.5874284006591622,0.15928958937494725,0.19471084333991967,0.05857116662597087,4612,0.7680630517542553,0.48850823937554205
503,0.41623079515414324,0.12374747695288842,0.086151508607299,0.3738702192856693,5047,0.7540466267624789,0.44640380424014264
504,0.4056953359447368,0.2056551768546678,0.056133456382549664,0.3325160308180457,5134,0.7600605799342404,0.4565640825866771
505,0.2926326675146033,0.2576818122546828,0.053714850725163646,0.39597066950555027,5250,0.747301993218138,0.4276190476190476
506,0.22285923652122458,0.24358903869028892,0.18008556265533468,0.3534661621331519,4942,0.7466386805526796,0.4318089842169162
507,0.4048484644827757,0.35579587610327884,0.207381687566681,0.031973971847264436,4649,0.770798013394927,0.49795654979565496
508,0.3106565312780937,0.12748392756086369,0.2852829136005594,0.2765766275604833,4669,0.7478747482004602,0.44185050331976866
509,0.40371816596453186,0.2441150626090525,0.1513124345420196,0.20085433688439605,4790,0.7662562506728716,0.4803757828810021
510,0.3615634536243148,0.15917889858320355,0.10763330845308994,0.37162433933939165,5028,0.7528739704455962,0.4451073985680191
511,0.5032327217416772,0.019798235357102446,0.13375732414898958,0.3432117187522308,4872,0.7506245875849444,0.44150246305418717
512,0.3094661001813986,0.3070852883441978,0.06130195118167742,0.3221466602927261,5208,0.7559175528215867,0.4479646697388633
513,0.4480352597235865,0.26523838804782224,0.12084971937436263,0.16587663285422866,4832,0.7724720393218321,0.49358443708609273
514,0.29513346910208116,0.22400964822519542,0.24791466049863342,0.23294222217409,4685,0.7541436347303219,0.45720384204909287
515,0.33470062440853543,0.20828085477687583,0.10427290605937485,0.35274561475521393,5055,0.7544086078500754,0.44589515331355095
516,0.3384103699411501,0.3078084301950538,0.0730034977809838,0.2807777020828124,5126,0.7614482336405906,0.4594225516972298
517,0.319989172832896,0.1675228202437102,0.22816865498971456,0.28431935193367924,4744,0.7538094911260307,0.45404721753794264
518,0.32140623819177205,0.29052118686889217,0.20951538666321687,0.17855718827611897,4700,0.7612981430811079,0.47425531914893615
519,0.2909210176891515,0.1467699446185454,0.10680105600617833,0.4555079816861248,5111,0.7428634544766698,0.421248288006261
520,0.3897358616915531,0.15129940618750595,0.04559079222876104,0.4133739398921798,5184,0.7510241119341271,0.4378858024691358
521,0.3124848318973239,0.2808697070527576,0.20741674129687734,0.1992287197530411,4724,0.760396349934863,0.4703640982218459
522,0.6147894152889329,0.13276734177912963,0.1802591843577138,0.07218405857422361,4614,0.767753368132178,0.4861291720849588
523,0.3355970501967582,0.4466195163622299,0.11507822239394125,0.1027052110470708,4871,0.7750687992548598,0.5005132416341613
524,0.5921464374083959,0.09625070755348719,0.26383435325280125,0.04776850178531575,4556,0.7607543839730424,0.4745390693590869
525,0.3341583733548056,0.20877392481897317,0.35133123997977617,0.10573646184644503,4512,0.7511439085376656,0.4587765957446808
526,0.2770200511541152,0.23126166286455657,0.19157915331033304,0.30013913267099507,4837,0.7529361020819952,0.44883192061194954
527,0.2955384892611603,0.25166255596386383,0.22304738675892793,0.22975156801604799,4722,0.7558412071615891,0.4603981363828886
528,0.4203800944833393,0.18487990263274523,0.04817037519098545,0.3465696276929299,5149,0.75898283171697,0.45465138861914933
529,0.3870506438742516,0.23829845249474738,0.09221756667514365,0.28243333695585754,5026,0.7635575521667998,0.46637485077596497
530,0.2557248920997146,0.2033629775843024,0.09864828051842418,0.4422638497975589,5168,0.742442509483672,0.41911764705882354
531,0.36061469813978514,0.292277475384276,0.12838976103460725,0.2187180654413317,4895,0.7659880398865857,0.476608784473953
532,0.47247090884581416,0.15233711114842602,0.05887155087066197,0.31632042913509784,5063,0.7614725899156426,0.46257159786687735
533,0.4864891274631043,0.037281540308151666,0.18925665652722312,0.2869726757015209,4752,0.7517656018499368,0.44591750841750843
534,0.3913835789798462,0.13725689298946922,0.1536412333716243,0.31771829465906026,4864,0.7560286035976367,0.45230263157894735
535,0.4636096281407517,0.15187043792443644,0.10748069639530647,0.2770392375395054,4916,0.7638508549236839,0.4705044751830757
536,0.5051886114127928,0.0071934608506503414,0.05110639578285607,0.4365115319537009,5099,0.7443495173297957,0.4285153951755246
537,0.6274197149864612,0.027174715369721512,0.2730312032358673,0.07237436640795003,4543,0.7552659374854548,0.4609289016068677
538,0.24836490482659465,0.14439095692587867,0.1871929130237473,0.4200512252237793,4940,0.7427859420727799,0.4236842105263158
539,0.5455358767093166,0.13636962417128834,0.2478482501595967,0.0702462489597983,4575,0.762725078308429,0.4810928961748634
540,0.47996194435442735,0.0830915799852268,0.1964250997816131,0.2405213758787328,4708,0.7559196884753041,0.45539507221750214
541,0.5500449826610512,0.040531136321917745,0.2831179886094606,0.12630589240757042,4566,0.7541348163666981,0.45860709592641263
542,0.41374822929058763,0.14040046041888848,0.15567086267122301,0.290180447619301,4822,0.7585511077736001,0.459767731231854
543,0.21850974318690503,0.1447807112614994,0.18616003084678193,0.4505495147048136,4977,0.739029611771801,0.41671689772955595
544,0.4301564890070593,0.09961688377052741,0.12291107125424386,0.3473155559681694,4940,0.7560623571209437,0.45161943319838055
545,0.19377752074841798,0.3036033691933439,0.12525477994540474,0.3773643301128334,5115,0.7436577197858776,0.42346041055718475
546,0.2372331233018843,0.2908840673046978,0.1819583935533371,0.2899244158400808,4867,0.7530487129939063,0.4479145264023012
547,0.3404752402329385,0.19399132139651976,0.21137085057183178,0.25416258779870987,4746,0.7566497561944837,0.45996628739991574
548,0.4438003868117364,0.15355671148564234,0.05401507485431248,0.34862782684830884,5103,0.7588689514481713,0.4552224181853812
549,0.3355506390935247,0.06209036827288287,0.18464426159811848,0.4177147310354739,4898,0.7435530535368937,0.42629644752960394
550,0.33231083232386877,0.1793204775651054,0.2560711773252832,0.2322975127857426,4665,0.7539797252282622,0.45787781350482315
551,0.33104682722572976,0.18262164298106365,0.1814541564679065,0.3048773733253,4835,0.7547067020377839,0.45170630816959667
552,0.2058721168204555,0.3174617110834913,0.13678313988192037,0.33988303221413285,5042,0.7469394795858093,0.4319714399047997
553,0.38568076282118324,0.0504455054082977,0.21848065980729944,0.34539307196321967,4783,0.7459977068384916,0.4344553627430483
554,0.6734009402279597,0.13550658271443183,0.12675072638551668,0.06434175067209182,4654,0.7739200590317832,0.49935539321014183
555,0.418184129970225,0.07303473191276891,0.13263791373207265,0.3761432243849334,4938,0.7513170150704946,0.4424868367760227
556,0.5700935211897916,0.14313084284170188,0.08831387151604088,0.19846176445246552,4853,0.7707893064563156,0.4891819493097053
557,0.35592777778643137,0.24353210872603254,0.17160884159806106,0.228931271889475,4784,0.7617619546903263,0.4709448160535117
558,0.44532550272236116,0.1793586779056341,0.16987003434091247,0.2054457850310922,4742,0.7632085585967275,0.4749051033319275
559,0.532258972657179,0.19564373395343698,0.05520233303651893,0.21689496035286498,4991,0.7733958525017964,0.49028250851532756
560,0.26655289363355156,0.1915556341569335,0.20025988428383665,0.34163158792567827,4868,0.7494172140434313,0.44104354971240756
561,0.31653854110330376,0.22250892160668465,0.18176994450920891,0.2791825927808027,4826,0.7562347123328351,0.4556568586821384
562,0.5058184025845959,0.34971809469668996,0.10816678103819587,0.03629672168051826,4826,0.783125530432446,0.5205138831330294
563,0.41193852604482756,0.06321289205782327,0.1096319494607796,0.41521663243656953,5009,0.7483686607403699,0.4356158913954881
564,0.3286693307567465,0.38072645199176663,0.16788190544241635,0.12272231180907056,4742,0.7679833169635573,0.48882328131590047
565,0.46301666086343646,0.16579656587633815,0.07362651860828644,0.29756025465193886,5026,0.763732296145923,0.4685634699562276
566,0.4721068980932662,0.25257208578443885,0.1644758144135507,0.11084520170874423,4703,0.7710347242701704,0.49436529874548163
567,0.4641267109143012,0.2161070029212682,0.08922831902635915,0.23053796713807143,4937,0.7696342910420477,0.48450475997569376
568,0.273788718986359,0.39473010432344086,0.12610774630908347,0.20537343038111666,4909,0.7639941495053905,0.47076797718476265
569,0.6638511542692785,0.08209454983864577,0.22111531754517644,0.0329389783468992,4549,0.7627987823625184,0.4776874038250165
570,0.31557281052723335,0.19833476793464927,0.12017240809682327,0.36592001344129416,5028,0.7514530308621109,0.44172633253778837
571,0.43225083620936927,0.14577523576197288,0.10818054426061258,0.3137933837680452,4953,0.7608606912005133,0.4627498485766202
572,0.4017616791907695,0.1175293751862141,0.1976325307913557,0.2830764148316607,4754,0.7544867231117216,0.4530921329406815
573,0.486031250126193,0.1110243107868584,0.27015670443723977,0.13278773464970886,4585,0.756811219061269,0.46564885496183206
574,0.4502485768667052,0.18223938923556318,0.1631732767346818,0.2043387571630498,4755,0.7641063386579057,0.4769716088328076
575,0.5589892848983801,0.32865025917900437,0.08885210340853311,0.023508352514082505,4857,0.7851214197551311,0.5252213300391188
576,0.31072875393665816,0.28772432823651617,0.15082956451991664,0.2507173533069091,4876,0.7607389681865202,0.46472518457752254
577,0.36787220364051754,0.2709951641378137,0.061278051631847456,0.29985458058982134,5152,0.7612416462775858,0.45865683229813664
578,0.5567862232758548,0.13459752408524078,0.1483473411988858,0.16026891144001873,4702,0.7666213881254056,0.48213526159081244
579,0.5593331504610889,0.3367794591832169,0.07323047814554513,0.030656912210149257,4894,0.7870054775514154,0.5277891295463834
580,0.5160664753764744,0.08793457516923735,0.1194046904418381,0.2765942590124501,4843,0.7604589665741132,0.4637621309105926
581,0.34981486810160684,0.21558466802085158,0.07467836855853037,0.35992209531901104,5135,0.754796789235555,0.4471275559883155
582,0.5210425679702257,0.19581748294983728,0.07364552259021535,0.20949442648972158,4942,0.7727338901518973,0.4915014164305949
583,0.2086169813025431,0.31204014941467556,0.07435762803495558,0.40498524124782564,5270,0.7407622955349157,0.4140417457305503
584,0.4717987338079761,0.12729958368242011,0.07596239506500516,0.32493928744459866,5018,0.7604985057324757,0.45994420087684335
585,0.5105355788688418,0.05926666829759107,0.09460775464008453,0.3355899981934826,4953,0.7566407053319169,0.4534625479507369
586,0.26848847433539264,0.09868016834758578,0.259797149637612,0.3730342076794097,4778,0.7424722698371746,0.4277940560904144
587,0.3578319891246776,0.2499179313769166,0.06356992761610285,0.32868015188230293,5161,0.7583816304159696,0.45398178647548926
588,0.233798185391866,0.23828030376131334,0.10569384044520184,0.4222276704016188,5160,0.7421217976198278,0.4186046511627907
589,0.5339109771947489,0.17469816923812095,0.12181312004637779,0.16957773352075245,4771,0.7703560800920326,0.48962481660029344
590,0.4003513314891593,0.20891951175330922,0.15600899348068253,0.23472016327684894,4804,0.7624181413965977,0.47210657785179017
591,0.324499193524855,0.2378818154063526,0.36649752140047415,0.07112146966831823,4492,0.7501858287098943,0.45592163846838824
592,0.2978283237239151,0.27412061796346,0.09167942353339274,0.336371634779232,5120,0.7550483245020941,0.4474609375
593,0.3194141703901802,0.14897018112295113,0.08669216484774148,0.4449234836391271,5126,0.7458621873164115,0.4278189621537261
594,0.473715592128636,0.18555728526310689,0.18806685240961496,0.15266027019864217,4678,0.7642582111649656,0.48161607524583155
595,0.5344056740373135,0.2610365792688829,0.17403446467647996,0.030523282017323638,4658,0.7750321064462142,0.5047230571060541
596,0.46292733410930215,0.24100796849790726,0.09800900811472012,0.1980556892780705,4904,0.772382851747338,0.4910277324632953
597,0.3526646584613764,0.16011000852528792,0.19764347629715054,0.2895818567161852,4776,0.7547691956764427,0.4528894472361809
598,0.49015765144431256,0.3018431512088758,0.12930148045960904,0.0786977168872027,4773,0.7777258863726892,0.5068091347161114
599,0.5391166458908019,0.048182189537111245,0.16455398861304596,0.2481471759590408,4735,0.7566477568517767,0.4578669482576558
600,0.34430950166166835,0.04862061900312963,0.16484070348491803,0.442229175850284,4942,0.7411725789874669,0.42047753945770944
601,0.2605787877028419,0.29123559180587855,0.13585130344647892,0.3123343170448007,4990,0.7535465725678944,0.44509018036072145
602,0.7429095356115949,0.10476458187604502,0.12114513897494213,0.031180743537417947,4636,0.7724607069329291,0.49892148403796377
603,0.2560510727075649,0.18393697882607202,0.14021543301416156,0.41979651545220154,5047,0.7441225952809659,0.4255993659599762
604,0.3725766667135867,0.17645268721836393,0.07955770559324833,0.37141294047480106,5096,0.7536947669159889,0.4444662480376766
605,0.2935432027947905,0.24342839297460356,0.17012430927829778,0.2929040949523081,4874,0.7547003743295944,0.45137464095199015
606,0.2122937264474616,0.2950985440631533,0.17942145409275928,0.3131862753966259,4900,0.7491635914987125,0.43918367346938775
607,0.42285459017637683,0.05823114453960625,0.1335214874612169,0.38539277782280007,4938,0.7495171318961972,0.43884163628999595
608,0.5082367887396222,0.3076282549726706,0.147831970210492,0.03630298607721507,4722,0.7776101607398469,0.5084709868699704
609,0.42568726605059476,0.2653376927174341,0.0982208776560499,0.2107541635759211,4940,0.7712405913613986,0.4868421052631579
610,0.33473431086426486,0.06730771112100256,0.235578735543451,0.3623792424712815,4787,0.7442383568367893,0.4307499477752246
611,0.36357269733886893,0.25411940500475544,0.08692365029535765,0.295384247361018,5063,0.7609520193368069,0.4611890183685562
612,0.39134503989709946,0.19078926358625992,0.12841580805717984,0.28944988845946074,4914,0.7611930197622319,0.463980463980464
613,0.38954557011606794,0.14633371583411894,0.06041927052468683,0.4037014435251263,5142,0.751607669637118,0.4397121742512641
614,0.4093246690582301,0.11046841265024168,0.17040108839325827,0.30980582989826994,4808,0.7553986334885759,0.4525790349417637
615,0.4412938572974086,0.11077206477508178,0.18074017925255131,0.26719389867495846,4753,0.7566599852630188,0.4569745423942773
616,0.5483234733793896,0.04732098660675044,0.197298794396366,0.20705674561749401,4679,0.7569222085116918,0.46163710194486
617,0.5295670544247868,0.019249547127043253,0.4142506489462413,0.03693274950192874,4519,0.7487122106314323,0.45032086744855054
618,0.5121041730890978,0.12542451522183157,0.2151476218642317,0.147323689824839,4636,0.760455628354666,0.47303710094909407
619,0.4505540543218177,0.12355214447319929,0.1131665053014134,0.3127272959035696,4929,0.7602465678354291,0.46175694867113004
620,0.6845495126648121,0.0663377831893419,0.08974313649315183,0.15936956765269397,4753,0.7698091312507566,0.48537765621712603
621,0.25061695093424874,0.08245804920063013,0.22752420491433198,0.4394007949507891,4875,0.7375533560662402,0.4155897435897436
622,0.4860346242085859,0.34482165372827006,0.11796397104274382,0.0511797510204001,4800,0.7808689025096747,0.5133333333333333
623,0.30183510985244644,0.26833923448761693,0.048500607372824744,0.3813250482871119,5259,0.7493485534474064,0.4329720479178551
624,0.4537808920434705,0.308641772721157,0.18411197277752583,0.053465362457846555,4671,0.7717266346625664,0.4973239135088846
625,0.477737526061021,0.043231263098036876,0.23136798589480162,0.24766322494614063,4680,0.7510599874801561,0.44871794871794873
626,0.48256968496571934,0.005346623221060552,0.081578640798725,0.4305050510144951,5033,0.7436976335043834,0.42797536260679514
627,0.5689036525677478,0.03743858233858706,0.17154349934976643,0.22211426574389875,4691,0.7565032630021491,0.4583244510765295
628,0.3783679749691657,0.17608406390932274,0.15744203004533439,0.2881059310761772,4842,0.7587384228942806,0.4603469640644362
629,0.27687821547349445,0.10605638164862924,0.28893343898184093,0.3281319638960354,4714,0.7444186233140196,0.4336020364870598
630,0.3163482928940042,0.22462653506559094,0.15461606855048862,0.30440910348991623,4909,0.7563055272031236,0.4534528417192911
631,0.5699171364765474,0.293453508935584,0.09928372221237663,0.037345632375492016,4820,0.7832405824985615,0.520746887966805
632,0.5595828820592725,0.10887846209240241,0.16290977981853785,0.16862887602978707,4686,0.7637363467249231,0.4773794280836534
633,0.4559895455965773,0.38267241970321625,0.113263070172288,0.04807496452791848,4836,0.7817362833917314,0.5148883374689827
634,0.49270879172184623,0.18900768147054034,0.10515281946422975,0.21313070734338363,4869,0.7692162574945999,0.4851098788252208
635,0.49698959636360035,0.226645289570993,0.12016087941785987,0.1562042346475468,4790,0.7723158557815585,0.49352818371607515
636,0.4699061838855944,0.03481609602054347,0.13827873398624896,0.35699898610761316,4896,0.7504859713496674,0.44056372549019607
637,0.6149363301111642,0.09027224889024432,0.13833051371404842,0.15646090728454307,4683,0.7652191077238047,0.47789878283151827
638,0.2638900405443096,0.2819425657058113,0.114619551647116,0.339547842102763,5070,0.7518022065692664,0.4416173570019724
639,0.2966703879052996,0.18433145672107873,0.163816638534868,0.35518151683875376,4932,0.7510990659023397,0.4416058394160584
640,0.4014700027241545,0.11752498888241478,0.07673226212772073,0.4042727462657098,5091,0.7510716354467643,0.439402867805932
641,0.53262124990605,0.06689960768869876,0.24222703371022253,0.15825210869502873,4609,0.7554728478088304,0.46257322629637665
642,0.5536479565447413,0.257244657093895,0.18088077049230353,0.008226615869060124,4635,0.775157550322814,0.5061488673139158
643,0.39446457766595755,0.20658162318280476,0.21674549423094208,0.18220830492029566,4663,0.7594604242634636,0.4711559082135964
644,0.5653512253021584,0.15383392273716456,0.06619389083482612,0.21462096112585102,4926,0.7716465934879766,0.4890377588306943
645,0.4449848728243295,0.054608282212546336,0.09497567849811983,0.40543116646500443,5017,0.7491046384438844,0.4371138130356787
646,0.3157171492244146,0.16326063586815182,0.18977726690512942,0.3312449480023042,4854,0.7525932553277582,0.4468479604449938
647,0.5212326467461835,0.2980028099300458,0.15933361524270423,0.021430928081066405,4699,0.7768689665052071,0.5086188550755479
648,0.3616428880180784,0.008018475468187087,0.16188838820736523,0.4684502483063693,4953,0.7367675812182746,0.4120734908136483
649,0.22824678586046235,0.1390526193869382,0.2272033298105409,0.4054972649420587,4887,0.7414713299294482,0.42480049109883367
650,0.48874289812350213,0.24541460106952678,0.050858615567539574,0.21498388523943143,5045,0.7746463103193139,0.49137760158572846
651,0.4596151725492893,0.20903416343474626,0.09955579911875455,0.2317948648972099,4915,0.7690201290227416,0.4821973550356053
652,0.3348684028675314,0.22611004139710406,0.11948141991377544,0.3195401358215892,4999,0.757191922841387,0.45249049809961994
653,0.4056278285039177,0.2860211901432201,0.09694569268456474,0.2114052886682974,4960,0.7711529743165054,0.4854838709677419
654,0.5319435263446918,0.006123809523178418,0.18558043016817655,0.2763522339639533,4741,0.7508942067184283,0.4450537861210715
655,0.2948776662620358,0.2039776787269356,0.18390047846149574,0.3172441765495328,4863,0.7525287760197774,0.44581534032490233
656,0.5583746900092099,0.16155430675208435,0.1909894063863562,0.0890815968523496,4629,0.7670411097735295,0.485850075610283
657,0.41081298681185185,0.04115718761278652,0.18635991922379375,0.36166990635156787,4836,0.7469641680626672,0.43548387096774194
658,0.2159914887833925,0.2734483128844579,0.12486661658973856,0.385693581742411,5108,0.7444455723122378,0.42541111981205953
659,0.41799872825932083,0.09469034028188301,0.14988984925224583,0.3374210822065503,4876,0.7545948192771883,0.4497538966365874
660,0.5502855153681113,0.08139423282635581,0.19071391963972592,0.17760633216580687,4658,0.7604174146557375,0.47015886646629457
661,0.29569575570330053,0.12789662795508375,0.10650887090168988,0.46989874543992594,5109,0.7420016526934455,0.4196515952241143
662,0.5785812971108295,0.07360968714206566,0.23653273560755253,0.11127628013955211,4584,0.7587608461625633,0.468586387434555
663,0.42981710538581414,0.1206470891992388,0.20217671308479698,0.24735909233015005,4731,0.7561378133061585,0.4580426971042063
664,0.5754727229703605,0.13382177883181848,0.14234827130444422,0.1483572268933767,4702,0.7679923981793577,0.4851127179923437
665,0.41223762865164626,0.2803443357598582,0.055351235686845045,0.2520667999016505,5111,0.7683488796453526,0.47524946194482487
666,0.35377018897597495,0.2521152887380459,0.12433405743461894,0.26978046485136015,4945,0.7624982809706248,0.4661274014155713
667,0.3947867207630303,0.2669817645855169,0.2648237226567761,0.07340779199467663,4555,0.7604538070416319,0.47705817782656423
668,0.47980694122036394,0.04202437095783899,0.21105742899239704,0.2671112588293999,4719,0.7506445831692653,0.44522144522144524
669,0.5419357971464446,0.17068052448270954,0.1789177900458627,0.10846588832498319,4651,0.7678177464869858,0.487422059772092
670,0.4682785343029585,0.0765576773227964,0.1512277645783073,0.3039360237959378,4825,0.7560813494136289,0.45492227979274613
671,0.6198050508452645,0.08216723057309973,0.1592577965847128,0.1387699219969228,4651,0.7648899484158153,0.4779617286605031
672,0.37694716743763146,0.11592866054708396,0.07670325180268321,0.4304209202126014,5118,0.7481407472263544,0.4329816334505666
673,0.5557459818623206,0.0002116318584154065,0.20744664659537937,0.2365957396838846,4692,0.750719021754502,0.4475703324808184
674,0.42820849856492155,0.09894786454120093,0.14051780742096193,0.33232582947291567,4891,0.7558409548125885,0.4518503373543243
675,0.39663939066162424,0.041758883892195474,0.17646832135136412,0.3851334040948162,4867,0.7459991043451478,0.4308608999383604
676,0.4044272791981853,0.10478922508139699,0.054898461177970814,0.4358850345424469,5149,0.7483703417130255,0.4332880170906972
677,0.49848546270410304,0.2781293173676533,0.11003527054941764,0.113349949378826,4818,0.7775404019799421,0.504151100041511
678,0.47537603529963274,0.08444515186703976,0.17441321377490052,0.26576559905842695,4755,0.7564966370270966,0.45783385909568874
679,0.3104875083467407,0.23697889389528348,0.10878487210769743,0.3437487256502784,5052,0.7536974839557591,0.44635787806809185
680,0.37921821091338503,0.2236397274056698,0.12412789274521013,0.273014168935735,4927,0.7628716198527835,0.4678303227115892
681,0.5316428807825546,0.19616502978818234,0.18006295454118504,0.09212913488807802,4651,0.7695884082939874,0.4900021500752526
682,0.2863353325856648,0.41261594639828303,0.10718094080640234,0.1938677802096499,4963,0.7666157668230258,0.4763248035462422
683,0.433774533756319,0.34168506821880007,0.13063531246313428,0.09390508556174648,4798,0.775695974636134,0.5022926219258024
684,0.37647951576642497,0.29308756210489156,0.059678422091259634,0.2707545000374238,5139,0.7646503546500261,0.46760070052539404
685,0.45434542139714806,0.15403367956727537,0.21179446239168778,0.1798264366438888,4663,0.7601742491100357,0.47244263349774823
686,0.515723959144717,0.06309950085116918,0.08253576927614388,0.3386407707279699,4966,0.7567582584372287,0.45328231977446637
687,0.4251850083567476,0.21598606741253726,0.19808998876250325,0.16073893546821189,4674,0.762941422669779,0.47839109970047067
688,0.3789745271849533,0.28207080082559444,0.06526317099584156,0.2736915009936106,5116,0.7639731931947377,0.4661845191555903
689,0.6381438796763746,0.008714114982418206,0.2319261936969784,0.12121581164422883,4581,0.7548044037455256,0.45841519318926
690,0.3826369271254671,0.0015132983973316961,0.13587831918089696,0.4799714552963043,5000,0.7355926860449191,0.41
691,0.2478839501929668,0.3427602511397884,0.14528101223797324,0.2640747864292714,4930,0.757382165199853,0.45517241379310347
692,0.2802470834804659,0.29216098301103216,0.07995318739237925,0.34763874611612267,5174,0.75170938445699,0.4391186702744492
693,0.3722056030890096,0.10002995393760034,0.16833312589903926,0.3594313170743508,4870,0.7508554836236043,0.4427104722792608
694,0.7231057848035949,0.028474007191021052,0.07040549197334588,0.17801471603203803,4787,0.7657142950185685,0.475663254648005
695,0.5072079396474221,0.1435797450441389,0.13425324541247832,0.21495906989596059,4779,0.7659029644041431,0.4779242519355514
696,0.464030504015695,0.11845838230703956,0.15773230120470727,0.2597788124725581,4781,0.7596457025567931,0.46308303702154363
697,0.42097874932130863,0.1865421319696895,0.1714301490461748,0.221048969662827,4757,0.761677458954664,0.472146310700021
698,0.3953682468721479,0.2283996549320192,0.18909517443649065,0.18713692375934227,4720,0.7637621979123818,0.4788135593220339
699,0.41517466500370204,0.2617095608090211,0.18493156772108504,0.13818420646619187,4698,0.7670972635593605,0.48701575138356745
700,0.45823318877634106,0.12378191125115919,0.14812753864360326,0.2698573613288965,4807,0.7599911983234241,0.46390680257957145
701,0.4908444845502449,0.02328088974106242,0.10855241536371098,0.37732221034498165,4954,0.74893163037257,0.43802987484860717
702,0.34539537533814674,0.10056302234021165,0.16126073319190107,0.39278086912974053,4924,0.7488179341377876,0.4358245329000812
703,0.44161466271474586,0.2816843997138288,0.14380058744361876,0.1329003501278066,4766,0.7710364064550486,0.4930759546789761
704,0.2372662636554989,0.3081874354092667,0.08301409710334434,0.37153220383189023,5201,0.7459320757979166,0.42607190924822147
705,0.6255430756601407,0.20355017662472782,0.15928401836700942,0.011622729348122248,4645,0.7750283088066346,0.5057050592034446
706,0.4349797708606775,0.15243154970619968,0.15755763318964833,0.25503104624347434,4788,0.7607332133232196,0.46574770258980785
707,0.49139372328761305,0.031922993515206985,0.16630178168693108,0.310381501510249,4806,0.7515219649018507,0.44423637120266335
708,0.6434861220289682,0.11189252180648765,0.22871282345368582,0.015908532710858177,4546,0.7633256607292078,0.4810822701275847
709,0.3749001768921395,0.26568820250485514,0.16907670533537966,0.1903349152676257,4764,0.7654291226662612,0.4808984047019311
710,0.5346799659618772,0.12367428654988664,0.13102368019651606,0.21062206729172006,4771,0.7660044235545418,0.478516034374345
711,0.4252889855092724,0.1030105858421439,0.14170421732610183,0.3299962113224819,4887,0.7561803385233447,0.4530386740331492
712,0.41391625908914037,0.17696759058780467,0.11404120349221152,0.29507494683084345,4943,0.7624826497198631,0.4669229213028525
713,0.46270368033534226,0.21233463155070414,0.2872976009832928,0.03766408713066075,4534,0.76094426368611,0.4792677547419497
714,0.44689950700545095,0.22838531743452334,0.2039632744020162,0.12075190115800943,4643,0.7651588677163541,0.48330820590135687
715,0.3592671691358198,0.25722713003561376,0.044927091677669284,0.33857860915089705,5214,0.7570865683192138,0.4503260452627541
716,0.3764183187138979,0.16288112632780985,0.1184778565227314,0.3422226984355608,4980,0.7558110148445615,0.45140562248995986
717,0.4118346094447882,0.1573991659942922,0.14112835554971265,0.28963786901120697,4862,0.7602956532737442,0.46338955162484574
718,0.5561935467557285,0.17748383056011688,0.1576894407192548,0.10863318196489995,4665,0.7706310135616151,0.4928188638799571
719,0.3622765079439075,0.06441441860768386,0.15053246874059317,0.4227766047078154,4943,0.7450681603188785,0.4288893384584261
720,0.4321965773914077,0.06089558897056955,0.28399876785660333,0.22290906578141953,4631,0.7505637432119201,0.4513064133016627
721,0.3539120062219021,0.2705577838255572,0.16963008513540476,0.20590012481713615,4774,0.7638711158320204,0.4757017176372015
722,0.5219888322912689,0.08324908208123626,0.08266585184622041,0.3120962337812744,4948,0.7602871259844348,0.4620048504446241
723,0.3613886718454735,0.1917374041947951,0.2051089179200877,0.24176500603964365,4738,0.7580246967757243,0.46390882228788516
724,0.4645692205598515,0.041521275851426426,0.17569437294174386,0.3182151306469782,4802,0.7508822722306335,0.44294044148271555
725,0.28936457388736053,0.22582781452363382,0.24204665829591004,0.24276095329309563,4703,0.7540354351257602,0.4573676376780778
726,0.3668887507453086,0.24291815671111242,0.20697105785023087,0.18322203469334813,4687,0.7616697838555285,0.47471730317900573
727,0.43578877300622176,0.2316591251418777,0.06007020221750746,0.2724818996343931,5080,0.7668997540186551,0.4734251968503937
728,0.4977229099431304,0.275378391744536,0.12560902076747976,0.1012896775448537,4778,0.7762287205409605,0.5029300962745918
729,0.24699282279287654,0.2746888293698374,0.10742974647419654,0.3708886013630896,5123,0.7478957439684637,0.43236384930704663
730,0.4195242826342335,0.07197207479279995,0.1267570576053453,0.38174658496762115,4945,0.750323794444197,0.4404448938321537
731,0.604751877157527,0.13624247332486522,0.2274179080500071,0.03158774146760067,4573,0.7649607756228758,0.48392739995626505
732,0.39130489736084706,0.04606473365934468,0.23058720493717297,0.3320431640426353,4761,0.7467099756675458,0.43667296786389415
733,0.3513160093772088,0.34585551316028557,0.07198890063788867,0.230839576824617,5097,0.7677944478116985,0.4751814793015499
734,0.32269446619833075,0.34656456946578074,0.06753975863076542,0.26320120570512306,5144,0.7620835091926428,0.4609253499222395
735,0.2620994165325708,0.22065521690476517,0.13065238230131565,0.3865929842613484,5049,0.747311869741546,0.4317686670627847
736,0.5153058107787661,0.28225636124995834,0.11964326161093118,0.08279456636034448,4788,0.7784940337589341,0.5077276524644946
737,0.45835747025850043,0.016943122980559343,0.12760102679143828,0.397098379969502,4943,0.7458267810642627,0.43071009508395713
738,0.331362709463095,0.01597280441679736,0.19201761639392256,0.46064686972618496,4909,0.7364913305347693,0.41210022407822366
739,0.28063039410534746,0.3289249178600022,0.12048049902864487,0.26996418900600555,4984,0.7589451887369293,0.4570626003210273
740,0.5249057128381901,0.22231749915980104,0.19286170505175504,0.059915082950254,4633,0.7708732522960261,0.49471184977336496
741,0.3319848566724426,0.21775651461891934,0.06496285418860803,0.38529577452003005,5188,0.7510050206904813,0.4392829606784888
742,0.29171783753176006,0.3533538750195037,0.16488878001652443,0.19003950743221182,4797,0.763907830350183,0.4755055242860121
743,0.4539519511405325,0.24161472247947763,0.14414119469803605,0.1602921316819538,4762,0.770157461295618,0.4916001679966401
744,0.5673494535073208,0.05800624504146454,0.14297545004203605,0.23166885140917856,4746,0.7594055786180561,0.4635482511588706
745,0.4393719737685077,0.23523934860614257,0.2058918813352663,0.11949679629008335,4641,0.7652292061819035,0.4830855419090713
746,0.35869286334762046,0.46744459533775046,0.08818425982179993,0.08567828149282912,4933,0.7790979322911304,0.5078045813906346
747,0.5393552896650494,0.3057669321349728,0.10763147144710862,0.0472463067528691,4823,0.7823244719492621,0.5175202156334232
748,0.49198503423706924,0.1701108284808859,0.26671564426476047,0.07118849301728447,4567,0.7612927406673413,0.4793080797022115
749,0.6711792831368514,0.011410301965550701,0.12015456853291402,0.19725584636468377,4717,0.759055492210575,0.4630061479754081
750,0.30935920479132367,0.3238728803085394,0.09861194350119137,0.2681559713989456,5052,0.7616131928006585,0.46140142517814725
751,0.34385688504729184,0.3709961503490868,0.25167986065241515,0.03346710395120616,4584,0.7630068047014436,0.4825479930191972
752,0.350300601233519,0.28174898068122917,0.1733096229644978,0.19464079512075402,4767,0.7647716280757142,0.47786868051185233
753,0.44435370187462925,0.30435483112043604,0.1415232185822955,0.10976824842263927,4769,0.7732549716830422,0.49800796812749004
754,0.3828556647606239,0.193167293388935,0.08508929818103037,0.3388877436694107,5070,0.7575021370752888,0.4532544378698225
755,0.4141358040749142,0.2283192606112465,0.13967135445299103,0.21787358086084838,4820,0.766433379276815,0.48008298755186724
756,0.3505638785646142,0.38513605943671403,0.11042064171164871,0.15387942028702306,4902,0.77297007587034,0.49265605875153
757,0.3756805724702065,0.37040612723721833,0.1744271566490165,0.07948614364355877,4716,0.7703691941091834,0.49427480916030536
758,0.5065526117623181,0.09606998737286124,0.051230451230093295,0.34614694963472736,5065,0.7590503890702401,0.4566633761105627
759,0.4928319586533419,0.26399390127981265,0.04850332590035164,0.1946708141664937,5036,0.7763935624984466,0.4960285941223193
760,0.32059754387799266,0.12315392414457203,0.10146113484672548,0.4547873971307098,5099,0.7442340478042879,0.4245930574622475
761,0.28601907578250957,0.3098081108476144,0.14203555463410403,0.2621372587357721,4923,0.7592975111690379,0.4602884420069064
762,0.4955647167048416,0.22918207059660645,0.21400398707438859,0.06124922562416341,4622,0.7675360100799561,0.4898312418866292
763,0.38738519573130126,0.1864015808005702,0.06987339935718767,0.3563398241109409,5107,0.7560411924989375,0.44957900920305466
764,0.3246136110053403,0.18464133270891894,0.18942238464237543,0.3013226716433653,4816,0.7542267123133974,0.45058139534883723
765,0.4195184310858535,0.08455950437341654,0.11506081832955989,0.3808612462111701,4979,0.751546125213313,0.4424583249648524
766,0.3819243574423737,0.17712111651160548,0.08164161775099882,0.35931290829502205,5085,0.7549986320465357,0.448180924287119
767,0.43986648597600575,0.08719125548378953,0.33901014136661034,0.1339321171735944,4544,0.7520152977103229,0.4586267605633803
768,0.3840995087514848,0.08212736932945776,0.12939947390135964,0.4043736480176978,4972,0.7488092456218123,0.4356395816572808
769,0.5660207490117953,0.2984497388261504,0.07609455475589898,0.05943495740615527,4885,0.784163928586832,0.5203684749232343
770,0.46941881637804134,0.15467016202572104,0.20253844860177087,0.17337257299446668,4666,0.760983738998775,0.4740677239605658
771,0.4884708606705763,0.10128235458139771,0.140812439552053,0.2694343451959729,4808,0.7598887027968284,0.4636023294509151
772,0.4173320717868451,0.20924391305124518,0.18734277510574796,0.18608124005616175,4707,0.7631326064181977,0.47652432547270024
773,0.44193731481544907,0.1862594828092746,0.11990474996112611,0.25189845241415026,4881,0.7651243869049208,0.47387830362630606
774,0.4035104803353722,0.12376594629938205,0.1003723558922387,0.3723512174730071,5023,0.7527916899844411,0.44395779414692416
775,0.37405289406678227,0.0647493656638646,0.2977613076626661,0.26343643260668703,4651,0.7469536973914997,0.440980434315201
776,0.2867222893226082,0.24497520158164965,0.22609585569683135,0.24220665339891087,4725,0.7547769215150416,0.45714285714285713
777,0.28581321674203164,0.2992597740207946,0.2860112840682373,0.1289157251689364,4571,0.7557663987393373,0.46641872675563334
778,0.28505386301521957,0.06997528555363243,0.19840558069169115,0.4465652707394569,4918,0.7388148166424757,0.41744611630744205
779,0.4592514143813885,0.11842060403968424,0.18177522330924284,0.24055275826968447,4737,0.7578002388977594,0.461051298290057
780,0.3349882611458609,0.14705131174972405,0.07065908536085691,0.4473013417435581,5166,0.7454932651633979,0.4264421215640728
781,0.6347924020184875,0.08751152858379603,0.21461234708706017,0.06308372231065619,4564,0.76276352984133,0.47655565293602103
782,0.38841087482053094,0.08368979813131242,0.26766715724285495,0.26023216980530156,4673,0.7497187336558279,0.4468221699122619
783,0.3686353064835937,0.14669011384452216,0.15255968083326205,0.3321148988386222,4897,0.7550415004161211,0.450275678987135
784,0.36502962839197955,0.16917770042472496,0.19352499688296929,0.2722676743003261,4767,0.7560124507092464,0.4564715754143067
785,0.3013356704382762,0.2522795940738446,0.0874351532523122,0.358949582235567,5140,0.7523496778603872,0.44202334630350193
786,0.3397524264571301,0.17722239702671597,0.17324429056583818,0.30978088595031583,4851,0.7552295419072194,0.4510410224695939
787,0.2778788611589914,0.1529617741146615,0.11006178444355041,0.4590975802827967,5111,0.7425235653797226,0.42046566229700644
788,0.6699942971599226,0.17196416506019596,0.1482831934441929,0.00975834433568856,4627,0.7748223029299934,0.5046466392911173
789,0.24793962605124548,0.30394792075185945,0.10475034587865513,0.3433621073182401,5118,0.750262342465562,0.4372801875732708
790,0.6081872557363104,0.04431941062245442,0.24816376276440585,0.09932957087682935,4556,0.7567690709872227,0.463784021071115
791,0.46124558516402425,0.21228917848014242,0.1783233178071249,0.1481419185487083,4692,0.7661278290185463,0.48508098891730606
792,0.28040195459834794,0.18383523496988904,0.15413670016260284,0.38162611026916027,4977,0.7482677871242989,0.43480008036970064
793,0.3745980298582916,0.2134437535079371,0.1430968061083141,0.26886141052545737,4871,0.7604071689045362,0.46417573393553685
794,0.3195202408289435,0.04389362373341058,0.11619612169502948,0.5203900137426165,5087,0.7360920248646687,0.40986829172400235
795,0.39235444095445476,0.16993614237535165,0.17280453086785208,0.2649048858023416,4790,0.7589207773218585,0.462839248434238
796,0.38645919798125883,0.18111207048397526,0.05981337404705224,0.3726153574877137,5147,0.7544863935271762,0.4470565377890033
797,0.30949352543562214,0.2632156009907656,0.11963641824507135,0.30765445532854097,5015,0.756742670372994,0.45164506480558325
798,0.3515580445843756,0.0510770335724043,0.14443608974103897,0.4529288321021811,4977,0.7416942827145881,0.4227446252762708
799,0.38548236722032475,0.08645760001515156,0.28245411562926365,0.2456059171352599,4643,0.7490517963943135,0.4466939478785268
800,0.3453344266092511,0.1679849726461954,0.14205021397753068,0.3446303867670228,4940,0.754469068256406,0.4483805668016194
801,0.3474313979935141,0.16955473244682365,0.06368728303741418,0.4193265865222482,5174,0.7482586792180508,0.4321608040201005
802,0.5012675723920621,0.12478427726072211,0.09132715109998103,0.2826209992472348,4936,0.7642022996693196,0.4708265802269044
803,0.336259324178076,0.15941121819239018,0.19920535186318192,0.3051241057663519,4792,0.7537902444433777,0.4503338898163606
804,0.3880629103160121,0.3214718866753718,0.08561765464494057,0.20484754836367558,5003,0.7717129601739158,0.48630821507095745
805,0.19514411267325404,0.24967726700789952,0.14723919556399923,0.40793942475484724,5074,0.7408055573075897,0.4178163184864013
806,0.4578639731736197,0.1647658938306626,0.15421680271565652,0.22315333028006124,4775,0.7640926952964505,0.4749738219895288
807,0.306327570125653,0.19434013527049987,0.12251595076188031,0.3768163438419668,5033,0.7502289143463723,0.43910192727995234
808,0.5118302136303206,0.11060372902526554,0.17613559461329556,0.2014304627311185,4709,0.7610253626243518,0.4695264387343385
809,0.2775403843121496,0.32320599350199714,0.09111516075255818,0.30813846143329515,5120,0.7559366627351497,0.448828125
810,0.5266241091148847,0.2536403463802905,0.07057457638261488,0.14916096812221008,4930,0.7789741725100582,0.506896551724138
811,0.4607352333425879,0.08693604336001774,0.23716735608862471,0.21516136720876966,4660,0.7552571395674073,0.45987124463519313
812,0.43558325660468866,0.18248489006010626,0.14106203014447247,0.2408698231907326,4815,0.7633742329244587,0.47331256490134993
813,0.646874818852018,0.009352835319122349,0.2783818665288209,0.06539047930003875,4537,0.7540733485749397,0.45889354198809784
814,0.32262998869640636,0.21012117323143745,0.18207607093967385,0.2851727671324824,4825,0.7560211776173962,0.45512953367875647
815,0.40902259321742795,0.32180629167517794,0.1414223301279229,0.1277487849794712,4793,0.7715614064844686,0.4942624660963906
816,0.5383564604675559,0.2076030368632656,0.08075733903603169,0.17328316363314683,4885,0.7751651990050819,0.49825997952917095
817,0.273105231974283,0.21949485648119413,0.09267574182032247,0.41472416972420034,5158,0.7451023602203342,0.42516479255525397
818,0.36009878924622984,0.289882911475444,0.0446309923323972,0.3053873069459289,5215,0.7603412973271443,0.45810162991371045
819,0.3793260879927503,0.01626328733523875,0.2366936269672671,0.36771699770474375,4785,0.7421862492824453,0.42737722048066873
820,0.4151316456347336,0.22967404055188478,0.07892461925093612,0.27626969456244543,5038,0.7650151363906844,0.4700277888050814
821,0.31790673709638867,0.22595067277717454,0.16195315767013596,0.2941894324563009,4881,0.7568081291576345,0.45502970702724854
822,0.6617504132080378,0.1702423578170378,0.1626576723585115,0.00534955661641299,4613,0.7730708515170057,0.5014090613483633
823,0.3193750484214755,0.14860815098681007,0.13430736766591886,0.3977094329257956,5000,0.7487142616973882,0.4352
824,0.26159145835500414,0.12209960009495238,0.15184831787486883,0.4644606236751746,5025,0.7411174769774939,0.4193034825870647
825,0.4711896998277731,0.2877026016019244,0.07199155996597578,0.16911613860432662,4970,0.7778952461158559,0.503420523138833
826,0.2290947825254069,0.3574312472615398,0.21432490130899018,0.19914906890406314,4725,0.7569844534915011,0.46370370370370373
827,0.37525712822999485,0.003184868844222705,0.19297687648222253,0.4285811264435599,4883,0.7382741834481411,0.4159328281793979
828,0.29282470111741216,0.23744363325173262,0.14742020133998102,0.3223114642908741,4948,0.7538156878776254,0.44745351657235244
829,0.514089521797982,0.22029645465644762,0.2015164218965131,0.06409760164905737,4624,0.7689161480191419,0.4911332179930796
830,0.3909678939656742,0.1821349922116341,0.11258984802461666,0.31430726579807505,4974,0.7588003089230813,0.45858464012866906
831,0.47096051971187464,0.11772026604723416,0.38687386322182576,0.02444535101906542,4499,0.7527688541290349,0.45876861524783286
832,0.3758916299644182,0.10548532056673089,0.17290784021737443,0.3457152092514765,4851,0.7516591242198315,0.44423830138115855
833,0.29824046449855085,0.16939948100296542,0.146377971496632,0.3859820830018518,4985,0.749035808606219,0.436308926780341
834,0.35048473508567324,0.24067986854751058,0.23021379963950586,0.17862159672731034,4658,0.7589802565395072,0.4703735508802061
835,0.31057791166022064,0.20384389448736265,0.17591974820657574,0.3096584456458409,4864,0.7541057955899633,0.4486019736842105
836,0.45468304806293763,0.26663628000480305,0.04847979453591288,0.23020087739634637,5082,0.7734773098402264,0.48799685163321527
837,0.2531339958109542,0.040586966283150436,0.09883200406044747,0.6074470338454478,5156,0.7267001359456691,0.39177657098525986
838,0.4821580775133245,0.23132057307644105,0.061929867491816726,0.22459148191841777,5015,0.7727272136624727,0.48773678963110667
839,0.5667054522742883,0.17229357190437164,0.0617854448227481,0.19921553099859185,4938,0.7739121296292485,0.4951397326852977
840,0.2406079398607407,0.10586167988008675,0.25266206015526066,0.40086832010391193,4837,0.7405233929467049,0.4240231548480463
841,0.3126241392193153,0.19636142686402763,0.13288500753649934,0.3581294263801577,4993,0.7522304845142029,0.44342078910474664
842,0.2803484040165877,0.22680935741992908,0.17482525901308488,0.3180169795503983,4892,0.7530981221110132,0.446443172526574
843,0.23934045996281508,0.09401692111395445,0.21987393924656662,0.4467686796766638,4903,0.7371456933959682,0.4146440954517642
844,0.6291155239875372,0.004482881589550532,0.12883278178581767,0.2375688126370945,4743,0.7559707251950535,0.45646215475437485
845,0.3827389910245648,0.010635240071523324,0.10507979949422581,0.501545969409686,5084,0.7374418873194357,0.4138473642800944
846,0.5499162326482951,0.0443980718342202,0.058492000171827735,0.3471936953456568,5008,0.7550126120380182,0.44868210862619806
847,0.25373071577724593,0.09773813281769193,0.23432726430240663,0.4142038871026555,4867,0.7397293825676952,0.4218204232586809
848,0.47374457128627956,0.2351526179760181,0.2376188996228732,0.05348391111482906,4586,0.7651424658427873,0.48669864805931096
849,0.35339398895886653,0.059814341577464535,0.1905983255614083,0.3961933439022605,4870,0.7448928687368214,0.4305954825462012
850,0.5029433014492616,0.08740191529454135,0.17305002258296207,0.23660476067323516,4735,0.7586601047272559,0.4631467793030623
851,0.4809347732227253,0.2758140181658966,0.133526715582989,0.10972449302838912,4768,0.7745818361218123,0.5002097315436241
852,0.3448868489367067,0.07865088926010068,0.1602254065871162,0.41623685521607645,4933,0.7457417635312257,0.4305696330833164
853,0.2820793611834494,0.32973491332597715,0.14956288339271911,0.23862284209785428,4879,0.760141838598505,0.4634146341463415
854,0.5654310597253648,0.06125917393179577,0.18896230285959612,0.18434746348324357,4668,0.7594159091844198,0.4670094258783205
855,0.5931013686807056,0.30401934158198574,0.09735829465093986,0.005520995086368865,4833,0.7847334904438505,0.5249327539830333
856,0.5107220741778332,0.29747116368421855,0.08480032803109197,0.1070064341068563,4886,0.7808165218038428,0.5092099877200164
857,0.392850200820928,0.21751103914471023,0.10643228186117988,0.28320647817318195,4974,0.7636667853557104,0.4684358665058303
858,0.4053439965610917,0.1960856034483991,0.09716606444798644,0.3014043355425228,5003,0.7620184341492079,0.46352188686787926
859,0.41160641131026915,0.02703445999348995,0.06423821860254873,0.4971209100936922,5129,0.7396943877878093,0.4166504191850263
860,0.46716476965290454,0.22078649380549767,0.2942694642583714,0.017779272283226424,4523,0.7611493304372328,0.4793278797258457
861,0.5019734717736872,0.052472124356848796,0.09277840898311204,0.35277599488635203,4961,0.7547493767504254,0.449304575690385
862,0.5204349075858973,0.13379298089575806,0.09818253477357897,0.24758957674476567,4881,0.7666369819450135,0.47879532882606024
863,0.33314867653827296,0.15833800979576002,0.21676581112276283,0.2917475025432041,4757,0.7540601482824749,0.45322682362833716
864,0.37204242250940356,0.06722069797065112,0.08787227932771974,0.47286460019222554,5111,0.7430511016443099,0.4228135394247701
865,0.40477138193698514,0.13634068216147668,0.10490650496257843,0.3539814309389599,5002,0.7550847893660527,0.4490203918432627
866,0.18550689257211245,0.2966327364983662,0.15621451148587645,0.36164585944364486,5026,0.7436912379309311,0.4251890171110227
867,0.48437534158685885,0.29543963882236135,0.06755224257700816,0.15263277701377168,4977,0.7790286314811145,0.5061281896724935
868,0.3783519259285934,0.08835513390948284,0.14514924255874107,0.3881436976031827,4936,0.7498839689488738,0.43962722852512154
869,0.4459789329705404,0.020513620444182645,0.07091824016675509,0.4625892064185219,5102,0.7418175673554752,0.42199137593100744
870,0.26798404449997937,0.346302441509326,0.29047343829165434,0.09524007569904035,4551,0.7553393980254806,0.46802900461437047
871,0.3376815516509027,0.1982857585094841,0.16847281996112756,0.2955598698784857,4856,0.7565038131361627,0.45510708401976935
872,0.4895615213944358,0.26425902041478805,0.2015298791507068,0.04464957904006936,4631,0.7702945657789332,0.49557331030015117
873,0.2562424609499437,0.22886268121224207,0.151078504781236,0.3638163530565783,4995,0.7476949302465831,0.43463463463463464
874,0.5500861091816042,0.23399204924148653,0.16063707168679062,0.05528476989011862,4671,0.7748858176622425,0.49989295654035537
875,0.2984304729549156,0.2689919963287161,0.04736487919117256,0.38521265152519574,5266,0.7486202873578731,0.43087732624382835
876,0.3211544169870855,0.3623039854919027,0.10269365128131712,0.2138479462396945,4982,0.7671475127600802,0.47691690084303495
877,0.4249257360106671,0.16375129443001238,0.29216252144186183,0.11916044811745875,4555,0.7557668851732392,0.46695938529088915
878,0.46361458346397144,0.11093611772311872,0.05435184227885468,0.37109745653405507,5096,0.7563269402955607,0.4509419152276295
879,0.42853335524434716,0.1323181317681305,0.15284925192788637,0.28629926105963577,4819,0.7593914043878657,0.4623365843536003
880,0.39035916736226384,0.20811436398270108,0.14180083435586827,0.2597256342991668,4857,0.761550339433232,0.4673666872555075
881,0.42099449617894213,0.12705804764387146,0.11441517343105277,0.3375322827461336,4955,0.7567353163143467,0.4526740665993946
882,0.4610092476696184,0.17608945377560012,0.19716996226454686,0.1657313362902347,4673,0.7624665081204564,0.4772095013909694
883,0.6565955301902232,0.1676999257950319,0.1384845449241393,0.03721999909060569,4649,0.776007598427359,0.5065605506560551
884,0.27670191663109484,0.20201292848322316,0.05701532728270508,0.4642698276029769,5247,0.7416188287794664,0.4158566800076234
885,0.6519632617664566,0.05385621490431925,0.06545244362293574,0.22872807970628836,4855,0.7645010964941332,0.4737384140061792
886,0.451350503845986,0.0852503587771612,0.10399600916663898,0.3594031282102137,4975,0.7551856493154885,0.4484422110552764
887,0.45440750035555044,0.28473627407109653,0.09716539845380295,0.16369082711955,4891,0.7757643314353422,0.4994888570844408
888,0.37704909716499646,0.10988735918022242,0.1888947024343939,0.3241688412203873,4798,0.7518605068170044,0.44497707378074197
889,0.3666859546432671,0.19381958353683082,0.16181895242905897,0.27767550939084307,4841,0.7585858097634469,0.46023548853542656
890,0.4360500650866672,0.2424392025764059,0.13977407267050668,0.1817366596664201,4791,0.7691788317479276,0.48716343143393864
891,0.495708621917253,0.15787955639381962,0.23026863578112183,0.11614318590780559,4611,0.7615213543280449,0.47668618520928213
892,0.2505113298340063,0.24921703662237865,0.10010634899057475,0.40016528455304035,5147,0.7454282463594826,0.42549057703516613
893,0.25761396971040823,0.3055799577280182,0.16347750226198965,0.2733285702995839,4889,0.7558339467795678,0.4530578850480671
894,0.4675501125797222,0.07221799144739123,0.231994005920246,0.2282378900526405,4678,0.7544525569659469,0.45724668661821294
895,0.33076353438787837,0.16489794783906536,0.16412373245206635,0.3402147853209899,4907,0.7537627168557859,0.44732015488078253
896,0.36341475437603077,0.06317499538424612,0.1358350810320291,0.437575169207694,4980,0.7442007396755741,0.42730923694779116
897,0.3038050695681115,0.07935569812443143,0.18990827169414065,0.4269309606133164,4910,0.7427015521142241,0.425050916496945
898,0.26486498217109367,0.23759546432482936,0.2292256007962443,0.26831395270783254,4745,0.7528331778122667,0.4522655426765016
899,0.5303138002434223,0.2292457083688583,0.1757118450296386,0.06472864635808075,4658,0.7728016066886879,0.4965650493774152
900,0.5162873202126376,0.14920934741703548,0.2209955051897104,0.11350782718061646,4616,0.762276804461903,0.47768630849220106
901,0.39928998414118616,0.41113734262029666,0.14735514785382767,0.04221752538468941,4768,0.7764628319339135,0.5062919463087249
902,0.44581112404682843,0.1438958590864924,0.13451167905710484,0.2757813378095744,4847,0.7615237809419094,0.4668867340623066
903,0.28858355222759796,0.2481450586909119,0.11993199147354111,0.3433393976079491,5041,0.7526102674060136,0.44395953183892084
904,0.40973788885164975,0.09930199593669073,0.08418133833697057,0.40677877687468894,5064,0.750465739181694,0.4385860979462875
905,0.6452734961172064,0.05040512561721228,0.28356506229480166,0.02075631597077961,4530,0.7576268506152037,0.4671081677704194
906,0.4095028719363421,0.2791938668915481,0.05528369889950816,0.25601956227260164,5118,0.767644692528814,0.47362250879249707
907,0.2836382927243868,0.36378998118988654,0.25840845753067215,0.09416326855505447,4584,0.7599301076216775,0.47600349040139617
908,0.3939195575711517,0.1135001843190475,0.17652936863468227,0.31605088947511856,4809,0.7542266300837849,0.4499896028280308
909,0.4614685100117843,0.3692470142925688,0.13189348612866234,0.037390989566984535,4783,0.7804819226568527,0.5139034079029897
910,0.45094175071798026,0.04843299130823317,0.20755182585150242,0.2930734321222841,4741,0.7505201992663714,0.4435773043661675
911,0.5163716257526829,0.13269548308841764,0.2064147766849351,0.14451811447396432,4637,0.7615861356761842,0.4753073107612681
912,0.4758100077987884,0.09772028621982405,0.07863378154548442,0.3478359244359031,5014,0.7572593473069167,0.45293179098524133
913,0.38143604132622155,0.21811173670196712,0.08213961992478952,0.31831260204702183,5076,0.7593354836422557,0.4562647754137116
914,0.42797586270576776,0.21578597206934683,0.1250440896333352,0.23119407559155025,4857,0.7664496348505461,0.47766110767963765
915,0.27388662842896283,0.32709124850232446,0.19752745563421978,0.201494667434493,4755,0.7605711162546592,0.47024185068349106
916,0.49371323507417725,0.20452066471304012,0.18376995508524763,0.1179961451275351,4668,0.7669651236233989,0.48628963153384747
917,0.5150104070009146,0.1015056724309342,0.3435924840062264,0.03989143656192495,4521,0.7554963293348529,0.46472019464720193
918,0.5575100367968204,0.02260731882590583,0.11807452964725701,0.30180811473001673,4847,0.7544385091759906,0.4507943057561378
919,0.43408955068288213,0.09623780184588801,0.20673178507576534,0.2629408623954646,4731,0.7543833795134247,0.45339251743817377
920,0.36930012607395235,0.129997464131425,0.10421720286612082,0.39648520692850187,5039,0.7513166829947789,0.44056360388966065
921,0.3231307602776587,0.16183516328319625,0.14175192431170427,0.3732821521274408,4971,0.7509573862108603,0.44015288674311004
922,0.42859869117248495,0.24746836239499026,0.1386712848704774,0.18526166156204724,4799,0.7691080248277423,0.4867680766826422
923,0.40812426313802147,0.1398018400049724,0.21243193558803053,0.2396419612689756,4710,0.7567426376907458,0.4605095541401274
924,0.3930566403689541,0.0001553616291705739,0.24067853294470176,0.3661094650571735,4790,0.7418547541861047,0.42588726513569936
925,0.4030719685003163,0.10965333083099961,0.2060762567108434,0.28119844395784077,4746,0.7541708615304051,0.4523809523809524
926,0.5821450439414463,0.06231988227333478,0.11570243178583395,0.23983264199938506,4802,0.7614401314442169,0.4677217825905873
927,0.5073658050496236,0.07093083742914208,0.23547150301816117,0.18623185450307314,4642,0.755597216259235,0.46251615682895303
928,0.4398629052737455,0.2042973612363068,0.0597342317103723,0.2961055017795755,5084,0.7634924986011576,0.4659716758457907
929,0.5173022167012294,0.3475142010759286,0.11732112683070628,0.017862455392135723,4809,0.7829078705367664,0.5208983156581409
930,0.47561259387047944,0.2836520787622756,0.21907611363079182,0.02165921373645314,4608,0.7695504009810185,0.4945746527777778
931,0.3386069016590955,0.24504939780310211,0.3594551559967438,0.05688854454105853,4492,0.7515675282737588,0.45926090828138916
932,0.47306926651864956,0.166912085951287,0.20151494841082065,0.1585036991192428,4665,0.7622783181263998,0.4778135048231511
933,0.5828456587616353,0.21581273757082348,0.0900202318604522,0.11132137180708901,4813,0.7785360162318417,0.5071680864325784
934,0.6039251088244174,0.10937043053195447,0.06025616242729422,0.2264482982163339,4917,0.769377661822864,0.48261134838316044
935,0.5283125412089285,0.2950743695403693,0.0611318671107944,0.11548122213990787,4956,0.7827975160791254,0.5137207425343019
936,0.33405229070407744,0.12071360156417743,0.2931513961594888,0.2520827115722565,4645,0.7483386549239839,0.4441334768568353
937,0.27226701870255,0.26160054728757676,0.15356987274974707,0.3125625612601262,4941,0.7543134723634903,0.44768265533292856
938,0.5223683511432811,0.08333041242413444,0.06191783302784999,0.3323834034047345,5022,0.7593447558499987,0.4577857427319793
939,0.47470362866481886,0.16593450541021257,0.19392143028259412,0.16544043564237448,4675,0.762594684482487,0.4767914438502674
940,0.4335130841476863,0.16448760997492934,0.10300324273328616,0.29899606314409827,4959,0.7629939373153618,0.4684412179874975
941,0.25680283380008617,0.17931576846101896,0.19453835942983722,0.3693430383090576,4905,0.7473952069363703,0.4346585117227319
942,0.25352135575582113,0.26583458631214385,0.0732881237257643,0.4073559342062706,5230,0.7446507139148305,0.42122370936902487
943,0.39628298948412627,0.0713268835633528,0.1398992764169171,0.39249085053560373,4931,0.7492906806521972,0.4386534171567633
944,0.22752551272210322,0.2577799503772577,0.19183667567881924,0.3228578612218198,4884,0.7492836667605139,0.4395986895986896
945,0.5579554328153852,0.136834312281505,0.0672854068309324,0.2379248480721773,4940,0.7698448235220631,0.4836032388663968
946,0.5746860159325335,0.19285626132060343,0.11049458436272208,0.12196313838414095,4764,0.7759543811645649,0.5010495382031906
947,0.5145871808126664,0.35826408317172304,0.07359341269921,0.05355532331640055,4914,0.7849985788238079,0.5227920227920227
948,0.33578166425940825,0.23170818565386364,0.15746444244824506,0.27504570763848296,4865,0.7590362584836617,0.460431654676259
949,0.5392067175644782,0.07691345184553616,0.16641523812695708,0.21746459246302852,4708,0.7595482299117872,0.4649532710280374
950,0.38592128858557984,0.24861513870177504,0.1581250106949936,0.20733856201765158,4784,0.7650930065541539,0.4778428093645485
951,0.465717172420678,0.03164740102312968,0.13611456528764165,0.3665208612685506,4906,0.748985401685242,0.4374235629841011
952,0.5324040102296123,0.24183554601693638,0.17544259753088853,0.05031784622256282,4654,0.7738139968986472,0.4997851310700473
953,0.24770985283170024,0.2602883483762884,0.09694337907377197,0.39505841971823924,5156,0.7456893290257027,0.42552366175329714
954,0.22676727012000275,0.2575588014735826,0.1322901608705954,0.38338376753581926,5074,0.7449045219993454,0.4276704769412692
955,0.1896271089206814,0.24200559037896405,0.12183342457605358,0.4465338761243009,5162,0.7369003318771288,0.4103060829135994
956,0.30713844999989937,0.14525033274147311,0.18704067757453674,0.3605705396840909,4874,0.7500244095467511,0.44050061551087405
957,0.3481469462774928,0.2131965376402848,0.17392950299683618,0.2647270130853863,4815,0.7586557592875316,0.4616822429906542
958,0.4430498536347626,0.28561282395318593,0.2691747995784072,0.002162522833644094,4538,0.7647742686706722,0.4861172322609079
959,0.5312325554172964,0.15906299825943124,0.19620585753415257,0.11349858878911975,4630,0.7646545348629344,0.4818574514038877
960,0.2659604000622098,0.24676782586236365,0.18439546743304944,0.3028763066423773,4860,0.7525759341295772,0.4473251028806584
961,0.43143535052823745,0.30414184552916057,0.20317690837209357,0.061245895570508455,4649,0.7690226960213316,0.4925790492579049
962,0.2689829916669302,0.21293106424382774,0.10840511867887699,0.40968082541036505,5118,0.745390154773366,0.42692457991402893
963,0.5917237357155872,0.09889964807305072,0.2736811675845602,0.035695448626801816,4549,0.7603999429668526,0.4754891184875797
964,0.4590953051596757,0.2621032104240044,0.21897997130239114,0.059821513113928804,4621,0.7671817594326847,0.4895044362692058
965,0.37176182338531727,0.252713289446377,0.14798237723083588,0.2275425099374699,4837,0.7648585431709705,0.47446764523464957
966,0.4966953992665509,0.19735690374133313,0.08917520878025927,0.21677248821185677,4914,0.7706310461095573,0.4873829873829874
967,0.5037610012432944,0.2102392101164949,0.08631698376488738,0.19968280487532333,4913,0.77266176037863,0.4921636474659068
968,0.3832418800815191,0.16755850789804577,0.07058823468591245,0.37861137733452266,5113,0.7535675981554519,0.44396636025816544
969,0.3870571132863444,0.21421613969184425,0.12674404413006002,0.2719827028917512,4917,0.7621200181056839,0.46654464104128535
970,0.5325626998860546,0.17973889299149082,0.08566559578100691,0.20203281134144765,4891,0.7717476845744962,0.4909016561030464
971,0.548270244643151,0.3004522368094677,0.08382196356319567,0.06745555498418569,4863,0.7827707613960595,0.5161422989923915
972,0.4294834770166763,0.4421268980792888,0.10028849816322184,0.028101126740813068,4888,0.7843881671597115,0.5222995090016367
973,0.35221349364801136,0.32712503098519846,0.29895429588938677,0.02170717947740345,4519,0.7587305827627125,0.47289223279486614
974,0.32648765021945475,0.37457496319297595,0.19401371077928328,0.10492367580828608,4684,0.7666220266868579,0.48654995730145173
975,0.6392659867858946,0.04992549701523911,0.17178689327200727,0.13902162292685918,4634,0.7615515332368764,0.4717306862321968
976,0.4255507427668243,0.12208058574693302,0.18754354737067908,0.26482512411556364,4750,0.756258747379003,0.45663157894736844
977,0.3583823491304951,0.23739191228539236,0.30564070760263123,0.09858503098148132,4535,0.7555922478167996,0.4681367144432194
978,0.48515359632607663,0.33054330332412857,0.0978420876362173,0.08646101271357752,4866,0.7808109110134017,0.5113029182079737
979,0.5778347983054697,0.046820987980765776,0.2621683115126029,0.11317590220116168,4564,0.7553173128422245,0.4614373356704645
980,0.48994987004886753,0.011085452214307946,0.10129616047743424,0.39766851725939023,4968,0.7462554216950629,0.4321658615136876
981,0.46781580993165334,0.05215108301053566,0.09282594048440837,0.38720716657340254,4995,0.751130000962032,0.44084084084084085
982,0.6456320108126143,0.09933525341170255,0.2246499438564405,0.030382791919242605,4551,0.7634413891025044,0.4792353328938695
983,0.3678614595207639,0.3062622543853589,0.16047394710993385,0.16540233898394333,4777,0.7678955749080731,0.486079129160561
984,0.3919643941202106,0.16021532829352972,0.12133261654583453,0.326487661040425,4955,0.7577723398646293,0.4565085771947528
985,0.44725388147178086,0.13504526908017264,0.16058152107258952,0.2571193283754571,4779,0.7602681959457821,0.46411383134546974
986,0.46503117563199303,0.08744418714253414,0.22295306667199766,0.22457157055347501,4684,0.7556188662398683,0.45922288642186165
987,0.45379762197633694,0.265381849086422,0.16335911400809303,0.11746141492914794,4712,0.7705405529722268,0.4942699490662139
988,0.3936252590877667,0.32642456891681015,0.1356865382927362,0.14426363370268705,4820,0.7717307950476104,0.4931535269709544
989,0.3904830653200738,0.2535688974164396,0.12493856682936079,0.23100947043412567,4885,0.765880077329278,0.4753326509723644
990,0.4067545165339115,0.20021931944555646,0.19281186234591105,0.20021430167462095,4710,0.7611230847632442,0.4721868365180467
991,0.39408346099977587,0.04105034189021611,0.14855357748652973,0.4163126196234784,4937,0.7446668808372124,0.4286003645938829
992,0.2732062777847811,0.3709352607943616,0.09072273301981754,0.26513572840103977,5103,0.7601128953142425,0.4571820497746424
993,0.34279554882299207,0.2726825616949023,0.14794961463697465,0.23657227484513102,4848,0.7630846281711919,0.4707095709570957
994,0.3508166914130908,0.09775881832408051,0.18761253031381123,0.3638119599490175,4848,0.748666588882488,0.43873762376237624
995,0.6919157069137442,0.043814184477331444,0.20740969023397107,0.05686041837495328,4560,0.7615572975874695,0.47412280701754383
996,0.473599724681535,0.10858739400942959,0.19955185782039433,0.21826102348864113,4699,0.7579339906494198,0.4620131942966589
997,0.22737043531199916,0.3107093341578418,0.0957451969349634,0.3661750335951957,5168,0.7462623342129613,0.42724458204334365
998,0.3485859544747605,0.01289067875380277,0.19311474735696432,0.4454086194144725,4899,0.7377607314753476,0.4141661563584405
999,0.5185200271751178,0.3284477251185229,0.058989985947995906,0.09404226175836333,4973,0.7839455623241474,0.5179971847979087
1000,0.3687242417118075,0.14979495678612084,0.11846594356224122,0.3630148579398305,4999,0.7533291259302558,0.44568913782756553
1001,0.6609785839768535,0.2010011636528726,0.1190268667405883,0.018993385629685465,4697,0.778683872458436,0.5118160527996594
1002,0.3169502510481355,0.25418923490325,0.0617850421915715,0.36707547185704303,5206,0.7521412016100841,0.44083749519784865
1003,0.33297945917642086,0.38245607375199736,0.09020528223141602,0.19435918484016582,5000,0.7697928283906926,0.4824
1004,0.279796170541044,0.2983173297765169,0.10409513490033899,0.31779136478210024,5076,0.7549764801316967,0.44838455476753347
1005,0.3623027432541646,0.17236650969747014,0.19127626750415666,0.2740544795442087,4774,0.7562558234271134,0.45643066610808547
1006,0.3266956747045405,0.06577020215706765,0.26876129590404274,0.33877282723434926,4741,0.745146719750317,0.434507487871757
1007,0.43280567446340473,0.16998061996370142,0.26353320012871945,0.13368050544417445,4583,0.7582009998675071,0.470434213397338
1008,0.3051175715257376,0.2630163835203551,0.1281109738023482,0.3037550711515592,4991,0.7569128380826836,0.45201362452414345
1009,0.2343492058152046,0.261795812813869,0.1733313068900036,0.33052367448092274,4932,0.7500047869310417,0.43937550689375504
1010,0.47094195445385906,0.015870741826706683,0.13945775174123842,0.3737295519781958,4909,0.7465136820811916,0.43226726420859646
1011,0.26113955127421495,0.23570440949395255,0.17286272191349747,0.3302933173183351,4915,0.7511291039049045,0.441912512716175
1012,0.43171490181969685,0.21478128547889702,0.15072434686393682,0.20277946583746925,4782,0.7660044310338561,0.48159765788373066
1013,0.24544516731860333,0.2942928910069449,0.17416871464602002,0.2860932270284317,4882,0.7536703542760326,0.4487914789020893
1014,0.4027867051724052,0.05524160443863086,0.21116214403169495,0.33080954635726906,4780,0.7475403061873269,0.4372384937238494
1015,0.379146747547111,0.12431667002839163,0.06446359647503652,0.4320729859494608,5146,0.7481864049010402,0.43218033424018654
1016,0.4029290991701878,0.24005714297447042,0.19948784191098937,0.1575259159443524,4685,0.7636818087146776,0.47982924226254003
1017,0.37051555647162093,0.32750440559703564,0.07319284313652621,0.2287871947948171,5074,0.7695213715004938,0.4798975167520694
1018,0.6055115877246156,0.06471458612040625,0.15505982234270335,0.17471400381227478,4678,0.7620837175090253,0.4705002137665669
1019,0.49837582024314686,0.00034674143982402363,0.07767948921210333,0.4235979491049257,5027,0.7443073322571557,0.42868510045752933
1020,0.32019340769089427,0.07215755222496911,0.21577246732764818,0.3918765727564884,4839,0.7429747933039792,0.4267410622029345
1021,0.342590910464444,0.14687786994690208,0.1106212358188976,0.3999099837697563,5042,0.7500058034164585,0.43811979373264576
1022,0.45255939785371885,0.3094327987668435,0.20140707260164234,0.036600730777795264,4636,0.7711055465155845,0.49762726488352027
1023,0.5545154268399087,0.12573938826841316,0.15457954192956222,0.16516564296211592,4691,0.7655219580118129,0.48049456405883606
1024,0.2812134262827139,0.1864487876882086,0.14835972386895344,0.3839780621601241,4993,0.7481450803490979,0.4352092930102143
1025,0.5548165834294985,0.24110918681264976,0.07059771609933935,0.13347651365851249,4903,0.7795584611904464,0.5074444217825821
1026,0.41808614376726244,0.0278977330386226,0.29929055223326545,0.25472557096084947,4648,0.745898340021111,0.4397590361445783
1027,0.3447836338440605,0.14574717835156847,0.1159670131751686,0.39350217462920234,5021,0.7501905622690291,0.4389563831905995
1028,0.5374381598180735,0.06265395662665985,0.08829320943251885,0.3116146741227477,4928,0.7588199942699562,0.4596185064935065
1029,0.23787724484510672,0.20488993610181638,0.14649293213097778,0.41073988692209923,5042,0.7437349425025643,0.42483141610472036
1030,0.335672823303368,0.2321264932323165,0.13286481786139787,0.29933586560291753,4944,0.7583455206976083,0.4573220064724919
1031,0.3441541597853891,0.1353118095629955,0.1708830236909451,0.34965100696067036,4881,0.7519655625145097,0.44437615242778117
1032,0.3362614673434609,0.25224943891568485,0.1251705366977898,0.2863185570430644,4966,0.7600544446659125,0.4605316149818768
1033,0.3211556557807904,0.2883507960659224,0.0630039694464421,0.3274895787068451,5190,0.7563018197482257,0.44913294797687864
1034,0.7919409045649071,0.08734725777555737,0.12046337133473958,0.0002484663247960677,4626,0.7717266565730752,0.4987029831387808
1035,0.3071158893106915,0.10065194921031022,0.1996710369487515,0.3925611245302467,4879,0.7450779492882899,0.4298011887681902
1036,0.37477177811097756,0.17754726430074372,0.18207032080013538,0.2656106367881433,4782,0.7576375673162546,0.4598494353826851
1037,0.30147372918320875,0.07825388915331213,0.13395255842180598,0.48631982324167317,5048,0.7403103725124485,0.4177892234548336
1038,0.5200294196439983,0.24245106236411937,0.19328398539825864,0.044235532593623776,4625,0.7719626751525541,0.4972972972972973
1039,0.35399260341335403,0.16474206049096046,0.08572057550691346,0.395544760588772,5092,0.7509794681255181,0.43951296150824826
1040,0.298949634444562,0.16849713376853895,0.2982539600829025,0.23429927170399653,4630,0.7491278657008318,0.4485961123110151
1041,0.31630233009555886,0.3120339287374873,0.18318726054439397,0.1884764806225599,4753,0.7631352280937065,0.4748579844308858
1042,0.20098002228363762,0.26807321477839496,0.15293883673265493,0.37800792620531243,5031,0.7432659984823042,0.4249652156628901
1043,0.48389403017490074,0.0770566368357268,0.05562072364457867,0.3834286093447938,5079,0.7543546300514306,0.44654459539279384
1044,0.490670197917738,0.10966777516916792,0.13475322349727875,0.2649088034158153,4818,0.7615007972351684,0.4663760896637609
1045,0.7034399649086018,0.03954502486201684,0.15288562345797277,0.10412938677140852,4617,0.7631508841733917,0.47476716482564435
1046,0.43393503517214493,0.12839902131806766,0.15773142340352958,0.2799345201062579,4800,0.7589698639813329,0.4610416666666667
1047,0.4049096613445674,0.2976271468985948,0.11244031340618459,0.18502287835065326,4897,0.7725188343863274,0.4915254237288136
1048,0.5399794549582996,0.11875139576269145,0.21375459462187316,0.12751455465713568,4615,0.761159448565922,0.47475622968580716
1049,0.3792666922487184,0.16880062364800738,0.1441270262421248,0.3078056578611495,4891,0.7580242450658575,0.45696176650991616
1050,0.6321383162291451,0.1351151335940409,0.2143158086082838,0.01843074156853019,4567,0.7663919615169887,0.48740967812568425
1051,0.6036586139411827,0.2241555700764672,0.09516198287189291,0.07702383311045717,4783,0.7801528419763122,0.5113945222663601
1052,0.6014597667796843,0.025293423326920264,0.1687225214174279,0.20452428847596754,4685,0.7569659681218409,0.4599786552828175
1053,0.250479486019489,0.03198312120038287,0.26460658941132464,0.45293080336880354,4840,0.7329791982520648,0.4080578512396694
1054,0.30688359541530197,0.25058965874556377,0.07792986719351176,0.3645968786456225,5160,0.75183471923865,0.4397286821705426
1055,0.21166712641425128,0.17640502045533152,0.21217603987686875,0.3997518132535485,4912,0.7417896546065479,0.4246742671009772
1056,0.38018677132906487,0.34015463815211866,0.23758401317023625,0.04207457734858014,4606,0.765592563134796,0.48762483716891014
1057,0.5341184866536759,0.19623735830039532,0.19431764452573205,0.07532651052019673,4629,0.7690452970899452,0.49038669259019224
1058,0.2948840749204535,0.26552235956288406,0.2502701357723752,0.18932342974428726,4650,0.7561029498593107,0.4647311827956989
1059,0.5290081813450461,0.06832900079495176,0.0780752828721138,0.32458753498788834,4971,0.7590948596998208,0.4588613960973647
1060,0.3090095862752378,0.3406801386953237,0.06062162543898319,0.28968864959045537,5201,0.7591971789451796,0.45548932897519706
1061,0.45830792001404624,0.22820073524454387,0.2128471505420558,0.10064419419935418,4628,0.7652869818326528,0.483362143474503
1062,0.47436326420036534,0.04841078830688035,0.08404837947408658,0.3931775680186677,5015,0.750941419155683,0.44047856430707877
1063,0.4479630572042296,0.2541199345384196,0.21041684252299478,0.08750016573435598,4634,0.7665317918020694,0.4866206301251618
1064,0.43659291978806186,0.25508809087811296,0.08856977197909006,0.21974921735473507,4974,0.771194522781316,0.48632891033373543
1065,0.3414248613795388,0.03581898098811793,0.23119193329533788,0.39156422433700544,4822,0.7411953293565576,0.4234757362090419
1066,0.1969561921886242,0.13515174040178,0.2058827851829009,0.4620092822266949,4954,0.7354131997150021,0.40936616875252324
1067,0.37280005400557115,0.4167320709208904,0.17949249172261597,0.03097538335092257,4701,0.773150044688178,0.5013826845352053
1068,0.22966194257109787,0.037496276114990866,0.1787829317042702,0.554058849609641,5036,0.7284464551639573,0.3965448768864178
1069,0.3424492783131742,0.21755214769301806,0.15188681979573032,0.2881117541980775,4882,0.7588018563039977,0.45862351495288817
1070,0.3746841825440652,0.1534372906947099,0.13453111175670676,0.33734741500451826,4931,0.7555735148927584,0.4504157371729872
1071,0.4408602540357913,0.028923835194157248,0.15025177001916465,0.3799641407508867,4904,0.7458155265372097,0.43148450244698205
1072,0.4566952086507402,0.050820383732206,0.40933048694617863,0.08315392067087528,4514,0.7473745054436999,0.447718210013292
1073,0.2619377053216834,0.18114810822522914,0.16333976989458587,0.3935744165585016,4975,0.7461131159296234,0.4311557788944724
1074,0.4793444969057119,0.025502372488419724,0.15873607354949681,0.3364170570563716,4849,0.7502984601796563,0.4413281088884306
1075,0.4694543808329717,0.22004939412244742,0.18121672575435524,0.12927949929022572,4681,0.7669224909023392,0.48750267036957917
1076,0.43741169483393066,0.020455545735439253,0.22476429888881494,0.31736846054181517,4745,0.7469568200071286,0.43709167544783983
1077,0.41508195849542867,0.30249411928049685,0.18485611947941322,0.09756780274466119,4689,0.7693965742037053,0.49157602900405206
1078,0.42086747784986916,0.21244125746708625,0.33152001518301305,0.03517124950003164,4509,0.7555664098117248,0.4679529829230428
1079,0.4658919274554105,0.18771315481124864,0.19349450920678715,0.15290040852655368,4676,0.7640694091659631,0.4820359281437126
1080,0.5512536355450676,0.06907095132452543,0.13618060716125513,0.24349480596915193,4773,0.7600332768795693,0.4646972553949298
1081,0.30354020502451584,0.13301675345382885,0.1307918702848102,0.43265117123684516,5029,0.7458622496382709,0.4285146152316564
1082,0.5911750781445946,0.03369742646663724,0.08823422690578238,0.28689326848298574,4872,0.7579004043239778,0.45751231527093594
1083,0.26932206368079614,0.10126447747915396,0.21545676864044666,0.4139566901996031,4877,0.7407568061658484,0.4221857699405372
1084,0.29142272081157705,0.2876935248580277,0.2990238612843968,0.12185989304599845,4558,0.7544933045973404,0.46445809565598944
1085,0.4072859247393919,0.14942998503945026,0.07953870082460353,0.3637453893965544,5070,0.7556109555253948,0.4504930966469428
1086,0.4778513532735151,0.2651908587784303,0.13193470472231159,0.12502308322574313,4770,0.7732748244879125,0.49769392033542975
1087,0.3507733875559276,0.1499848411887224,0.16136364640103273,0.3378781248543172,4895,0.7539960833902102,0.4484167517875383
1088,0.3027780339507868,0.2248051713308724,0.1255294730777725,0.3468873216405683,5018,0.7528433408105126,0.4440015942606616
1089,0.5396507080213113,0.0788630268422517,0.09660963114960705,0.28487663398682994,4890,0.7615694225461065,0.4658486707566462
1090,0.4810236659070309,0.09337539819417978,0.22879371528071274,0.19680722061807648,4657,0.7560288408181288,0.4631737169851836
1091,0.2871330257455346,0.2371223006249543,0.06217628369199093,0.41356838993752015,5237,0.7461068094209615,0.425243459996181
1092,0.39028455681088603,0.20942235184489882,0.1004304080605132,0.2998626832837019,5004,0.7612448189622101,0.4626298960831335
1093,0.4019976496641955,0.05306817190299823,0.23647301596215345,0.30846116247065275,4735,0.7482498164461329,0.44012671594508973
1094,0.4069569132459541,0.1298274090392344,0.24693347765253224,0.2162822000622793,4647,0.7546115903345548,0.45814503981063054
1095,0.3485607992863486,0.13534411510511365,0.08720621277083579,0.4288888728377021,5106,0.7477694608729291,0.4312573443008226
1096,0.3908191126387882,0.07171870618486595,0.17058236861120027,0.3668798125651457,4860,0.7492675100221228,0.43950617283950616
1097,0.5851893670172698,0.2411747587836214,0.14432231225244307,0.029313561946665775,4690,0.7777755677549771,0.509594882729211
1098,0.4309182872384045,0.20507255435355906,0.07268120076580097,0.29132795764223557,5049,0.763975292252419,0.46761734997029114
1099,0.3212828260389406,0.49693880015970665,0.10743525380937013,0.0743431199919826,4885,0.7766828384712442,0.5037871033776868
1100,0.6826235644238662,0.030936856450044813,0.14568350299979782,0.14075607612629126,4652,0.7612936924476482,0.47098022355975927
1101,0.3462302650841603,0.15094288795991972,0.19742779870673455,0.30539904824918535,4789,0.7533275479646208,0.4483190645228649
1102,0.4374816371261961,0.23167214562823227,0.09627925803076995,0.23456695921480183,4941,0.7694522591288129,0.48229103420360253
1103,0.4673690353757614,0.03470368960413965,0.161122225939386,0.33680504908071285,4845,0.7502562699018996,0.4421052631578947
1104,0.6554228629752841,0.015103937458174824,0.3288120946875675,0.0006611048789736766,4526,0.7531892415082492,0.45735749005744586
1105,0.3190918891932006,0.10238218821947696,0.24243062677007615,0.33609529581724623,4756,0.7477892090540115,0.4396551724137931
1106,0.27676508604777383,0.1443409174440241,0.11958155287616469,0.45931244363203744,5090,0.7418940722216752,0.41964636542239686
1107,0.5020047933086926,0.2709464291069126,0.07253445249350796,0.15451432509088683,4940,0.7787570374455242,0.5062753036437248
1108,0.21677448969173554,0.25798725811407625,0.19589837172850852,0.32933988046567975,4888,0.7484259262549622,0.43780687397708673
1109,0.506160951863478,0.19731099569198934,0.24797396151733458,0.048554090927198076,4575,0.7643161566860357,0.48568306010928963
1110,0.4472629068889495,0.12119960715049233,0.14770180223107215,0.2838356837294861,4823,0.7592649609801206,0.46216048102840557
1111,0.42781177148173366,0.06052132401432076,0.21742659908924,0.2942403054147056,4734,0.7505771944880647,0.44381073088297424
1112,0.3729060791457496,0.29655513148290696,0.22543451914146856,0.10510427022987513,4627,0.7640240996637673,0.4808731359412146
1113,0.4574698952691652,0.07350517373234794,0.19559095347380792,0.2734339775246791,4737,0.7535661292520175,0.4504960945746253
1114,0.3379839245979286,0.22462619856486551,0.09886891840683466,0.3385209584303712,5067,0.7559967728410228,0.45016775212157095
1115,0.31537771789171987,0.3146779469382723,0.18306959115358348,0.18687474401642437,4754,0.7631399995664033,0.4749684476230543
1116,0.2602388476011232,0.20963015721072578,0.24798443872712406,0.282146556461027,4727,0.7506144220223308,0.4474296594034271
1117,0.28043844346214686,0.13901580475803446,0.24060860055729902,0.33993715122251983,4777,0.7472598295996364,0.4391877747540297
1118,0.6174533978881409,0.0014547536204600367,0.06445152689809507,0.31664032159330396,4932,0.7536811789229539,0.44931062449310627
1119,0.32289636531586585,0.2870815411816663,0.18272097572861615,0.20730111777385157,4764,0.7617325096069648,0.4720822837951301
1120,0.48037781735165863,0.3093790158560095,0.17660977833915442,0.03363338845317746,4671,0.7744199806601508,0.5020338257332477
1121,0.38912058342731953,0.17057078300790995,0.12403944025445228,0.3162691933103183,4940,0.7589501480462157,0.4580971659919028
1122,0.3931523560628994,0.1826236120549717,0.0949866363278647,0.3292373955542641,5028,0.7575560039617331,0.45405727923627687
1123,0.36884151078111715,0.1477599060203335,0.07500042970674793,0.4083981534918016,5117,0.7498890929284072,0.4367793629079539
1124,0.2801757427494977,0.12474800439095579,0.19582862364969142,0.399247629209855,4894,0.7448793574643034,0.43073150796894155
1125,0.20146047082399904,0.2594169390852861,0.19640759388223436,0.34271499620848056,4910,0.7462294217337613,0.43380855397148677
1126,0.3675313229285696,0.1542612901201664,0.19535806238079648,0.2828493245704676,4767,0.7550787998007843,0.4539542689322425
1127,0.5707677930229653,0.2520944598725504,0.05452075725005237,0.1226169898544318,4945,0.7819900473416217,0.5116279069767442
1128,0.3672743756202581,0.2391294930884136,0.15817062060769566,0.2354255106836326,4818,0.7625566817079669,0.4705271897052719
1129,0.29423360780442054,0.23366785284012406,0.1419555734142345,0.33014296594122106,4973,0.7531424226983249,0.44480193042429117
1130,0.4528476460768326,0.3023174754452431,0.2440636743144252,0.0007712041634990386,4574,0.7678337005549346,0.49191080017490163
1131,0.33759686195372257,0.20987569052006289,0.10600193219745818,0.3465255153287563,5047,0.7548244660903637,0.446800079255003
1132,0.45095113781161744,0.12826562475552508,0.35284760326498377,0.06793563416787375,4510,0.7526539229394912,0.45964523281596453
1133,0.34469149925131565,0.23778009242045123,0.1597203786491741,0.2578080296790589,4843,0.7601359171247212,0.4637621309105926
1134,0.5600016735650216,0.2505233439610144,0.1877620356316819,0.001712946842282009,4625,0.7740507751317312,0.5048648648648648
1135,0.22948962801071693,0.1963001515146129,0.17234227532173116,0.40186794515293917,4977,0.7431963670026137,0.42374924653405666
1136,0.454814692482412,0.08319361779411558,0.10773365739185171,0.3542580323316207,4960,0.7555142790207864,0.4491935483870968
1137,0.5258759866086103,0.10687900218823966,0.14807471037109635,0.21917030083205377,4753,0.7627505174507686,0.4725436566379129
1138,0.391532820931609,0.347417944485952,0.12516355693062575,0.13588567765181325,4848,0.7735910330326327,0.4969059405940594
1139,0.3295740489209311,0.26208412564527567,0.060463167796924296,0.34787865763686887,5199,0.754146167139836,0.4452779380650125
1140,0.410328490770423,0.08415426978758436,0.17639601975502525,0.3291212196869674,4816,0.7524059213177506,0.4474667774086379
1141,0.39085155447222625,0.22302142167275593,0.07515628956138551,0.31097073429363226,5087,0.7605773228411713,0.45979948889325734
1142,0.35056231164878077,0.26845043068728297,0.20901025937972026,0.17197699828421592,4689,0.7623491638294924,0.47686073789720623
1143,0.6320865941824909,0.030976285114228976,0.2788554100805308,0.05808171062274931,4539,0.7554588880427252,0.4619960343688037
1144,0.6592264909152624,0.028850892667936636,0.22666213281150865,0.08526048360529238,4555,0.7578242461155293,0.4660812294182217
1145,0.5427878013665374,0.2650116277368085,0.15770515250309022,0.03449541839356387,4683,0.7766083237942393,0.5062993807388426
1146,0.24634335351023837,0.029924018195566487,0.24098398940937416,0.482748638884821,4881,0.7305751914168248,0.4017619340299119
1147,0.3596617169213447,0.28132181151776536,0.08029432217203554,0.2787221493888543,5080,0.7626964318266444,0.46318897637795275
1148,0.4469271921047924,0.28144013020113323,0.22910641559948183,0.0425262620945925,4604,0.7666978063083555,0.4895742832319722
1149,0.4558452783996925,0.3115495404694542,0.11172746574943518,0.12087771538141807,4849,0.7766436365008388,0.5025778511033203
1150,0.5795280273997866,0.23974032990392719,0.08084168230848614,0.09988996038780011,4850,0.7808608750435775,0.5117525773195877
1151,0.3559235626054938,0.22239946051267415,0.1952910276900491,0.2263859491917829,4743,0.759491058669206,0.4674256799493991
1152,0.27510362585135767,0.0812832048663599,0.228580383425704,0.41503278585657855,4856,0.7396615990700385,0.4203047775947282
1153,0.464073996983761,0.18922827456317806,0.09708042774364299,0.249617300709418,4924,0.767002172695932,0.47786352558895206
1154,0.5709334033537569,0.0910273786537734,0.14035594811162308,0.19768326988084675,4740,0.7637474132097058,0.4748945147679325
1155,0.222849147471458,0.23029614693584802,0.09398891056520231,0.4528657950274917,5204,0.7391956878669708,0.4131437355880092
1156,0.6148339785552492,0.016945043281649634,0.21885443607057803,0.14936654209252315,4612,0.7542446395594311,0.45945359930615787
1157,0.3462783081821658,0.2133305103726072,0.16127262905962642,0.27911855238560057,4864,0.7586823060631168,0.4594983552631579
1158,0.4131205931790845,0.017450009045405012,0.30229255198576044,0.26713684578975,4653,0.7450383573182219,0.4373522458628842
1159,0.5124644691918318,0.22713776927412274,0.11038248745381876,0.15001527408022683,4798,0.7738939833798261,0.4968736973739058
1160,0.32597306935480114,0.19102255233085938,0.14231705592641639,0.3406873223879232,4956,0.7534948806851816,0.44552058111380144
1161,0.5220866049983552,0.11311978556587891,0.10579217762184101,0.25900143181392477,4867,0.7645279821050421,0.47318676802958703
1162,0.39306195816898665,0.23992792291818066,0.22112948904987545,0.14588062986295733,4641,0.7618709104628106,0.47597500538677007
1163,0.3802334179815134,0.19599938361975175,0.06351498411663953,0.36025221428209536,5141,0.7560430798734789,0.449523439019646
1164,0.5285358165623237,0.17252778764749813,0.22029855509588947,0.07863784069428864,4604,0.7641200114197702,0.48284100781928757
1165,0.4184246213625728,0.039219969288105824,0.07338140087679827,0.46897400847252313,5114,0.743063868333032,0.42334767305436055
1166,0.5419598959914447,0.322751552231634,0.09947153921096065,0.035817012565960794,4841,0.784238869692101,0.5228258624251187
1167,0.5945066303482743,0.16766572177526476,0.10328282598261658,0.13454482189384415,4766,0.7753431849316246,0.5
1168,0.6168492056079419,0.03838969555575447,0.3370789149289302,0.007682183907373427,4517,0.7537431135327566,0.4595970777064423
1169,0.37151506035411463,0.153104601805043,0.09533583985705535,0.380044497983787,5057,0.7533397486964382,0.44453233142179155
1170,0.6379025214372224,0.126247856237804,0.07243502448241002,0.16341459784256357,4835,0.7747441045256982,0.4963805584281282
1171,0.26341777262732774,0.3102721450941025,0.11213612404636712,0.3141739582322026,5067,0.7543104927115019,0.4466153542530097
1172,0.3559796786671555,0.015598015313729788,0.18168367872472613,0.4467386272943886,4910,0.7379052644180589,0.415071283095723
1173,0.6407223017135112,0.12524387492174052,0.07709042129532816,0.15694340206942017,4812,0.774236041639853,0.49522028262676643
1174,0.38748125348450907,0.3094452426161284,0.21270168459200467,0.09037181930735805,4647,0.7668310399132564,0.48870238863783083
1175,0.40639016860268096,0.1896224345186259,0.12287144183666952,0.2811159550420237,4916,0.7622679792575153,0.46745321399511797
1176,0.5129271732727615,0.033542493187318924,0.21302632603736785,0.24050400750255177,4692,0.7518219458440948,0.44884910485933505
1177,0.6327840862477035,0.15886613944404054,0.07722402850430388,0.13112574580395192,4810,0.7763692230016568,0.5012474012474012
1178,0.30492058706377845,0.1891295682074506,0.1632754475352493,0.34267439719352155,4919,0.752271269908542,0.4439926814393169
1179,0.30583727936524246,0.23053938605245478,0.15755911817986054,0.30606421640244225,4912,0.7556561744639563,0.45215798045602607
1180,0.435439373932902,0.32521901123128505,0.23840852227381848,0.0009330925619946222,4580,0.7682583200509929,0.4927947598253275
1181,0.4860898891282074,0.07564214819921418,0.2850054984011803,0.15326246427139809,4597,0.7541155496177224,0.4603001957798564
1182,0.5579848095331145,0.1445836131140139,0.06695839800611653,0.23047317934675496,4935,0.7706202803767909,0.48632218844984804
1183,0.507165348183158,0.23771407001324457,0.16377850353301784,0.09134207827057957,4681,0.7724096519433908,0.49604785302285836
1184,0.5425583571413384,0.2152208244893822,0.16893238162199486,0.07328843674728468,4667,0.7724901888711266,0.4958217270194986
1185,0.6757041914791807,0.09782554426319238,0.18897173133572004,0.03749853292190679,4572,0.7665130553903237,0.4844706911636045
1186,0.35643130174186427,0.1858959644131118,0.17986812121830528,0.2778046126267186,4807,0.7567048349342363,0.45724984397753277
1187,0.543660467118279,0.11508321830943158,0.24172375989930261,0.09953255467298681,4595,0.7612064368614602,0.47486398258977147
1188,0.1893562819321979,0.23368270660409507,0.19124953845067097,0.3857114730130362,4963,0.7426195422728873,0.4239371347975015
1189,0.3445123668263004,0.3924476542639285,0.2199374991968864,0.04310247971288473,4627,0.767172798171651,0.48973416900799654
1190,0.5880420682087235,0.12416133745454672,0.08897257841867134,0.19882401591805837,4837,0.7702953334625429,0.4872855075459996
1191,0.41342600878481783,0.16749301409808437,0.17881641977095453,0.2402645573461432,4761,0.7604110279039944,0.46712875446334806
1192,0.5330205536176129,0.07973447126648242,0.13310154676302982,0.25414342835287485,4801,0.759743635851726,0.46406998541970423
1193,0.29775447273567784,0.29710441966211315,0.22310909662115283,0.18203201098105626,4683,0.7596991550289461,0.4717061712577408
1194,0.3171593507395424,0.2750839146561272,0.1521155650318833,0.2556411695724469,4873,0.7602743248290457,0.4629591627334291
1195,0.3278550789762623,0.16087877696190114,0.21337353519662544,0.29789260886521096,4774,0.7531945776348364,0.4511939673229996
1196,0.5796410459433243,0.2566605714461989,0.07051959988153154,0.0931787827289451,4889,0.7825171218487886,0.5148292084270812
1197,0.29235266134662985,0.10004837644659108,0.08056904011943979,0.5270299220873393,5169,0.7377988275060322,0.4101373573224995
1198,0.6120397797756263,0.08483330794386804,0.0775247533239717,0.22560215895653402,4860,0.7667515696023443,0.4783950617283951
1199,0.32424821391704234,0.2249576330255947,0.1063873227367539,0.3444068303206091,5051,0.7546012119631071,0.4468422094634726
1200,0.5043119120856899,0.1150221195884794,0.20708403565772254,0.17358193266810817,4658,0.7605782881262203,0.47230571060541005
1201,0.5759708787487018,0.28164465632815516,0.11970709259354609,0.022677372329597042,4763,0.7819369398550515,0.5185807264329204
1202,0.5946678931539559,0.07368408788565892,0.3152392055545624,0.01640881340582291,4534,0.7574602902683328,0.46801940891045435
1203,0.3676680847077569,0.15069335553397198,0.10935548044370436,0.3722830793145667,5021,0.7528855198278858,0.44453296156144195
1204,0.5846319799342127,0.004299567081749358,0.06736577729603577,0.3437026756880022,4954,0.752118829066692,0.44469115865966896
1205,0.4233714998286542,0.20278114402041827,0.06356008209472451,0.31028727405620316,5092,0.7621767407220689,0.4632757266300079
1206,0.4589096842700484,0.19044781259070712,0.17508377373038547,0.17555872940885897,4719,0.7647359524933884,0.4799745708836618
1207,0.4023579109450364,0.40120302698958704,0.10343165751664594,0.09300740454873077,4895,0.7790019808128755,0.5078651685393258
1208,0.5523720384432192,0.007659006312864955,0.09069879004490985,0.34927016519900594,4937,0.7511583921856719,0.44338667206805754
1209,0.3464339034487625,0.21337535272773328,0.09514510474981469,0.34504563907368957,5074,0.7561782240593377,0.4503350413874655
1210,0.5176575834390631,0.20234538172238095,0.09225504150545669,0.18774199333309924,4869,0.7731370593173513,0.49476278496611215
1211,0.3354963011517677,0.2574634136531164,0.2566252528077913,0.15041503238732457,4607,0.7580030807959683,0.47015411330583895
1212,0.43368145250381157,0.1582263134143027,0.1620653239227088,0.24602691015917677,4781,0.7615837424383078,0.4678937460782263
1213,0.28776991062995877,0.3022771512607577,0.2172719369242998,0.19268100118498357,4711,0.7597518145661158,0.4701761834005519
1214,0.41883402387019325,0.23266290186298727,0.13837853158086477,0.21012454268595473,4816,0.7674519298938663,0.48172757475083056
1215,0.466328217018504,0.2493614625340806,0.14380012083198845,0.14051019961542688,4757,0.7711403895662388,0.49337817952491064
1216,0.42646946740749603,0.014971993886223993,0.14851768780266814,0.4100408509036118,4915,0.7422436020570748,0.42380467955239065
1217,0.26659804803722453,0.3679908944431112,0.3049370069759383,0.06047405054372584,4521,0.7546448741245768,0.46538376465383763
1218,0.37628569721561866,0.017423759922238335,0.2733324147680616,0.33295812809408143,4724,0.7425137547881239,0.4297205757832345
1219,0.5017887355883368,0.06854995580458137,0.20296542715695118,0.22669588145013064,4691,0.7554147105721445,0.4557663611170326
1220,0.462224298599575,0.19247630435124688,0.13313699224786552,0.21216240480131257,4807,0.7668929698407273,0.48117328895360933
1221,0.389652375125858,0.04096563128244613,0.22433587486898077,0.3450461187227151,4781,0.7456697041915321,0.4335912988914453
1222,0.7537040049805621,0.03637404246018891,0.1902115315980354,0.019710420961213542,4559,0.7616601766136937,0.47707830664619433
1223,0.5274828667343185,0.1851307132803915,0.11980133712650887,0.16758508285878113,4779,0.7710864143411383,0.4908976773383553
1224,0.4213953895822021,0.12985138571693322,0.18839618807325448,0.2603570366276102,4751,0.7564831508893173,0.4582193222479478
1225,0.31855753177766444,0.34497194199673425,0.22070069796104455,0.11576982826455683,4642,0.7643489836225079,0.4825506247307195
1226,0.4595553268535887,0.1902083673104201,0.08696203649214664,0.26327426934384457,4967,0.7668391070112939,0.4761425407690759
1227,0.35695489802424607,0.18393496937014872,0.14533671232916479,0.3137734202764403,4913,0.7577097298977757,0.45695094646855283
1228,0.5073436769005188,0.22480487655122408,0.20865853724058545,0.05919290930767174,4620,0.7682861045637079,0.49112554112554113
1229,0.6460139044967264,0.07582121543332462,0.23589367852648285,0.04227120154346619,4548,0.7612928639576777,0.4751539138082674
1230,0.22928718639998108,0.1943223297972957,0.1465278768795271,0.4298626069231962,5058,0.7423613002966316,0.42170818505338076
1231,0.38293691981441447,0.06292687911495368,0.10329377598644435,0.4508424250841876,5057,0.744331193693756,0.4267352185089974
1232,0.3395102120983898,0.12222534203873138,0.23354195441736808,0.30472249144551083,4737,0.7510992971439622,0.4483850538315389
1233,0.4235262290497525,0.24733456601804096,0.10988111094490402,0.2192580939873025,4899,0.768989942067836,0.4821392120840988
1234,0.4169056159709402,0.2453655635891298,0.1903141640463868,0.14741465639354315,4691,0.7658865661026594,0.48433169899808143
1235,0.465284435030945,0.019106216370783937,0.26432433441724146,0.25128501418102966,4657,0.7478671666992625,0.4429890487438265
1236,0.38219325351477124,0.3301521689730888,0.14802534906376072,0.1396292284483792,4796,0.7704626772925707,0.4920767306088407
1237,0.288718951795998,0.4186838573639306,0.20934914611713948,0.08324804472293183,4643,0.7652483301576528,0.4843850958432048
1238,0.2693979553300496,0.34156326119838204,0.0677660804523864,0.32127270301918187,5217,0.7528641277773527,0.44144144144144143
1239,0.27617917076311854,0.17406143878442262,0.3107306076874791,0.2390287827649798,4630,0.747893065147223,0.4455723542116631
1240,0.5011957917510873,0.03291019492263088,0.08535161331585363,0.38054240001042816,4990,0.7511439981389388,0.44188376753507014
1241,0.3741376043938167,0.19524787341683766,0.11585470994611426,0.31475981224323135,4982,0.7584275530241479,0.45764753111200324
1242,0.416670826376826,0.3747697227277145,0.17308991442603305,0.03546953646942641,4700,0.7732477844313268,0.5008510638297873
1243,0.2857344500685606,0.25060558415281675,0.09875810789847071,0.36490185788015195,5114,0.7507117206971693,0.4387954634337114
1244,0.5618106639726393,0.08939003535182442,0.1594349222704887,0.18936437840504744,4696,0.7624740652438466,0.4725298126064736
1245,0.3951656607855634,0.05091844640500871,0.11104988801364235,0.4428660047957855,5027,0.7442854426657709,0.42689476825144224
1246,0.31871188887442814,0.29562651720811844,0.123353203754516,0.2623083901629374,4952,0.7618951941062088,0.46466074313408723
1247,0.2111988867603021,0.2413698107923244,0.20091213139617442,0.3465191710511991,4890,0.7463361974670265,0.43415132924335376
1248,0.29508281827275573,0.16860006576100725,0.10036063167980476,0.4359564842864322,5116,0.7447594132499202,0.42591868647380765
1249,0.30936207558731355,0.23893503867174254,0.0566965373092369,0.395006348431707,5231,0.7491785776934692,0.43318677117186005
1250,0.43221345479070356,0.18855918168632144,0.11420095721179198,0.26502640631118296,4915,0.7642404181659382,0.4718209562563581
1251,0.5125987833547749,0.044739991069713485,0.17744731056826343,0.26521391500724806,4745,0.7548644308544719,0.45310853530031614
1252,0.4393106449029467,0.0882798843012404,0.22569192065168586,0.2467175501441271,4703,0.753813513249296,0.45375292366574527
1253,0.5313820345750917,0.259395776945605,0.11281479127529843,0.09640739720400493,4796,0.7783487473848594,0.5068807339449541
1254,0.5102360196660913,0.07913295604387997,0.09004572563297977,0.320585298657049,4949,0.7590866389173812,0.4592847039806021
1255,0.4184978511812709,0.21917682596410676,0.10771282296755255,0.2546124998870698,4935,0.7659512150982234,0.47477203647416416
1256,0.2987942759732668,0.08302892503500753,0.16891861387491416,0.4492581851168116,4962,0.7418442555482507,0.42200725513905685
1257,0.4030002253841521,0.2122722917386345,0.06541846284529064,0.3193090200319228,5107,0.7601359616301223,0.45819463481495987
1258,0.33471854890582886,0.2548934680282129,0.2449870984760167,0.16540088458994162,4640,0.7583037866835426,0.4693965517241379
1259,0.39717255869423096,0.1484159797232228,0.14843939322628372,0.3059720683562625,4868,0.7578525231877231,0.4566557107641742
1260,0.4303852454828345,0.26013041560537176,0.2097127148554088,0.09977162405638494,4637,0.7658498583476174,0.4850118611171016
1261,0.395623565175632,0.03390133479580711,0.235399023087297,0.3350760769412639,4759,0.7454649586486362,0.43433494431603276
1262,0.4431376145802776,0.013584496837054694,0.20231923001957078,0.340958658563097,4792,0.7458817584986731,0.43447412353923204
1263,0.323022777256596,0.24407149295868358,0.044399957885475516,0.38850577189924496,5251,0.7502584090844306,0.4362978480289469
1264,0.5024213568727502,0.04457637518001972,0.19102800938763406,0.26197425855959594,4725,0.7533373328814863,0.45015873015873015
1265,0.4030791688858622,0.18682863034077754,0.13068920588025015,0.27940299489311005,4897,0.7610881430339569,0.46599959158668575
1266,0.43771447687069315,0.24397711192484398,0.20702575200290457,0.11128265920155833,4643,0.7654079016968703,0.48373896187809606
1267,0.5330139244480313,0.010265870869520322,0.4142497141839153,0.0424704904985333,4515,0.7486487979337371,0.4498338870431894
1268,0.22538944931116492,0.2320028537991515,0.21176113677299957,0.33084656011668395,4848,0.7480660404756423,0.43935643564356436
1269,0.40116568398893315,0.10817276990388842,0.17098075662653725,0.31968078948064116,4822,0.7545341232500966,0.4506428867689755
1270,0.3005183422930473,0.2820013807351144,0.12358614935987997,0.2938941276119585,4994,0.7575316966707901,0.4531437725270324
1271,0.4297422943077787,0.23936150054883978,0.0801404895036467,0.25075571563973487,5008,0.76821694068789,0.47863418530351437
1272,0.5349022197802332,0.31091172442057996,0.12514260026729354,0.02904345553189316,4771,0.7809395972608421,0.5164535736742821
1273,0.4133944782301223,0.15306471239110092,0.23020611826714757,0.20333469111162913,4671,0.7574789356074155,0.46585313637336756
1274,0.4168467698153943,0.007195031957282404,0.1590400834899848,0.41691811473733853,4911,0.7412859044931894,0.42190999796375483
1275,0.4893482281296081,0.0875487166161658,0.3043462671315957,0.11875678812263044,4563,0.7547731875424768,0.4624150777996932
1276,0.583433364074654,0.07113227949902205,0.08546917923605943,0.2599651771902647,4881,0.7627785242776064,0.47019053472649047
1277,0.42735806402693144,0.14598331296380707,0.1396192703788129,0.28703935263044855,4857,0.7606186759535304,0.4642783611282685
1278,0.39170019525164723,0.3335105215410158,0.07993136554937005,0.19485791765796692,5014,0.7729657223900763,0.48962903869166335
1279,0.27071197435788735,0.07454838838413567,0.1876057317760296,0.46713390548194733,4954,0.7381574087918792,0.4154218813080339
1280,0.30479908172101694,0.26669521078100367,0.11234955635561875,0.3161561511423606,5040,0.7564997580753396,0.4511904761904762
1281,0.43124788939650666,0.3407591079719518,0.10187412355968951,0.12611887907185215,4882,0.777508573609871,0.5047111839410078
1282,0.33030553666492474,0.01762082511813219,0.23046843100447595,0.4216052072124671,4843,0.7376991648144027,0.4168903572166013
1283,0.4792305349664367,0.06581460600108191,0.11649814671103757,0.33845671232144386,4926,0.7560589797550569,0.4526999593991068
1284,0.3676259969407728,0.26827277868689503,0.1409658776411912,0.22313534673114097,4850,0.7655919939530166,0.4762886597938144
1285,0.39677201560895947,0.27745786551824336,0.1789073968389957,0.1468627220338014,4722,0.7673871707998248,0.4866581956797967
1286,0.21797571411884073,0.32468174028802577,0.11301022152439719,0.3443323240687363,5114,0.7479124077518056,0.4323425889714509
1287,0.266215051444152,0.004924761945204606,0.21292256666223025,0.5159376199484133,4934,0.7281615395516431,0.39764896635589786
1288,0.30792481386476495,0.18413461364904699,0.15731740191253632,0.3506231705736518,4940,0.751684041983079,0.44251012145748986
1289,0.32288775868380165,0.25556855459261135,0.18914053072072845,0.23240315600285852,4765,0.7597218185151973,0.4663168940188877
1290,0.34484976852731264,0.14397550987407443,0.08357576178668279,0.4275989598119301,5120,0.7476363488928347,0.430859375
1291,0.3267881743755011,0.1449015326583878,0.17292760995331558,0.35538268301279546,4894,0.75158505447105,0.4427870862280343
1292,0.42763339805091255,0.1672081680140702,0.1331083803474862,0.272050053587531,4862,0.7620247252808279,0.4681201151789387
1293,0.46728812517637375,0.011296335727280121,0.371242823118058,0.15017271597828818,4554,0.7473429183801586,0.4475186649099693
1294,0.4094023131376701,0.2142377214672781,0.1331793049170988,0.24318066047795295,4859,0.7635979208332422,0.47149619263222886
1295,0.3637824252674962,0.1616410621435278,0.20765667739520083,0.2669198351937752,4744,0.7554853063740793,0.45615514333895446
1296,0.4965256841020817,0.21385691364916845,0.13885928896577152,0.15075811328297833,4752,0.7709595025087288,0.4930555555555556
1297,0.3030833698370486,0.14372117229009876,0.22883839833900851,0.32435705953384414,4774,0.7503449960770874,0.44511939673229994
1298,0.36337841486945843,0.287413827520234,0.15602754716330008,0.19318021044700748,4800,0.7664125040833446,0.48
1299,0.41003923304865575,0.3047482731018297,0.23167957026233418,0.053532923587180536,4607,0.7660688333703563,0.489255480790102
1300,0.3007997899174543,0.22262794508855632,0.07160568711617246,0.4049665778778169,5201,0.7475827834362901,0.43049413574312634
1301,0.41024516984217724,0.051761298063264856,0.20408269548715754,0.3339108366074004,4789,0.7479705980806209,0.4376696596366674
1302,0.2730775919841301,0.3452394082735811,0.11947594442615268,0.26220705531613603,4991,0.7598695432118414,0.45942696854337806
1303,0.28130711637986544,0.172135078125525,0.23541243086274055,0.3111453746318688,4763,0.7502640941958523,0.44530757925677095
1304,0.3173990624818338,0.15475157401077247,0.21935289850133563,0.3084964650060581,4775,0.7522338553729406,0.448586387434555
1305,0.28484107348856164,0.2518832544690056,0.10783950906404921,0.35543616297838354,5081,0.7515074127545276,0.44105491045069867
1306,0.20372322024062298,0.28303444354292606,0.12155089716372379,0.3916914390527272,5133,0.7432684196525338,0.42197545295149036
1307,0.5617974381558002,0.1871482435055713,0.06978531223083186,0.18126900610779675,4909,0.7753515735502314,0.4980647789773885
1308,0.20765966001550243,0.2601576092533737,0.2234081865120975,0.30877454421902617,4819,0.7482407292439716,0.4405478315003113
1309,0.3211512416193271,0.2368971712024846,0.22715136278304157,0.21480022439514676,4701,0.757320612866289,0.46436928313124864
1310,0.235396812223529,0.2045782613912658,0.21842915334933977,0.34159577303586547,4839,0.7472422819530239,0.43728042984087623
1311,0.4321041509568996,0.13761788232337463,0.17115664054946755,0.2591213261702584,4765,0.7590369216128887,0.46190975865687306
1312,0.26546607572210934,0.2861145420263489,0.11698202160364776,0.3314373606478941,5054,0.7528374329573447,0.44400474871389
1313,0.41661116070028115,0.3611542782012411,0.14018502541612823,0.08204953568234954,4781,0.7751847676212948,0.5017778707383392
1314,0.4132554295061678,0.07444249728734337,0.2622290128022727,0.25007306040421606,4670,0.7506710472294819,0.44903640256959315
1315,0.3194644923135817,0.2289622726812855,0.1823580806147309,0.26921515439040183,4814,0.7575390082174082,0.4586622351474865
1316,0.41335295261612,0.2160151279801217,0.20462271304181331,0.16600920636194502,4669,0.7616448143977422,0.47569072606553864
1317,0.3806791842724687,0.24597445905400173,0.09058932977780082,0.2827570268957288,5034,0.7631301052930373,0.46642828764402067
1318,0.5692219671364207,0.17658583230521302,0.22463708878988164,0.029555111768484646,4582,0.7677599996712395,0.49105194238323874
1319,0.3568942015615552,0.01895555219920554,0.3300255258866886,0.29412472035255055,4658,0.7421066210017064,0.43022756547874624
1320,0.5079980396422554,0.10658413065470783,0.22775441895162946,0.1576634107514073,4624,0.7585403270490032,0.4688581314878893
1321,0.35221699937199863,0.2351216361804291,0.09871771015985069,0.31394365428772164,5043,0.7581934371980865,0.454689668847908
1322,0.45678828376311575,0.0348119050099284,0.12623744325842776,0.3821623679685281,4940,0.7486060992773446,0.4360323886639676
1323,0.7547879421067883,0.10966309860042671,0.13452316271231377,0.0010257965804712282,4614,0.7721454918940941,0.4984828781967924
1324,0.537360055458056,0.22552657259245307,0.2217654834757508,0.015347888473740082,4592,0.7695355749023819,0.4952090592334495
1325,0.48248012481059954,0.25375395351910923,0.24220299429394232,0.021562927376348833,4572,0.766716275452409,0.489501312335958
1326,0.4186447684337687,0.3094009931212445,0.16257639237217147,0.10937784607281521,4730,0.7708093254792197,0.49534883720930234
1327,0.32822310830418105,0.23568968892117304,0.20308453733854054,0.23300266543610545,4740,0.7582568326210116,0.4641350210970464
1328,0.37392722140802837,0.28273168276951327,0.15115833526766154,0.19218276055479677,4807,0.7666716315234683,0.4805491990846682
1329,0.25627986496053207,0.2818554489713176,0.24507061841839037,0.21679406764975986,4694,0.7543119920721235,0.45909671921602047
1330,0.3301000381641537,0.0439146832055073,0.1369098287847192,0.4890754498456199,5026,0.7383772952230824,0.41404695582968565
1331,0.49027989757646273,0.17350432906041893,0.056650441745618334,0.2795653316175,5048,0.7672067151860881,0.4742472266244057
1332,0.3510663161973624,0.0832675945763174,0.12998340673761213,0.43568268248870806,4999,0.7458119807216019,0.42948589717943586
1333,0.42119223174424586,0.10557233704859115,0.20864381202987392,0.26459161917728924,4736,0.7543946711967991,0.45291385135135137
1334,0.43161821877241163,0.12720794316318698,0.20057782638932742,0.24059601167507383,4723,0.7567738726608274,0.45945373703154774
1335,0.3228714690031768,0.10557622835509675,0.16420398889794166,0.4073483137437848,4934,0.7468826499596257,0.4319010944466964
1336,0.6056180390502778,0.10759011631499368,0.17671284388263653,0.11007900075209202,4612,0.7654696963414941,0.4813529921942758
1337,0.37664036242480764,0.2223447093089401,0.11668722397170637,0.28432770429454585,4958,0.7625621989458868,0.46571198063735375
1338,0.20624120517178837,0.2120713745886485,0.18009686057169808,0.401590559667865,4978,0.742047316061659,0.42205705102450786
1339,0.429280743839564,0.17397500281490674,0.06448053769227988,0.33226371565324936,5088,0.7588841740718065,0.45577830188679247
1340,0.4028645689678408,0.31442755638148945,0.0845823353768838,0.19812553927378604,4990,0.7725909595810221,0.48917835671342685
1341,0.4958914087636999,0.34994052143076193,0.06637066781579494,0.08779740198974309,4959,0.7835761648945336,0.5166364186327889
1342,0.49911960182802556,0.03898765292263687,0.07936091559367943,0.38253182965565813,5006,0.7515111278771374,0.4424690371554135
1343,0.44768780477461123,0.30779508681806605,0.18187880559526468,0.06263830281205801,4681,0.7712237253782837,0.49540696432386244
1344,0.46648942968844526,0.09125612176897886,0.1143548582834874,0.3278995902590886,4926,0.7583378127952508,0.4571660576532684
1345,0.48600491640667615,0.042705452076562275,0.1012464471227218,0.37004318439403977,4964,0.7516632969358095,0.443392425463336
1346,0.4469282784127517,0.06962777637444573,0.2204387397700232,0.26300520544277933,4710,0.7523472464441672,0.4484076433121019
1347,0.5811739990639785,0.25485558648397316,0.10158312893049966,0.06238728552154867,4779,0.7805534236953091,0.5126595522075748
1348,0.3363434741894465,0.08416200693300746,0.20710516820927014,0.3723893506682758,4833,0.7459200078042569,0.43285743844403063
1349,0.507695219897357,0.07272803117251703,0.1089111875382394,0.31066556139188656,4897,0.7592077381671237,0.4608944251582602
1350,0.27383395077099965,0.1693198206462424,0.18787196193161698,0.368974266651141,4910,0.7480459478735686,0.43584521384928715
1351,0.35098065590637445,0.027796220166747963,0.21550316356597804,0.40571996036089947,4843,0.740792573082783,0.4228783811686971
1352,0.31393904446064463,0.16575729462712946,0.15816915314555988,0.362134507766666,4937,0.7514136969038067,0.4419688069677942
1353,0.42530023132395234,0.23674779804695265,0.05573752304527831,0.2822144475838167,5108,0.7651094207290853,0.4682850430696946
1354,0.475329822216468,0.29947163496434537,0.08322221349232062,0.141976329326866,4914,0.7784215870736719,0.5054945054945055
1355,0.35643223405080215,0.11178123212381476,0.19864425964151453,0.3331422741838685,4790,0.7501236294236886,0.44237995824634657
1356,0.432305480293428,0.08599062140292417,0.2757147788250832,0.20598911947856452,4621,0.7526989300314071,0.4559619130058429
1357,0.6203953181751737,0.0618863112390327,0.1884391649864573,0.12927920559933628,4622,0.7615705774963325,0.4720900043271311
1358,0.39441568619593576,0.1869179616215054,0.041347363210207724,0.37731898897235117,5193,0.7547893549627628,0.4467552474484883
1359,0.31218011922170374,0.2431933152859209,0.16964965925085185,0.27497690624152343,4852,0.7572929909457791,0.45754328112118714
1360,0.4930685860497958,0.2691447165146782,0.07836802242803657,0.15941867500748946,4930,0.7780681388979065,0.5044624746450305
1361,0.39778665772523675,0.1694222563886408,0.04379941923880196,0.3889916666473206,5178,0.752856921521934,0.4428350714561607
1362,0.7030315246364811,0.05062666073124467,0.16644213167259778,0.07989968295967659,4597,0.7632462775415025,0.47574505112029586
1363,0.31421770751762673,0.21685593973950257,0.07146282160962117,0.39746353113324956,5186,0.7489410501236736,0.43386039336675664
1364,0.25488467969118633,0.26840884907746515,0.22161877926471676,0.2550876919666317,4760,0.7536943898106314,0.4533613445378151
1365,0.40428936188527637,0.23949770537222484,0.08901770846346999,0.26719522427902875,5007,0.7661513534298857,0.4737367685240663
1366,0.3976306179391135,0.07777974089516634,0.08198132348794135,0.442608317677779,5100,0.7464510697565024,0.42980392156862746
1367,0.22727689996399938,0.1473309859997073,0.2097010732181167,0.4156910408181765,4921,0.7417101193478046,0.4238975817923186
1368,0.4056582150341439,0.3011056613523031,0.1495326481094642,0.1437034755040889,4779,0.7703290562975188,0.4919439213224524
1369,0.48515387648910374,0.16148604735702857,0.09249303069008154,0.2608670454637861,4928,0.7663733025647739,0.47625811688311687
1370,0.34011301772407143,0.1876434446311899,0.11738384646613884,0.3548596911785998,5017,0.7535022904512242,0.44608331672314133
1371,0.5629944161078686,0.18079439253855867,0.08939612863090815,0.16681506272266458,4839,0.7733527132556832,0.49576358751808225
1372,0.26776912974902833,0.15342110332268932,0.1696151883452708,0.4091945785830115,4963,0.7450228852674904,0.42776546443683255
1373,0.6278653965775327,0.18990814867551095,0.179192324292469,0.0030341304544872177,4611,0.7729068908336417,0.5022771633051398
1374,0.48185036066756043,0.17531162816159623,0.062492592512368786,0.2803454186584745,5032,0.7663115144566384,0.47297297297297297
1375,0.5373279678076508,0.04064824287120867,0.13691420551448572,0.28510958380665474,4815,0.7554775253353261,0.453582554517134
1376,0.4999363762177024,0.013174129458924433,0.17980920307763684,0.3070802912457364,4780,0.7501371853663688,0.4430962343096234
1377,0.4986824534427839,0.25729201817459796,0.22575581551960608,0.0182697128630121,4594,0.7693012810515872,0.4939050936003483
1378,0.3150657696568147,0.20298815426271874,0.2879076402037716,0.19403843587669486,4613,0.7524075387885513,0.45761977021461087
1379,0.39960894785275225,0.1998378293217231,0.14289954471110583,0.2576536781144188,4849,0.7618834908362809,0.46813776036296145
1380,0.4995444441998389,0.001013383856006569,0.11462516108382925,0.3848170108603254,4940,0.7460351598328767,0.43299595141700403
1381,0.5308016962663217,0.24397310590741783,0.1251114292825776,0.10011376854368302,4756,0.7767260931651278,0.5044154751892347
1382,0.5629614506935969,0.016289418332729608,0.2947372332742439,0.12601189769942966,4555,0.7511572035026143,0.45268935236004393
1383,0.3620316130681699,0.22765834107020155,0.17830072576373485,0.23200932009789382,4776,0.7609656118962417,0.4694304857621441
1384,0.29089168192929304,0.305205325274679,0.2414766454575206,0.16242634733850742,4642,0.7581008317892863,0.47027143472641103
1385,0.3777635153829906,0.2865944916735372,0.23047668848266484,0.10516530446080745,4621,0.7639790266790719,0.48128110798528456
1386,0.24316012949225613,0.2422688405326342,0.10912714779409644,0.40544388218101324,5136,0.7447686774120844,0.42406542056074764
1387,0.4090326725412147,0.18184794944883945,0.366627064093147,0.042492313916798856,4494,0.7528439776972459,0.46217178460169117
1388,0.3606908289968601,0.20424315467672224,0.11188277772350569,0.3231832386029119,5004,0.7572763919654456,0.4536370903277378
1389,0.5865680815282039,0.019956143120892014,0.12789322384753024,0.2655825515033737,4791,0.7560043531876331,0.45522855353788355
1390,0.3310219687199193,0.040681129963443884,0.21018894912810998,0.4181079521885268,4862,0.739788706290576,0.4204031262854792
1391,0.3912713579548776,0.4262582122394909,0.11104103990437755,0.07142938990125401,4875,0.7796055514871281,0.5089230769230769
1392,0.4373647620011169,0.33227657311761355,0.17756031506067987,0.05279834982058972,4691,0.7721518969090909,0.49754849712214877
1393,0.4143105287321503,0.0951755961386366,0.11455158367591052,0.3759622914533027,4981,0.7523209800853442,0.4444890584220036
1394,0.44005891072258924,0.2693335537807042,0.17676195676712375,0.11384557872958276,4689,0.7694100541160785,0.49242908935807206
1395,0.37910040676587087,0.2481846952954582,0.057711230857104334,0.3150036670815665,5161,0.7604845622817783,0.45650067816314666
1396,0.4345971447849313,0.20073161326126565,0.14919922284586754,0.2154720191079355,4798,0.7652662874212536,0.47894956231763236
1397,0.3738637327717709,0.1015869971121854,0.20736160718220317,0.31718766293384054,4774,0.7505361573618046,0.4440720569752828
1398,0.3284343470602072,0.22197024818921518,0.049601149740223824,0.39999425501035385,5241,0.7499299364194706,0.4352222858233162
1399,0.3522817013894967,0.3162264708387351,0.106647318806899,0.2248445089648692,4966,0.7665298470078648,0.47583568264196535
1400,0.533555809344292,0.06717505724986149,0.2045319390548234,0.19473719435102307,4661,0.7581254343270143,0.46470714438961597
1401,0.5752190140604967,0.025809999720395344,0.22047056733152304,0.17850041888758492,4647,0.7542465539894467,0.45771465461588123
1402,0.3646927299628439,0.4975206954330933,0.1186190719793573,0.019167502624705634,4845,0.7813857926166327,0.5159958720330238
1403,0.4098568347317632,0.2432098227831453,0.2061274052555302,0.14080593722956128,4654,0.7635497241518685,0.47958745165449074
1404,0.3153393750200189,0.18234234488871942,0.10422017512709979,0.39809810496416187,5074,0.7492388758824796,0.4365392195506504
1405,0.39714026417994797,0.10015691707889615,0.1699295611193004,0.33277325762185544,4844,0.7540279838228229,0.44942196531791906
1406,0.47585940464079607,0.108009204733956,0.17810489503623514,0.23802649558901276,4740,0.7588707156173989,0.4628691983122363
1407,0.32865764422666,0.16812206157482038,0.1933062084759942,0.3099140857225256,4814,0.7538432026814781,0.44952222683838805
1408,0.5233934705045331,0.2132920250562506,0.21431885842570467,0.04899564601351169,4607,0.7682512068719417,0.49142609073149557
1409,0.35137944163920226,0.2463298721581809,0.1483248515405188,0.25396583466209804,4866,0.7621243859624053,0.46773530620632964
1410,0.3920453778844651,0.07838696545612892,0.2405705448974303,0.2889971117619758,4723,0.750904958010147,0.4469616769002753
1411,0.5217256147099139,0.251065579508144,0.07460226438420504,0.15260654139773705,4923,0.7784058880355408,0.5055860247816372
1412,0.5508604552734819,0.07713415474371943,0.053654148168449996,0.3183512418143486,5020,0.761400010198272,0.46334661354581674
1413,0.4281814405210639,0.12067953633035138,0.1534986778640152,0.29764034528456956,4826,0.7580966627258164,0.45835060091172813
1414,0.301106549368731,0.24054778030172763,0.058021879355528896,0.4003237909740125,5236,0.7480396912265362,0.43086325439266615
1415,0.6998858540369749,0.10248864874141506,0.1751174135333175,0.022508083688292317,4579,0.7681292431019565,0.4887530028390478
1416,0.2587502027918833,0.18843833233593849,0.2881441769811486,0.2646672878910296,4664,0.7481992924366774,0.44339622641509435
1417,0.4742509337023682,0.26884118469258744,0.19868941202527313,0.05821846957977124,4640,0.7701760848752456,0.4939655172413793
1418,0.7160075385279943,0.1671794908014907,0.09313483861333119,0.023678132057184085,4705,0.7795262465531495,0.5134962805526037
1419,0.2954033633403941,0.24614548514082807,0.046561823166814675,0.4118893283519631,5262,0.7470389395334714,0.4264538198403649
1420,0.5450731884284332,0.13360340254459338,0.25739626468183624,0.06392714434513717,4558,0.7616816905618189,0.47893813075910485
1421,0.28994024802216345,0.28996417569686095,0.1927840014606353,0.22731157482034028,4772,0.7586674573960774,0.4645850796311819
1422,0.43418429487009597,0.10825037069180304,0.17012211418071102,0.2874432202573901,4781,0.7564421281947727,0.4555532315415185
1423,0.5001882755179831,0.019595276375867943,0.2049777730974217,0.27523867500872734,4721,0.7507722397048043,0.44482101249735223
1424,0.42872724410316543,0.22167067908443427,0.11135047658346942,0.23825160022893083,4905,0.76706083369767,0.47747196738022424
1425,0.4027177798175247,0.22091658801049127,0.11521150858028797,0.261154123591696,4931,0.764355360649821,0.4715067937538025
1426,0.3164535781434483,0.291684155657026,0.21567833380805043,0.17618393239147528,4687,0.7604570703814891,0.4730104544484745
1427,0.36534164640022126,0.19769039674499783,0.10099152183898848,0.33597643501579244,5032,0.7565844663482895,0.4513116057233704
1428,0.35819597117612934,0.1583549089656333,0.17652073211347866,0.3069283877447588,4820,0.7554539930912983,0.4512448132780083
1429,0.35349964825673497,0.3594288202696953,0.25229450217406074,0.03477702929950898,4583,0.7628149174560159,0.48199869081387736
1430,0.3627534834918633,0.33505690580062425,0.2065463761181175,0.09564323458939479,4660,0.7662596862345437,0.48669527896995707
1431,0.33924507762948686,0.1335887112399672,0.15769044910227578,0.3694757620282701,4928,0.7508139702065638,0.4403409090909091
1432,0.3341781561219983,0.22727442063976347,0.1779111534862024,0.2606362697520357,4810,0.7587456081181002,0.46133056133056133
1433,0.5118536443492375,0.0656084979105,0.16980140276193129,0.2527364549783313,4742,0.7569005095406874,0.4584563475326866
1434,0.4638888608318362,0.20179346192266717,0.05503748299451042,0.2792801942509862,5073,0.7663912587984817,0.4723043563966095
1435,0.5924543926240079,0.13412652406655715,0.20506919040156255,0.06834989290787238,4600,0.765645088247397,0.4830434782608696
1436,0.37012563614911914,0.20699386650440055,0.15770361762441995,0.26517687972206044,4844,0.7597050355256008,0.4636663914120562
1437,0.4571809871715508,0.18468505967301085,0.16548263330689053,0.1926513198485478,4740,0.7649564045982977,0.480168776371308
1438,0.5618739391654014,0.027546510597890053,0.2025874596989455,0.2079920905377631,4676,0.7549221730799008,0.4574422583404619
1439,0.2275042920016164,0.15263147312780195,0.20544761483716895,0.4144166200334128,4925,0.741569967793821,0.4233502538071066
1440,0.41911434296473077,0.03981124437724387,0.2149320882624115,0.3261423243956139,4768,0.74750765020627,0.43791946308724833
1441,0.5228227558879093,0.19856868960935284,0.20079556476605168,0.0778129897366863,4625,0.7677456144122917,0.48864864864864865
1442,0.23118003777420643,0.3489964069592001,0.05679411503886256,0.36302944022773087,5296,0.7445692124698445,0.42107250755287007
1443,0.33402638767661325,0.13567888733693695,0.22121662822577312,0.3090780967606767,4754,0.7512763394233349,0.44804375262936474
1444,0.6218469969431767,0.12657112142495724,0.06289800095401557,0.1886838806778506,4879,0.7725642717096145,0.4912891986062718
1445,0.5963024264510952,0.09883502018071916,0.10580906260242585,0.19905349076575968,4779,0.7675896290246316,0.48189997907512033
1446,0.3860146174703838,0.2934660638600443,0.0843445023375013,0.2361748163320707,5031,0.7691148066360028,0.47942754919499103
1447,0.6137478710112719,0.11782959420572912,0.17880481059643474,0.08961772418656416,4610,0.7666528836701942,0.482646420824295
1448,0.35545967497118197,0.2358828844937957,0.14797051047048715,0.26068693006453525,4869,0.7611608568170822,0.4651879235982748
1449,0.5419761051926372,0.03254444096155638,0.17118663721165486,0.25429281663415143,4732,0.7548113101155681,0.4535080304311074
1450,0.4387081117811293,0.22335111726902346,0.13721820912608668,0.2007225618237607,4803,0.7682333656317019,0.4840724547158026
1451,0.3961804081509437,0.24531381484706516,0.17616527946532465,0.18234049753666648,4738,0.7650085493922173,0.48058252427184467
1452,0.4690286207353361,0.21956854624315214,0.0737526610718907,0.23765017194962118,4996,0.7706873642651212,0.4841873498799039
1453,0.4550420450112897,0.23679446780528002,0.11125927142433922,0.19690421575909112,4864,0.7714665509576961,0.4895148026315789
1454,0.31745893568008465,0.32785233763694616,0.048443176925921747,0.3062455497570475,5239,0.7575854932453542,0.4521855315899981
1455,0.3826490530587812,0.09926964343758417,0.12963344804400032,0.38844785545963434,4969,0.7504920154075565,0.4401287985510163
1456,0.3398664985211454,0.18080556268692993,0.08301620782961837,0.39631173096230626,5120,0.7504136684960546,0.4375
1457,0.3545723043420559,0.08417892927709528,0.18627051462562424,0.3749782517552247,4856,0.7481628974428832,0.43760296540362437
1458,0.4340338283043488,0.0013611626653887946,0.21214788739417237,0.35245712163609016,4792,0.7445494880633277,0.43259599332220366
1459,0.30980425864206435,0.14969284012323958,0.10003837650474237,0.4404645247299537,5104,0.7451723594820249,0.4267241379310345
1460,0.49881266071028446,0.025822958925376803,0.2696047034127794,0.20575967695155922,4633,0.7495958476752183,0.44916900496438594
1461,0.3657621918608691,0.32908795889355996,0.06235702312089444,0.24279282612467656,5124,0.7671270918186983,0.4724824355971897
1462,0.4729076633560207,0.16309238754628577,0.10347103128815932,0.26052891780953424,4905,0.765899572524763,0.47604485219164117
1463,0.4168712659788212,0.06702478664448652,0.1967484286891098,0.3193555186875824,4784,0.7503135159900675,0.4427257525083612
1464,0.31813876446126854,0.22837697473197596,0.21885577204793136,0.2346284887588242,4721,0.7565185241839881,0.46113111628892184
1465,0.5338229623361165,0.2074249157370496,0.2029896324846668,0.05576248944216718,4616,0.76973075485074,0.49371750433275563
1466,0.42607120877602656,0.17144956537174083,0.19968968863002656,0.20278953722220594,4694,0.7604611390513022,0.4708138048572646
1467,0.502279554305873,0.27447061111794857,0.06970973204974178,0.15354010252643663,4951,0.7789937214925866,0.5063623510401939
1468,0.42179793897881035,0.1731643117555745,0.27834093518231184,0.12669681408330336,4566,0.7569333999599498,0.469119579500657
1469,0.33222364897285955,0.28435459226423676,0.30777152015831505,0.07565023860458861,4526,0.7555019031706803,0.4684047724259832
1470,0.5698438804113831,0.06005607138728589,0.06712961003206286,0.30297043816926816,4959,0.7606042925146522,0.4625932647711232
1471,0.734802938404726,0.0007692469730895514,0.16677980737011733,0.09764800725206707,4606,0.7589193296640867,0.46765089014329136
1472,0.4242866187980394,0.27612018652898856,0.16693429584849903,0.132658898824473,4732,0.7696619777204078,0.4913355874894336
1473,0.2916174441594772,0.2237568437938902,0.21184481701941443,0.27278089502721814,4770,0.7545214576731556,0.4551362683438155
1474,0.3603051297368774,0.1221421082716102,0.13817510148877266,0.3793776605027398,4955,0.751159787545292,0.44076690211907166
1475,0.5572653286467228,0.003029843493896665,0.16713396137982994,0.27257086647955053,4751,0.7509811908443087,0.4458008840244159
1476,0.23227697483745313,0.28606848575004357,0.13478788022489385,0.3468666591876094,5037,0.748350546350808,0.43458407782410163
1477,0.2790570593715575,0.304637939853991,0.10745818605258166,0.3088468147218697,5065,0.7557080292582343,0.4489634748272458
1478,0.3909697584137846,0.045134549508177725,0.06270882205505823,0.5011868700229795,5143,0.7396369936269663,0.41590511374684036
1479,0.4950495913550171,0.23719003820516224,0.08948341557758331,0.1782769548622373,4901,0.7754642511961358,0.499489900020404
1480,0.557394645119997,0.15328376597288237,0.1667372368668665,0.12258435204025413,4645,0.767638344020342,0.48719052744886976
1481,0.35607499724692476,0.28433904332658544,0.3302350694379556,0.029350889988534367,4498,0.7555159921844972,0.46776345042240997
1482,0.22073750858129038,0.2672413954601711,0.17609337404017633,0.335927721918362,4939,0.748484056991752,0.4357157319295404
1483,0.448660326394816,0.22769260004952627,0.08978599307418801,0.2338610804814699,4954,0.7694597857197423,0.48264029067420267
1484,0.4750105248072629,0.0836163993753534,0.1329597007487994,0.30841337506858435,4860,0.7578856276074172,0.4588477366255144
1485,0.41312741405762526,0.18743427365236923,0.1219541824150798,0.27748412987492577,4913,0.7623196156926382,0.4681457358029717
1486,0.3741859109250767,0.10527092945109995,0.0921504640907544,0.42839269553306897,5079,0.7483690882498396,0.4343374680055129
1487,0.46856747889719264,0.41833689453340367,0.0971482715141853,0.015947355055218337,4892,0.7852643434502049,0.5257563368765331
1488,0.40596212640752166,0.16556529979286225,0.24982873624684918,0.17864383755276683,4616,0.7568918707405806,0.4662045060658579
1489,0.36396094471902624,0.16319038331683455,0.15992219412400813,0.31292647784013106,4868,0.7564803049519465,0.4529580936729663
1490,0.45439006801402965,0.2689385826088631,0.10175930545633703,0.17491204392077028,4885,0.7743430515882761,0.4960081883316274
1491,0.6088626455379312,0.1908533185297483,0.1496724392023735,0.050611596729946834,4664,0.775229362765091,0.5012864493996569
1492,0.36602263930903906,0.0946836190641807,0.14398136093125577,0.3953123806955245,4941,0.7491163707037898,0.43675369358429467
1493,0.6194302309924226,0.1971066156068116,0.104302525120562,0.07916062828020383,4740,0.7784581800966787,0.5080168776371308
1494,0.39680254849010893,0.057235203671893005,0.32844766427492494,0.21751458356307302,4608,0.7474678078689386,0.4459635416666667
1495,0.5922581894067603,0.05871829039154435,0.3301972218376649,0.01882629836403035,4532,0.7556982767192832,0.4644748455428067
1496,0.34284119141171815,0.15724400433996094,0.2875032721156922,0.21241153213262878,4613,0.7516464533065708,0.4543680901799263
1497,0.3860921516797512,0.03802047430352102,0.15036118813043003,0.4255261858862977,4938,0.7433211277555191,0.4250708788983394
1498,0.5184449913562429,0.26944385445838653,0.19682718161368498,0.015283972571685516,4624,0.7726880045931485,0.5012975778546713
1499,0.4075409191820853,0.12515680421130637,0.08317365612133658,0.3841286204852718,5063,0.7525264485176183,0.44301797353347816
1500,0.517266735529303,0.3256715447487596,0.07122703141865788,0.08583468830327942,4930,0.783254750201764,0.5156186612576065
1501,0.4295407308382962,0.24608043922560807,0.09353368561146351,0.23084514432463224,4966,0.769982769352662,0.48348771647200967
1502,0.3001470191288601,0.27239142586409587,0.10090976595415976,0.3265517890528842,5072,0.7554641076351089,0.4485410094637224
1503,0.19965326664069552,0.24859844037691642,0.11857445786054954,0.4331738351218385,5155,0.7393140972780613,0.41493695441319106
1504,0.21781843739853246,0.3037489677256948,0.05300948863175234,0.4254231062440205,5318,0.738060570073229,0.4082361790146672
1505,0.3775069991629195,0.17065404501700945,0.07421119067954833,0.37762776514052276,5107,0.7533331032206272,0.4435089093401214
1506,0.234462334304473,0.31244059593442836,0.26304444164353136,0.19005262811756735,4642,0.7530833620111967,0.45799224472210254
1507,0.498613126616166,0.3210484799532698,0.17094344919009752,0.00939494424046661,4682,0.7764438673131157,0.507261853908586
1508,0.474042138799166,0.3395109752743484,0.1293093111458543,0.05713757478063129,4777,0.77907009884764,0.5114088339962319
1509,0.857184578444729,5.43723162629318e-05,0.07947252584775562,0.06328852339125245,4665,0.7650194006242887,0.4810289389067524
1510,0.4381308896575149,0.0023779126150458084,0.162583739277971,0.39690745844946834,4892,0.7426659365225606,0.42579721995094033
1511,0.7167136307302123,0.04687146611778409,0.12625158944555337,0.11016331370645022,4642,0.7648082084480193,0.47802671262386903
1512,0.4224258592491488,0.28670283176546274,0.0802886128769306,0.21058269610845803,5005,0.772109609110086,0.4881118881118881
1513,0.3453158618853451,0.19870155288825436,0.17434240494389186,0.28164018028250865,4830,0.7572299921684325,0.45734989648033125
1514,0.5410479351886978,0.2784927067285124,0.09566844662971162,0.08479091145307835,4826,0.7807689291487169,0.5111893907998343
1515,0.41069220656254124,0.06680499204694805,0.1578216779495002,0.36468112344101056,4874,0.7503993360334892,0.44070578580221587
1516,0.798222259339717,0.06802969511741155,0.10096782153695232,0.032780224005919144,4647,0.7713889208104712,0.49601893694856897
1517,0.5064788915065742,0.06409608072529938,0.27874770093469625,0.15067732683343021,4602,0.75413400781416,0.45936549326379833
1518,0.3653848354633715,0.09447357079696238,0.08614951765701133,0.4539920760826549,5112,0.7457324670278626,0.4276212832550861
1519,0.3592427753323787,0.40225030015439533,0.15841656065839926,0.08009036385482679,4746,0.7715648080118465,0.49599662873999156
1520,0.28947463801714185,0.14410559985684657,0.19497073507399,0.37144902705202154,4886,0.7479808317242779,0.43716741711011053
1521,0.44055676058134496,0.26188448706208084,0.13059976451193375,0.16695898784464036,4807,0.7716307484710914,0.4921988766382359
1522,0.3558595380849809,0.3988360405794418,0.12879361779641857,0.11651080353915882,4841,0.7733245349086035,0.49762445775666186
1523,0.40900410218043937,0.16730048870540062,0.09403547684561206,0.32965993226854795,5020,0.757988134862174,0.4551792828685259
1524,0.46332533282505406,0.2770537077766666,0.1514807114392572,0.10814024795902219,4725,0.7725045314016873,0.49777777777777776
1525,0.35536003184580484,0.19400580219049143,0.12156744255200322,0.3290667234117005,4977,0.7559095105275035,0.451275868997388
1526,0.40301364988240784,0.15175087957536054,0.2519654963390364,0.1932699742031951,4624,0.7556825543280211,0.46366782006920415
1527,0.3815679781841044,0.205239743887733,0.1194435170813141,0.29374876084684853,4953,0.7610715142394407,0.46335554209569957
1528,0.31103208828641254,0.28842287177133374,0.24166828306015942,0.15887675688209427,4639,0.7588331431833285,0.4705755550765251
1529,0.38389285616875984,0.002662977604990372,0.18002711477325206,0.4334170514529978,4898,0.7383999555286521,0.4156798693344222
1530,0.5256630191155509,0.08176328250909735,0.22754677253250377,0.16502692584284798,4622,0.7574564828984889,0.46689744699264385
1531,0.45184840749841054,0.18101497919123083,0.19873902006420727,0.16839759324615136,4676,0.7621371622315,0.4769033361847733
1532,0.2712591027614598,0.2250533713329413,0.19067859143548635,0.31300893447011263,4855,0.7518900886604046,0.4465499485066941
1533,0.5049092939963516,0.09981285932250533,0.3262944908239497,0.06898335585719331,4534,0.7550581194013971,0.4642699602999559
1534,0.38245656487496676,0.162835873353297,0.27936880834539707,0.1753387534263391,4593,0.7543252599785767,0.4611365120836055
1535,0.45390643145445786,0.17534728764184315,0.13620916380287307,0.23453711710082586,4818,0.7644007806755472,0.4755085097550851
1536,0.4085867596139193,0.2622060860510332,0.14373293539639892,0.1854742189386486,4797,0.7684331625876901,0.48446946007921615
1537,0.29320389636909755,0.043823458663521137,0.1384514940521444,0.5245211509152369,5068,0.7343254482209923,0.4062746645619574
1538,0.6269260759154852,0.010045036538655322,0.2282126487713981,0.13481623877446147,4597,0.7542746717826703,0.45725473134653033
1539,0.5039652845018964,0.05453139319414697,0.15195555791842835,0.28954776438552826,4802,0.7549833380535917,0.4527280299875052
1540,0.3926995182668926,0.16285166812579563,0.09369227782951199,0.3507565357777997,5037,0.7551115000758652,0.4494738931903911
1541,0.4376804701685341,0.12567577846036326,0.10200131137673434,0.3346424399943682,4975,0.7577360865328001,0.45407035175879396
1542,0.26891514358088386,0.27125829760164605,0.16101371528360225,0.2988128435338677,4906,0.7548029592943089,0.44924582144313085
1543,0.3454638992870105,0.05893567895675259,0.07500261463718423,0.5205978071190526,5148,0.7383630345768407,0.41297591297591296
1544,0.42288052114131663,0.22017577910831418,0.18209726530121534,0.17484643444915374,4712,0.7648165206154233,0.48068760611205436
1545,0.4215784187889312,0.10036484438790111,0.08362071979072458,0.3944360170324432,5057,0.751745003638008,0.44176389163535695
1546,0.572477452947472,0.08853746942904499,0.08751520382705938,0.25146987379642355,4881,0.7641790546770846,0.47305879942634704
1547,0.33998489604899756,0.05263461761893103,0.10937722981421666,0.4980032565178547,5086,0.7394996127804678,0.41742036964215495
1548,0.4817661038654823,0.09220258195078054,0.09918321001553332,0.32684810416820376,4946,0.7590684777567852,0.4585523655479175
1549,0.23950520769150596,0.16072987398188487,0.2096322153736067,0.3901327029530024,4899,0.7443652750057296,0.4292712798530312
1550,0.48667822500270075,0.027569205087323165,0.12960340498624276,0.3561491649237333,4901,0.7503156227948501,0.4401142623954295
1551,0.43460260989382243,0.12975256282383413,0.11873717714254305,0.3169076501398004,4928,0.7597083712130216,0.4604301948051948
1552,0.3321695983619547,0.28558470442195205,0.1204880961613859,0.2617576010547074,4952,0.7627368534198659,0.4662762520193861
1553,0.5273789857373684,0.09549153553730766,0.206521647807641,0.17060783091768286,4638,0.7594347694788162,0.47003018542475206
1554,0.29032658094377783,0.24882748387720813,0.22269536103209592,0.23815057414691812,4730,0.7553389200785393,0.4587737843551797
1555,0.3671830807807828,0.22090223329605804,0.29203725180313317,0.11987743412002595,4555,0.7557508344610606,0.4676180021953897
1556,0.2457510120077337,0.2746004016613199,0.17652211327297632,0.30312647305797,4883,0.7523297229747948,0.44583248003276676
1557,0.40762465906441103,0.18442398824597508,0.060736093565410584,0.3472152591242034,5118,0.7576777194039399,0.4525205158264947
1558,0.6266345772935749,0.052209543733291626,0.1944163662378167,0.12673951273531672,4609,0.7604072857227515,0.46995009763506185
1559,0.34771459217610196,0.28410260057537245,0.05878394548285753,0.3093988617656681,5184,0.7595065640985199,0.45621141975308643
1560,0.4133706658343632,0.1601651830672143,0.07463423909094298,0.3518299120074795,5075,0.7565289023277015,0.4516256157635468
1561,0.4275327767911535,0.12641567580368718,0.15720782337522557,0.28884372402993375,4810,0.7586142628389776,0.4594594594594595
1562,0.5269407987237541,0.03335430982764942,0.3518630204090129,0.08784187103958334,4533,0.7514317211796985,0.4557688065298919
1563,0.428755924068257,0.06475595948166817,0.2373467702926324,0.2691413461574425,4704,0.7505682524109115,0.44621598639455784
1564,0.313669290777362,0.1782804853501236,0.15380695222152901,0.35424327165098535,4946,0.7516070927049185,0.4419733117670845
1565,0.3866308827211366,0.18547875290941593,0.17278881575336535,0.2551015486160819,4791,0.7591527937825638,0.4637862659152578
1566,0.3675208752195328,0.1656696597010147,0.16622306547461668,0.30058639960483574,4833,0.7571858250583403,0.45603145044485827
1567,0.48762950404643585,0.2666682786689672,0.1937210036012518,0.051981213683345184,4642,0.771126602375976,0.496553209823352
1568,0.3342464860084351,0.13662333262661924,0.06816783570517379,0.4609623456597719,5163,0.7444525037263061,0.4239783071857447
1569,0.40453418345791103,0.3570381463741869,0.16942250748701432,0.06900516268088758,4720,0.771683893531116,0.49639830508474575
1570,0.40770889013004585,0.1718495942902977,0.06659880702522922,0.35384270855442734,5100,0.7566327556115022,0.4511764705882353
1571,0.6163511656575893,0.2885656314288932,0.07784367671695198,0.017239526196565623,4857,0.786259871769246,0.5278978793493926
1572,0.29586486564512643,0.17102967565010463,0.20156200999038598,0.3315434487143829,4838,0.7511742855709395,0.4439851178172799
1573,0.453684474844289,0.04993812991029515,0.13182100306550576,0.3645563921799102,4919,0.7512906101573033,0.44073998780239887
1574,0.22409240365157926,0.18218411297793694,0.10422807877595643,0.48949540459452723,5179,0.7366518033947312,0.40895925854412046
1575,0.3676883156948648,0.19453276192814042,0.12332454958574082,0.31445437279125393,4961,0.7583178696670793,0.45756903850030234
1576,0.4687120107572095,0.01799871739319983,0.12220775828629235,0.39108151356329823,4946,0.7463203407382079,0.4324706833805095
1577,0.39030663060892395,0.41880469119315716,0.08300428837473907,0.10788438982317985,4949,0.7793095745297259,0.507577288341079
1578,0.5482991382557643,0.07987399214289112,0.07693238084763802,0.29489448875370666,4942,0.7615907421760993,0.46560097126669364
1579,0.6961470563765345,0.18532995808492553,0.10560765115873509,0.012915334379804851,4702,0.7797931582204859,0.5138239047213952
1580,0.4817960220640101,0.1871972181279114,0.08424119482989051,0.24676556497818797,4950,0.7682127234607028,0.4802020202020202
1581,0.45670138534284815,0.1431483097164861,0.09444804973198036,0.3057022552086853,4969,0.7619873080839528,0.46488227007446165
1582,0.5203429714750006,0.2823003898329715,0.18146387335178513,0.015892765340242872,4647,0.7744396150308279,0.5037658704540564
1583,0.24102611296731238,0.3140103099172645,0.23390690766321479,0.21105666945220827,4711,0.7559401826257934,0.46147314795160266
1584,0.46221209671344504,0.18406530139743948,0.16668545824663086,0.18703714364248458,4733,0.7652328281268502,0.48066765265159517
1585,0.47341415730629155,0.1835776209746364,0.15397605262105812,0.18903216909801382,4755,0.7669274907588446,0.48370136698212407
1586,0.5692862272068266,0.07089323438290887,0.12910512552333112,0.23071541288693345,4768,0.7613217106569654,0.46854026845637586
1587,0.4819265971585618,0.0785969182673932,0.1543521317406311,0.285124352833414,4797,0.7563544939222705,0.4569522618303106
1588,0.39884623435854627,0.0380530117049433,0.07352878876787958,0.4895719651686309,5121,0.739993123559743,0.41691075961726226
1589,0.3292439373770963,0.1441083296292231,0.2873958556508991,0.23925187734278153,4639,0.7502045548562837,0.44923474886829057
1590,0.3720707512931215,0.08647401353581768,0.17209527666733881,0.36935995850372194,4868,0.7500227155878147,0.44104354971240756
1591,0.46860557175576634,0.17463646271546723,0.07397212369145348,0.282785841837313,5015,0.7652806893623116,0.4715852442671984
1592,0.23407220964704054,0.2116885247417304,0.1933736180086171,0.360865647602612,4920,0.7467110113842845,0.43333333333333335
1593,0.4916161135323319,0.26516249601065794,0.2129909170381315,0.030230473418878745,4616,0.7698259171463759,0.4950173310225303
1594,0.5520246830325555,0.07730641900625987,0.07011586117994069,0.30055303678124407,4963,0.761864963516837,0.465242796695547
1595,0.3747652312022174,0.11322397420968143,0.08854617247278958,0.42346462211531144,5083,0.7488256895276364,0.43497934290773166
1596,0.42098936859380237,0.20504566882578645,0.09385066506711141,0.28011429751329964,4990,0.7653849045519814,0.47194388777555113
1597,0.4861250748912823,0.07599903569281803,0.08158789924445599,0.35628799017144364,5000,0.7559198260459743,0.4514
1598,0.3629170230485574,0.3466883768461886,0.2266008178520773,0.06379378225317672,4629,0.7653504229430171,0.4869302225102614
1599,0.3212352230574694,0.4128685829425711,0.20782452397149706,0.05807167002846252,4643,0.7669331947327231,0.48955416756407494
1600,0.5450557920488758,0.00693659838044029,0.18989167144338065,0.2581159381273032,4715,0.7511621819401835,0.4468716861081654
1601,0.34018159164001116,0.24594775370828037,0.1528486470180639,0.2610220076336446,4868,0.7603775480777455,0.4632292522596549
1602,0.36477819073605716,0.21450440923792996,0.11808253909762384,0.3026348609283889,4972,0.759641713621098,0.4593724859211585
1603,0.7859561802252145,0.07013623368512927,0.10688381354862356,0.03702377254103265,4638,0.7708506214715319,0.4952565761103924
1604,0.4952715901843838,0.04169242865845127,0.051356491377391976,0.4116794897797731,5091,0.7498308591640659,0.4376350422313887
1605,0.35417107253490804,0.3273686413414634,0.17162415626194594,0.14683612986168249,4747,0.767086134593296,0.4868337897619549
1606,0.4142168807628921,0.13447871665638944,0.24894341747288357,0.20236098510783496,4633,0.7556782388113098,0.46233541981437515
1607,0.5760913772242362,0.025913338258563984,0.07099265972121267,0.32700262479598724,4948,0.7551647764732684,0.4512934518997575
1608,0.33191120519720346,0.14691001377176902,0.13574801575980439,0.3854307652712233,4981,0.7503472196461963,0.43886769724954827
1609,0.33702005862228224,0.4312955332682363,0.08281696062442748,0.14886744748505396,4988,0.7753572910836793,0.49659182036888533
1610,0.46935108208158594,0.282463288989536,0.1274049988125681,0.1207806301163098,4795,0.7745225605261313,0.49989572471324295
1611,0.5493578554767092,0.0025513129674820854,0.35338450550704786,0.09470632604876084,4522,0.748899612821377,0.44935869084475893
1612,0.32156999856750534,0.31879231294482746,0.12961124382929848,0.23002644465836863,4905,0.7636420440116887,0.46992864424057085
1613,0.4383733350801563,0.1552694993603561,0.08635678173035165,0.32000038382913587,5016,0.7604299023819654,0.4605263157894737
1614,0.28882377948611276,0.33041580175718815,0.13502798729680238,0.24573243145989673,4924,0.7614783279506171,0.4640536149471974
1615,0.5720711857501836,0.08599155535137655,0.2381316521459478,0.1038056067524922,4583,0.7595051751030077,0.46999781802312895
1616,0.4731409867179889,0.18667716813295426,0.08628588813295071,0.2538959570161063,4952,0.767779959376957,0.4781906300484653
1617,0.29044303241383,0.0022628869558401206,0.1732915938977652,0.5340024867325648,5004,0.728550245062904,0.3962829736211031
1618,0.3680590689599015,0.26301321332358196,0.12000306332703688,0.24892465438947955,4936,0.7641002156407634,0.4712317666126418
1619,0.27108465912236707,0.23235288523231074,0.06625385251172393,0.4303086031335983,5235,0.7437568273718275,0.4192932187201528
1620,0.4914663687306448,0.2524367181348998,0.05108686704369195,0.2050100460907634,5038,0.7753372451163917,0.49364827312425563
1621,0.3412883045559113,0.31334269383064706,0.21235596079425043,0.13301304081919124,4660,0.7646863375250851,0.48240343347639486
1622,0.6447870685361633,0.09489929930221362,0.1442117321484093,0.11610190001321394,4643,0.7681507574189003,0.48610811975016155
1623,0.23584724037501426,0.2597054638263374,0.19790323698033002,0.3065440588183183,4851,0.7506066804150796,0.4438260152545867
1624,0.37135975328827936,0.13502381082029297,0.16948457183485297,0.3241318640565747,4846,0.7549428991907856,0.4504746182418489
1625,0.5926897569447843,0.055844257524992995,0.31775602842316225,0.03370995710706057,4531,0.7555779872554262,0.4634738468329287
1626,0.42829885968310555,0.38563531944330354,0.07769652913561013,0.10836929173798081,4955,0.7799875559486577,0.5089808274470232
1627,0.34385603262444403,0.23483732464261886,0.1380484773508794,0.2832581653820577,4911,0.7599877048155244,0.4610059051109754
1628,0.32793347299200043,0.16898575617855457,0.11827327104954385,0.38480749977990125,5027,0.7500941932425829,0.43922816789337576
1629,0.3633327937358507,0.04425553052594381,0.20221165541908057,0.3902000203191249,4847,0.7435335159582104,0.4280998555807716
1630,0.3013981629650856,0.338026007143462,0.29244278618326697,0.06813304370818547,4544,0.7570557564360538,0.4707306338028169
1631,0.5215235987620507,0.06094797945799127,0.14180019532930976,0.27572822645064826,4801,0.7568461199507724,0.4574047073526349
1632,0.4980366949255958,0.14327699980641137,0.05374650356317389,0.3049398017048189,5053,0.7637122638174334,0.466653473184247
1633,0.46704189729116985,0.02935537730114525,0.2335410107859772,0.27006171462170775,4693,0.7490035716500577,0.4427871297677392
1634,0.3252804650321858,0.17605001441258755,0.11665488746732838,0.3820146330878983,5031,0.7502127709006656,0.4392764857881137
1635,0.3100145633755402,0.186819151155979,0.1350846080090294,0.3680816774594514,4992,0.7512525171217809,0.4417067307692308
1636,0.4349095627263216,0.10699363258836031,0.36008024720813714,0.09801655747718092,4510,0.75093296270915,0.4563192904656319
1637,0.4585060644565829,0.07004585095868138,0.09184445781492705,0.37960362676980863,5003,0.7527060141858201,0.4429342394563262
1638,0.5915386531142126,0.00928044827997921,0.19244800640343235,0.20673289220237576,4675,0.7545797865797718,0.45647058823529413
1639,0.515879082602891,0.017360141745140154,0.27343034635805186,0.19333042929391706,4619,0.7491533061697119,0.4479324529118857
1640,0.4798367233043703,0.28579034750186705,0.15356437545359083,0.08080855374017164,4719,0.7743635057857303,0.5011655011655012
1641,0.4604523407667802,0.10150494679092628,0.20904085305786768,0.2290018593844258,4702,0.7570953879023317,0.4602296894938324
1642,0.40295745431247676,0.26340412840073013,0.12269926202748084,0.2109391552593122,4878,0.7686279221275867,0.481959819598196
1643,0.617821476894373,0.1689154645645432,0.16614275251262586,0.04712030602845796,4629,0.7722253433018008,0.49600345647007993
1644,0.29909967650381675,0.38774742906402776,0.07766178325489448,0.23549111117726096,5108,0.7634828881651519,0.46554424432263114
1645,0.3687815673219133,0.27593471525247,0.13519012351978393,0.22009359390583288,4869,0.7655605430019577,0.4762784966112138
1646,0.5607684434752921,0.0034775490029594065,0.2763496996551482,0.1594043078666004,4585,0.7501205839282178,0.45059978189749184
1647,0.4952323764235614,0.21354900798878088,0.17599883886562445,0.1152197767220334,4677,0.7684500543899737,0.48984391704083813
1648,0.4130512141617582,0.2159680645732785,0.24582655497034675,0.12515416629461656,4598,0.7603577611729242,0.4754240974336668
1649,0.29154555337237165,0.226407043774804,0.1751021582777678,0.30694524457505656,4872,0.7535128545628564,0.4482758620689655
1650,0.5663195422283238,0.02181485283222391,0.18982014844738934,0.22204545649206292,4688,0.7543114700841071,0.45456484641638223
1651,0.4909452640360669,0.3329123585916224,0.12300079805002267,0.05314157932228804,4782,0.7800656298487625,0.5121288163948139
1652,0.3227605768686054,0.14131520701512673,0.17189679326875162,0.3640274228475162,4904,0.7506030022766472,0.44066068515497553
1653,0.24546522849314678,0.0286568250497765,0.23786731965277969,0.488010626804297,4885,0.7303886239980368,0.4004094165813715
1654,0.3456644445189326,0.02993635502016391,0.2022404612493131,0.4221587392115905,4874,0.7401859078363233,0.4208042675420599
1655,0.42927471819590707,0.08993170579712526,0.09790033295696214,0.3828932430500055,5010,0.7526990790122369,0.4437125748502994
1656,0.3672763508297878,0.04297455761650033,0.09342604454642445,0.4963230470072873,5105,0.7391912638536333,0.41547502448579826
1657,0.37115892021879265,0.2634073038867837,0.21133748974308006,0.15409628615134377,4665,0.7625733270195763,0.4780278670953912
1658,0.42682463110568236,0.2343863935281256,0.1695384571541357,0.16925051821205644,4729,0.7663397228209434,0.4842461408331571
1659,0.4628273482349366,0.16210464143708792,0.1715399697016979,0.2035280406262775,4735,0.7630984713144977,0.47497360084477297
1660,0.34548378533916807,0.14052589890199413,0.11003780570114144,0.4039525100576964,5040,0.7498706712460618,0.4376984126984127
1661,0.6889643150916144,0.013336618814609475,0.12604104014214437,0.17165802595163168,4686,0.7600980760708574,0.46692274861288946
1662,0.3929025227517563,0.400769104259178,0.09569092975400813,0.11063744323505745,4921,0.7783402622151959,0.5064011379800853
1663,0.313495007622124,0.24420016092941027,0.12643002687893357,0.31587480456953226,5001,0.7558405394783283,0.4497100579884023
1664,0.3444362149539678,0.22878257726625534,0.15375928207928663,0.2730219257004902,4872,0.7596939248667247,0.4616174055829228
1665,0.24773336483639727,0.20183179336443577,0.18559104680804178,0.36484379499112524,4930,0.747749641034344,0.43427991886409734
1666,0.5316391333512337,0.1825246050350198,0.11288568937922053,0.17295057223452598,4801,0.7713767362819043,0.49156425744636534
1667,0.35445120856859963,0.14330231768489665,0.13994908283195537,0.3622973909145484,4945,0.7528980883520716,0.44448938321536907
1668,0.4589611702573216,0.22467892931238692,0.14933594081249524,0.1670239596177963,4753,0.7692066725797958,0.48937513149589734
1669,0.41061448098616,0.09707997649589005,0.13968407976975733,0.3526214627481925,4919,0.7539111613550559,0.447245375076235
1670,0.4338757667616338,0.13274908848767916,0.08656398743365971,0.34681115731702733,5026,0.7568398998045273,0.45105451651412654
1671,0.3828996362821154,0.050344694911740026,0.130750976545039,0.43600469226110566,4981,0.7438262540198587,0.42662116040955633
1672,0.5099871822850559,0.28720704094787103,0.0468751230083835,0.15593065375868959,5022,0.780764164652079,0.5093588211867782
1673,0.418984910212014,0.32782532335674736,0.11470590553530863,0.13848386089593,4861,0.7748779855380735,0.4984571075910307
1674,0.4355665853409624,0.1342093290099879,0.1640699395719649,0.2661541460770849,4778,0.7594131232166206,0.46190874843030555
1675,0.25846326619515547,0.22340328907788723,0.1694252668847728,0.3487081778421844,4941,0.7500753209290845,0.43978951629224855
1676,0.3957402117393188,0.39288469195551756,0.18163035138234798,0.029744744922815754,4694,0.7732471763052241,0.5027694929697486
1677,0.41509373498653257,0.3490446317246423,0.17450381600872483,0.061357817280100285,4711,0.7712988455020484,0.4958607514328168
1678,0.4456424655095748,0.1404025194025548,0.22230506460864796,0.19164995047922234,4662,0.7587646468629552,0.46782496782496785
1679,0.6811600284936291,0.12846565892350834,0.14772602947199268,0.042648283110869815,4622,0.7719446139560262,0.49718736477715275
1680,0.4387205301063646,0.1094996958666542,0.12683092140563898,0.32494885262134227,4912,0.7578703359837643,0.4560260586319218
1681,0.5684567772852951,0.08213165861357245,0.24297530005851425,0.10643626404261827,4584,0.7594079410373668,0.4694589877835951
1682,0.6462887168091891,0.09585915785402169,0.219769819144603,0.03808230619218608,4554,0.7636910481433501,0.479358805445762
1683,0.2307552964474534,0.27915020156634224,0.13044572129056095,0.35964878069564343,5060,0.7477751130814642,0.4324110671936759
1684,0.580484331735481,0.20615152577395018,0.18064871939457888,0.03271542309598998,4627,0.7726390005299815,0.49924357034795763
1685,0.38694311742768794,0.23971832655550235,0.1644439412833537,0.2088946147334561,4774,0.7640205408522499,0.47653958944281527
1686,0.29867075067948873,0.2769452366503977,0.20412208411338756,0.22026192855672588,4750,0.758535660577813,0.4648421052631579
1687,0.2402262212787827,0.25343679424539167,0.2097112284132129,0.29662575606261254,4823,0.751110675768908,0.4472320132697491
1688,0.3673505130040933,0.29761155571079295,0.10447815734890606,0.2305597739362077,4973,0.7669748124273811,0.47617132515584154
1689,0.5530567533884292,0.060333266673817026,0.17281284308710199,0.2137971368506519,4697,0.7589664809142732,0.4639131360442836
1690,0.36597612493131515,0.25006055934797766,0.11958114333532886,0.2643821723853784,4948,0.7633644403149785,0.4686742118027486
1691,0.49232089246780303,0.12513075162469584,0.24563319603044362,0.13691515987705752,4596,0.7586143556232816,0.4691035683202785
1692,0.5651159019469904,0.18814678714471306,0.0703909664277713,0.17634634448052536,4906,0.7755781737210763,0.4979616795760293
1693,0.45614799491398605,0.2566080904595561,0.13549559654173027,0.15174831808472744,4781,0.7713368064111652,0.49257477515164194
1694,0.5017799600317587,0.01083496515738007,0.20381438404648775,0.2835706907643735,4729,0.7492526804639769,0.4415309790653415
1695,0.33274487629292654,0.23421148245308243,0.12678018948590816,0.3062634517680828,4974,0.7581586705279544,0.4557700040209087
1696,0.26085159850847,0.23860999707157948,0.1787962983267798,0.3217421060931706,4899,0.751608807927165,0.44417228005715453
1697,0.26595657876580303,0.030561130827425308,0.24966470144911818,0.45381758895765345,4851,0.733249909797022,0.40713254998969284
1698,0.36179861034680494,0.03962362869476071,0.3433522261944427,0.2552255347639917,4624,0.7435035840846231,0.4353373702422145
1699,0.42617696446643494,0.16915718017039538,0.06679479768330432,0.33787105767986536,5085,0.758463859673465,0.4550639134709931
1700,0.24164420931904404,0.22149055377341953,0.06791395294679665,0.46895128396073993,5250,0.7392722632130757,0.41085714285714287
1701,0.4929801424916084,0.23605964091174805,0.05112507825296735,0.21983513834367607,5038,0.7740939234266114,0.49027391822151645
1702,0.30774938279166236,0.14021734356523283,0.16992933324454157,0.3821039403985633,4931,0.74914389786374,0.4372338268099777
1703,0.5021456034273377,0.06939345606290358,0.09917400622256167,0.329286934287197,4946,0.75765701170764,0.4557217953902143
1704,0.2962203544222171,0.21360513517627655,0.08252451072416575,0.4076499996773406,5171,0.7471625672410919,0.4297041191258944
1705,0.36674344726733343,0.17320796278148046,0.1801583138627961,0.27989027608839,4798,0.756547796059418,0.4570654439349729
1706,0.4408621183955126,0.060534263949789835,0.1739161189693766,0.3246874986853211,4816,0.7517669231432877,0.4449750830564784
1707,0.4693818149407918,0.03466851988366489,0.12491388744811878,0.37103577772742447,4927,0.749202534245647,0.43697990663689873
1708,0.48951994288151124,0.09422251700204304,0.1696713742160977,0.246586165900348,4750,0.7590905665110993,0.4633684210526316
1709,0.35032877860275907,0.2150060848394259,0.055705865401128866,0.3789592711566862,5198,0.7521595554444236,0.4417083493651404
1710,0.5468052454589362,0.03894667753845649,0.2703757615163756,0.14387231548623175,4579,0.7532851714404117,0.4577418650360341
1711,0.4913194903741936,0.041529612901692395,0.09513578912426564,0.3720151075998484,4967,0.7519238331867215,0.44272196496879407
1712,0.4516735694612072,0.10686348603877388,0.16381327948853786,0.2776496650114811,4785,0.7573973780010187,0.458098223615465
1713,0.42402802865163397,0.1780083509730533,0.061627959707069836,0.3363356606682429,5096,0.7586578669950766,0.45467032967032966
1714,0.6311770015949025,0.07286923670186606,0.14139915248293158,0.15455460922029993,4671,0.7647195089144444,0.4767715692571184
1715,0.3542081595561682,0.2487466419636517,0.10593450870504441,0.2911106897751357,5009,0.760603887017791,0.46176881613096427
1716,0.6338555998533947,0.05476343316269835,0.207356413856708,0.10402455312719902,4592,0.7600716719698289,0.4701655052264808
1717,0.5415261373685845,0.032371062105395816,0.38344794142924365,0.042654859096776014,4523,0.750592593804284,0.45478664603139507
1718,0.3906887372471115,0.21634422953385682,0.20630210780394106,0.18666492541509058,4686,0.760955396584331,0.4737516005121639
1719,0.7327872083663027,0.059612369196428934,0.16154150108793366,0.04605892134933466,4586,0.7653592121114161,0.48320976886175315
1720,0.3030025505273255,0.25324990199147873,0.14853680647866707,0.29521074100252875,4917,0.756923708152469,0.4541387024608501
1721,0.42263676910636855,0.018562686886827207,0.09774295679189626,0.4610575872149079,5056,0.7408453726627572,0.4212816455696203
1722,0.345350796375036,0.28768706856703624,0.18156664974125478,0.18539548531667302,4748,0.7644280053574947,0.4778854254422915
1723,0.277205291945703,0.24806718910647124,0.15005032416744107,0.3246771947803847,4953,0.7532090525795138,0.4449828386836261
1724,0.4091913258180439,0.03096316080593319,0.12943547886003812,0.4304100345159847,4970,0.7428406642119374,0.423943661971831
1725,0.3572440691687265,0.234870359760392,0.07701914104263148,0.33086643002825017,5117,0.7576528570333175,0.4531952315810045
1726,0.3781574514408906,0.3490026383382869,0.23443319215158423,0.038406718069238455,4606,0.7659593925864119,0.48805905340859745
1727,0.5257466460597441,0.2933644618046783,0.12360785352978294,0.057281038605794775,4766,0.7791422425036922,0.5100713386487621
1728,0.44996599951185673,0.1856921663633297,0.12854617434516563,0.23579565977964798,4838,0.7650848004134969,0.4764365440264572
1729,0.4997057261096296,0.1989932856698151,0.15255685082047477,0.1487441374000805,4720,0.7691523920109751,0.4896186440677966
1730,0.5542778556524898,0.05320949173353775,0.09823469019154704,0.2942779624224255,4880,0.7586898052605721,0.46024590163934426
1731,0.3406420953236884,0.24317874311019072,0.20829259929454128,0.20788656227157962,4724,0.7595840308482227,0.468458933107536
1732,0.3202941798248719,0.01831545272499909,0.33381752521788455,0.3275728422322444,4688,0.7390134678286332,0.4238481228668942
1733,0.3699852248462269,0.13642301397097736,0.13383211440988962,0.359759646772906,4952,0.7532109586376133,0.4452746365105008
1734,0.2528704585219347,0.22465996688658713,0.20920853527612512,0.3132610393153532,4826,0.7500990821513478,0.4436386241193535
1735,0.4019674902371119,0.18017665332132124,0.05423133737904204,0.3636245190625248,5144,0.7565702483976969,0.4512052877138414
1736,0.4270805896893347,0.2611115787120395,0.18810574142808645,0.12370209017053946,4676,0.7672199058693759,0.487382378100941
1737,0.3323014640012453,0.1922916016991166,0.13429100514991063,0.34111592914972755,4968,0.7534660194162346,0.44585346215780997
1738,0.4587588805214198,0.15299263598205443,0.09953722300833111,0.28871126048819457,4946,0.7639267616268712,0.47068338050950265
1739,0.4650103552099185,0.12665999232587746,0.19020117581274293,0.21812847665146104,4713,0.7595491592300687,0.46594525779758117
1740,0.33021306339092305,0.3343833639721413,0.13201992224452921,0.20338365039240638,4877,0.766194327907036,0.4765224523272504
1741,0.36845566611281383,0.22890102343352745,0.1897588403300735,0.21288447012358525,4738,0.7610726018720617,0.47129590544533556
1742,0.2815350583051243,0.3163237888279693,0.2193108893791813,0.1828302634877251,4699,0.7597637559999288,0.4711640774632901
1743,0.23074110863198263,0.2549369092101127,0.16780898619240994,0.34651299596549473,4960,0.7480028171529132,0.43528225806451615
1744,0.3381522605739502,0.2540643611036264,0.05489402900807436,0.3528893493143489,5206,0.7542764677188867,0.4456396465616596
1745,0.21878569626611954,0.2786212451762743,0.09292230623445355,0.4096707523231526,5205,0.7417116446345008,0.41767531219980786
1746,0.25109178307895463,0.1529758583117947,0.224615550440853,0.37131680816839774,4845,0.7450940148079418,0.4328173374613003
1747,0.3061877261396637,0.11843455582752752,0.1567212823116368,0.41865643572117195,4970,0.7460283748827853,0.4301810865191147
1748,0.33001260724024395,0.15494269940318106,0.17681348966683805,0.33823120368973675,4864,0.7526569734830404,0.4453125
1749,0.5931309390255994,0.022738289515012576,0.08898471446567831,0.2951460569937098,4871,0.7562764278132947,0.45370560459864506
1750,0.23607450427944274,0.264999283923788,0.1773874398491274,0.3215387719476418,4907,0.7501277400508262,0.4403912777664561
1751,0.4645014431876885,0.06999291841679692,0.2922500383182757,0.17325560007723892,4599,0.7526329689042093,0.45749075886062185
1752,0.4269467350947352,0.04268247201616576,0.21980545478227242,0.31056533810682657,4741,0.7483064528549994,0.43956971103142795
1753,0.49474532449738706,0.08030455001810013,0.17107969698609568,0.25387042849841707,4750,0.757477454169856,0.45957894736842103
1754,0.4890839751114228,0.2689299449920864,0.1785276530814781,0.0634584268150127,4666,0.7732782437525978,0.4993570510072868
1755,0.4051777845506443,0.1823956374525792,0.11943171859499575,0.2929948594017809,4932,0.7618282933384461,0.46553122465531227
1756,0.505700395903116,0.3055983494618521,0.08674185520632154,0.10195939942871046,4885,0.7808198392329007,0.5095189355168884
1757,0.4678026112463476,0.337245700920216,0.13909114197355293,0.055860545859883565,4756,0.7781667585500693,0.5088309503784693
1758,0.2657895698325928,0.1235959828529482,0.24588821301759467,0.3647262342968644,4799,0.7446001144721465,0.43321525317774534
1759,0.5238027149728934,0.22585450194814224,0.10235748608179167,0.14798529699717253,4817,0.774687357125223,0.49844301432426824
1760,0.515459117749071,0.06707073607221767,0.13201163905642757,0.2854585071222838,4828,0.7581775603483565,0.46023198011599004
1761,0.5999846127487473,0.1078533490550437,0.18079478049108902,0.11136725770512007,4612,0.7650978191372432,0.4802688638334779
1762,0.43649525681720486,0.34922520386995637,0.11467773429764014,0.09960180501519882,4840,0.7780652595500901,0.5059917355371901
1763,0.41071294124637747,0.10850722776348994,0.1781367563209774,0.30264307466915513,4789,0.7547876202694199,0.4520776780121111
1764,0.35200295995492475,0.10903329927703727,0.19223147510127156,0.34673226566676646,4832,0.7499842990557123,0.4416390728476821
1765,0.43634949008710744,0.1008055036914473,0.10770107198329461,0.3551439342381506,4970,0.755059701462485,0.4488933601609658
1766,0.332720197862455,0.21093442893227815,0.09889795475599113,0.35744741844927574,5076,0.7540219966030588,0.4458234830575256
1767,0.33349349147786195,0.46076326707609544,0.18857995479346495,0.01716328665257771,4679,0.7717055402186805,0.49903825603761487
1768,0.39417943770681757,0.1855062893036405,0.16904822975740671,0.25126604323213514,4793,0.7603853384540803,0.4669309409555602
1769,0.3835588237893196,0.18775013349317513,0.12292910347244368,0.30576193924506173,4947,0.7594661323718166,0.46007681423084695
1770,0.3494691976417827,0.19049119607623444,0.1727894710555406,0.2872501352264421,4834,0.7572869740326638,0.4563508481588746
1771,0.627407133518546,0.2172708318243743,0.1321613348925104,0.02316069976456938,4691,0.7782863246346676,0.5114048177360904
1772,0.40244451167388545,0.23091103703745494,0.06256403938688876,0.3040804119017708,5116,0.7620229785286502,0.462470680218921
1773,0.4531094032248841,0.09856084591967047,0.13882299546332794,0.30950675539211747,4866,0.758171873386448,0.458281956432388
1774,0.41858470055228747,0.17609136968129382,0.07595843002882598,0.32936549973759266,5060,0.7586233702265464,0.45632411067193673
1775,0.5648659779176004,0.039631464564020696,0.11163666682072015,0.2838658906976587,4838,0.7570666343060387,0.45638693675072345
1776,0.2306516723434922,0.20438781329134928,0.21038870794576536,0.35457180641939323,4870,0.7466475344786929,0.4349075975359343
1777,0.46103619284822644,0.12325528775596986,0.3191412410550714,0.09656727834073224,4533,0.7551007605861342,0.46481358923450256
1778,0.32192713707904047,0.25389369100325765,0.05372666971266816,0.37045250220503373,5224,0.7520960351773597,0.44027565084226644
1779,0.6230768086402234,0.04162347344062844,0.10976298503371676,0.22553673288543147,4786,0.7610699000897688,0.4661512745507731
1780,0.47188837944420364,0.07698511176878335,0.3198353032014363,0.1312912055855768,4554,0.7527887733071634,0.45915678524374176
1781,0.5781068317539901,0.05951262154619612,0.22773633232149423,0.13464421437831967,4600,0.757150591371271,0.4652173913043478
1782,0.3861682519324667,0.10562903837604222,0.2546882548862292,0.25351445480526197,4677,0.7514207147622669,0.45007483429548856
1783,0.37734189414837216,0.08929249467882427,0.19464002522565893,0.33872558594714464,4804,0.7502864238616254,0.4412989175686928
1784,0.454838519362609,0.20923827638879489,0.18153386796494944,0.15438933628364676,4691,0.7651518440174676,0.48198678320187593
1785,0.40460118331081957,0.2549465692765958,0.22811782197435224,0.11233442543823245,4613,0.7632994267980295,0.4792976371125081
1786,0.4402497728572729,0.14429650678056435,0.1729261732551189,0.24252754710704397,4757,0.7597589879275523,0.4654193819634223
1787,0.3490370182323398,0.28767966302461356,0.1496199815598024,0.21366333718324423,4831,0.7648872935860823,0.47505692403229144
1788,0.39207237287849206,0.22016073046320936,0.12792500504249124,0.25984189161580734,4897,0.7628406855928923,0.46865427812946703
1789,0.2497021086666035,0.2391942105320619,0.16856320283469944,0.34254047796663517,4940,0.749656933627002,0.438663967611336
1790,0.4459037349785217,0.05828192869647648,0.2937861715307122,0.2020281647942896,4616,0.7500382433656368,0.4512564991334489
1791,0.42784994396966713,0.12359486121220868,0.18211824198705967,0.26643695283106456,4755,0.7565793148102707,0.45678233438485805
1792,0.22281481357211022,0.33100458511186004,0.23402501011751506,0.21215559119851474,4707,0.7547695871870858,0.45867856384108774
1793,0.2083616495055974,0.28958192710195824,0.18494553307925396,0.3171108903131905,4895,0.7486843302879445,0.43861082737487234
1794,0.5162489488622312,0.2960509403852151,0.18366033890067612,0.004039771851877673,4649,0.7751778845432468,0.5065605506560551
1795,0.35425150449731585,0.14009392082308142,0.14258905281986248,0.36306552185974034,4939,0.7527221160662195,0.44421947762705
1796,0.5715907910231528,0.01312831689629659,0.22580260941523514,0.18947828266531555,4651,0.7523844334772267,0.4540958933562675
1797,0.4056506434260077,0.32887901303948186,0.19960645506861005,0.06586388846590044,4661,0.769090528514721,0.49173996996352715
1798,0.41351010226618934,0.25853814995943886,0.04665911772534809,0.2812926300490238,5145,0.7646353115299239,0.46705539358600584
1799,0.24049614850437562,0.22172243293009442,0.109871863269905,0.4279095552956251,5144,0.7423937987322738,0.4201010886469673
1800,0.37709854479635685,0.19640722789513623,0.11626672479363338,0.3102275025148734,4975,0.7589760322217156,0.4592964824120603
1801,0.5262285200178045,0.11233265739871025,0.20981489104558546,0.15162393153789983,4631,0.7605456798186176,0.4716044050960916
1802,0.48717381259006454,0.08764389527681261,0.2495860807239871,0.17559621140913576,4622,0.755524731910214,0.4621376027693639
1803,0.5326648171770829,0.07994232821979308,0.16879355158714543,0.21859930301597855,4706,0.7596998642305042,0.4653633659158521
1804,0.5259943518168878,0.20523037431426114,0.047520161034200925,0.22125511283465,5025,0.7744072783895699,0.4919402985074627
1805,0.43099790324715104,0.2068013542198007,0.05338578136973695,0.30881496116331125,5117,0.7623463319290135,0.46257572796560487
1806,0.5079497608356686,0.09835794076169614,0.2114628801354221,0.182229418267213,4657,0.7593564282153954,0.4696156323813614
1807,0.292787138494559,0.21605126650527776,0.17728029054429184,0.3138813044558714,4878,0.7530507960463799,0.44751947519475194
1808,0.3701167741104695,0.04880121513822161,0.1042731287021704,0.47680888204913846,5074,0.7418096779324131,0.42175798186834845
1809,0.6318392551637262,0.1614011078609926,0.11312101702623094,0.09363861994905026,4704,0.7757124350651782,0.5017006802721088
1810,0.35708444751189505,0.014354840133177591,0.19890454703759491,0.4296561653173324,4883,0.7390526064076618,0.41757116526725374
1811,0.2943429473526064,0.273050500277671,0.19276807560305814,0.2398384767666644,4775,0.7580986920458948,0.4624083769633508
1812,0.5027422641938164,0.15349611970312638,0.13208898572521596,0.21167263037784123,4786,0.7664187839319894,0.479314667781028
1813,0.6682748891718583,0.0802993298879042,0.18897830151052755,0.06244747942970997,4573,0.7642201560720658,0.4791165536846709
1814,0.6842997117653808,0.06818508430747017,0.12130469073712881,0.12621051319002022,4665,0.7673739499687761,0.48188638799571276
1815,0.363099868838494,0.19113660429989274,0.2412495030381569,0.20451402382345632,4658,0.7560020946313397,0.4626449119793903
1816,0.2626634503262992,0.08745279900896302,0.18641739382407138,0.46346635684066634,4961,0.738681168217652,0.41685144124168516
1817,0.5167613374375243,0.18223888123238877,0.1581552114242254,0.14284456990586156,4710,0.7690442748423933,0.48980891719745223
1818,0.59339814307625,0.16710131961869973,0.23922555549604727,0.00027498180900293847,4559,0.766104600855266,0.48870366308400964
1819,0.35963433388325816,0.12110167405955036,0.19299723602462618,0.32626675603256544,4800,0.751625990478273,0.444375
1820,0.327504827537084,0.07386313140213661,0.19845169808974902,0.4001803429710304,4869,0.7440710941404834,0.4290408708153625
1821,0.4172005209130774,0.24359119776021332,0.04902676858885171,0.2901815127378576,5144,0.7643948597666995,0.4665629860031104
1822,0.457557015555812,0.15754992240154525,0.22485607469330962,0.1600369873493331,4630,0.7593121021895316,0.4710583153347732
1823,0.3071419810339365,0.06833427815791737,0.1377250240189874,0.48679871678915876,5032,0.7390707093601613,0.41593799682034976
1824,0.42421595488561503,0.12498738953386086,0.16122557628538894,0.28957107929513504,4805,0.7579178351344548,0.4586888657648283
1825,0.23811529914095655,0.28553289774080476,0.10938164444318563,0.3669701586750531,5124,0.7479096655064403,0.43169398907103823
1826,0.35116944038460146,0.2419847723207291,0.2767358520131436,0.1301099352815257,4571,0.7569665898640179,0.4694815138919274
1827,0.34809983897611224,0.23451963367908715,0.10767542558532657,0.3097051017594739,5022,0.7584239886267782,0.4555953803265631
1828,0.3989719138508821,0.13442756024787392,0.15765072356358553,0.30894980233765834,4844,0.7570887091228206,0.4554087530966144
1829,0.4657289550743746,0.2909781511967793,0.07677552725504838,0.16651736647379786,4962,0.7778582982966623,0.5040306328093511
1830,0.47540153842537897,0.13327263287467445,0.17934285359715949,0.21198297510278713,4717,0.7613542459081436,0.4702141191435234
1831,0.531358314864748,0.23257345541261845,0.06742628789154465,0.16864194183108897,4943,0.7775787403552683,0.5029334412300223
1832,0.30745165237675004,0.2337098489833261,0.17290065649085448,0.2859378421490693,4859,0.7563281065309855,0.45564931055772795
1833,0.23969144529580688,0.20188731364107904,0.08548228288113095,0.47293895818198317,5208,0.7393646410790021,0.41244239631336405
1834,0.6067050542424308,0.2774095160879675,0.10694446355327866,0.008940966116322894,4794,0.7830524013546308,0.5212765957446809
1835,0.3695611046189387,0.03371411932838591,0.1637637375448544,0.4329610385078208,4919,0.7418236394993437,0.4222402927424273
1836,0.48028024685548304,0.2832767455605368,0.13181715873456282,0.10462584884941746,4773,0.7755484377237494,0.5019903624554788
1837,0.3190855884223495,0.15574586071803334,0.3631538103057046,0.16201474055391252,4539,0.747315819652166,0.449438202247191
1838,0.5029174780917616,0.26632296426040547,0.13370725602103875,0.09705230162679422,4754,0.7757091291014903,0.5027345393352965
1839,0.4060013798618919,0.1398614837733064,0.09031548387126828,0.3638216524935334,5044,0.7545541936285972,0.4484536082474227
1840,0.42540123930381096,0.2989655973271226,0.2696904501378518,0.005942713231214697,4538,0.7640325432279373,0.48435434111943587
1841,0.6353281256433093,0.014719230251592354,0.2146202832741445,0.13533236083095376,4602,0.7556443669837174,0.4602346805736636
1842,0.4871068801097432,0.06714530551275838,0.08331231874868776,0.3624354956288107,4995,0.7543640551944343,0.44824824824824827
1843,0.37103523260941373,0.1641570453455811,0.15049120800943735,0.31431651403556776,4893,0.7575153582178982,0.45493562231759654
1844,0.2829669363065099,0.14048400473007813,0.13057883011163873,0.4459702288517734,5054,0.7436024616938725,0.42402057776019
1845,0.5764267383463817,0.06125916905929973,0.26979871604994127,0.0925153765443773,4556,0.7568026366766536,0.46488147497805093
1846,0.36337266329611984,0.2854264625338731,0.29377812956390525,0.0574227446061018,4532,0.7584048948522852,0.47241835834068846
1847,0.27825437717344287,0.07474833249799276,0.24598598081442194,0.40101130951414243,4827,0.7404621426385427,0.42345141910089085
1848,0.7082034241601742,0.12354877212416299,0.07733683164714616,0.09091097206851646,4742,0.7772276188564871,0.504217629692113
1849,0.3773479291951768,0.07031202291814839,0.1753100161430469,0.3770300317436278,4866,0.7475325541745715,0.4358816276202219
1850,0.6406669725883346,0.20973671632330915,0.1210291718321761,0.028567139256180107,4700,0.7787083177937583,0.5117021276595745
1851,0.7587180258813269,0.11186110966568158,0.11016179730800621,0.01925906714498533,4642,0.7740077145155876,0.503446790176648
1852,0.5499313646638105,0.06665049839145622,0.09432494302691173,0.28909319391782157,4889,0.7609392396454356,0.46471671098384126
1853,0.39557519326901286,0.3495478169928178,0.07184514178973748,0.18303184794843183,5032,0.7746464661901153,0.49423688394276627
1854,0.372277600934375,0.17375685844492916,0.1479976272574331,0.3059679133632627,4891,0.7583626962014337,0.45716622367613985
1855,0.6836839812116742,0.06147994868771669,0.07985624688832459,0.1749798232122845,4788,0.7696621668043543,0.48412698412698413
1856,0.6240270374097178,0.04919731151301824,0.17603964914634798,0.1507360019309161,4640,0.7606367873383754,0.4713362068965517
1857,0.3625363342326103,0.21817304925148198,0.1207981370492415,0.2984924794666662,4965,0.7596768049017109,0.45961732124874116
1858,0.5103163764623732,0.08887219089845559,0.12894814246002825,0.2718632901791431,4826,0.7601884392299268,0.4645669291338583
1859,0.26979727197096853,0.1730973849763872,0.15414250638614632,0.40296283666649796,4997,0.7462393409252381,0.43005803482089255
1860,0.6320870868728331,0.19307859718955872,0.08897797134584416,0.085856344591764,4771,0.778939565839398,0.5078599874240202
1861,0.4538552867788798,0.26754859834162464,0.1898701294850247,0.08872598539447073,4662,0.7689772136038419,0.49077649077649077
1862,0.44289134880232645,0.16773573809082923,0.1857223601346619,0.20365055297218237,4712,0.7613820805937942,0.47092529711375214
1863,0.531150113640672,0.13771052997536473,0.20053597968283154,0.13060337670113165,4639,0.7631261741662162,0.478766975641302
1864,0.26852918226875266,0.28605699216224545,0.23151064733524587,0.21390317823375612,4714,0.756792051322802,0.46330080610946117
1865,0.3344763217936444,0.09793111247058875,0.14967910625900213,0.4179134594767647,4963,0.7465469352484517,0.43179528510981263
1866,0.37912323814567145,0.26562606485377704,0.1720750876140411,0.1831756093865104,4754,0.7653522163107416,0.48127892301220027
1867,0.35577693530596793,0.24294954359482776,0.11407521282794049,0.28719830827126386,4989,0.7611995848181624,0.4626177590699539
1868,0.4282436155107064,0.30489747019020547,0.0726945588043796,0.1941643554947086,5009,0.7742988778317915,0.4933120383310042
1869,0.5599306238173432,0.14670921041077556,0.1621488617701829,0.13121130400169845,4661,0.7672208146921284,0.4855181291568333
1870,0.4822066986826444,0.30920286559090887,0.15122372701390613,0.05736670871254053,4717,0.7761365719024156,0.5043459826160696
1871,0.5338420543308467,0.1447706017789305,0.14391135919196651,0.17747598469825626,4726,0.7673663998709829,0.4837071519255184
1872,0.29616682593355353,0.18259110516950394,0.10359187035404405,0.4176501985428985,5099,0.7465654321399414,0.4300843302608355
1873,0.2796289809645777,0.2517433089862313,0.12358458107318625,0.3450431289760047,5037,0.7518369760230822,0.44192972007147113
1874,0.4303405079622461,0.42693884912626556,0.13208065750341705,0.010639985408071229,4802,0.781127060959466,0.5174927113702624
1875,0.3660935071889637,0.12843789172760836,0.08330735926248613,0.4221612418209418,5101,0.748767391910508,0.4344246226230151
1876,0.49315867174709166,0.3430726562427025,0.06925245827926006,0.09451621373094586,4955,0.7830238555195856,0.5148335015136226
1877,0.3799873790868602,0.042101091073131855,0.3173380601586718,0.2605734696813363,4636,0.7448149189633465,0.4374460742018982
1878,0.25579355262222114,0.16740466100531878,0.260151806827092,0.3166499795453681,4737,0.7477098282437764,0.4407853071564281
1879,0.48977715625001866,0.04226302496637634,0.16453573995302226,0.3034240788305826,4800,0.7531862539666784,0.4477083333333333
1880,0.46363628813753177,0.09640842437741057,0.14996694749339812,0.2899883399916596,4813,0.7579574987877745,0.45875753168501976
1881,0.492224072069406,0.17098435205202386,0.19174267994778874,0.14504889593078135,4664,0.7645071554230708,0.48263293310463123
1882,0.3821009163944099,0.2685915998631614,0.288839443913216,0.06046803982921267,4534,0.7588579327391629,0.4739744155271284
1883,0.5321720568814944,0.029074356908114076,0.22834223092565759,0.21041135528473395,4657,0.7524585968964207,0.453296113377711
1884,0.4356075188049249,0.17710175187014515,0.13862333910194363,0.2486673902229863,4831,0.7628456623426515,0.470916994411095
1885,0.5245385685417723,0.22711729010006007,0.06669398547342992,0.18165015588473787,4955,0.7768189422329553,0.5013118062563068
1886,0.36867043954051887,0.17176216634983776,0.1418818226262758,0.3176855714833676,4912,0.7574139472701747,0.4554153094462541
1887,0.5475251866452796,0.16652175882371037,0.18209469333438463,0.10385836119662537,4640,0.7670526514103029,0.4857758620689655
1888,0.38695705492051935,0.250595106966585,0.07257467095664576,0.28987316715624994,5087,0.7625657934321127,0.4635344997051307
1889,0.7422577236154656,0.03526278577136998,0.1369187243181576,0.08556076629500672,4619,0.7644191537967975,0.47802554665512015
1890,0.3535428969574272,0.12466392114920682,0.11898991815872843,0.40280326373463754,5019,0.7496990776372305,0.4371388722853158
1891,0.44572904035975497,0.36640445186269416,0.07681623602809792,0.11105027174945292,4947,0.7802036958624722,0.509399636143117
1892,0.299284581345394,0.039794143623075595,0.25575144539733374,0.4051698296341968,4806,0.7384693298194568,0.4196837286724927
1893,0.40383544577316927,0.1668803898728365,0.058311409464180834,0.3709727548898135,5129,0.7551692510752935,0.4482355234938585
1894,0.3127173917239479,0.08127734912455314,0.22759655243024876,0.3784087067212502,4812,0.7434218654549429,0.42768079800498754
1895,0.6197975621662318,0.13454540284923877,0.2130114018679691,0.03264563311656028,4579,0.7658534056951298,0.4852587901288491
1896,0.1758674524340281,0.2680483782235983,0.18633292119453354,0.3697512481478401,4970,0.7430375001700897,0.4251509054325956
1897,0.28510703547286603,0.1619128662018428,0.19764482608095468,0.3553352722443364,4868,0.7485871632947265,0.4394001643385374
1898,0.42038185196209155,0.25633231031168796,0.08331943593639968,0.2399664017898208,5009,0.7691889147193944,0.48093431822719107
1899,0.210662378573531,0.1940090124138484,0.14861803037384247,0.44671057863877806,5068,0.7397679069746991,0.4163378058405683
1900,0.18777980665537736,0.27511166546921234,0.194681679630365,0.3424268482450453,4917,0.7455451533344724,0.4309538336383974
1901,0.48683524115502913,0.04895273498138434,0.22081141549465738,0.24340060836892916,4687,0.7521854846780476,0.451248133134201
1902,0.5597047374648905,0.12615923567634524,0.2170844733514014,0.09705155350736307,4608,0.7631727326543595,0.4789496527777778
1903,0.2821424782648532,0.20532861019453316,0.14323690618116017,0.3692920053594534,5001,0.7491489732555117,0.4371125774845031
1904,0.36559262985362545,0.15042957711335614,0.2928481381204764,0.19112965491254214,4595,0.7528953405377242,0.45832426550598476
1905,0.4140821324873331,0.3174788984582506,0.09984629820980333,0.1685926708446129,4912,0.774920197193982,0.4971498371335505
1906,0.3828428086740311,0.03303203839404599,0.2027931611679311,0.3813319917639918,4835,0.7432133575542847,0.4270941054808687
1907,0.5562439285091624,0.20015868137459986,0.149745236381179,0.09385215373505863,4688,0.7736129518809496,0.4976535836177474
1908,0.47767513698449227,0.015016965761861876,0.2002199974825152,0.3070878997711307,4759,0.7486229060697471,0.43979827694893886
1909,0.3831975635396655,0.10630559143839624,0.3781533427777717,0.1323435022441665,4518,0.7483315776736362,0.45086321381142097
1910,0.26021260814578406,0.08747131496467214,0.11045275365353184,0.5418633232360119,5134,0.7349537109198041,0.405336969224776
1911,0.41662341528670815,0.10232703089156303,0.22484677710842782,0.25620277671330094,4704,0.7536146015733455,0.45216836734693877
1912,0.378149197930459,0.20202213280680523,0.06154668887082652,0.35828198039190917,5147,0.7562497959930687,0.45074800854866914
1913,0.4435674518442782,0.03747920540230546,0.14671484029331439,0.372238502460102,4902,0.7480051366209352,0.4357405140758874
1914,0.3730708095265679,0.14475888659339922,0.08123834620250997,0.40093195767752293,5091,0.751521499590132,0.44038499312512275
1915,0.5568799392209257,0.2744715781011994,0.06987595235060333,0.09877253032727146,4910,0.7823996253368816,0.5146639511201629
1916,0.5557193355481101,0.088622278764816,0.24535751093927458,0.11030087474779936,4595,0.7591430912614849,0.46964091403699676
1917,0.552230570923089,0.09577202641139097,0.07763013584071204,0.27436726682480794,4929,0.7644152175684286,0.4723067559342666
1918,0.4920153516100952,0.2355105475481726,0.17189277361381797,0.10058132722791424,4679,0.7705272161825375,0.49241290874118404
1919,0.4035599016641325,0.005747732777174938,0.20581784867835562,0.38487451688033686,4830,0.7423322314520457,0.42629399585921324
1920,0.27333677374603127,0.3471826028007935,0.09845617386960233,0.2810244495835729,5082,0.7579867151064427,0.453168044077135
1921,0.2405097271388048,0.23565437291896218,0.1928469989442935,0.33098890099793954,4885,0.7487971270078567,0.43889457523029685
1922,0.3319925253403586,0.1746069211630378,0.2572145805721154,0.23618597292448815,4665,0.7534566001973815,0.4565916398713826
1923,0.23037741858891364,0.17664568082453364,0.16238955906521316,0.4305873415213395,5012,0.7413870974913823,0.4207901037509976
1924,0.278793512832997,0.358891355484012,0.06715115079388705,0.2951639808891039,5201,0.7570328315560819,0.4508748317631225
1925,0.4997852913518303,0.13948063327632967,0.21843504883477907,0.14229902653706103,4633,0.7611255091021433,0.4750701489315778
1926,0.732066075404517,0.04029719044067779,0.15022466240778576,0.0774120717470194,4605,0.7639855616570896,0.4781758957654723
1927,0.35139044426704263,0.3085537127922482,0.22572416302979778,0.11433167991091141,4628,0.7639851519000914,0.48120138288677616
1928,0.5441400767760062,0.24600017277343264,0.20385611581137225,0.006003634639188905,4609,0.7719077437169657,0.5001084834020395
1929,0.32112230382662466,0.11701257587799356,0.26825480966939597,0.29361031062598586,4706,0.7485090359964901,0.4426264343391415
1930,0.6751402855628577,0.053486192036829944,0.2533850233350952,0.01798849906521727,4528,0.7589975486571717,0.46974381625441697
1931,0.31454256568135686,0.12257379390127066,0.1982603078426837,0.3646233325746888,4843,0.747826248445525,0.4365062977493289
1932,0.3363206220196236,0.1700805110142113,0.0682152995571011,0.425383567409064,5168,0.7476000760469617,0.4315015479876161
1933,0.4080502628383506,0.21288852652120543,0.24637308406600752,0.13268812657443643,4603,0.7600133766744538,0.4744731696719531
1934,0.27795904980228675,0.12610193151698273,0.16281134423376528,0.4331276744469653,4982,0.7435823907252076,0.4249297470895223
1935,0.4697382815119025,0.13909548750578712,0.10105915249645742,0.29010707848585304,4936,0.763105182448291,0.46880064829821716
1936,0.3176071256570248,0.2380120573765424,0.2567143171461393,0.18766649982029351,4636,0.7557696818161452,0.46440897325280417
1937,0.28252750023881207,0.14349762589259932,0.07472081167118909,0.49925406219739954,5198,0.7393154098195581,0.41265871489034245
1938,0.4677977441551145,0.1768665599707013,0.06540152520230935,0.2899341706718748,5042,0.7650672148142694,0.47005156683855615
1939,0.4013060747865475,0.2526202666599462,0.17903561848212357,0.16703804007138276,4725,0.7660122299296919,0.484021164021164
1940,0.39568260412613365,0.16482383562615982,0.18366033060802567,0.25583322963968086,4767,0.7588011996950612,0.46234529053912315
1941,0.4680423424311649,0.2913878347769857,0.20482381121962065,0.035746011572228745,4630,0.7703892652275824,0.49654427645788335
1942,0.43667530299273155,0.08028544110279895,0.08237863587460076,0.40066062002986874,5048,0.7514017684941215,0.44076862123613314
1943,0.39091414909289435,0.16509221273029848,0.17592780579134318,0.268065832385464,4785,0.7582718456242099,0.46102403343782655
1944,0.679058641905972,0.007564965968122766,0.14763398840368677,0.1657424037222186,4664,0.7581060300870405,0.46397941680960547
1945,0.40765639118527225,0.25123329993808574,0.0879186818889057,0.25319162698773634,5005,0.7680257061529192,0.4781218781218781
1946,0.4499700151771611,0.09275602150673191,0.08637428456385858,0.37089967875224833,5020,0.7544377878447692,0.4460159362549801
1947,0.7458441813972345,0.030344970298779025,0.09465494385521792,0.12915590444876834,4690,0.7654448087486434,0.4791044776119403
1948,0.4536610824725883,0.10051717045949513,0.1352631601574844,0.31055858691043214,4873,0.758338043121076,0.4586497024420275
1949,0.36321817661350914,0.26366084173518256,0.1729572435814031,0.20016373806990517,4764,0.7640580313473019,0.47712006717044503
1950,0.3844694449797688,0.14472210776749087,0.1583125493342662,0.3124958979184742,4855,0.7566995804297242,0.45396498455200823
1951,0.4573480553473928,0.05439292142462345,0.31279140439325825,0.17546761883472548,4591,0.7507106618345963,0.4532781529078632
1952,0.590097711420704,0.09852985989782471,0.14563929595335307,0.16573313272811818,4693,0.7653879779528353,0.4792243767313019
1953,0.4235960002224078,0.2452974178919956,0.0749908729333877,0.2561157089522088,5034,0.768359291507992,0.47814858959078266
1954,0.4478571559819914,0.07164830133393561,0.15522884162098757,0.32526570106308544,4846,0.7541377882379259,0.45109368551382584
1955,0.41559613231762665,0.224643194564854,0.12951397323195724,0.23024669988556215,4856,0.7660399806159158,0.4767298187808896
1956,0.2659277229946052,0.0962291300206127,0.26469172753557585,0.37315141944920627,4777,0.7421054291716074,0.4276742725559975
1957,0.5107356739396745,0.1913146111398912,0.208007052630314,0.08994266229012042,4618,0.7654733820451933,0.4844088349935037
1958,0.45761998545749216,0.22533734562672875,0.13725750277851162,0.1797851661372674,4787,0.7697127897164917,0.48819720075203676
1959,0.5156308943132685,0.11656318627097248,0.06430686459016491,0.3034990548255941,5011,0.7631832444871538,0.46737178207942526
1960,0.44678709294165425,0.14970647311792978,0.2247003009958856,0.17880613294453035,4644,0.758832396767678,0.4698535745047373
1961,0.5612332591112256,0.0019906399850589287,0.20787303390065104,0.22890306700306443,4684,0.7512134418352038,0.449402220324509
1962,0.44501561923433225,0.2539225690893332,0.1816129442112953,0.1194488674650393,4683,0.7682932957348655,0.48985692931881275
1963,0.26267076675481443,0.2519120322833552,0.08303866426497454,0.4023785366968557,5195,0.7458068933493346,0.42540904716073147
1964,0.4763743987686118,0.0908520714310456,0.10205143275226099,0.3307220970480817,4947,0.7585618506412729,0.4572468162522741
1965,0.31000295891269547,0.26493208038750776,0.12575670659467653,0.2993082541051203,4990,0.7576715243632517,0.4543086172344689
1966,0.3130503939519524,0.1968079083113327,0.1570652135000825,0.33307648423663233,4919,0.753726030510463,0.44765196178084976
1967,0.376639362957783,0.23662730278748567,0.2524686707594068,0.1342646634953245,4594,0.7598873663846094,0.4734436221158032
1968,0.49587808736496614,0.09069020677116109,0.06352424139421335,0.3499074644696595,5042,0.7573343130629778,0.4533915113050377
1969,0.29985575283521304,0.0874007937602541,0.22114872592177293,0.3915947274827599,4840,0.7426162379063059,0.42665289256198347
1970,0.36010527415444427,0.11027396831108524,0.20099374322690358,0.3286270143075667,4787,0.7498314290037995,0.4416127010653854
1971,0.45369183138080926,0.2599897119398869,0.2121120290664842,0.07420642761281968,4635,0.7672618742898244,0.4893203883495146
1972,0.2887418374811782,0.25679675834809856,0.11448418283417544,0.3399772213365477,5051,0.7530502689172377,0.44486240348445855
1973,0.38508886906355994,0.3175178859789049,0.07445812671965371,0.2229351182378815,5052,0.7705380637277427,0.4819873317498021
1974,0.3453945442627826,0.18913944044487427,0.10295941810012661,0.3625065971922165,5051,0.7530939185422764,0.4444664422886557
1975,0.5488123752745261,0.34199530176856374,0.09101942051076606,0.018172902446144158,4872,0.7854889661711111,0.5262725779967159
1976,0.4527978946278542,0.1368541039298243,0.21852190996316703,0.19182609147915453,4667,0.7586368943598425,0.467538032997643
1977,0.27190103970515644,0.2712928239785673,0.1764484105381097,0.2803577257781666,4854,0.7551504714781926,0.45323444581788214
1978,0.43898169677165444,0.046561873918049605,0.24708044480890595,0.26737598450139005,4691,0.7496714660927518,0.44532082711575355
1979,0.4371913385151123,0.08256989365051001,0.13986398802753336,0.3403747798068442,4893,0.7553182509014639,0.45003065603923975
1980,0.4314363320574296,0.13296658181541673,0.13341007762395576,0.3021870085031978,4885,0.7602106735580356,0.46202661207778917
1981,0.3404805845421129,0.20096146248481142,0.24778012879105954,0.2107778241820163,4662,0.7555322440935209,0.46074646074646075
1982,0.31217870998580505,0.2912847008848779,0.09768951026678271,0.29884707886253414,5074,0.758766278268576,0.4548679542767048
1983,0.3810818648424027,0.19793912782638168,0.10965481321726107,0.31132419411395457,4990,0.7589500562347803,0.45791583166332667
1984,0.5310812649849288,0.028049387658793026,0.2521920954148646,0.1886772519414136,4633,0.7512709412394566,0.4530541765594647
1985,0.48238922297558184,0.12860727285397075,0.3455031766570973,0.043500327513350194,4527,0.7554413031741072,0.4656505411972609
1986,0.23009159849812863,0.19339116610174714,0.0811429369047259,0.49537429849539844,5227,0.7359504851816303,0.40692557872584656
1987,0.5650512575711387,0.2320537534424925,0.06851734575615347,0.13437764323021548,4901,0.7801223586626084,0.5080595796776168
1988,0.48459519622255587,0.4395694694864828,0.06602522421268006,0.00981011007828126,4989,0.7889785625579815,0.534576067348166
1989,0.4670686944842476,0.09230288836762958,0.10958831510678813,0.33104010204133466,4937,0.7586879510648207,0.4583755316994126
1990,0.21006437513932788,0.2554437181712192,0.16071472345211246,0.37377718323734044,5005,0.7446369242354981,0.42697302697302697
1991,0.5092957469857581,0.0428265515772824,0.10328465687143398,0.34459304456552564,4939,0.7545254766564836,0.44867382061145983
1992,0.433800119181097,0.1935778539680828,0.06292942564536425,0.30969260120545583,5084,0.7615039038419155,0.46144767899291894
1993,0.503032994352136,0.08545610811744225,0.3014082138537881,0.1101026836766337,4558,0.7551365741073618,0.4629223343571742
1994,0.39658560473490495,0.19016301058082688,0.12715755617065183,0.2860938285136163,4909,0.7615826120043859,0.465471582807089
1995,0.35966856030512606,0.23164378100991603,0.19276084270426458,0.2159268159806934,4738,0.7599726160888975,0.46855213170113974
1996,0.5392164932953044,0.25549662479757346,0.1705865423177016,0.034700339589420474,4660,0.7748424831540939,0.5034334763948498
1997,0.5201557264688548,0.06053227783871998,0.15660043742989516,0.2627115582625301,4765,0.7567231493737873,0.4577124868835257
1998,0.3387818723809014,0.030980401538142726,0.26265485824158286,0.36758286783937305,4771,0.7412943387383754,0.42590651854957035
1999,0.5031550957671385,0.09576586629080612,0.08521791421362951,0.3158611237284259,4962,0.7606178165693279,0.46211205159209995
