unitid,ug_enroll,urm_share,pell_share,adm_rate,tuition_instate,locale_city
100636,,,,,0.0,1.0
100654,4940.0,0.9649797570850203,0.69,0.5128633478115603,5800.0,1.0
100663,11028.0,0.2989662676822633,0.34,0.824298264409685,5806.0,1.0
100690,370.0,0.37567567567567567,0.65,0.7142857142857143,8360.0,1.0
100706,6005.0,0.20216486261448793,0.32,0.661430119176598,7492.0,1.0
100724,4882.0,0.9596476853748463,0.73,0.43723417183132823,7164.0,1.0
100733,,,,,,1.0
100751,24882.0,0.15625753556788038,0.23,0.535799522673031,7900.0,1.0
100760,2447.0,0.29505516959542294,0.62,,3270.0,0.0
100812,3621.0,0.16846175089754212,0.38,,4860.0,0.0
100830,4829.0,0.35183267757299647,0.41,0.950319375443577,6620.0,1.0
100858,20221.0,0.11057811186390386,0.18,0.786682716675114,7900.0,1.0
100937,1521.0,0.12491781722550953,0.24,0.6648624267027514,27890.0,1.0
101028,1731.0,0.4898902368573079,0.59,,3510.0,0.0
101073,652.0,0.9555214723926381,0.87,,7370.0,0.0
101116,672.0,0.6979166666666666,0.78,0.9272727272727272,15285.0,1.0
101143,2919.0,0.25590955806783144,0.47,,3270.0,0.0
101161,4620.0,0.2409090909090909,0.51,,3360.0,0.0
101189,2562.0,0.2864949258391881,0.58,0.5116666666666667,14820.0,1.0
101240,7031.0,0.25074669321575876,0.6,,3270.0,1.0
101277,40.0,0.05,0.16,,,0.0
101286,4874.0,0.33873615100533444,0.57,,3270.0,1.0
101295,6371.0,0.07910846021032805,0.54,,3570.0,0.0
101301,2116.0,0.750945179584121,0.73,,3270.0,0.0
101365,414.0,0.6714975845410628,0.72,0.7906976744186046,10933.0,0.0
101435,1107.0,0.2140921409214092,0.41,0.6217287866772403,19400.0,1.0
101453,60.0,0.13333333333333333,0.58,,9360.0,0.0
101462,1557.0,0.7597944765574823,0.75,,3270.0,1.0
101471,551.0,0.6642468239564429,0.0,,1308.0,0.0
101480,8100.0,0.30839506172839504,0.46,0.8396564065855404,6780.0,0.0
101499,1314.0,0.350076103500761,0.6,,3278.0,0.0
101505,9688.0,0.2565028901734104,0.32,,3630.0,1.0
101514,12134.0,0.26339212131201584,0.4,,3420.0,0.0
101541,322.0,0.16149068322981366,0.43,0.8154362416107382,13900.0,0.0
101569,4863.0,0.805469874563027,0.7,,3570.0,1.0
101587,1915.0,0.5441253263707572,0.64,0.40518134715025905,6524.0,0.0
101602,1928.0,0.2308091286307054,0.59,,3270.0,0.0
101648,454.0,0.3392070484581498,0.45,0.4406631762652705,8570.0,0.0
101675,1668.0,0.9850119904076738,0.83,,9896.0,0.0
101693,1480.0,0.2722972972972973,0.55,0.7460496613995485,16120.0,0.0
101709,2512.0,0.18272292993630573,0.4,0.7229629629629629,7750.0,0.0
101736,4489.0,0.14969926486968144,0.56,,3450.0,1.0
101879,6161.0,0.17367310501541958,0.4,0.8685015290519877,5426.0,1.0
101897,3435.0,0.09461426491994178,0.63,,3420.0,0.0
101912,1867.0,0.8982324584895555,0.49,0.5112443778110944,14250.0,1.0
101949,1503.0,0.5076513639387891,0.64,,3270.0,0.0
101958,86.0,0.26744186046511625,0.79,,8685.0,1.0
101994,743.0,0.6285329744279946,0.71,,3360.0,0.0
102030,3725.0,0.611006711409396,0.56,,3270.0,1.0
102049,2938.0,0.10347174948944861,0.17,0.8669404517453799,21942.0,0.0
102058,441.0,0.9659863945578231,0.75,,5440.0,0.0
102067,6075.0,0.3606584362139918,0.46,,3270.0,1.0
102076,2483.0,0.07007652033830045,0.53,,3390.0,0.0
102094,11658.0,0.23614685194716076,0.35,0.8644998855573358,5748.0,1.0
102234,1383.0,0.2769342010122921,0.38,0.5306549487340447,26730.0,1.0
102261,195.0,0.35384615384615387,0.63,0.8695652173913043,11600.0,0.0
102270,1056.0,0.8503787878787878,0.82,0.4854586129753915,14464.0,1.0
102298,706.0,0.9164305949008499,0.99,,11111.0,0.0
102313,1758.0,0.626848691695108,0.62,,3270.0,1.0
102368,22247.0,0.45098215489728954,0.47,0.6950945815966656,5860.0,0.0
102377,2480.0,0.8451612903225807,0.61,0.5972434915773354,16750.0,0.0
102395,128.0,0.2265625,0.51,,11700.0,0.0
102429,4704.0,0.1872874149659864,0.65,,3488.0,0.0
102553,17081.0,0.24219893448861307,0.22,,5531.0,1.0
102580,79.0,0.06329113924050633,0.11,,7130.0,0.0
102614,8652.0,0.2777392510402219,0.2,,5703.0,0.0
102632,3073.0,0.21184510250569477,0.16,,5475.0,0.0
102669,519.0,0.2697495183044316,0.31,0.33459835547122074,26360.0,1.0
102711,802.0,0.2880299251870324,0.1,0.3310626702997275,,0.0
102845,1764.0,0.42290249433106575,0.86,,17750.0,1.0
103361,548.0,0.1843065693430657,0.2,,4405.0,0.0
103501,403.0,0.5161290322580645,0.57,,,1.0
103529,,,,,,0.0
103644,5662.0,0.45319675026492406,0.91,0.44646365422396855,15024.0,1.0
103723,1148.0,0.3510452961672474,0.72,,12475.0,1.0
103732,86.0,0.22093023255813954,0.72,,,1.0
103741,149.0,0.7583892617449665,0.79,,,1.0
103778,2.0,0.0,0.0,,,1.0
103787,92.0,0.8152173913043478,0.79,,9750.0,1.0
103811,409.0,0.4278728606356968,0.62,,,0.0
103893,977.0,0.6325486182190379,0.48,1.0,,1.0
103909,1099.0,0.3475887170154686,0.4,1.0,,1.0
103927,867.0,0.6239907727797002,0.46,1.0,,1.0
103945,330.0,0.7636363636363637,0.9,,15790.0,1.0
103954,83.0,0.4939759036144578,0.73,,,1.0
103963,1734.0,0.5536332179930796,0.81,,,1.0
104090,1636.0,0.530562347188264,0.76,,,1.0
104151,56562.0,0.2642586895795764,0.38,0.9050310910118711,8132.0,1.0
104160,8545.0,0.6236395552954944,0.56,,1440.0,0.0
104179,30592.0,0.28236140167364016,0.32,0.7536144804536408,8237.0,1.0
104188,261.0,0.5057471264367817,0.25,,27125.0,1.0
104294,252.0,0.28174603174603174,0.38,,,1.0
104346,7117.0,0.4160460868343403,0.41,,1950.0,0.0
104364,800.0,0.42375,0.84,,11904.0,1.0
104391,85.0,0.16470588235294117,0.85,,,0.0
104425,5585.0,0.47967770814682187,0.34,,1560.0,0.0
104434,31.0,0.45161290322580644,0.62,,,1.0
104443,138.0,0.5217391304347826,0.74,,,0.0
104504,213.0,0.3568075117370892,0.66,,,1.0
104531,2012.0,0.352882703777336,0.62,0.6822916666666666,14940.0,1.0
104568,128.0,0.2109375,0.81,,,1.0
104577,6799.0,0.32019414619797026,0.06,,1520.0,0.0
104586,1647.0,0.16150576806314512,0.31,0.8193189715079917,29428.0,1.0
104665,8.0,0.375,0.13,,30100.0,1.0
104708,21373.0,0.36513357975015204,0.34,,1734.0,1.0
104717,21657.0,0.20575333610380014,0.57,1.0,16500.0,1.0
104805,1748.0,0.4879862700228833,0.77,,,1.0
104911,240.0,0.475,0.7,,,0.0
104984,258.0,0.5232558139534884,0.56,,,1.0
105118,644.0,0.2686335403726708,0.67,,,1.0
105127,137.0,0.583941605839416,0.25,,,0.0
105136,,,,,,0.0
105145,7346.0,0.4116526000544514,0.27,,1734.0,1.0
105154,26408.0,0.29438049076037565,0.34,,1734.0,1.0
105163,521.0,0.527831094049904,0.7,0.32038834951456313,18048.0,0.0
105172,829.0,0.47889022919179736,0.69,0.329700272479564,18048.0,1.0
105206,6686.0,0.19667962907568054,0.5,,2310.0,0.0
105215,3371.0,0.17739543162266388,0.55,,,1.0
105297,2033.0,0.9945892769306444,0.18,,805.0,0.0
105330,20189.0,0.2640051513200258,0.38,0.6522519120007554,6134.0,1.0
105349,3950.0,0.3759493670886076,0.32,,1414.0,0.0
105367,519.0,0.22928709055876687,0.45,,9840.0,1.0
105428,13000.0,0.5181538461538462,0.4,,1734.0,1.0
105482,135.0,0.3111111111111111,0.54,,,1.0
105516,4414.0,0.26619845944721343,0.48,,10440.0,0.0
105525,36823.0,0.39548651657931183,0.34,,1412.0,1.0
105534,1398.0,0.5429184549356223,0.48,,,1.0
105543,1154.0,0.2772963604852686,0.56,,,1.0
105589,779.0,0.13350449293966624,0.46,0.9944903581267218,25275.0,1.0
105659,504.0,0.42063492063492064,0.62,,,0.0
105668,25266.0,0.2814849996042112,0.23,,1734.0,0.0
105677,36.0,0.0,0.31,,,1.0
105701,109.0,0.42201834862385323,0.34,,,0.0
105747,11257.0,0.2152438482721862,0.2,,1734.0,0.0
105792,6354.0,0.4963802329241423,0.32,,1734.0,1.0
105899,429.0,0.13986013986013987,0.44,0.6792452830188679,16174.0,1.0
105987,577.0,0.5736568457538995,0.69,,,1.0
106041,3244.0,0.3665228113440197,0.57,,,0.0
106102,2374.0,0.3112889637742207,0.34,,10480.0,1.0
106111,204.0,0.6764705882352942,0.83,,,1.0
106148,8410.0,0.1310344827586207,0.28,,1488.0,1.0
106245,10321.0,0.31014436585602173,0.4,0.8731132075471698,6643.0,1.0
106263,944.0,0.15254237288135594,0.34,,6280.0,1.0
106281,66.0,0.5303030303030303,0.91,,,0.0
106306,1119.0,0.934763181411975,0.79,,7312.0,1.0
106315,55.0,1.0,0.93,,,1.0
106324,99.0,0.10101010101010101,0.4,,,0.0
106342,651.0,0.08755760368663594,0.47,0.6747747747747748,21324.0,0.0
106351,81.0,0.9876543209876543,0.77,,,1.0
106360,41.0,0.2926829268292683,0.79,,,1.0
106397,17247.0,0.13237084710384414,0.25,0.6040373778443541,6768.0,1.0
106412,3283.0,0.952787084983247,0.74,0.3017241379310345,5033.0,1.0
106449,4683.0,0.10676916506512919,0.31,,2160.0,0.0
106458,10051.0,0.2072430603920008,0.49,0.6755366726296959,6640.0,1.0
106467,9138.0,0.12048588312541038,0.47,0.9088649544324772,4804.0,0.0
106485,3496.0,0.34610983981693366,0.59,,4990.0,0.0
106494,72.0,0.3333333333333333,0.71,,,0.0
106546,919.0,0.20674646354733406,0.48,0.6914893617021277,7340.0,1.0
106607,42.0,0.5476190476190477,0.74,,,1.0
106625,2508.0,0.04146730462519936,0.66,,1968.0,0.0
106704,9823.0,0.20808307034510842,0.38,0.9408531797958649,6908.0,0.0
106713,739.0,0.22056833558863329,0.47,0.6454183266932271,10760.0,0.0
106795,1465.0,0.2825938566552901,0.39,,2080.0,0.0
106810,201.0,0.12437810945273632,0.52,,9910.0,0.0
106829,278.0,0.5467625899280576,0.77,,1350.0,0.0
106838,,,,,,1.0
106883,1505.0,0.45514950166112955,0.47,,2430.0,0.0
106892,170.0,0.8058823529411765,0.86,,,1.0
106908,256.0,0.29296875,0.59,,,1.0
106980,3850.0,0.13792207792207792,0.75,,3078.0,0.0
106999,1705.0,0.05219941348973607,0.67,,2132.0,0.0
107044,4173.0,0.09178049364965253,0.28,0.7265508684863523,14040.0,0.0
107071,3311.0,0.2802778616732105,0.54,0.6258104353195431,5275.0,0.0
107080,1454.0,0.09903713892709766,0.21,0.8288288288288288,30710.0,0.0
107099,76.0,0.10526315789473684,0.71,,,1.0
107123,56.0,0.25,0.98,0.6818181818181818,,1.0
107141,1710.0,0.10877192982456141,0.36,0.7086156824782188,19730.0,0.0
107211,38.0,0.39473684210526316,0.49,,,1.0
107220,341.0,0.21994134897360704,0.39,,,1.0
107275,18.0,0.0,1.0,,,0.0
107293,64.0,0.125,0.73,,,1.0
107318,2340.0,0.6162393162393163,0.63,,2170.0,0.0
107327,2003.0,0.31153270094857716,0.53,,2000.0,0.0
107363,39.0,0.5128205128205128,0.66,,,0.0
107442,86.0,0.9883720930232558,0.82,,,1.0
107460,2421.0,0.08798017348203221,0.6,,2064.0,0.0
107488,351.0,0.1282051282051282,0.57,,2195.0,1.0
107512,1504.0,0.08776595744680851,0.3,0.627906976744186,19265.0,0.0
107521,1542.0,0.17055771725032426,0.36,,2312.0,0.0
107549,1563.0,0.02815099168266155,0.71,,2186.0,0.0
107558,630.0,0.13015873015873017,0.42,0.9498249708284714,20530.0,0.0
107585,2462.0,0.1653127538586515,0.57,,3030.0,0.0
107600,696.0,0.9339080459770115,0.85,0.7114914425427873,9450.0,1.0
107619,2155.0,0.4691415313225058,0.42,,2450.0,0.0
107637,2029.0,0.5559388861508132,0.52,,2760.0,1.0
107655,59.0,0.5084745762711864,0.65,,,0.0
107664,11199.0,0.5524600410750959,0.6,,2840.0,1.0
107725,1557.0,0.38599871547848424,0.62,,2092.0,0.0
107743,1116.0,0.06899641577060932,0.44,,1944.0,0.0
107789,108.0,0.037037037037037035,0.61,,,1.0
107831,96.0,0.10416666666666667,0.45,,,0.0
107877,631.0,0.10776545166402536,0.51,0.6679462571976967,12020.0,0.0
107974,1781.0,0.4031443009545199,0.52,,2084.0,0.0
107983,2944.0,0.33627717391304346,0.56,0.665133779264214,6426.0,0.0
107992,1851.0,0.391139924365208,0.34,,3270.0,0.0
108056,,,,,,1.0
108065,18.0,1.0,1.0,,,1.0
108092,7751.0,0.19300735388982068,0.51,0.5854788877445932,4918.0,1.0
108199,10801.0,0.945745764281085,0.0,,,1.0
108232,12179.0,0.14368995812464078,0.41,,18050.0,1.0
108250,755.0,0.32980132450331123,0.72,0.3709677419354839,18048.0,0.0
108269,,,,,,1.0
108348,68.0,0.5441176470588235,0.94,,,0.0
108649,167.0,0.8203592814371258,1.0,,,0.0
108667,6516.0,0.391804788213628,0.18,,766.0,0.0
108807,12108.0,0.29550710274198877,0.18,,762.0,1.0
108852,188.0,0.26595744680851063,0.21,0.5514285714285714,29220.0,1.0
108861,,,,,,1.0
108870,,,,,,1.0
108977,23.0,0.8695652173913043,0.88,,,0.0
109013,,,,,21325.0,1.0
109040,1693.0,0.7655050206733609,0.66,,,1.0
109086,1.0,0.0,1.0,,18478.0,1.0
109208,33440.0,0.316566985645933,0.29,,644.0,0.0
109332,420.0,0.7833333333333333,0.6,,,1.0
109350,14408.0,0.5397695724597446,0.45,,780.0,0.0
109651,1556.0,0.14138817480719795,0.46,0.6686046511627907,32168.0,1.0
109721,667.0,0.9265367316341829,0.94,0.7833655705996132,,1.0
109730,135.0,0.8,1.0,,,1.0
109785,5511.0,0.20885501723825078,0.32,0.5872291904218928,28800.0,0.0
109819,19569.0,0.6216464816802085,0.41,,766.0,1.0
109891,26.0,0.46153846153846156,0.54,,,0.0
109907,2757.0,0.45665578527384837,0.49,,624.0,0.0
109934,217.0,0.8248847926267281,0.71,,,1.0
110051,363.0,0.2837465564738292,,0.6162790697674418,18900.0,0.0
110060,214.0,0.07009345794392523,0.2,0.41818181818181815,8320.0,1.0
110097,4118.0,0.21928120446818844,0.33,0.777063599458728,28852.0,0.0
110185,862.0,0.10904872389791183,0.38,0.967032967032967,26820.0,1.0
110194,42.0,0.5476190476190477,0.75,,,1.0
110219,1525.0,0.38688524590163936,0.69,,12250.0,1.0
110246,13293.0,0.20589784096893102,0.47,,824.0,0.0
110307,,,,,,1.0
110316,91.0,0.32967032967032966,0.46,,22425.0,1.0
110334,15387.0,0.34932085526743356,0.21,,774.0,0.0
110361,3798.0,0.3104265402843602,0.44,0.707543194268858,24654.0,1.0
110370,1411.0,0.17434443656980864,0.38,0.7583527583527584,35222.0,1.0
110398,,,,,,1.0
110404,967.0,0.09720785935884178,0.11,0.12554023461617617,36282.0,1.0
110413,2545.0,0.2931237721021611,0.27,0.47187704381948986,31000.0,1.0
110422,17332.0,0.17297484421878606,0.19,0.37273333545047477,6480.0,0.0
110468,174.0,0.3505747126436782,0.49,,16660.0,1.0
110486,6651.0,0.5314990227033529,0.6,0.7146795313576844,5314.0,1.0
110495,6970.0,0.43888091822094694,0.55,0.3659805473874689,5302.0,0.0
110501,,,,,,1.0
110510,13798.0,0.5911001594433976,0.56,0.23348061859811206,5049.0,1.0
110529,18726.0,0.3882302680764712,0.41,0.6132761693723204,4807.0,1.0
110538,14757.0,0.21521989564274582,0.36,0.8136838314728124,5620.0,1.0
110547,10947.0,0.6822873846715996,0.56,0.5897409539473685,4849.0,1.0
110556,17937.0,0.4423259184925015,0.52,0.7194295900178254,4879.0,1.0
110565,29962.0,0.38502102663373605,0.36,0.5509277407552594,4858.0,1.0
110574,10286.0,0.34804588761423294,0.38,0.7331267217630854,5091.0,1.0
110583,27534.0,0.38744824580518633,0.42,0.3176575946878686,4810.0,1.0
110592,16098.0,0.5915020499440924,0.6,0.6722445545480041,4848.0,1.0
110608,30139.0,0.44185274892995785,0.45,0.7253715447548047,5076.0,1.0
110617,23461.0,0.3170367844507907,0.46,0.8044148775325068,5195.0,1.0
110635,25540.0,0.1667580266249021,0.34,0.216178464319461,10940.0,1.0
110644,24670.0,0.1982975273611674,0.41,0.4736717939039351,11958.0,0.0
110653,21976.0,0.19534947215143794,0.37,0.4415084077414676,11232.0,1.0
110662,26162.0,0.21856127207400045,0.36,0.2186591015190146,10781.0,1.0
110671,18242.0,0.4007236048678873,0.55,0.8376301593275625,11029.0,1.0
110680,23663.0,0.17313950048599078,0.46,0.3621334466638334,11306.0,1.0
110699,,,,,,1.0
110705,19186.0,0.2865631189408944,0.36,0.48146906294706726,11686.0,0.0
110714,15668.0,0.2568930303803932,0.38,0.6355195067346864,11505.0,1.0
110778,,,,,,1.0
110875,94.0,0.5,0.51,,,1.0
110918,20.0,0.6,0.75,1.0,7460.0,1.0
110945,485.0,0.5917525773195876,0.61,,15790.0,1.0
111009,900.0,0.03888888888888889,0.44,,17771.0,1.0
111054,195.0,0.5384615384615384,0.63,,,0.0
111081,908.0,0.23458149779735682,0.36,0.1564748201438849,36742.0,0.0
111188,855.0,0.2222222222222222,0.34,0.778534923339012,5294.0,1.0
111391,,,,,,1.0
111434,6768.0,0.4995567375886525,0.14,,780.0,0.0
111461,23332.0,0.45109720555460314,0.13,,670.0,0.0
111513,209.0,0.3253588516746411,0.54,,,0.0
111638,587.0,0.7342419080068143,0.67,,,1.0
111708,282.0,0.8829787234042553,0.54,,,1.0
111717,711.0,0.8917018284106891,0.55,,,1.0
111726,305.0,1.0,0.46,,,1.0
111744,268.0,0.7947761194029851,0.51,,,1.0
111762,146.0,0.9657534246575342,0.43,,,1.0
111771,198.0,0.9040404040404041,0.49,,,0.0
111799,227.0,0.9691629955947136,0.4,,,1.0
111887,22142.0,0.6067202601391022,0.42,,780.0,0.0
111896,6642.0,0.34733514001806687,0.14,,728.0,0.0
111920,15084.0,0.504574383452665,0.25,,756.0,1.0
111939,19469.0,0.609481740202373,0.37,,710.0,0.0
111948,4910.0,0.1718940936863544,0.21,0.49602780536246277,38524.0,1.0
111966,125.0,0.728,0.63,,11300.0,0.0
112075,1558.0,0.19191270860077023,0.28,0.6372651356993737,26000.0,1.0
112084,471.0,0.3375796178343949,0.46,0.4781491002570694,22692.0,0.0
112127,,,,,,1.0
112172,12386.0,0.5967221056031002,0.33,,814.0,0.0
112181,,,0.0,,,
112190,32966.0,0.3085603348904932,0.23,,734.0,1.0
112251,,,,,,0.0
112260,1261.0,0.1316415543219667,0.14,0.17096622889305815,40230.0,0.0
112288,335.0,0.7402985074626866,0.55,,,1.0
112312,80.0,0.2875,0.36,0.0,6532.0,1.0
112367,872.0,0.5011467889908257,0.12,,,0.0
112376,,,,,,1.0
112385,11071.0,0.3063860536536898,0.11,,656.0,1.0
112394,238.0,0.20588235294117646,0.34,1.0,18924.0,0.0
112446,635.0,0.31496062992125984,0.57,1.0,45992.0,1.0
112455,118.0,0.3898305084745763,0.49,,,1.0
112525,,,,,,1.0
112561,3439.0,0.15178831055539402,0.22,,670.0,0.0
112570,336.0,0.3244047619047619,0.43,0.5683453237410072,17105.0,1.0
112686,8729.0,0.8479780043533051,0.24,,1265.0,1.0
112783,758.0,0.837730870712401,0.86,,,1.0
112817,,,,,,0.0
112826,7975.0,0.6003761755485894,0.28,,738.0,0.0
113096,15180.0,0.39729907773386036,0.25,,644.0,1.0
113111,6108.0,0.4163392272429601,0.19,,651.0,0.0
113193,11335.0,0.27931186590207324,0.15,,860.0,0.0
113218,9907.0,0.3700413848793782,0.25,,806.0,0.0
113227,192.0,0.984375,0.85,,,0.0
113236,16153.0,0.44332322169256483,0.26,,656.0,0.0
113333,23630.0,0.26106644096487513,0.15,,878.0,1.0
113397,498.0,0.6847389558232931,0.63,,,1.0
113449,249.0,0.6827309236947792,0.59,,,0.0
113537,33.0,0.09090909090909091,0.03,0.7777777777777778,12250.0,0.0
113573,9993.0,0.5651956369458621,0.34,,762.0,1.0
113582,261.0,0.1532567049808429,0.41,0.8333333333333334,16800.0,1.0
113607,11039.0,0.472506567623879,0.64,0.638208269525268,14940.0,1.0
113634,20703.0,0.2558083369559967,0.11,,738.0,0.0
113698,1585.0,0.29337539432176657,0.34,0.5579381443298969,35550.0,1.0
113704,,,,,,1.0
113856,35100.0,0.6928774928774929,0.26,,699.0,1.0
113908,793.0,0.6443883984867591,0.72,,,1.0
113953,4259.0,0.517257572200047,0.02,,,1.0
113980,24756.0,0.5830909678461788,0.2,,1282.0,0.0
114044,118.0,0.5084745762711864,0.8,,,1.0
114062,164.0,0.7560975609756098,0.76,,,0.0
114071,513.0,0.571150097465887,0.72,,,1.0
114080,410.0,0.8317073170731707,0.69,,,0.0
114114,,,,,,1.0
114123,609.0,0.34811165845648606,0.38,,,1.0
114266,10551.0,0.3943702018765994,0.29,,764.0,1.0
114354,4424.0,0.3069620253164557,0.31,0.6691860465116279,25586.0,1.0
114372,83.0,0.5783132530120482,0.71,,20400.0,1.0
114390,960.0,0.328125,0.36,0.695852534562212,25586.0,1.0
114415,372.0,0.3924731182795699,0.43,0.7040169133192389,25586.0,1.0
114433,1840.0,0.23206521739130434,0.3,,859.0,0.0
114460,239.0,0.3305439330543933,0.62,,,0.0
114549,,,,,,1.0
114585,,,,,,0.0
114628,137.0,0.4233576642335766,0.21,,,1.0
114716,17474.0,0.23389035137919195,0.08,,893.0,0.0
114734,,,,,,1.0
114761,90.0,0.24444444444444444,0.75,,,0.0
114789,23902.0,0.5265249769893733,0.38,,658.0,1.0
114813,2359.0,0.4362017804154303,0.56,0.7563600782778865,23904.0,1.0
114831,,,,,,0.0
114840,,,,,,1.0
114859,22562.0,0.48962857902668205,0.21,,656.0,1.0
114895,127.0,0.8346456692913385,0.52,,,1.0
114938,7611.0,0.4580212849822625,0.21,,708.0,0.0
114947,2639.0,0.0636604774535809,0.0,,,0.0
115001,16876.0,0.28537568144109976,0.37,,691.0,1.0
115010,321.0,0.4174454828660436,0.78,,,1.0
115083,421.0,0.29453681710213775,0.3,,13680.0,1.0
115126,13919.0,0.3039011423234428,0.2,,686.0,0.0
115214,,,,,,1.0
115287,,,,,,0.0
115296,19659.0,0.3720433389287349,0.21,,806.0,0.0
115357,55.0,0.7818181818181819,0.83,,,1.0
115393,9812.0,0.60069302894415,0.25,,744.0,1.0
115409,773.0,0.12807244501940493,0.14,0.2343635025754231,40390.0,0.0
115454,1452.0,0.010330578512396695,0.83,0.8256578947368421,13095.0,0.0
115472,2077.0,0.18343765045739047,0.9,0.6637426900584795,13095.0,1.0
115490,1680.0,0.29523809523809524,0.77,0.8870703764320785,13095.0,1.0
115515,1541.0,0.4737183646982479,0.75,0.8354080221300139,13095.0,1.0
115533,1775.0,0.11943661971830986,0.76,0.8719590268886044,13095.0,0.0
115658,201.0,0.736318407960199,0.86,,,0.0
115728,710.0,0.528169014084507,0.5,0.8434622467771639,28690.0,1.0
115746,,,,,,0.0
115755,7297.0,0.27504453885158286,0.45,0.8405643364803225,5750.0,0.0
115773,710.0,0.5464788732394367,0.76,,10116.0,1.0
115861,8991.0,0.9029029029029029,0.52,,763.0,0.0
115931,460.0,0.5065217391304347,0.54,,,1.0
116040,530.0,0.42641509433962266,0.63,,,1.0
116226,310.0,0.14193548387096774,0.27,,16045.0,1.0
116350,105.0,0.2857142857142857,0.53,,,1.0
116439,14037.0,0.2176390966730783,0.1,,827.0,1.0
116466,1654.0,0.562273276904474,0.61,0.39279869067103107,18048.0,1.0
116475,907.0,0.5920617420066152,0.67,0.5225225225225225,18048.0,0.0
116484,994.0,0.5754527162977867,0.69,0.3888888888888889,18048.0,1.0
116563,94.0,0.26595744680851063,0.62,,,0.0
116624,,,,,,1.0
116660,,,0.35,,,
116712,216.0,0.24074074074074073,0.63,,19465.0,0.0
116846,132.0,0.12878787878787878,0.3,0.8596491228070176,24542.0,1.0
117052,14919.0,0.5492325222870166,0.32,,658.0,0.0
117104,509.0,0.27111984282907664,0.34,0.6565656565656566,12560.0,0.0
117113,2184.0,0.29853479853479853,0.56,0.3452266152362584,18748.0,1.0
117140,4275.0,0.47578947368421054,0.25,0.681129476584022,29800.0,0.0
117168,415.0,0.163855421686747,0.43,0.5510204081632653,22890.0,0.0
117195,2909.0,0.2237882433826057,0.21,,687.0,0.0
117238,130.0,0.6307692307692307,0.79,,,0.0
117247,12471.0,0.42755192045545665,0.2,,766.0,1.0
117274,2971.0,0.41837765062268595,0.18,,647.0,0.0
117520,,,,,,0.0
117557,103.0,0.2815533980582524,0.53,,9210.0,1.0
117575,79.0,0.27848101265822783,0.53,,12552.0,0.0
117627,1755.0,0.47977207977207975,0.42,0.5346134411318848,25881.0,1.0
117636,1050.0,0.3,0.27,,28040.0,0.0
117645,26517.0,0.566768488139684,0.39,,802.0,1.0
117672,246.0,0.42276422764227645,0.01,,12200.0,0.0
117681,,,,,,1.0
117690,11149.0,0.6480401829760517,0.3,,700.0,1.0
117706,21368.0,0.4471171845750655,0.27,,699.0,1.0
117715,7591.0,0.9126597286260045,0.39,,700.0,0.0
117724,15734.0,0.7994788356425575,0.29,,700.0,1.0
117733,20667.0,0.4983306720859341,0.28,,700.0,1.0
117751,1047.0,0.13753581661891118,0.29,0.8255528255528255,25640.0,0.0
117788,20430.0,0.566079295154185,0.27,,699.0,1.0
117803,274.0,0.6496350364963503,0.27,,,1.0
117867,11357.0,0.7640221889583517,0.26,,700.0,1.0
117894,9738.0,0.5070856438693777,0.25,,738.0,0.0
117900,,,,,,1.0
117928,1637.0,0.3396456933414783,0.57,0.3217993079584775,18648.0,1.0
117946,5950.0,0.33680672268907563,0.2,0.5394427001569859,36404.0,1.0
117955,202.0,0.5,0.5,,,1.0
118116,118.0,0.5423728813559322,0.79,,,1.0
118125,77.0,0.7272727272727273,0.68,,,0.0
118134,140.0,0.6214285714285714,0.74,,,1.0
118143,71.0,0.4647887323943662,0.76,,,1.0
118161,116.0,0.1206896551724138,0.35,0.575,,0.0
118189,201.0,0.5621890547263682,1.0,,,1.0
118198,630.0,0.15555555555555556,0.67,,,0.0
118259,697.0,0.23672883787661406,0.74,,,0.0
118277,1521.0,0.10848126232741617,0.56,,,1.0
118286,1215.0,0.4156378600823045,0.61,,,0.0
118347,7353.0,0.25486196110431114,0.19,,816.0,0.0
118356,2536.0,0.7429022082018928,0.76,,,1.0
118541,794.0,0.2947103274559194,0.35,0.4682926829268293,25554.0,0.0
118684,4571.0,0.2898709253992562,0.29,,666.0,0.0
118693,646.0,0.3235294117647059,0.32,0.7084520417853751,33550.0,0.0
118709,,,,,,1.0
118718,11086.0,0.5654880028865236,0.52,,658.0,0.0
118772,6732.0,0.5046048722519311,0.18,,766.0,1.0
118888,957.0,0.31974921630094044,0.48,0.5730389854391733,37485.0,1.0
118912,14529.0,0.34744304494459355,0.1,,668.0,0.0
118921,418.0,0.37799043062200954,0.74,,,1.0
118930,10538.0,0.26931106471816285,0.23,,682.0,1.0
118958,62.0,0.8870967741935484,0.88,,,1.0
118967,943.0,0.14952279957582185,0.61,,,1.0
118976,18492.0,0.4034717715768981,0.34,,670.0,1.0
118994,30.0,0.9,0.76,,,1.0
119058,15.0,0.26666666666666666,0.53,,32056.0,0.0
119067,9674.0,0.33988009096547445,0.15,,678.0,0.0
119137,15479.0,0.2961431617029524,0.12,,824.0,0.0
119164,29064.0,0.5754541701073493,0.31,,680.0,0.0
119173,2279.0,0.6094778411584028,0.61,0.7276264591439688,30132.0,1.0
119216,16108.0,0.4371740749937919,0.29,,780.0,0.0
119234,197.0,0.19796954314720813,0.1,,17000.0,1.0
119270,1234.0,0.2325769854132901,0.59,0.9888698630136986,22500.0,1.0
119331,6350.0,0.3508661417322835,0.22,,660.0,1.0
119340,542.0,0.6586715867158671,0.6,,,1.0
119359,864.0,0.6863425925925926,0.81,,17513.0,1.0
119368,341.0,0.9296187683284457,0.83,0.8020833333333334,13518.0,1.0
119438,522.0,0.6992337164750958,0.57,,,1.0
119456,758.0,0.9261213720316622,0.69,,15560.0,1.0
119465,727.0,0.796423658872077,0.73,0.9184549356223176,,0.0
119508,847.0,0.6505312868949232,0.85,,12096.0,1.0
119544,439.0,0.929384965831435,0.62,0.4264069264069264,6920.0,1.0
119553,237.0,0.3924050632911392,0.65,,,0.0
119605,6644.0,0.3619807344972908,0.21,,11088.0,0.0
119678,,,,,,0.0
119775,398.0,0.3316582914572864,0.55,1.0,22422.0,1.0
119845,198.0,0.41414141414141414,0.49,,,1.0
119951,468.0,0.5363247863247863,0.58,,,1.0
120023,,,,,,1.0
120069,105.0,0.8,0.85,0.75,,1.0
120078,288.0,0.8368055555555556,0.95,0.4307692307692308,,0.0
120087,123.0,0.6829268292682927,0.95,0.8387096774193549,,1.0
120166,184.0,0.005434782608695652,0.0,,7340.0,0.0
120184,1002.0,0.38822355289421157,0.37,0.7346123101518784,28500.0,0.0
120254,2089.0,0.2407850646242221,0.24,0.41924515470928253,40939.0,1.0
120272,123.0,0.43902439024390244,0.46,,,0.0
120290,11979.0,0.24183988646798565,0.12,,678.0,0.0
120342,24239.0,0.3043442386237056,0.17,,686.0,1.0
120403,1158.0,0.18307426597582038,0.46,0.5,32900.0,1.0
120421,7961.0,0.7291797512875267,0.3,,824.0,1.0
120537,807.0,0.40148698884758366,0.54,0.5382882882882883,23250.0,1.0
120661,621.0,0.5217391304347826,0.7,1.0,,1.0
120698,106.0,0.16981132075471697,0.49,,17130.0,0.0
120740,,,,,,1.0
120768,129.0,0.5736434108527132,0.57,,21924.0,1.0
120795,,,,,,1.0
120838,50.0,0.02,0.07,,16000.0,1.0
120865,1495.0,0.35183946488294315,0.41,0.3988857938718663,25221.0,0.0
120883,3757.0,0.2501996273622571,0.39,0.3807985462621776,34100.0,1.0
120944,,,,,,1.0
120953,3898.0,0.4417650076962545,0.1,,728.0,0.0
120971,26231.0,0.3959437307003164,0.13,,826.0,1.0
121008,212.0,0.9339622641509434,0.82,,,1.0
121017,167.0,0.4431137724550898,0.64,1.0,,0.0
121044,27023.0,0.45635199644747065,0.27,,696.0,1.0
121071,1087.0,0.19043238270469182,0.5,,13440.0,1.0
121150,3447.0,0.23788801856686975,0.2,0.3064536419675431,39080.0,0.0
121178,,,,,,1.0
121257,1080.0,0.22777777777777777,0.19,0.2565582371458552,41130.0,0.0
121275,360.0,0.4888888888888889,0.5,,25120.0,1.0
121309,2418.0,0.18651778329197685,0.27,0.5494161207633153,27100.0,1.0
121345,1560.0,0.2403846153846154,0.17,0.147397989355411,38394.0,0.0
121363,4320.0,0.6592592592592592,0.51,,762.0,1.0
121381,780.0,0.5,0.88,0.5308641975308642,14317.0,1.0
121433,162.0,0.9814814814814815,0.86,,,0.0
121619,31377.0,0.4566720846479906,0.11,,658.0,1.0
121628,,,,,,1.0
121637,55.0,0.21818181818181817,0.65,,,1.0
121691,3032.0,0.2595646437994723,0.25,0.665458600501812,35540.0,1.0
121707,7602.0,0.2277032359905288,0.41,,648.0,0.0
121859,159.0,0.6037735849056604,0.7,,,0.0
121868,80.0,0.5625,0.77,,,0.0
121877,120.0,0.5083333333333333,0.25,,,0.0
121886,21782.0,0.6161968597924892,0.23,,666.0,0.0
121901,20585.0,0.5845518581491377,0.29,,817.0,1.0
121983,94.0,0.6063829787234043,0.54,,13332.0,0.0
121992,209.0,0.023923444976076555,0.31,,,0.0
122117,7.0,0.0,0.67,,7012.0,1.0
122180,25039.0,0.41746874875194695,0.28,,644.0,1.0
122205,24793.0,0.22558786754325819,0.08,,762.0,0.0
122287,,,,,,1.0
122296,585.0,0.147008547008547,0.28,,37021.0,1.0
122320,,,,,,1.0
122339,18549.0,0.5569033371071217,0.33,,658.0,1.0
122366,329.0,0.10638297872340426,0.26,0.8918918918918919,15840.0,0.0
122375,25972.0,0.36192823040197136,0.15,,658.0,1.0
122384,12360.0,0.2940938511326861,0.15,,658.0,1.0
122409,23960.0,0.33292988313856425,0.36,0.36365590884116483,5206.0,1.0
122436,5388.0,0.24146250927988122,0.17,0.5128902067375011,37372.0,1.0
122454,366.0,0.22131147540983606,0.36,0.9614711033274956,33294.0,1.0
122506,189.0,0.20105820105820105,0.31,0.3679144385026738,35180.0,1.0
122597,25170.0,0.2864123957091776,0.39,0.7240915684817606,5014.0,1.0
122603,,,,,,0.0
122612,5819.0,0.2789139027324283,0.31,0.6768711188582635,36380.0,1.0
122649,,,,,,0.0
122658,18610.0,0.48366469639978504,0.38,,624.0,1.0
122685,1361.0,0.6054371785451874,0.87,,12925.0,0.0
122694,984.0,0.6239837398373984,0.87,,13418.0,1.0
122728,700.0,0.23857142857142857,0.43,0.49166666666666664,19980.0,0.0
122737,,,,,,1.0
122746,11120.0,0.4676258992805755,0.21,,762.0,1.0
122755,23021.0,0.313539811476478,0.36,0.7442861723079741,5370.0,1.0
122782,,,,,,1.0
122791,10288.0,0.33028771384136857,0.14,,658.0,1.0
122834,972.0,0.7366255144032922,0.92,,11650.0,1.0
122843,5071.0,0.28239006113192666,0.73,0.47423664122137404,14447.0,1.0
122852,328.0,0.7073170731707317,0.89,,12003.0,1.0
122889,18827.0,0.38396983056249007,0.2,,814.0,1.0
122931,5107.0,0.2672802036420599,0.15,0.5923137101505965,37368.0,1.0
122977,31118.0,0.44749019859888167,0.21,,652.0,1.0
123013,24879.0,0.27955303669761644,0.15,,742.0,1.0
123095,,,,,,1.0
123165,956.0,0.2112970711297071,0.13,0.39103481163567,40450.0,0.0
123208,2015.0,0.547394540942928,0.61,0.8803571428571428,16099.0,0.0
123217,13470.0,0.5818856718634001,0.41,,670.0,1.0
123280,54.0,0.037037037037037035,0.7,0.8,10220.0,1.0
123299,9712.0,0.16896622734761121,0.33,,699.0,0.0
123341,19986.0,0.23721605123586512,0.27,,668.0,0.0
123350,164.0,0.573170731707317,0.58,,,1.0
123396,159.0,0.36477987421383645,0.57,,10000.0,1.0
123448,,,,,,1.0
123457,974.0,0.162217659137577,0.56,0.6509433962264151,21000.0,0.0
123484,2732.0,0.21852122986822842,0.4,,650.0,0.0
123493,1572.0,0.47837150127226463,0.89,,,1.0
123509,9912.0,0.3213276836158192,0.18,,811.0,0.0
123527,13822.0,0.7360005787874403,0.31,,795.0,1.0
123554,2799.0,0.3051089674883887,0.36,0.751891468823376,35430.0,0.0
123563,11801.0,0.3838657740869418,0.22,,764.0,0.0
123572,7407.0,0.233697853381936,0.27,0.7727879057358826,5508.0,0.0
123581,200.0,0.7,0.76,,,0.0
123633,388.0,0.023195876288659795,0.1,,7950.0,1.0
123642,423.0,0.39243498817966904,0.54,,,1.0
123651,1803.0,0.3139212423738214,0.3,0.7899497487437186,26342.0,1.0
123679,695.0,0.5381294964028777,0.78,1.0,,0.0
123800,19476.0,0.6797597042513863,0.26,,772.0,0.0
123855,,,,,,1.0
123916,,,,,,1.0
123925,,,,,,1.0
123943,,,,,7605.0,1.0
123952,267.0,0.26217228464419473,0.67,0.8939393939393939,27850.0,1.0
123961,17380.0,0.2289988492520138,0.22,0.24347656031737164,41022.0,1.0
123970,,,,,,1.0
124113,7920.0,0.5507575757575758,0.1,,780.0,0.0
124283,,,,,,0.0
124292,355.0,0.1295774647887324,0.31,0.7901234567901234,22400.0,0.0
124344,161.0,0.3416149068322981,0.5,,,0.0
124487,310.0,0.5258064516129032,0.72,0.5056179775280899,10130.0,0.0
124557,,,,,,1.0
124681,4370.0,0.7983981693363844,0.97,0.6386874546773024,,0.0
124706,729.0,0.6255144032921811,0.74,1.0,,1.0
124779,54.0,0.9629629629629629,0.73,,,0.0
124937,643.0,0.5956454121306376,0.69,1.0,,1.0
125019,,,,,,1.0
125028,13711.0,0.543140544088688,0.23,,824.0,1.0
125037,,,,,,0.0
125082,165.0,0.509090909090909,0.75,,,1.0
125091,12892.0,0.5520477815699659,0.37,,634.0,1.0
125170,6659.0,0.38759573509535966,0.14,,766.0,1.0
125222,,,,,,0.0
125231,9356.0,0.49914493373236424,0.55,,9480.0,1.0
125301,1362.0,0.9720998531571219,0.02,,,1.0
125310,,,0.32,,,
125462,2856.0,0.648109243697479,0.38,,624.0,0.0
125471,11915.0,0.692572387746538,0.28,,700.0,0.0
125480,,,,,,0.0
125499,12245.0,0.25161290322580643,0.14,,700.0,0.0
125532,1690.0,0.4171597633136095,0.46,0.8260869565217391,,0.0
125718,,,,,,0.0
125727,1361.0,0.18589272593681117,0.21,0.7549280767181673,34460.0,0.0
125763,1530.0,0.3784313725490196,0.34,0.7038818275506699,35582.0,0.0
125897,1282.0,0.3993759750390016,0.57,0.37534246575342467,29132.0,1.0
126012,,,,,,1.0
126030,,,,,,1.0
126049,,,,,,1.0
126076,127.0,0.0,0.69,1.0,11600.0,1.0
126100,,,,,,1.0
126119,7634.0,0.3142520303903589,0.42,,792.0,0.0
126164,87.0,0.14942528735632185,0.53,,,1.0
126182,2493.0,0.4151624548736462,0.61,0.5511423550087874,4971.0,0.0
126207,5340.0,0.26685393258426965,0.32,,2826.0,1.0
126289,9961.0,0.14857945989358498,0.46,,2492.0,0.0
126359,857.0,0.1633605600933489,0.47,0.9207708779443254,9656.0,1.0
126401,719.0,0.3991655076495132,0.79,0.8054298642533937,14271.0,1.0
126410,152.0,0.06578947368421052,0.36,,11020.0,1.0
126562,13337.0,0.20349403913923672,0.26,0.6063917525773196,7214.0,1.0
126580,7402.0,0.17400702512834368,0.32,0.652201795639162,6029.0,1.0
126605,738.0,0.2940379403794038,0.73,,13274.0,0.0
126614,26648.0,0.10507355148604022,0.18,0.8282269503546099,8511.0,1.0
126669,2381.0,0.13985720285594289,0.36,0.7851153039832285,17335.0,0.0
126678,2065.0,0.12784503631961258,0.11,0.3356471115091805,38748.0,1.0
126687,651.0,0.4162826420890937,0.66,1.0,,1.0
126702,2235.0,0.17852348993288591,0.45,0.4855457227138643,17532.0,1.0
126711,6088.0,0.1588370565045992,0.13,,2640.0,0.0
126748,1450.0,0.11655172413793104,0.2,,2506.0,0.0
126775,3786.0,0.10010565240359218,0.2,0.4643842616249361,13425.0,0.0
126784,164.0,0.0,0.37,,,0.0
126818,22831.0,0.12465507424116333,0.24,0.8052434456928839,6985.0,1.0
126827,2105.0,0.1368171021377672,0.47,,10665.0,1.0
126854,89.0,0.6966292134831461,0.78,,,0.0
126863,7644.0,0.4195447409733124,0.49,,3064.0,1.0
126872,792.0,0.5290404040404041,0.85,,22536.0,1.0
126915,1089.0,0.09550045913682277,0.05,,,0.0
126924,145.0,0.1793103448275862,0.55,,8650.0,0.0
126942,12901.0,0.43322223083481903,0.42,,3006.0,1.0
126951,1233.0,0.27169505271695055,0.68,,,1.0
126979,,,,,,0.0
127024,797.0,0.27603513174404015,0.65,0.5590551181102362,14227.0,0.0
127060,5455.0,0.14720439963336387,0.2,0.7157545250080326,36501.0,1.0
127158,2420.0,0.2735537190082645,0.11,,,1.0
127185,3853.0,0.31715546327536986,0.31,0.6548007838014369,4924.0,0.0
127200,20092.0,0.16180569380848098,0.33,,2600.0,0.0
127219,50.0,0.24,0.86,,,0.0
127228,257.0,0.11284046692607004,0.44,,,1.0
127273,,,,,,1.0
127316,238.0,0.3697478991596639,0.68,,,1.0
127389,1051.0,0.25404376784015226,0.35,,4538.0,0.0
127556,8046.0,0.1662938105891126,0.4,0.7971095052807116,5831.0,1.0
127565,23901.0,0.2568511777749885,0.36,0.7164552998277751,4093.0,1.0
127617,1991.0,0.17629331993972877,0.34,,2626.0,0.0
127653,447.0,0.10067114093959731,0.48,0.9213483146067416,25145.0,1.0
127680,404.0,0.4034653465346535,0.56,,12110.0,1.0
127699,440.0,0.43863636363636366,0.63,,12110.0,1.0
127714,949.0,0.13593256059009484,0.47,,10050.0,1.0
127732,2214.0,0.14950316169828365,0.34,,2858.0,0.0
127741,10464.0,0.1775611620795107,0.32,0.8817472698907957,5997.0,1.0
127778,1823.0,0.3247394404827208,0.63,,3092.0,0.0
127787,752.0,0.5970744680851063,0.82,0.6407185628742516,14256.0,0.0
127820,15299.0,0.24034250604614682,0.4,,3134.0,0.0
127839,487.0,0.37782340862423,0.71,,,1.0
127884,7943.0,0.3744177262998867,0.47,,2822.0,1.0
127909,9826.0,0.17687767148381844,0.3,,2553.0,0.0
127918,5594.0,0.18984626385412942,0.29,0.7226422602467171,30598.0,1.0
127945,684.0,0.15204678362573099,0.36,1.0,26832.0,0.0
127954,18.0,0.2222222222222222,0.39,1.0,,1.0
128036,,,,,,0.0
128106,5660.0,0.3492932862190813,0.42,0.9477882523567803,5615.0,1.0
128151,1195.0,0.5640167364016736,0.25,,2226.0,0.0
128179,569.0,0.28295254833040423,0.8,,,1.0
128188,834.0,0.3261390887290168,0.94,,,1.0
128258,1916.0,0.471294363256785,0.51,,2801.0,0.0
128300,,,,,,1.0
128328,4619.0,0.15934184888504005,,0.11060462716091855,0.0,0.0
128337,146.0,0.4315068493150685,0.72,,,0.0
128391,2220.0,0.07837837837837838,0.28,0.6639004149377593,4775.0,0.0
128425,21.0,0.0,0.0,1.0,8050.0,1.0
128498,1571.0,0.2934436664544876,0.39,0.7899686520376176,24374.0,1.0
128540,102.0,0.21568627450980393,0.36,,,1.0
128577,1836.0,0.14705882352941177,0.33,,3406.0,0.0
128586,60.0,0.0,0.0,1.0,5450.0,1.0
128674,567.0,0.37213403880070545,0.56,,,0.0
128683,950.0,0.42105263157894735,0.57,,18950.0,0.0
128726,151.0,0.16556291390728478,0.31,,9790.0,1.0
128744,2534.0,0.5994475138121547,0.51,0.5745014915999372,26370.0,1.0
128762,300.0,0.8,0.74,,,1.0
128771,10085.0,0.19256321269211701,0.29,0.6015796401930671,7861.0,0.0
128780,2278.0,0.2642669007901668,0.17,,6043.0,0.0
128896,320.0,0.25,0.33,,,0.0
128902,1880.0,0.13138297872340426,0.12,0.36594126346925837,43990.0,1.0
128957,186.0,0.7365591397849462,0.69,,,1.0
129002,365.0,0.2876712328767123,0.6,,17468.0,0.0
129020,17345.0,0.12199481118477948,0.21,0.5396531478637883,10416.0,0.0
129154,2791.0,0.4783231816553207,0.57,,18500.0,1.0
129181,1609.0,0.2877563704164077,0.49,,,0.0
129215,5301.0,0.1661950575363139,0.26,0.6450042943028915,8350.0,0.0
129242,3923.0,0.05862860056079531,0.16,0.6464646464646465,39040.0,0.0
129349,257.0,0.17898832684824903,0.4,,,0.0
129367,4518.0,0.6212926073483842,0.56,,3406.0,1.0
129428,,,,,,1.0
129446,,,,,12915.0,1.0
129482,473.0,0.5919661733615222,0.66,,,1.0
129491,,,,,,1.0
129525,5498.0,0.20534739905420152,0.26,0.6156035493052068,29855.0,1.0
129534,58.0,0.13793103448275862,0.09,,9600.0,0.0
129543,6197.0,0.5304179441665322,0.45,,3406.0,1.0
129613,148.0,0.5675675675675675,0.75,,14870.0,0.0
129640,50.0,0.76,0.23,,,1.0
129686,83.0,0.0963855421686747,0.37,0.9791666666666666,24860.0,0.0
129695,7540.0,0.2783819628647215,0.33,,3406.0,0.0
129729,7195.0,0.3007644197359277,0.52,,3386.0,0.0
129756,2952.0,0.24085365853658536,0.5,,3406.0,1.0
129774,992.0,0.2560483870967742,0.34,0.8266832917705735,26907.0,1.0
129808,5161.0,0.22534392559581476,0.37,,3406.0,1.0
129880,,,,,,1.0
129923,1110.0,0.4486486486486487,0.6,,,0.0
129932,423.0,0.6572104018912529,0.77,,,0.0
129941,4203.0,0.13609326671425173,0.28,0.7359726962457338,30750.0,0.0
129969,382.0,0.39267015706806285,0.53,,,1.0
130004,6740.0,0.41899109792284867,0.31,,3386.0,1.0
130040,1832.0,0.09443231441048035,0.31,,3406.0,0.0
130110,223.0,0.12556053811659193,0.32,,15960.0,0.0
130129,130.0,0.5692307692307692,0.6,,,0.0
130174,2743.0,0.3765949690120306,0.62,,17468.0,1.0
130183,3320.0,0.27018072289156625,0.43,0.5587175792507204,25050.0,0.0
130217,2288.0,0.16346153846153846,0.47,,3406.0,0.0
130226,6118.0,0.10657077476299444,0.15,0.7197553076646276,34250.0,0.0
130253,4198.0,0.10695569318723201,0.2,0.662399564210813,31440.0,0.0
130271,,,,,11800.0,1.0
130314,1059.0,0.18696883852691218,0.41,0.8119195046439629,28530.0,1.0
130396,7328.0,0.39956331877729256,0.41,,3406.0,1.0
130448,585.0,0.26837606837606837,0.28,0.7368421052631579,14060.0,1.0
130493,8776.0,0.24703737465815861,0.3,0.71106843575419,8050.0,1.0
130509,404.0,0.7524752475247525,0.9,,,0.0
130581,,,,,,1.0
130590,2292.0,0.13961605584642234,0.14,0.431740614334471,42420.0,1.0
130606,4666.0,0.2042434633519074,0.51,,3406.0,0.0
130624,1017.0,0.127826941986234,0.0,0.1731893837156995,3000.0,1.0
130697,2854.0,0.20953048353188508,0.16,0.22030194676201828,42084.0,1.0
130776,5960.0,0.1662751677852349,0.26,0.6338095238095238,7889.0,1.0
130785,,,,,,1.0
130794,5310.0,0.20734463276836157,0.14,0.07529900396108141,38300.0,1.0
130837,58.0,0.15517241379310345,0.33,,5200.0,0.0
130873,710.0,0.6253521126760564,0.65,,,0.0
130882,,,,,,1.0
130891,4720.0,0.23686440677966103,0.22,,2942.0,0.0
130907,3253.0,0.36151245004611127,0.2,,2942.0,1.0
130916,7028.0,0.3414911781445646,0.14,,2942.0,0.0
130934,3372.0,0.8425266903914591,0.54,0.41487422530076556,6731.0,1.0
130943,17507.0,0.125606900097104,0.12,0.5056878107578725,10208.0,0.0
130989,714.0,0.3165266106442577,0.3,0.7633410672853829,18660.0,0.0
131061,113.0,0.36283185840707965,0.64,,,0.0
131098,1911.0,0.4379905808477237,0.33,0.6294604624607479,20580.0,1.0
131113,6565.0,0.2354912414318355,0.34,,9290.0,0.0
131159,7070.0,0.12277227722772277,0.14,0.434656741108354,36697.0,1.0
131283,3573.0,0.1329415057374755,0.14,0.8596352101506741,33780.0,1.0
131308,690.0,0.16376811594202897,0.18,0.4319654427645788,29180.0,1.0
131399,5311.0,0.5356806627753719,0.46,,7000.0,1.0
131405,,,,,,1.0
131450,1100.0,0.2409090909090909,0.5,0.5498981670061099,11226.0,1.0
131469,10358.0,0.15582158717899208,0.13,0.36750327587944764,41224.0,1.0
131496,7579.0,0.15318643620530412,0.13,0.19778685002148688,40203.0,1.0
131520,6932.0,0.971004039238315,0.44,0.5403409707894451,18120.0,1.0
131566,94.0,1.0,,,,1.0
131742,954.0,0.8710691823899371,0.71,,,0.0
131803,1766.0,0.8816534541336354,0.51,,14085.0,1.0
131830,18.0,0.4444444444444444,0.39,0.6875,8000.0,1.0
131876,1586.0,0.8278688524590164,0.65,0.8203753351206434,20575.0,1.0
131973,,,,,,1.0
132268,943.0,0.15588547189819724,0.63,,,0.0
132338,2953.0,0.5567219776498477,0.6,0.4068090017311021,17704.0,1.0
132374,925.0,0.6562162162162162,0.14,,,0.0
132408,635.0,0.09763779527559055,0.55,0.46206896551724136,8800.0,0.0
132471,4940.0,0.3536437246963563,0.51,0.569284064665127,27200.0,0.0
132523,,,,,,0.0
132602,3545.0,0.9622002820874471,0.78,0.6874272409778812,13452.0,1.0
132657,1659.0,0.1621458710066305,0.21,,30900.0,1.0
132666,165.0,0.503030303030303,0.74,,,1.0
132675,151.0,0.19205298013245034,0.3,,,0.0
132693,18096.0,0.22093280282935454,0.34,,2256.0,0.0
132709,40375.0,0.6358142414860681,0.48,,2270.0,1.0
132806,267.0,0.7940074906367042,0.61,,18937.0,0.0
132842,340.0,0.9411764705882353,0.58,0.56,12048.0,0.0
132851,8766.0,0.23591147615788272,0.51,,2190.0,0.0
132879,303.0,0.297029702970297,0.54,0.32577903682719545,9070.0,0.0
132903,47679.0,0.27798401812118545,0.32,0.4637729650809101,5021.0,0.0
132976,404.0,0.21782178217821782,0.35,,3134.0,0.0
133021,2211.0,0.2026232473993668,0.42,,2890.0,0.0
133085,560.0,0.09107142857142857,0.49,0.7205882352941176,15440.0,1.0
133155,468.0,0.4444444444444444,0.23,,,0.0
133386,18497.0,0.26204249337730445,0.51,,2877.0,1.0
133465,887.0,0.616685456595265,0.7,0.7034883720930233,15285.0,0.0
133492,2372.0,0.17537942664418213,0.25,0.7146371463714637,33228.0,1.0
133508,16951.0,0.3165594950150434,0.4,,2682.0,0.0
133526,769.0,0.9479843953185956,0.88,0.23978685612788633,10470.0,1.0
133553,4484.0,0.1784121320249777,0.3,0.7992452830188679,29728.0,1.0
133650,11289.0,0.9596066967844805,0.73,0.6111383108935129,4635.0,1.0
133669,23462.0,0.41403119938624156,0.35,0.5072012186677746,3835.0,1.0
133702,28642.0,0.31820403603100345,0.36,,2451.0,1.0
133711,2753.0,0.12604431529240828,0.29,0.5562264150943397,13860.0,0.0
133809,478.0,0.13598326359832635,0.33,0.5710526315789474,12350.0,0.0
133845,500.0,0.488,0.65,1.0,,1.0
133854,403.0,0.8039702233250621,0.75,1.0,,0.0
133863,422.0,0.533175355450237,0.67,1.0,,1.0
133872,2695.0,0.3510204081632653,0.3,0.9837837837837838,9580.0,1.0
133881,5582.0,0.2434611250447868,0.43,0.5865158950288031,32294.0,1.0
133942,66.0,0.09090909090909091,0.38,,,1.0
133951,33802.0,0.7781788059878114,0.53,0.505342855608656,4773.0,0.0
133960,1439.0,0.28214037526059765,0.33,,2847.0,0.0
133979,1852.0,0.8768898488120951,0.78,0.4098876404494382,14024.0,0.0
133997,4362.0,0.8289775332416323,0.88,,16744.0,0.0
134024,123.0,0.17886178861788618,0.44,,,0.0
134079,2269.0,0.15821947994711327,0.33,0.6719810040705563,24128.0,1.0
134097,31418.0,0.2514163855114902,0.29,0.5952298651918424,5238.0,1.0
134112,2088.0,0.5560344827586207,0.91,,,0.0
134121,252.0,0.6746031746031746,0.95,,,1.0
134130,32660.0,0.2811083894672382,0.3,0.43221937235968616,5044.0,1.0
134149,1427.0,0.7904695164681149,0.8,0.9681818181818181,13536.0,1.0
134228,30.0,0.8,0.74,,,0.0
134237,13842.0,0.38000288975581564,0.46,,21560.0,0.0
134291,823.0,0.29526123936816523,0.25,,,0.0
134307,642.0,0.9283489096573209,0.61,,2370.0,0.0
134343,7207.0,0.20119328430692382,0.38,,2569.0,1.0
134422,88.0,0.5454545454545454,0.69,,10620.0,0.0
134495,27955.0,0.42232158826685745,0.44,,2264.0,1.0
134510,118.0,0.0423728813559322,0.61,,5100.0,0.0
134529,194.0,0.7061855670103093,0.64,,,0.0
134574,166.0,0.2710843373493976,0.48,,12015.0,0.0
134608,17511.0,0.3121466506767175,0.37,,2452.0,0.0
134680,1252.0,0.4712460063897764,0.63,,19080.0,0.0
134714,224.0,0.33482142857142855,0.74,,,0.0
134811,3950.0,0.34556962025316457,0.6,0.4002828854314003,17704.0,1.0
134875,1587.0,0.8071833648393195,0.73,,,0.0
134909,918.0,0.4564270152505447,0.7,0.28641975308641976,18048.0,0.0
134945,3221.0,0.28190003104625894,0.38,0.41221052631578947,26600.0,1.0
135063,667.0,0.7736131934032984,0.87,,7410.0,1.0
135081,16461.0,0.5088390741753235,0.67,0.7208892025405786,14176.0,1.0
135124,1128.0,0.4521276595744681,0.76,,,0.0
135142,419.0,0.9904534606205251,0.86,,,0.0
135160,3032.0,0.15633245382585753,0.43,,2631.0,0.0
135179,595.0,0.2319327731092437,0.22,,,0.0
135188,4929.0,0.23655913978494625,0.25,,2760.0,0.0
135267,1014.0,0.4280078895463511,0.32,,,1.0
135276,1333.0,0.44486121530382594,0.42,,,1.0
135294,912.0,0.9462719298245614,0.22,,,1.0
135337,238.0,0.4369747899159664,0.59,,,1.0
135364,417.0,0.407673860911271,0.48,,5376.0,0.0
135391,11431.0,0.22001574665383605,0.44,,2847.0,0.0
135407,1205.0,0.3377593360995851,0.4,,,0.0
135416,592.0,0.6317567567567568,0.82,,,1.0
135434,295.0,0.8542372881355932,0.46,,,0.0
135522,560.0,0.48928571428571427,0.39,,2845.0,0.0
135610,242.0,0.6900826446280992,0.68,,10410.0,0.0
135647,1421.0,0.8430682617874736,0.29,,,0.0
135717,61674.0,0.8673346953335279,0.53,,2847.0,1.0
135726,10368.0,0.3332368827160494,0.22,0.3921773041430171,37836.0,0.0
135735,1894.0,0.9545934530095037,0.13,,,0.0
135771,809.0,0.9616810877626699,0.66,,,0.0
135939,267.0,0.5805243445692884,0.73,0.6758241758241759,15717.0,0.0
135957,1014.0,0.9506903353057199,0.85,,15414.0,0.0
136011,894.0,0.9351230425055929,0.85,,15000.0,0.0
136048,122.0,0.6557377049180327,0.53,,,0.0
136066,2690.0,0.6479553903345725,0.84,,17536.0,1.0
136075,291.0,0.7079037800687286,0.84,,18740.0,0.0
136109,198.0,0.1919191919191919,0.51,,,1.0
136145,1411.0,0.27002126151665484,0.56,,2640.0,0.0
136172,14258.0,0.19399635292467388,0.32,0.5078337874659401,4419.0,1.0
136206,688.0,0.2805232558139535,0.29,0.5179324894514767,19272.0,1.0
136215,6174.0,0.5813087139617752,0.43,0.5329262974269516,22150.0,0.0
136233,7760.0,0.18118556701030927,0.28,,2568.0,0.0
136251,57.0,0.3508771929824561,0.8,,,0.0
136288,1313.0,0.6534653465346535,0.77,0.8096446700507615,14154.0,0.0
136303,800.0,0.92125,0.2,,,1.0
136330,2841.0,0.28898275255191835,0.36,0.8006042296072508,23400.0,1.0
136358,29534.0,0.4593688630053498,0.35,,2158.0,0.0
136400,10770.0,0.2052924791086351,0.46,,2634.0,0.0
136473,11676.0,0.23569715656046591,0.33,,2179.0,1.0
136491,1042.0,0.21976967370441458,0.32,,,0.0
136516,10589.0,0.3117385966569081,0.35,,2789.0,1.0
136659,281.0,0.16370106761565836,0.35,,2198.0,0.0
136701,,,,,,0.0
136738,1334.0,0.07721139430284858,0.78,,,0.0
136747,1663.0,0.7534576067348165,0.74,,,0.0
136765,790.0,0.4430379746835443,0.39,,2385.0,0.0
136774,1368.0,0.2097953216374269,0.36,0.7400662251655629,32290.0,1.0
136783,49.0,0.22448979591836735,0.61,,,1.0
136826,1339.0,0.70201643017177,0.26,,,0.0
136950,2505.0,0.2,0.3,0.556616282153275,37640.0,0.0
137023,536.0,0.18097014925373134,0.15,,,0.0
137032,12781.0,0.35990924027853843,0.44,0.7755466309683177,17850.0,0.0
137078,31793.0,0.21319158305287328,0.39,,2822.0,0.0
137087,2219.0,0.3925191527715187,0.28,,,1.0
137096,15745.0,0.2960939980946332,0.33,,2167.0,0.0
137120,508.0,0.23031496062992127,0.15,,,0.0
137148,96.0,0.34375,0.65,,13332.0,0.0
137209,18028.0,0.3819059241180386,0.49,,2904.0,1.0
137245,1370.0,0.67007299270073,0.24,,,0.0
137272,48.0,0.4583333333333333,0.27,1.0,17000.0,0.0
137281,6613.0,0.1618025102071677,0.39,,2434.0,0.0
137315,2825.0,0.34831858407079647,0.4,,2790.0,0.0
137351,30914.0,0.30423109270880505,0.39,0.44537728736892607,5198.0,1.0
137476,1113.0,0.7088948787061995,0.54,0.5934718100890207,22770.0,0.0
137537,227.0,0.29955947136563876,0.65,,14900.0,1.0
137546,2134.0,0.204311152764761,0.35,0.5051493305870237,33424.0,0.0
137564,2510.0,0.21553784860557768,0.41,,16430.0,1.0
137591,301.0,0.2757475083056478,0.43,,,0.0
137713,135.0,0.26666666666666666,0.85,,,0.0
137759,14739.0,0.45145532261347443,0.42,,2214.0,1.0
137777,36.0,0.1111111111111111,0.73,0.8,10500.0,1.0
137801,1766.0,0.6834654586636466,0.76,,14328.0,1.0
137810,792.0,0.37626262626262624,0.84,0.7569721115537849,19104.0,1.0
137847,5687.0,0.19395111658167752,0.25,0.5309136420525657,23218.0,1.0
137856,319.0,0.21003134796238246,0.41,,,0.0
137865,594.0,0.2542087542087542,0.6,,,1.0
137892,911.0,0.8331503841931943,0.66,,,1.0
137953,228.0,0.14912280701754385,0.58,0.5703703703703704,7950.0,1.0
137962,201.0,0.3283582089552239,0.64,0.4419475655430712,11824.0,0.0
138132,102.0,0.10784313725490197,0.28,,,0.0
138187,41583.0,0.4726450713031768,0.44,,2752.0,1.0
138275,950.0,0.4010526315789474,0.59,0.5016722408026756,15780.0,0.0
138284,594.0,0.19696969696969696,0.34,,,0.0
138293,680.0,0.3264705882352941,0.39,0.5262321144674086,18742.0,0.0
138309,5109.0,0.3262869446075553,0.66,0.7631578947368421,13520.0,1.0
138354,9565.0,0.19153162571876634,0.38,0.6896842105263158,4602.0,1.0
138372,755.0,0.9536423841059603,0.42,,,0.0
138479,802.0,0.559850374064838,0.13,,,0.0
138488,504.0,0.9226190476190477,0.3,,,0.0
138497,532.0,0.10902255639097744,0.46,,,0.0
138558,3284.0,0.25426309378806333,0.51,0.7195979899497488,2962.0,0.0
138594,1013.0,0.7917077986179665,0.87,1.0,,1.0
138600,892.0,0.35874439461883406,0.41,0.46055739253660843,31283.0,0.0
138655,367.0,0.6839237057220708,0.31,,7850.0,0.0
138664,19.0,0.5263157894736842,0.53,,7850.0,0.0
138682,4497.0,0.7729597509450745,0.83,,2268.0,1.0
138691,5879.0,0.43748936894029594,0.53,,2686.0,1.0
138716,4166.0,0.8674987998079693,0.78,0.4171903506993716,4292.0,1.0
138761,273.0,0.4652014652014652,0.62,0.5196408529741863,12138.0,0.0
138789,6918.0,0.33087597571552474,0.49,0.5618639528655597,4510.0,1.0
138813,4013.0,0.32519312235235487,0.65,0.389937106918239,17496.0,1.0
138822,1123.0,0.4479073909171861,0.46,,,0.0
138840,5055.0,0.9404549950544016,0.73,,2271.0,1.0
138868,1023.0,0.6666666666666666,0.91,0.45723684210526316,15880.0,0.0
138901,3037.0,0.9631215014817254,0.72,,2650.0,1.0
138929,,,,,,1.0
138938,260.0,0.4461538461538462,0.67,,,0.0
138947,3267.0,0.9078665442301805,0.72,0.6937269372693727,17954.0,1.0
138956,4864.0,0.5439967105263158,0.65,,2280.0,1.0
138983,5797.0,0.3384509228911506,0.45,0.6100970873786408,5184.0,1.0
139010,3736.0,0.5725374732334048,0.82,0.7716049382716049,2608.0,0.0
139074,946.0,0.7177589852008457,0.75,,16909.0,1.0
139092,85.0,0.8705882352941177,0.47,,,0.0
139126,,,,,,0.0
139144,1928.0,0.0975103734439834,0.3,0.6390977443609023,24620.0,0.0
139153,632.0,0.7468354430379747,0.09,,8490.0,1.0
139199,1809.0,0.33609729132117194,0.47,0.21635220125786164,20130.0,1.0
139205,778.0,0.3110539845758355,0.49,0.5039370078740157,17130.0,0.0
139214,261.0,0.5210727969348659,0.63,0.7619047619047619,11010.0,1.0
139250,3438.0,0.2515997673065736,0.61,0.6968769136558481,3174.0,1.0
139278,8092.0,0.31636183885318836,0.52,,2355.0,0.0
139287,108.0,0.6481481481481481,0.44,,5820.0,0.0
139311,6366.0,0.6789192585611059,0.57,0.370235198702352,4410.0,0.0
139348,,,,,,0.0
139357,4355.0,0.5014925373134328,0.65,,2468.0,1.0
139366,7069.0,0.4235393973687933,0.44,0.5615763546798029,4581.0,1.0
139384,6697.0,0.1482753471703748,0.72,,2268.0,1.0
139393,1241.0,0.09186140209508462,0.33,0.6020408163265306,26226.0,0.0
139463,5988.0,0.14128256513026052,0.64,,2522.0,1.0
139506,17.0,1.0,0.98,,,0.0
139533,5288.0,0.5145612708018155,0.71,0.7549889135254989,14940.0,0.0
139579,16097.0,0.45480524321302107,0.75,0.7983497685651036,15285.0,1.0
139621,3063.0,0.4564152791380999,0.66,,2442.0,0.0
139630,762.0,0.27165354330708663,0.62,0.4837133550488599,13520.0,0.0
139658,7231.0,0.15820771677499654,0.22,0.2966215783063017,39158.0,0.0
139700,5235.0,0.21012416427889208,0.44,,2237.0,0.0
139719,3500.0,0.9725714285714285,0.77,0.3301821931935373,5562.0,0.0
139746,85.0,0.3764705882352941,0.28,,4600.0,1.0
139755,13750.0,0.1432,0.17,0.5879111266620014,7519.0,1.0
139764,2847.0,0.3287671232876712,0.48,0.6801736613603473,4155.0,0.0
139773,8883.0,0.16120679950467184,0.38,0.8319264395538137,2570.0,0.0
139861,5715.0,0.11618547681539808,0.24,0.7901840490797546,6581.0,0.0
139904,1426.0,0.41164095371669,0.55,,4422.0,0.0
139931,17044.0,0.2985214738324337,0.38,0.5593661818971131,4927.0,0.0
139940,23483.0,0.4686368862581442,0.48,0.5182522123893806,8698.0,1.0
139959,25947.0,0.11885767140709909,0.24,0.5376350135013501,7539.0,1.0
139968,5009.0,0.5112796965462169,0.63,0.49114151154967484,2700.0,0.0
139986,6227.0,0.4528665488999518,0.57,,2268.0,0.0
139995,244.0,0.639344262295082,0.84,,9000.0,0.0
140003,435.0,0.671264367816092,0.93,,9250.0,0.0
140012,7100.0,0.433943661971831,0.48,,2064.0,0.0
140076,1817.0,0.49201981287837093,,,2280.0,0.0
140085,4205.0,0.42639714625445896,0.52,,2268.0,1.0
140146,,,,,,1.0
140164,21467.0,0.22821074206922254,0.36,0.6360289450298336,4629.0,0.0
140234,839.0,0.27056019070321813,0.42,0.5791015625,22208.0,0.0
140243,4432.0,0.15478339350180506,0.41,,2295.0,0.0
140252,792.0,0.4128787878787879,0.46,0.6116941529235382,8580.0,1.0
140304,7903.0,0.6496267240288498,0.76,,1863.0,1.0
140322,6232.0,0.40051347881899874,0.51,0.7532263141328297,2354.0,0.0
140331,13003.0,0.3845266476966854,0.54,,2370.0,0.0
140340,630.0,0.8650793650793651,0.74,0.7916666666666666,11241.0,1.0
140401,476.0,0.20798319327731093,0.31,,8182.0,1.0
140447,4509.0,0.39210467952982925,0.37,0.6395286555972148,30560.0,1.0
140483,3496.0,0.4204805491990847,0.58,0.8852889667250438,2583.0,0.0
140553,2586.0,0.9477958236658933,0.49,0.6382508833922261,22444.0,1.0
140562,,,,,,1.0
140599,2569.0,0.426625145971195,0.64,,2268.0,0.0
140669,5354.0,0.08180799402316026,0.3,0.5601604278074866,4838.0,0.0
140678,2810.0,0.0903914590747331,0.7,,2310.0,0.0
140696,1083.0,0.3204062788550323,0.41,0.864101514531314,27950.0,0.0
140711,,,,,,0.0
140720,925.0,0.9632432432432433,0.79,0.4110728628800918,11794.0,1.0
140818,1256.0,0.1393312101910828,0.53,0.6114044350580782,18000.0,0.0
140827,103.0,0.18446601941747573,0.18,0.8157894736842105,18025.0,1.0
140872,1102.0,0.1560798548094374,0.37,0.5792114695340502,17166.0,0.0
140942,5777.0,0.5852518608274191,0.7,,2268.0,1.0
140951,8352.0,0.09841954022988506,0.26,0.6261226300033264,29570.0,1.0
140960,3941.0,0.9160111646790154,0.76,,5624.0,0.0
140988,1542.0,0.1867704280155642,0.44,0.6225439503619442,17070.0,1.0
140997,2214.0,0.4159891598915989,0.69,0.5805350028457599,3158.0,0.0
141006,2761.0,0.6041289387902934,0.72,,2340.0,0.0
141015,263.0,0.1444866920152091,0.13,,15395.0,1.0
141060,2177.0,0.9095084979329352,0.49,0.37637271214642265,22010.0,1.0
141097,4812.0,0.2963424771404821,0.39,0.7447495961227787,4754.0,1.0
141158,1678.0,0.3873659117997616,0.61,,2268.0,0.0
141167,849.0,0.336866902237927,0.54,,12510.0,0.0
141185,758.0,0.07387862796833773,0.58,0.5465230166503428,15885.0,0.0
141237,755.0,0.09403973509933775,0.37,0.7715877437325905,14540.0,0.0
141255,5408.0,0.41605029585798814,0.72,,2528.0,0.0
141264,10794.0,0.3939225495645729,0.44,0.7077428017305684,4993.0,1.0
141307,1109.0,0.2894499549143372,0.52,,2872.0,0.0
141325,630.0,0.42857142857142855,0.36,0.5426356589147286,18000.0,1.0
141334,9707.0,0.31585453796229523,0.47,0.5439396321333124,5282.0,0.0
141361,820.0,0.13170731707317074,0.4,0.5403587443946188,20740.0,0.0
141468,1985.0,0.15717884130982368,0.71,0.905848787446505,13095.0,1.0
141486,2045.0,0.49731051344743277,0.4,0.901255230125523,17740.0,1.0
141565,3462.0,0.502310803004044,0.45,0.5244203256043414,5416.0,0.0
141574,13912.0,0.363355376653249,0.3,0.6721789883268483,8095.0,1.0
141608,87.0,0.6091954022988506,0.73,,,1.0
141644,7058.0,0.3053272881836214,0.24,0.7760127084988085,15800.0,1.0
141680,4725.0,0.45650793650793653,0.16,,2142.0,1.0
141796,9301.0,0.3673798516288571,0.16,,2172.0,1.0
141802,1428.0,0.48179271708683474,0.29,,2172.0,0.0
141811,7942.0,0.48854192898514226,0.22,,2157.0,0.0
141839,4367.0,0.4943897412411266,0.44,,2238.0,0.0
141848,184.0,0.21739130434782608,0.6,0.5789473684210527,,1.0
141936,,,,,,0.0
141945,182.0,0.6703296703296703,0.77,,,1.0
141963,,,,,,1.0
141981,1471.0,0.45955132562882395,0.31,0.8132780082987552,4666.0,0.0
141990,2625.0,0.6308571428571429,0.37,,2152.0,0.0
142054,777.0,0.15057915057915058,0.39,1.0,,1.0
142090,181.0,0.055248618784530384,0.66,0.9859154929577465,9360.0,0.0
142115,17349.0,0.10813303360424233,0.43,0.6451668092386655,5300.0,1.0
142179,862.0,0.04988399071925754,0.56,,2038.0,1.0
142276,10484.0,0.08403281190385349,0.57,,5416.0,1.0
142285,9573.0,0.11490650788676486,0.4,0.7875637504903884,5402.0,0.0
142294,1034.0,0.0609284332688588,0.32,0.6298755186721992,21050.0,0.0
142328,4543.0,0.11864406779661017,0.4,0.9834384858044164,4998.0,1.0
142337,555.0,0.11891891891891893,0.79,0.3231441048034934,18048.0,1.0
142407,54.0,0.18518518518518517,0.71,,,0.0
142416,33.0,0.0,0.8,,,0.0
142443,6347.0,0.06223412635890972,0.6,,3658.0,1.0
142461,1330.0,0.06390977443609022,0.4,,23100.0,1.0
142489,87.0,0.20689655172413793,0.52,,,0.0
142522,14933.0,0.07614009241277707,0.45,0.9734091325875665,3660.0,0.0
142559,7615.0,0.17741300065659882,0.4,,3520.0,0.0
142832,,,,,,1.0
142869,38.0,0.05263157894736842,0.75,,,0.0
142878,35.0,0.22857142857142856,0.72,,,0.0
142887,471.0,0.40552016985138006,0.52,0.9054441260744985,25570.0,1.0
143048,2573.0,0.13058686358336571,0.27,0.7329678935003915,35940.0,1.0
143075,378.0,0.9656084656084656,0.76,,,1.0
143084,2532.0,0.08096366508688783,0.2,0.8605846450369419,32235.0,1.0
143118,2632.0,0.23708206686930092,0.39,0.7302350427350427,18700.0,0.0
143181,64.0,0.53125,0.46,,,1.0
143215,13221.0,0.2742606459420619,0.46,,6104.0,0.0
143233,,,,,,0.0
143279,6677.0,0.19514752134192,0.36,,6075.0,1.0
143288,598.0,0.12207357859531773,0.52,0.562962962962963,14286.0,0.0
143297,253.0,0.06719367588932806,0.27,,17838.0,0.0
143303,18.0,0.0,0.25,,,0.0
143358,5067.0,0.13262285375962107,0.28,0.7168532240264859,25424.0,1.0
143376,376.0,0.25,0.41,,,1.0
143464,134.0,0.417910447761194,0.64,,,0.0
143473,90.0,0.9555555555555556,0.93,,,0.0
143482,73.0,1.0,1.0,,,1.0
143491,139.0,1.0,0.81,,,1.0
143516,108.0,1.0,0.91,,,1.0
143534,129.0,0.9922480620155039,0.89,,,1.0
143543,93.0,0.5376344086021505,0.65,,,0.0
143552,129.0,0.6046511627906976,0.68,,,0.0
143613,2538.0,0.1107171000788022,0.5,,5265.0,0.0
143659,,,,,,1.0
143695,41.0,0.24390243902439024,0.61,,,0.0
143853,,,,,,0.0
143978,,,,,,1.0
144005,5667.0,0.9137109581789307,0.79,0.4681659803611023,8441.0,1.0
144014,,,,,,1.0
144050,5270.0,0.18197343453510437,0.18,0.18815925542916237,41091.0,1.0
144157,6366.0,0.9384228715048696,0.55,,6659.0,1.0
144166,8366.0,0.8927803012192207,0.41,,6659.0,1.0
144175,4868.0,0.9642563681183237,0.54,,6659.0,1.0
144184,12947.0,0.625395844597204,0.23,,6659.0,1.0
144193,8965.0,0.9048522030117122,0.31,,6659.0,1.0
144209,8721.0,0.6616213736956771,0.5,,6659.0,1.0
144218,12660.0,0.6099526066350711,0.32,,6659.0,1.0
144281,11400.0,0.3140350877192982,0.36,,19610.0,1.0
144351,1376.0,0.2761627906976744,0.44,0.48809901618533796,24396.0,0.0
144467,1293.0,0.32405259087393656,0.56,,20375.0,1.0
144485,929.0,0.8288482238966631,0.83,,,1.0
144500,,,,,,1.0
144564,3713.0,0.2254241852949098,0.51,,5610.0,1.0
144573,71.0,0.22535211267605634,0.57,,,0.0
144616,51.0,1.0,1.0,,,0.0
144740,16052.0,0.26333167206578617,0.37,0.741635046567782,28858.0,1.0
144759,31341.0,0.3097859034491561,0.65,0.7132121635791682,14940.0,1.0
144777,,,,,,0.0
144795,185.0,0.16756756756756758,0.61,,,0.0
144865,26722.0,0.22307462016316143,0.18,,10112.0,0.0
144883,936.0,0.7959401709401709,0.86,,15750.0,1.0
144892,9970.0,0.1724172517552658,0.37,0.6550258929757005,9202.0,0.0
144944,12214.0,0.39012608482069755,0.23,,8242.0,1.0
144962,3145.0,0.12845786963434022,0.32,0.7357001972386588,28660.0,0.0
144971,782.0,0.06777493606138107,0.4,0.7149712092130518,18045.0,0.0
145099,200.0,0.155,0.65,,,0.0
145239,417.0,0.45323741007194246,0.62,0.5791139240506329,14680.0,0.0
145275,,,,,,1.0
145309,62.0,0.08064516129032258,0.62,,,0.0
145336,2993.0,0.46708987637821586,0.51,,8324.0,0.0
145354,81.0,0.04938271604938271,0.73,1.0,9953.0,0.0
145372,1365.0,0.11794871794871795,0.45,0.7824074074074074,20924.0,0.0
145406,283.0,0.45229681978798586,0.55,,,0.0
145424,91.0,0.1978021978021978,0.46,,,0.0
145433,115.0,0.34782608695652173,0.47,,,0.0
145460,907.0,0.30760749724366043,0.39,,19100.0,1.0
145497,515.0,0.0,0.57,0.9105145413870246,18230.0,1.0
145521,2419.0,0.1496486151302191,0.47,,3792.0,0.0
145558,,,,,,0.0
145600,16806.0,0.31090086873735573,0.47,0.6320773725569212,12055.0,1.0
145619,3731.0,0.17367997855802733,0.33,0.7741228070175439,23240.0,0.0
145628,,,,,,1.0
145637,31540.0,0.14667089410272668,0.2,0.6709630172098132,13713.0,1.0
145646,2094.0,0.09216809933142311,0.19,0.6185567010309279,35256.0,1.0
145682,13078.0,0.17862058418718457,0.35,,6150.0,0.0
145691,878.0,0.1480637813211845,0.36,0.5284661754855995,22800.0,0.0
145707,1603.0,0.025577043044291953,0.44,,6808.0,0.0
145725,2602.0,0.16218293620292082,0.3,0.644880174291939,31595.0,1.0
145770,282.0,0.723404255319149,0.73,,13332.0,1.0
145813,18314.0,0.11876160314513487,0.25,0.6686416502084704,10194.0,1.0
145831,4507.0,0.09141335700022188,0.32,,7819.0,0.0
145886,,,,,,1.0
146010,1411.0,0.702338766832034,0.69,,15030.0,1.0
146205,7431.0,0.09271968779437492,0.27,,6480.0,0.0
146241,,,,,,1.0
146278,2501.0,0.06517393042782887,0.51,,7110.0,0.0
146296,15676.0,0.3250191375350855,0.24,,7821.0,0.0
146339,1070.0,0.08037383177570094,0.43,0.6578073089700996,24780.0,1.0
146348,4688.0,0.2101109215017065,0.39,,4608.0,0.0
146366,5391.0,0.08106102763865702,0.32,,5152.0,0.0
146384,,,,,,0.0
146393,2545.0,0.33477406679764243,0.44,0.9909297052154195,16525.0,1.0
146418,4989.0,0.3000601322910403,0.35,,8970.0,0.0
146427,1392.0,0.14367816091954022,0.26,0.7581985133362483,33024.0,0.0
146454,62.0,0.04838709677419355,0.71,,,0.0
146472,18091.0,0.3335912884859875,0.18,,6888.0,0.0
146481,1426.0,0.17812061711079943,0.36,0.606174384647476,35525.0,0.0
146490,,,,,,0.0
146506,8234.0,0.15812484819042993,0.3,,5949.0,0.0
146533,283.0,0.19081272084805653,0.37,,14345.0,1.0
146603,8406.0,0.08446347846776112,0.33,,8340.0,0.0
146612,4257.0,0.2222222222222222,0.31,0.6857342169515173,23780.0,0.0
146621,55.0,0.5636363636363636,0.91,0.48484848484848486,24500.0,1.0
146667,666.0,0.11711711711711711,0.59,0.6325757575757576,13680.0,0.0
146676,1311.0,0.41342486651411137,0.6,0.6751373626373627,21000.0,0.0
146685,7602.0,0.12115232833464877,0.33,,5310.0,1.0
146700,1705.0,0.807624633431085,0.78,,,0.0
146719,9747.0,0.16374269005847952,0.33,0.5958349838718805,32114.0,1.0
146728,,,,,,1.0
146755,238.0,0.0546218487394958,0.23,0.7,13532.0,1.0
146791,562.0,0.9911032028469751,0.58,,,1.0
146807,62.0,0.45161290322580644,0.37,,,1.0
146816,162.0,0.5987654320987654,0.65,,12960.0,1.0
146825,528.0,0.17803030303030304,0.53,0.7717996289424861,19310.0,0.0
146977,,,,,,1.0
147004,7392.0,0.15679112554112554,0.19,,9437.0,0.0
147013,2347.0,0.16489135066041755,0.41,0.6762749445676275,23130.0,0.0
147031,,,,,,1.0
147129,472.0,0.1038135593220339,0.54,0.7837837837837838,10080.0,1.0
147165,703.0,0.2773826458036984,0.68,0.9552238805970149,13200.0,1.0
147244,2295.0,0.18082788671023964,0.4,0.5811728395061728,27425.0,1.0
147341,1375.0,0.16436363636363635,0.4,0.6671207992733879,26900.0,0.0
147369,2742.0,0.08789204959883297,0.29,0.7585568917668826,9968.0,1.0
147378,17387.0,0.22229251739805603,0.22,,7416.0,0.0
147396,102.0,0.08823529411764706,0.59,,14640.0,0.0
147411,5459.0,0.7834768272577395,0.49,,7284.0,0.0
147439,73.0,0.3150684931506849,0.48,,,1.0
147536,1480.0,0.3912162162162162,0.51,0.9090909090909091,18355.0,1.0
147590,70.0,0.12857142857142856,0.47,,13600.0,0.0
147642,91.0,0.3076923076923077,0.61,,,0.0
147660,2606.0,0.1032233307751343,0.26,0.6844827586206896,28224.0,1.0
147679,2224.0,0.22302158273381295,0.35,0.33789625360230546,19960.0,1.0
147697,9.0,0.6666666666666666,,,,0.0
147703,17886.0,0.2539416303253942,0.4,0.5432823307482708,10214.0,0.0
147749,842.0,0.7292161520190024,0.84,0.9647779479326187,20980.0,1.0
147767,9535.0,0.14326166754063974,0.13,0.2714730576688084,40223.0,1.0
147776,9498.0,0.4226152874289324,0.47,0.6545846394984326,6772.0,1.0
147800,11837.0,0.19785418602686491,0.19,,8163.0,1.0
147819,74.0,0.14864864864864866,0.62,,,0.0
147828,3143.0,0.15494750238625518,0.34,0.8058540200074101,25590.0,0.0
147916,9715.0,0.20936695831188884,0.32,,7830.0,1.0
147970,184.0,0.5271739130434783,0.42,,,1.0
148007,5791.0,0.6611984113279227,0.4,,6116.0,0.0
148016,532.0,0.07518796992481203,0.0,0.8008658008658008,24015.0,0.0
148098,57.0,0.3157894736842105,0.18,,,1.0
148131,1269.0,0.15051221434200157,0.44,0.9097087378640777,23000.0,0.0
148140,529.0,0.10964083175803403,0.69,,10992.0,0.0
148177,2943.0,0.1362555215766225,0.54,0.5165757448594209,18066.0,1.0
148256,5379.0,0.07436326454731362,0.24,,3645.0,0.0
148292,3807.0,0.18912529550827423,0.44,,12918.0,0.0
148335,4071.0,0.5821665438467207,0.67,0.8014161570646926,20100.0,1.0
148380,8849.0,0.2222850039552492,0.32,,8160.0,1.0
148399,757.0,0.4095112285336856,0.82,,11472.0,1.0
148405,863.0,0.16685979142526072,0.51,0.42642140468227424,24750.0,1.0
148487,3919.0,0.39601939270222,0.43,0.49812734082397003,23300.0,1.0
148496,1939.0,0.37648272305312014,0.43,0.6132113012335854,25710.0,0.0
148511,84.0,0.23809523809523808,0.35,,22500.0,1.0
148575,339.0,0.10324483775811209,0.3,,14670.0,1.0
148584,1776.0,0.2072072072072072,0.32,0.4553956834532374,24742.0,1.0
148593,90.0,0.044444444444444446,0.34,,13697.0,1.0
148627,2968.0,0.33995956873315364,0.48,0.532404527926359,25520.0,1.0
148654,3197.0,0.18642477322489834,0.36,0.5942028985507246,7615.0,1.0
148672,2491.0,0.111601766358892,0.42,,8235.0,0.0
148724,,,,,,1.0
148821,2359.0,0.192030521407376,0.45,,3930.0,0.0
148849,111.0,0.18018018018018017,0.51,0.3333333333333333,29100.0,1.0
148876,1568.0,0.9017857142857143,0.79,,8400.0,1.0
148885,,,,,,0.0
148919,,,,,,1.0
148937,2356.0,0.06494057724957555,0.41,,3960.0,0.0
148955,84.0,0.9880952380952381,0.87,0.2988505747126437,,1.0
148982,,,,,,1.0
148991,1906.0,0.047743966421825816,0.35,,6780.0,0.0
149019,145.0,0.2206896551724138,0.57,,9490.0,1.0
149028,161.0,0.09316770186335403,0.42,,19184.0,1.0
149204,64.0,0.0625,1.0,,,0.0
149222,15137.0,0.288168065006276,0.41,0.5929406190777006,10153.0,0.0
149231,11305.0,0.18434321096859796,0.34,0.8229534946967637,7822.0,0.0
149240,,,,,,0.0
149310,431.0,0.5452436194895591,0.52,0.8742331288343558,13500.0,1.0
149329,59.0,0.0,0.53,1.0,12000.0,1.0
149365,7161.0,0.7391425778522552,0.81,,8813.0,0.0
149499,31.0,0.06451612903225806,0.35,,,0.0
149505,1491.0,0.1710261569416499,0.38,0.8436657681940701,21733.0,0.0
149514,1047.0,0.26552053486150906,0.34,0.9432989690721649,23370.0,0.0
149532,15253.0,0.5018684848882187,0.24,,7216.0,0.0
149550,250.0,0.14,0.45,,,1.0
149587,,,,,,1.0
149639,171.0,0.16374269005847952,0.42,0.9807692307692307,23480.0,1.0
149727,10428.0,0.37044495588799387,0.26,,6427.0,0.0
149763,248.0,0.40725806451612906,0.27,,21526.0,0.0
149772,10474.0,0.18684361275539432,0.37,0.645748987854251,9177.0,0.0
149781,2434.0,0.07559572719802794,0.21,0.6597014925373135,27580.0,0.0
149842,16060.0,0.24651307596513075,0.22,,8982.0,0.0
150048,578.0,0.1314878892733564,0.75,,13280.0,0.0
150066,2022.0,0.09347181008902077,0.36,0.7928961748633879,23970.0,1.0
150075,17.0,0.29411764705882354,0.59,,,1.0
150136,18127.0,0.11855243559331384,0.31,0.6469678749355781,8214.0,1.0
150145,1925.0,0.17714285714285713,0.53,0.7240356083086054,22590.0,1.0
150163,3861.0,0.07277907277907278,0.19,0.7316568047337279,30558.0,1.0
150172,1080.0,0.5703703703703704,0.44,0.3691275167785235,14200.0,0.0
150215,,,,,,1.0
150251,260.0,0.25384615384615383,0.45,,12350.0,0.0
150288,,,,,,1.0
150303,81.0,0.41975308641975306,0.59,,,0.0
150400,2390.0,0.14058577405857742,0.19,0.5663547832728661,34905.0,0.0
150428,80.0,0.2375,0.65,,,0.0
150437,82.0,0.14634146341463414,0.38,,,0.0
150455,1184.0,0.13006756756756757,0.28,0.7389135254988913,36694.0,0.0
150534,2687.0,0.06624488276888724,0.28,0.8359486447931527,28076.0,1.0
150604,1106.0,0.06962025316455696,0.41,0.5916256157635468,24655.0,0.0
150640,18.0,0.0,0.28,0.5555555555555556,2515.0,0.0
150668,885.0,0.1288135593220339,0.36,0.5549597855227882,24500.0,1.0
150677,1534.0,0.15123859191655803,0.3,0.7404674046740467,21700.0,0.0
150695,101.0,0.06930693069306931,0.68,,,0.0
150710,128.0,0.9140625,1.0,,,1.0
150756,1006.0,0.07952286282306163,0.31,0.6734143049932524,27500.0,0.0
150765,76.0,0.05263157894736842,0.58,,,1.0
150774,451.0,0.15521064301552107,0.42,0.78,20700.0,0.0
150853,206.0,0.1941747572815534,0.65,,,0.0
150941,1170.0,0.04700854700854701,0.4,0.8448616600790514,22330.0,0.0
150978,8099.0,0.255957525620447,0.6,,3257.0,1.0
150987,20847.0,0.316784189571641,0.46,,3257.0,1.0
150996,4484.0,0.05062444246208742,0.59,,3257.0,0.0
151005,9173.0,0.12220647552600022,0.59,,3257.0,0.0
151014,5302.0,0.1020369671821954,0.64,,3257.0,1.0
151023,7903.0,0.10578261419714033,0.49,,3257.0,0.0
151032,11067.0,0.23077618144031806,0.62,,3257.0,1.0
151041,5014.0,0.09593139210211409,0.45,,3257.0,0.0
151050,6244.0,0.11483023702754644,0.49,,3257.0,1.0
151069,6239.0,0.06299086392050009,0.49,,3257.0,0.0
151078,3778.0,0.07623080995235575,0.7,,3257.0,0.0
151087,8634.0,0.3527912902478573,0.6,,3257.0,1.0
151096,2964.0,0.028002699055330635,0.57,,3257.0,0.0
151102,13402.0,0.1324429189673183,0.42,0.9485275921801535,6545.0,1.0
151111,22245.0,0.15697909642616317,0.35,0.6334041648958776,7885.0,1.0
151157,280.0,0.14285714285714285,0.85,0.6956521739130435,12135.0,1.0
151166,2668.0,0.202023988005997,0.39,0.7781350482315113,12135.0,1.0
151184,18.0,0.1111111111111111,,,12135.0,0.0
151193,254.0,0.027559055118110236,0.8,1.0,12135.0,0.0
151209,269.0,0.14869888475836432,0.85,0.7761194029850746,12135.0,1.0
151236,312.0,0.09615384615384616,0.98,0.7017543859649122,12135.0,0.0
151245,297.0,0.12457912457912458,0.76,1.0,12135.0,0.0
151263,4075.0,0.15533742331288344,0.39,0.6922821024617432,22220.0,1.0
151290,3944.0,0.16328600405679514,0.44,0.6914589293011851,22420.0,1.0
151306,9846.0,0.07464960390006094,0.67,0.7355898597932304,5740.0,0.0
151324,9373.0,0.191507521604609,0.42,0.6976935073463022,7714.0,1.0
151333,2978.0,0.0893216924110141,0.34,0.7607296137339056,6109.0,1.0
151342,7790.0,0.14377406931964057,0.36,0.6895761741122566,6290.0,1.0
151351,32367.0,0.0959619365403034,0.2,0.6914948664179308,9028.0,1.0
151360,5307.0,0.3708309779536461,0.37,0.774581589958159,6193.0,1.0
151379,6384.0,0.10510651629072681,0.34,0.8118393234672304,6163.0,0.0
151388,3285.0,0.06270928462709284,0.39,0.6042780748663101,6069.0,0.0
151458,580.0,0.08620689655172414,0.67,0.7493734335839599,13080.0,1.0
151467,404.0,0.14108910891089108,0.68,0.30374479889042993,13670.0,1.0
151485,,,,,,1.0
151494,1010.0,0.3415841584158416,0.69,0.39,18048.0,1.0
151500,763.0,0.12319790301441677,0.73,0.27906976744186046,18048.0,1.0
151519,7418.0,0.12523591264491776,0.68,0.2836335160532498,16842.0,1.0
151537,42.0,0.5238095238095238,0.85,1.0,15000.0,1.0
151564,44.0,0.0,0.44,,,0.0
151607,61.0,0.04918032786885246,0.4,,,1.0
151616,749.0,0.6488651535380507,0.88,,9815.0,0.0
151625,511.0,0.20156555772994128,0.83,,9227.0,0.0
151652,184.0,0.2717391304347826,0.73,,,1.0
151661,2397.0,0.2807676261994159,0.64,,,1.0
151777,1280.0,0.08203125,0.42,0.6432479124676073,24920.0,0.0
151786,2132.0,0.21341463414634146,0.41,0.5358037055583375,24960.0,1.0
151801,11004.0,0.1993820428934933,0.36,0.7348958333333333,21214.0,0.0
151810,909.0,0.9625962596259626,0.79,,13520.0,1.0
151829,140.0,0.12857142857142856,0.41,,,1.0
151865,,,,,,1.0
151874,109.0,0.9908256880733946,0.66,,,0.0
151944,1194.0,0.228643216080402,0.81,,8992.0,0.0
151962,84.0,0.14285714285714285,0.69,,9050.0,0.0
152044,117.0,0.6923076923076923,0.37,,,1.0
152080,8442.0,0.15908552475716656,0.13,0.2876523655395634,39919.0,0.0
152099,2726.0,0.08877476155539252,0.12,0.6522911051212938,15990.0,0.0
152150,53.0,0.07547169811320754,0.61,,,0.0
152220,635.0,0.4,0.74,,,1.0
152248,8664.0,0.3574561403508772,0.4,0.47501224889759924,5960.0,0.0
152266,4542.0,0.13650374284456188,0.39,0.9667119565217391,6038.0,0.0
152275,259.0,0.47104247104247104,0.74,,,1.0
152309,59.0,0.1694915254237288,0.8,,,1.0
152318,1875.0,0.08746666666666666,0.21,0.6591498185588388,36270.0,1.0
152327,73.0,0.1095890410958904,0.66,,,1.0
152336,1954.0,0.13357215967246674,0.44,0.5577287066246057,22810.0,1.0
152363,1033.0,0.16940948693126814,0.31,0.6121076233183856,25260.0,0.0
152381,1367.0,0.06364301389904901,0.45,0.6864951768488746,24500.0,0.0
152390,1555.0,0.11189710610932475,0.23,0.8067772170151406,31020.0,0.0
152415,687.0,0.6317321688500728,0.73,,,0.0
152424,295.0,0.15593220338983052,0.75,,,0.0
152451,,,,,,0.0
152497,243.0,0.09465020576131687,0.47,0.5263157894736842,16030.0,1.0
152530,2444.0,0.05646481178396072,0.19,0.8334274421230943,26383.0,0.0
152567,1779.0,0.07251264755480608,0.4,0.7453703703703703,25400.0,0.0
152600,2872.0,0.11838440111420613,0.27,0.845407872219053,29582.0,0.0
152628,100.0,0.04,0.29,,,0.0
152637,16595.0,0.13341367881892136,0.26,,4588.0,0.0
152673,872.0,0.12958715596330275,0.28,0.5635179153094463,31050.0,0.0
152798,326.0,0.03680981595092025,0.3,0.38461538461538464,14995.0,0.0
152822,937.0,0.08004268943436499,0.44,0.5907692307692308,13167.0,1.0
152992,1067.0,0.19400187441424555,0.46,0.5834272829763247,23418.0,1.0
153001,2612.0,0.07618683001531394,0.51,0.7086383601756955,26306.0,0.0
153074,195.0,0.05641025641025641,0.54,1.0,,1.0
153083,231.0,0.06926406926406926,0.56,1.0,,1.0
153092,18.0,0.6666666666666666,0.78,,,1.0
153108,1648.0,0.06735436893203883,0.31,0.7314165497896213,26242.0,0.0
153126,993.0,0.04934541792547835,0.4,0.8103448275862069,24610.0,1.0
153144,1345.0,0.07657992565055761,0.28,0.61375,30860.0,1.0
153162,1191.0,0.1376994122586062,0.32,0.4289897510980966,31050.0,0.0
153171,27.0,0.2962962962962963,0.83,,,0.0
153214,24658.0,0.13971124989861303,0.42,,3750.0,0.0
153241,107.0,0.056074766355140186,0.26,1.0,11300.0,0.0
153250,1360.0,0.01911764705882353,0.36,0.8397839783978398,23180.0,0.0
153269,3527.0,0.07485114828466119,0.2,0.6501367989056087,26960.0,1.0
153278,1687.0,0.15411973918197985,0.5,0.7577639751552795,21590.0,1.0
153296,1078.0,0.12987012987012986,0.47,,3816.0,0.0
153302,243.0,0.06995884773662552,0.54,,12604.0,1.0
153311,9365.0,0.17501334757074213,0.5,,3540.0,1.0
153320,325.0,0.046153846153846156,0.54,0.7376237623762376,13814.0,0.0
153339,35.0,0.17142857142857143,0.79,,,0.0
153366,1464.0,0.15095628415300547,0.39,0.39266304347826086,20980.0,0.0
153375,2076.0,0.12235067437379576,0.46,0.9201030927835051,20292.0,1.0
153384,1655.0,0.1691842900302115,0.21,0.43163444639718807,37482.0,0.0
153409,422.0,0.05687203791469194,0.82,,15372.0,0.0
153418,902.0,0.10421286031042129,0.76,,15372.0,1.0
153427,299.0,0.19063545150501673,0.77,,11025.0,1.0
153445,6658.0,0.12736557524782216,0.41,,3752.0,0.0
153463,44.0,0.06818181818181818,0.68,,,0.0
153472,5520.0,0.0536231884057971,0.61,,3120.0,0.0
153524,6204.0,0.13023855577047067,0.33,,3990.0,0.0
153533,3264.0,0.061274509803921566,0.4,,4876.0,0.0
153542,18.0,0.0,0.2,0.25,3600.0,1.0
153588,32.0,0.5,0.89,,,1.0
153597,190.0,0.11578947368421053,0.52,,,0.0
153603,23104.0,0.06834314404432133,0.25,0.8505105296745373,6997.0,1.0
153621,771.0,0.17769130998702984,0.51,0.63544536271809,22050.0,0.0
153630,6799.0,0.12060597146639211,0.5,,3960.0,1.0
153658,21176.0,0.07612391386475255,0.19,0.8382113821138212,7417.0,1.0
153737,18456.0,0.0649653229302124,0.36,,3540.0,1.0
153746,108.0,0.17592592592592593,0.6,,,1.0
153764,196.0,0.11224489795918367,0.56,,,0.0
153773,105.0,0.08571428571428572,0.83,,,0.0
153782,159.0,0.0880503144654088,0.61,,,0.0
153825,1516.0,0.060026385224274406,0.28,0.6401314126863785,26275.0,1.0
153834,2481.0,0.05401047964530431,0.2,0.7166055526453641,33480.0,0.0
153861,349.0,0.23209169054441262,0.61,0.5217391304347826,24430.0,0.0
153922,2069.0,0.138714354760754,0.41,,3816.0,0.0
153977,792.0,0.059343434343434344,0.35,0.38961038961038963,13530.0,1.0
154004,1250.0,0.0632,0.37,0.5933226065969429,22980.0,1.0
154013,1441.0,0.06453851492019431,0.61,0.7021276595744681,23260.0,1.0
154022,57254.0,0.4366332483319943,0.58,0.6745940626537641,9918.0,0.0
154059,3744.0,0.06677350427350427,0.44,,3913.0,0.0
154095,11391.0,0.05820384514090071,0.28,0.833088954056696,7008.0,1.0
154101,1243.0,0.061142397425583264,0.35,0.7041022192333557,23330.0,0.0
154110,5136.0,0.04964953271028037,0.39,,4800.0,0.0
154129,1654.0,0.03083434099153567,0.27,,4620.0,0.0
154156,,,,,,1.0
154165,71.0,0.0,0.64,,,0.0
154174,37.0,0.08108108108108109,0.43,0.4444444444444444,7530.0,1.0
154208,115.0,0.017391304347826087,0.47,,,0.0
154235,2813.0,0.08140774973338073,0.27,0.8394160583941606,23910.0,1.0
154262,190.0,0.05789473684210526,0.38,0.3076923076923077,15500.0,1.0
154332,73.0,0.2328767123287671,0.84,,,1.0
154341,112.0,0.16071428571428573,0.52,,,0.0
154350,1979.0,0.05103587670540677,0.31,0.8622222222222222,26837.0,0.0
154378,3601.0,0.09136351013607331,0.47,,3780.0,0.0
154396,1753.0,0.04962920707358814,0.48,,4020.0,0.0
154448,200.0,0.165,0.58,1.0,,1.0
154457,61.0,0.14754098360655737,0.86,,,1.0
154466,60.0,0.06666666666666667,0.64,,,1.0
154493,5242.0,0.21728347958794353,0.9,0.639386189258312,22350.0,0.0
154518,643.0,0.2410575427682737,0.65,0.5446339017051154,19486.0,0.0
154527,1775.0,0.09577464788732394,0.28,0.7184510250569476,29020.0,0.0
154536,,,,,,1.0
154545,50.0,0.34,0.77,,,1.0
154572,6421.0,0.09017287026942844,0.38,,3204.0,1.0
154590,1799.0,0.2178988326848249,0.5,0.5959952885747939,16220.0,0.0
154633,75.0,0.13333333333333333,,,,0.0
154642,2898.0,0.11456176673567978,0.48,,2080.0,0.0
154651,31.0,0.3225806451612903,,,,0.0
154688,2142.0,0.1619981325863679,0.36,0.919175911251981,22280.0,0.0
154697,4495.0,0.22202447163515016,0.18,,2688.0,0.0
154712,1839.0,0.10984230560087004,0.23,0.6030410870268521,20475.0,0.0
154721,610.0,0.1557377049180328,0.44,0.6370370370370371,20026.0,0.0
154749,476.0,0.14495798319327732,0.37,0.7577937649880095,20700.0,0.0
154767,612.0,0.2679738562091503,0.74,,9643.0,0.0
154776,548.0,0.16605839416058393,0.78,,9395.0,0.0
154794,164.0,0.31097560975609756,0.81,1.0,17500.0,1.0
154800,9773.0,0.1832600020464545,0.33,,2460.0,0.0
154819,121.0,0.71900826446281,,,,1.0
154837,9.0,0.5555555555555556,0.0,1.0,6780.0,0.0
154855,518.0,0.1891891891891892,0.35,,18000.0,0.0
154907,2733.0,0.13794365166483719,0.28,,2640.0,0.0
154925,2037.0,0.2852233676975945,0.34,,1920.0,0.0
154934,1417.0,0.061397318278052226,0.28,,2784.0,0.0
154943,96.0,0.34375,0.52,,,1.0
154952,4485.0,0.19732441471571907,0.4,,2542.0,0.0
154970,45.0,0.13333333333333333,0.65,,,0.0
154998,1807.0,0.4067515218594355,0.3,,2500.0,0.0
155007,652.0,0.7745398773006135,0.62,,5528.0,1.0
155025,4066.0,0.14756517461878996,0.39,0.8795774647887324,4636.0,0.0
155052,682.0,0.19794721407624633,0.53,,3900.0,0.0
155061,10317.0,0.08355141998643016,0.26,0.9126344086021505,3941.0,0.0
155070,245.0,0.09387755102040816,0.61,0.6635514018691588,13690.0,0.0
155089,1944.0,0.17386831275720166,0.46,0.6082036775106082,20040.0,1.0
155098,2057.0,0.11278561011181332,0.43,,2370.0,0.0
155104,2009.0,0.36037829766052765,0.38,,2112.0,0.0
155140,958.0,1.0,0.68,0.6949602122015915,430.0,1.0
155159,87.0,0.034482758620689655,0.66,,,0.0
155177,448.0,0.15401785714285715,0.44,,20700.0,0.0
155186,3650.0,0.06410958904109589,0.34,,2700.0,0.0
155195,5630.0,0.12344582593250444,0.33,,2528.0,0.0
155201,1164.0,0.22250859106529208,0.43,,2256.0,0.0
155210,20865.0,0.13400431344356578,0.2,,2700.0,1.0
155283,628.0,0.4601910828025478,0.77,1.0,,1.0
155292,7556.0,0.37916887241926944,0.41,,1980.0,1.0
155317,20343.0,0.11089809762571892,0.22,0.9142964423167182,8025.0,1.0
155335,2003.0,0.16375436844732902,0.27,0.4502572898799314,20712.0,1.0
155353,40.0,0.65,0.96,,,1.0
155399,19205.0,0.11621973444415516,0.26,0.9853652636671505,7376.0,0.0
155414,773.0,0.21733505821474774,0.43,0.5090655509065551,20200.0,0.0
155423,838.0,0.06563245823389022,0.21,0.7830508474576271,,1.0
155441,83.0,0.39759036144578314,0.44,,,1.0
155450,1915.0,0.1122715404699739,0.3,,2310.0,0.0
155487,593.0,0.12984822934232715,0.59,,4000.0,0.0
155496,379.0,0.12928759894459102,0.44,,11983.0,0.0
155511,707.0,0.20933521923620935,0.41,0.8436426116838488,19625.0,0.0
155520,1352.0,0.20784023668639054,0.36,0.941717791411043,20250.0,0.0
155566,2317.0,0.11307725507121277,0.33,,2528.0,0.0
155593,762.0,0.024934383202099737,0.49,,4312.0,0.0
155618,384.0,0.18489583333333334,0.55,,,0.0
155627,558.0,0.2060931899641577,0.44,0.6190476190476191,20400.0,0.0
155636,286.0,0.09090909090909091,0.27,,9480.0,1.0
155681,5891.0,0.11084705482940078,0.42,0.8579520697167756,4848.0,0.0
155715,1664.0,0.13521634615384615,0.32,,2628.0,0.0
155812,766.0,0.17885117493472585,0.37,0.6771545827633378,19960.0,0.0
155830,408.0,0.15196078431372548,0.41,,3584.0,0.0
155858,1870.0,0.306951871657754,0.25,,2080.0,0.0
155867,76.0,0.05263157894736842,0.8,,,0.0
155900,1524.0,0.1889763779527559,0.33,0.9164086687306502,20656.0,0.0
155937,736.0,0.16304347826086957,0.45,0.5042630937880633,19000.0,0.0
155973,646.0,0.20588235294117646,0.42,0.9371980676328503,20630.0,0.0
156082,6321.0,0.1368454358487581,0.37,1.0,5054.0,1.0
156107,2127.0,0.28819934179595674,0.51,,6230.0,0.0
156125,11602.0,0.1582485778314084,0.36,0.8982394366197183,5890.0,1.0
156134,1487.0,0.24075319435104237,0.82,,,1.0
156189,598.0,0.030100334448160536,0.61,0.07337883959044368,9500.0,0.0
156213,1481.0,0.06414584740040513,0.29,0.6629570747217806,23303.0,0.0
156222,,,,,,0.0
156231,4688.0,0.03135665529010239,0.43,,3120.0,1.0
156277,72.0,0.125,0.73,,,0.0
156286,2612.0,0.07503828483920368,0.23,0.514524647887324,30310.0,1.0
156295,1613.0,0.21140731556106634,0.84,0.17279411764705882,910.0,0.0
156310,539.0,0.2597402597402597,0.67,,,1.0
156338,5128.0,0.11914976599063963,0.4,,3120.0,1.0
156356,645.0,0.10697674418604651,0.48,0.6929911154985192,17390.0,1.0
156365,2975.0,0.12067226890756302,0.44,0.6472506989748369,19710.0,0.0
156392,14164.0,0.1769980231573002,0.46,,3170.0,1.0
156408,1242.0,0.0821256038647343,0.18,0.7446902654867257,32600.0,0.0
156417,172.0,0.005813953488372093,0.65,,5580.0,0.0
156426,249.0,0.08835341365461848,0.9,,,1.0
156444,22.0,0.0,1.0,,,0.0
156471,948.0,0.08966244725738397,0.53,0.7383966244725738,,1.0
156541,1746.0,0.10080183276059565,0.46,0.6819313091090095,17024.0,0.0
156620,14396.0,0.10176437899416504,0.42,0.688571771195587,7084.0,0.0
156648,7887.0,0.13769494104222138,0.52,,3120.0,1.0
156675,47.0,0.0,0.68,,,0.0
156727,,,,,,0.0
156745,1284.0,0.1059190031152648,0.36,0.7869955156950673,27640.0,0.0
156754,73.0,0.1506849315068493,0.8,,,0.0
156790,4795.0,0.016892596454640252,0.41,,3120.0,0.0
156842,252.0,0.20238095238095238,0.54,,,0.0
156851,2224.0,0.10251798561151079,0.44,,3120.0,0.0
156860,3865.0,0.3498059508408797,0.61,,3120.0,0.0
156903,466.0,0.16952789699570817,0.87,,16560.0,0.0
156921,15258.0,0.279066719098178,0.41,,3200.0,1.0
156949,23.0,0.043478260869565216,0.88,,,0.0
156967,116.0,0.23275862068965517,0.6,,,1.0
157021,2414.0,0.37821043910521956,0.89,,10489.0,0.0
157030,89.0,0.0449438202247191,0.61,0.391304347826087,6540.0,0.0
157058,2606.0,0.6139677666922486,0.6,0.25393203487898297,5520.0,0.0
157076,802.0,0.11596009975062344,0.52,0.5508141493542953,18180.0,1.0
157085,19927.0,0.10001505495056957,0.24,0.735219352193522,8610.0,1.0
157100,552.0,0.1213768115942029,0.54,0.3211009174311927,15176.0,0.0
157207,,,,,,1.0
157216,2164.0,0.14094269870609982,0.66,,18950.0,0.0
157234,94.0,0.09574468085106383,,,3080.0,1.0
157270,719.0,0.26286509040333794,0.7,0.5914285714285714,19813.0,0.0
157289,15644.0,0.17508309895167476,0.3,0.7253384912959381,8424.0,1.0
157298,,,,,,1.0
157304,4863.0,0.07978614024264857,0.37,,3120.0,0.0
157331,4515.0,0.04606866002214839,0.48,,3120.0,0.0
157359,2148.0,0.15083798882681565,0.78,0.837782340862423,13350.0,0.0
157377,1513.0,0.11698612029081296,0.54,0.6318327974276527,19050.0,0.0
157386,7123.0,0.0477326968973747,0.49,0.7879335260115607,6492.0,0.0
157395,40.0,0.025,0.71,,,1.0
157401,8425.0,0.09163204747774481,0.36,0.7342310418143161,6264.0,0.0
157438,4797.0,0.12862205545132374,0.49,,3200.0,0.0
157447,13018.0,0.08772468889230296,0.34,0.6625937239655652,7128.0,0.0
157456,26.0,0.038461538461538464,0.95,,,0.0
157465,399.0,0.10526315789473684,0.85,,15224.0,1.0
157483,7364.0,0.11338946224877784,0.34,,3120.0,0.0
157508,97.0,0.13402061855670103,0.76,,,0.0
157535,1022.0,0.12035225048923678,0.62,,15250.0,0.0
157553,5360.0,0.019402985074626865,0.43,,3120.0,0.0
157599,2080.0,0.4894230769230769,0.87,,9334.0,1.0
157614,129.0,0.2868217054263566,0.69,,,0.0
157632,880.0,0.1125,0.51,,15860.0,0.0
157650,161.0,0.2111801242236025,0.83,,,1.0
157669,129.0,0.7286821705426356,0.89,,,1.0
157678,164.0,0.09146341463414634,0.78,,,0.0
157696,842.0,0.11520190023752969,0.79,,9759.0,0.0
157711,9247.0,0.03374067265058938,0.56,,3120.0,0.0
157739,5189.0,0.03603777221044517,0.37,,3264.0,0.0
157748,501.0,0.059880239520958084,0.0,0.697594501718213,13370.0,1.0
157757,1306.0,0.35298621745788666,0.53,0.468944099378882,18150.0,1.0
157766,1161.0,0.29112833763996554,0.62,,15960.0,0.0
157793,4998.0,0.2857142857142857,0.63,,17100.0,1.0
157809,1731.0,0.07105719237435008,0.24,0.8632286995515696,23517.0,0.0
157818,1110.0,0.07027027027027027,0.26,0.8377558756633814,26740.0,1.0
157827,104.0,0.3557692307692308,0.89,,,1.0
157854,,,,,,0.0
157863,843.0,0.14472123368920523,0.63,0.24934383202099739,19015.0,0.0
157951,17821.0,0.14157454688289098,0.42,0.9450818615444115,7560.0,1.0
158088,3193.0,0.39210773567178203,0.33,,1123.0,1.0
158158,80.0,0.575,0.24,,,1.0
158219,,,,,1206.0,0.0
158237,,,,,,0.0
158246,343.0,0.6997084548104956,0.6,,,1.0
158282,,,,,,0.0
158307,,,,,,0.0
158325,65.0,0.09230769230769231,0.43,0.28169014084507044,9050.0,1.0
158334,33.0,0.06060606060606061,0.58,1.0,3000.0,1.0
158343,70.0,0.45714285714285713,0.38,,,1.0
158352,3900.0,0.5476923076923077,0.24,,1182.0,1.0
158431,6473.0,0.391781245172254,0.44,,1940.0,0.0
158440,152.0,0.993421052631579,0.97,,,1.0
158477,800.0,0.1875,0.34,0.5997588908981314,24080.0,1.0
158538,59.0,0.22033898305084745,0.63,,,0.0
158583,,,,,,0.0
158617,315.0,0.45396825396825397,0.16,,,1.0
158644,83.0,0.9156626506024096,0.48,,,1.0
158662,18767.0,0.4842009911014014,0.53,,2955.0,1.0
158723,443.0,0.345372460496614,0.86,,9780.0,1.0
158769,1834.0,0.40185387131952016,0.38,,1202.0,0.0
158778,40.0,0.55,0.64,,,1.0
158787,76.0,0.06578947368421052,0.5,,,0.0
158802,1187.0,0.9250210614995787,0.75,0.47545830869308103,13880.0,1.0
158884,2413.0,0.44260256941566517,0.58,,2046.0,0.0
158893,,,,,,0.0
158936,,,,,,0.0
158945,,,,,,0.0
159009,4405.0,0.8728717366628831,0.67,0.310839407477075,4428.0,0.0
159018,,,,,,0.0
159027,73.0,0.589041095890411,0.76,,,1.0
159045,,,,,,0.0
159090,,,,,,0.0
159197,479.0,0.4342379958246347,0.52,,,0.0
159249,,,,,,0.0
159258,,,,,2955.0,1.0
159267,,,,,2955.0,0.0
159319,40.0,0.375,0.69,,,1.0
159328,140.0,0.30714285714285716,0.54,,,1.0
159373,849.0,0.14487632508833923,0.23,,3528.0,1.0
159382,2667.0,0.22947131608548932,0.42,0.7389791183294664,3816.0,0.0
159391,23685.0,0.14654844838505382,0.2,0.6918389143682855,5764.0,1.0
159407,3431.0,0.2999125619352958,0.39,,2488.0,0.0
159416,4053.0,0.2504317789291883,0.33,0.8207705192629816,4125.0,0.0
159443,4649.0,0.41514304151430415,0.63,,1032.0,1.0
159513,114.0,0.5877192982456141,0.38,,,1.0
159522,88.0,0.03409090909090909,0.49,,,1.0
159531,54.0,0.16666666666666666,0.26,,,0.0
159568,1054.0,0.21821631878557876,0.51,0.5144076840981857,13030.0,0.0
159601,9.0,0.6666666666666666,0.68,,,0.0
159638,,,,,,1.0
159647,8978.0,0.14134551124972153,0.24,0.6082329317269076,5545.0,0.0
159656,2922.0,0.27686516084873375,0.29,0.5664011854047045,31504.0,1.0
159692,,,,,,0.0
159717,7915.0,0.208717624763108,0.36,0.6772304512573201,3987.0,1.0
159823,,,,,,0.0
159939,8345.0,0.25008987417615336,0.32,0.5575425439861552,4759.0,1.0
159948,1197.0,0.2222222222222222,0.0,0.9959677419354839,5583.0,1.0
159966,6394.0,0.24319674695026589,0.37,0.7782086079875921,4292.0,1.0
159984,,,,,,0.0
159993,7513.0,0.293491281778251,0.38,0.7289760348583878,4636.0,1.0
160001,,,,,,0.0
160010,3037.0,0.5004939084622984,0.42,,1122.0,0.0
160029,,,,,,1.0
160038,8078.0,0.3561525129982669,0.4,0.8323874385168369,4384.0,0.0
160047,,,,,,0.0
160065,997.0,0.30090270812437314,0.53,0.27113702623906705,8139.0,1.0
160074,1744.0,0.1915137614678899,0.36,0.5092297899427116,8664.0,1.0
160117,16.0,0.8125,0.64,,,1.0
160126,15.0,1.0,1.0,,,1.0
160135,23.0,0.5652173913043478,0.43,,,0.0
160199,62.0,0.0967741935483871,0.65,,,0.0
160214,,,,,,0.0
160311,,,,,,0.0
160320,116.0,0.15517241379310345,0.44,,,0.0
160348,,,,,,1.0
160366,,,,,,0.0
160384,,,,,,0.0
160409,126.0,0.24603174603174602,0.11,,13620.0,0.0
160427,,,,,,0.0
160445,127.0,0.1889763779527559,0.45,,,0.0
160472,49.0,0.24489795918367346,0.6,,,1.0
160481,2395.0,0.27139874739039666,0.29,,2093.0,1.0
160524,392.0,0.5102040816326531,0.74,0.7833935018050542,15085.0,1.0
160533,,,,,,1.0
160560,,,,,,0.0
160579,2620.0,0.33969465648854963,0.58,,2307.0,1.0
160597,19.0,0.8947368421052632,0.43,,,1.0
160612,13940.0,0.20559540889526542,0.34,0.4236019952743502,4000.0,0.0
160621,5726.0,0.9573873559203633,0.68,0.37026556377884196,4584.0,1.0
160630,2590.0,0.9691119691119691,0.8,0.4888888888888889,3360.0,1.0
160649,2834.0,0.8465067043048694,0.64,,2730.0,0.0
160658,15306.0,0.22951783614268914,0.33,0.6687633515309755,4426.0,1.0
160667,3531.0,0.3112432738600963,0.28,,1176.0,0.0
160676,,,,,,0.0
160685,,,,,2428.0,0.0
160694,,,,,,0.0
160719,,,,,,0.0
160755,7754.0,0.15424297136961568,0.17,0.2598196964509871,41884.0,1.0
160816,,,,,,0.0
160843,,,,,,0.0
160870,,,,,,0.0
160904,2708.0,0.8437961595273265,0.63,0.687959964674713,17100.0,1.0
160913,3018.0,0.44433399602385687,0.18,,1092.0,0.0
160940,1373.0,0.009468317552804079,0.67,,12895.0,1.0
160959,364.0,0.0521978021978022,0.35,0.6403269754768393,34380.0,0.0
160968,3.0,0.0,0.33,,13450.0,1.0
160977,1725.0,0.11188405797101449,0.13,0.3181315032100952,41360.0,1.0
160995,552.0,0.02717391304347826,0.67,,,1.0
161004,1762.0,0.23439273552780931,0.16,0.1965769358590894,41565.0,0.0
161022,200.0,0.035,0.32,1.0,8875.0,1.0
161059,42.0,0.0,,0.3013698630136986,9165.0,1.0
161077,2870.0,0.04320557491289199,0.53,,3510.0,0.0
161086,1825.0,0.09095890410958904,0.1,0.3417991929741277,41380.0,0.0
161138,2151.0,0.026499302649930265,0.48,0.696913002806361,3207.0,1.0
161165,2526.0,0.05859065716547902,0.6,0.8154205607476636,13450.0,1.0
161192,2465.0,0.029614604462474645,0.44,,3114.0,0.0
161208,68.0,0.0,0.21,0.5714285714285714,18720.0,0.0
161217,5053.0,0.0589748664159905,0.55,,7125.0,0.0
161226,2386.0,0.039396479463537304,0.44,0.803129074315515,9022.0,0.0
161235,1073.0,0.047530288909599254,0.32,0.8670411985018727,7163.0,0.0
161244,951.0,0.08307045215562565,0.39,0.8055555555555556,7075.0,0.0
161253,9183.0,0.05379505608189045,0.34,0.8009136457412319,10142.0,0.0
161280,,,,,,1.0
161299,933.0,0.01607717041800643,0.34,0.5457198443579766,10525.0,0.0
161341,1434.0,0.07182705718270571,0.38,,7000.0,0.0
161378,,,,,,1.0
161457,2692.0,0.034546805349182766,0.26,0.8481132075471698,29330.0,1.0
161484,1116.0,0.05017921146953405,0.73,0.5288270377733598,3223.0,0.0
161493,322.0,0.059006211180124224,0.71,,,1.0
161509,318.0,0.050314465408805034,0.42,0.9442815249266863,28645.0,1.0
161518,1804.0,0.05598669623059867,0.22,0.9261006289308176,27345.0,0.0
161527,158.0,0.0189873417721519,0.53,,,1.0
161545,7010.0,0.06647646219686162,0.33,0.5885994325509415,3395.0,1.0
161554,7561.0,0.06030948287263589,0.35,0.7828085497586762,8538.0,1.0
161563,837.0,0.07407407407407407,0.48,0.7248677248677249,21680.0,0.0
161572,584.0,0.0547945205479452,0.48,0.7787162162162162,22500.0,0.0
161581,589.0,0.13412563667232597,0.58,,3430.0,0.0
161615,51.0,0.7647058823529411,0.68,,,0.0
161651,44.0,0.5681818181818182,0.68,,,1.0
161688,4071.0,0.10022107590272661,0.42,,5906.0,0.0
161767,17665.0,0.2146617605434475,0.25,,5440.0,0.0
161776,560.0,0.7035714285714286,0.78,,,1.0
161800,198.0,0.30303030303030304,0.68,,,1.0
161855,96.0,1.0,0.99,,,1.0
161864,7160.0,0.7641061452513966,0.58,,3112.0,1.0
161873,3226.0,0.46683199008059517,0.51,0.5825864276568502,7330.0,1.0
161882,474.0,0.4767932489451477,,,27390.0,1.0
162007,4401.0,0.9347875482844809,0.48,0.5179726815240834,6154.0,0.0
162061,342.0,0.5058479532163743,0.36,0.5670103092783505,20462.0,0.0
162104,2425.0,0.14350515463917526,0.3,,5710.0,0.0
162122,9034.0,0.31215408456940447,0.2,,5402.0,0.0
162168,2956.0,0.2107577807848444,0.41,,5244.0,0.0
162210,1176.0,0.5416666666666666,0.59,,20180.0,0.0
162283,3298.0,0.8938750758035173,0.63,0.5351738784178391,5547.0,1.0
162335,95.0,0.45263157894736844,0.72,0.6666666666666666,,1.0
162371,682.0,0.7140762463343109,0.95,,,0.0
162557,6285.0,0.18647573587907718,0.2,,5791.0,1.0
162584,4866.0,0.2996300863131936,0.34,0.5819488100583745,6904.0,0.0
162609,850.0,0.1635294117647059,0.56,,6638.0,0.0
162654,1479.0,0.16091954022988506,0.22,0.7296631059983566,35142.0,1.0
162681,1203.0,0.13881961762261014,0.69,,15103.0,0.0
162690,4715.0,0.16139978791092258,0.36,,4060.0,0.0
162706,7135.0,0.19761737911702873,0.25,,4172.0,0.0
162760,1485.0,0.1898989898989899,0.31,0.8614958448753463,29860.0,1.0
162779,9568.0,0.34092809364548493,0.24,,6553.0,0.0
162830,57.0,0.14035087719298245,0.74,,,0.0
162928,5820.0,0.17130584192439863,0.14,0.2225246864157993,40680.0,1.0
162982,141.0,0.14184397163120568,0.2,0.7,,0.0
163028,1607.0,0.6639701306782825,0.55,,,0.0
163046,3807.0,0.11163645915418965,0.14,0.5531602605265572,39350.0,1.0
163107,31.0,0.7741935483870968,0.86,,,0.0
163204,25686.0,0.41123569259518805,0.22,,6000.0,0.0
163259,772.0,0.28756476683937826,0.22,,8711.0,1.0
163268,10210.0,0.23300685602350638,0.26,0.6588903843278002,9171.0,0.0
163286,26922.0,0.22104598469653072,0.2,0.44636095919225915,8416.0,0.0
163295,1869.0,0.12466559657570893,0.23,0.5103668261562998,35690.0,1.0
163338,3967.0,0.8311066296949836,0.55,0.5084269662921348,6305.0,0.0
163347,494.0,0.5870445344129555,0.73,0.9661016949152542,,1.0
163408,171.0,0.9649122807017544,0.36,,,0.0
163426,26015.0,0.4695752450509322,0.27,,8304.0,1.0
163453,6622.0,0.9371790999697976,0.55,0.31792002632878064,6727.0,1.0
163462,1618.0,0.17181705809641531,0.24,0.8043728423475259,30350.0,0.0
163532,380.0,0.0,0.24,0.8666666666666667,9000.0,0.0
163541,532.0,0.9793233082706767,0.62,,,0.0
163578,1290.0,0.3333333333333333,0.26,0.608540925266904,28350.0,1.0
163657,14814.0,0.8528419063048468,0.36,,4994.0,0.0
163736,1007.0,0.7447864945382324,0.77,,,1.0
163754,32.0,0.125,0.31,,,0.0
163815,98.0,0.46938775510204084,0.87,,,0.0
163842,6.0,0.0,0.0,,15256.0,1.0
163851,7706.0,0.1714248637425383,0.22,0.5335314640134384,6908.0,0.0
163912,1982.0,0.13471241170534815,0.16,0.572791372874326,13630.0,0.0
163921,1335.0,0.949063670411985,0.79,,7920.0,1.0
163976,463.0,0.08423326133909287,0.26,0.8095238095238095,42192.0,0.0
164058,766.0,0.6710182767624021,0.6,,,0.0
164076,17529.0,0.17302755433852474,0.23,0.5701732042791645,7656.0,1.0
164085,,,,,,0.0
164100,104.0,0.18269230769230768,0.91,,,1.0
164146,,,,,,0.0
164155,4603.0,0.2600477949163589,,0.08404615649578047,0.0,0.0
164173,3575.0,0.2595804195804196,0.28,0.6382113821138211,22090.0,0.0
164207,273.0,0.6446886446886447,0.48,0.8666666666666667,12800.0,0.0
164216,1418.0,0.07827926657263752,0.16,0.7439698492462311,36738.0,0.0
164243,,,,,,1.0
164270,1597.0,0.11897307451471509,0.28,0.7373561213812347,33280.0,0.0
164313,4150.0,0.28674698795180725,0.48,,4926.0,0.0
164368,,,0.0,,,
164438,1035.0,0.21545893719806763,0.17,0.9722222222222222,8925.0,1.0
164447,1720.0,0.3633720930232558,0.51,0.7390761548064919,26700.0,1.0
164465,1794.0,0.29264214046822745,0.22,0.1531053216446475,40862.0,0.0
164474,,,,,,1.0
164492,1092.0,0.1575091575091575,0.38,0.6343562874251497,28204.0,0.0
164535,41.0,0.43902439024390244,0.45,0.6043956043956044,,0.0
164562,2233.0,0.08329601433049709,0.2,0.7597254004576659,31305.0,1.0
164571,458.0,0.6179039301310044,,,17066.0,0.0
164580,1956.0,0.14877300613496933,0.18,0.395469096281704,39040.0,0.0
164599,86.0,0.046511627906976744,0.25,,,1.0
164614,124.0,0.1532258064516129,0.48,0.4473684210526316,10491.0,1.0
164632,1554.0,0.2548262548262548,0.51,0.6459554513481829,25515.0,0.0
164641,1215.0,0.3893004115226337,0.58,0.575812274368231,19384.0,1.0
164678,335.0,0.4059701492537313,0.91,,,0.0
164720,1772.0,0.1433408577878104,0.42,0.7676814988290398,26880.0,1.0
164739,4251.0,0.10632792284168431,0.16,0.46445268418507174,37058.0,1.0
164748,4275.0,0.17333333333333334,0.19,0.36812548412083657,32520.0,1.0
164775,2730.0,0.12417582417582418,0.52,,4152.0,0.0
164845,195.0,0.5384615384615384,0.61,,,1.0
164872,934.0,0.14453961456102785,0.2,,16462.0,1.0
164915,,,,,,0.0
164924,9895.0,0.14997473471450226,0.14,0.3110279624494705,40542.0,1.0
164933,482.0,0.08713692946058091,0.17,,35638.0,1.0
164988,18166.0,0.13712429813938126,0.15,0.5847598888741897,39864.0,1.0
165015,3341.0,0.11643220592636935,0.19,0.40440205429200293,40289.0,1.0
165024,9328.0,0.12178387650085763,0.22,0.6576048075547288,7053.0,0.0
165033,8893.0,0.122905656134038,0.41,,3578.0,1.0
165060,350.0,0.10285714285714286,0.44,0.16363636363636364,,0.0
165112,12271.0,0.4297938228343248,0.47,,3234.0,1.0
165149,,,,0.21052631578947367,17500.0,1.0
165167,1343.0,0.5227103499627699,0.4,,13240.0,1.0
165194,4482.0,0.12271307452030343,0.33,,3624.0,1.0
165255,199.0,0.1407035175879397,0.35,,,0.0
165264,717.0,0.32217573221757323,0.33,0.5256410256410257,25188.0,1.0
165334,2317.0,0.09969788519637462,0.21,0.6909361069836553,36420.0,1.0
165495,,,,,,0.0
165529,2661.0,0.11950394588500564,0.25,0.7194740137758296,30815.0,0.0
165556,939.0,0.6219382321618744,0.7,,,0.0
165574,1266.0,0.14139020537124802,0.33,0.6764705882352942,29140.0,0.0
165608,78.0,0.08974358974358974,0.37,0.2887700534759358,,1.0
165635,178.0,0.5168539325842697,0.65,,,0.0
165644,840.0,0.21071428571428572,0.41,0.6731301939058172,23772.0,1.0
165662,3693.0,0.13999458434876794,0.16,0.4718135469774217,31272.0,1.0
165671,2264.0,0.14840989399293286,0.28,0.5576293385723641,30765.0,1.0
165680,25.0,0.36,,,,1.0
165699,2302.0,0.0577758470894874,0.16,0.5333333333333333,26248.0,0.0
165705,,,,,,1.0
165750,139.0,0.2517985611510791,0.57,,,1.0
165802,1881.0,0.12812333864965444,0.46,0.6090283091048202,24600.0,1.0
165820,4274.0,0.1116050538137576,0.3,0.6447886584405356,7800.0,0.0
165866,3858.0,0.11897356143079316,0.25,0.6555812608444187,7065.0,1.0
165884,543.0,0.5230202578268877,0.63,,14500.0,1.0
165936,1514.0,0.08982826948480846,0.24,0.699375,29458.0,0.0
165945,,,,,,0.0
165981,2583.0,0.09562524196670538,0.4,,4310.0,0.0
166009,153.0,0.1437908496732026,0.35,1.0,,0.0
166018,1529.0,0.14519293655984303,0.21,0.6274353876739562,41299.0,0.0
166027,10265.0,0.1735021919142718,0.11,0.07232116501033159,38415.0,1.0
166045,11.0,0.0,0.13,,22700.0,1.0
166054,80.0,0.0375,0.35,,19501.0,0.0
166063,49.0,0.3877551020408163,0.82,,,0.0
166124,2899.0,0.1424629182476716,0.17,0.3546520040515121,39892.0,1.0
166133,7404.0,0.2724203133441383,0.46,,3276.0,0.0
166276,296.0,0.6216216216216216,0.83,,11212.0,1.0
166294,78.0,0.3076923076923077,0.8,,,0.0
166319,74.0,0.08108108108108109,0.52,,,0.0
166328,58.0,0.1896551724137931,0.83,,,1.0
166391,1630.0,0.14846625766871166,0.34,0.6753972925250147,26000.0,1.0
166407,288.0,0.2013888888888889,0.32,0.3333333333333333,27150.0,0.0
166452,1838.0,0.1251360174102285,0.29,0.678516228748068,29525.0,1.0
166489,50.0,0.16,0.34,0.4423076923076923,29300.0,1.0
166498,94.0,0.23404255319148937,0.5,,,0.0
166513,11276.0,0.14739269244412911,0.3,0.735722130697419,10506.0,0.0
166586,35.0,0.8285714285714286,0.64,,,1.0
166595,78.0,0.11538461538461539,0.5,,,1.0
166601,231.0,0.3463203463203463,0.51,,15400.0,0.0
166629,21373.0,0.1096710803350021,0.27,0.6766677408959072,11732.0,0.0
166638,11568.0,0.25008644536652835,0.36,0.5705394190871369,10611.0,1.0
166647,5560.0,0.26834532374100717,0.3,,3704.0,0.0
166656,1590.0,0.1119496855345912,0.35,0.8344341699691765,25480.0,1.0
166665,,,,,,1.0
166674,2259.0,0.10358565737051793,0.25,0.6048812664907651,9000.0,1.0
166683,4299.0,0.24377762270295417,0.2,0.10076960076960077,39212.0,1.0
166692,1200.0,0.03833333333333333,0.18,0.5043062200956938,8293.0,0.0
166708,,,,,,1.0
166717,,,,,,1.0
166805,102.0,0.47058823529411764,0.49,,,1.0
166823,8053.0,0.2854836706817335,0.41,,3720.0,0.0
166850,2074.0,0.08968177434908389,0.22,0.783179012345679,31380.0,0.0
166869,98.0,0.061224489795918366,0.0,,30850.0,1.0
166887,9712.0,0.21231466227347612,0.31,,3890.0,0.0
166911,357.0,0.10084033613445378,0.43,,24900.0,0.0
166939,2332.0,0.16252144082332762,0.22,0.5156296516820482,40256.0,0.0
166948,1461.0,0.23477070499657768,0.38,0.7163192679206914,24500.0,1.0
166957,4893.0,0.20151236460249336,0.42,,4470.0,0.0
166975,162.0,0.24074074074074073,0.64,,,0.0
166984,613.0,0.13866231647634583,0.25,0.9407616361071932,31465.0,1.0
167020,613.0,0.17128874388254486,0.64,,,1.0
167039,22.0,0.0,0.82,,,1.0
167057,413.0,0.13559322033898305,0.21,0.3022670025188917,34925.0,1.0
167093,,,,,,1.0
167181,,,,,,1.0
167215,,,,,,1.0
167224,92.0,0.15217391304347827,0.35,,22400.0,1.0
167251,1018.0,0.4086444007858546,0.52,,25100.0,0.0
167260,1294.0,0.11823802163833076,0.33,0.7529861442904922,28870.0,0.0
167288,1721.0,0.1336432306798373,0.43,0.7095990279465371,7575.0,0.0
167297,146.0,0.0273972602739726,0.15,,,1.0
167312,7985.0,0.2618659987476519,0.4,,3720.0,0.0
167321,1483.0,0.11598111935266352,0.44,0.35699797160243407,18902.0,0.0
167358,19435.0,0.12081296629791613,0.15,0.37919231585650603,36792.0,1.0
167376,7439.0,0.3378142223417126,0.46,,3384.0,0.0
167394,1023.0,0.17302052785923755,0.38,0.8470394736842105,27157.0,0.0
167455,450.0,0.7466666666666667,0.76,0.5292479108635098,21550.0,0.0
167464,,,,,,0.0
167525,4505.0,0.19733629300776914,0.28,,3980.0,1.0
167534,8922.0,0.24097735933647163,0.39,,4232.0,1.0
167543,677.0,0.47858197932053176,0.61,,,1.0
167598,1101.0,0.3369663941871026,0.37,0.7727501256913022,30300.0,0.0
167631,2681.0,0.6359567325624766,0.59,,3192.0,1.0
167677,31.0,0.0,0.0,1.0,13750.0,1.0
167729,7839.0,0.17897691032019392,0.32,0.5665859564164649,7170.0,0.0
167738,1120.0,0.35625,0.56,,,0.0
167783,1912.0,0.13598326359832635,0.25,0.5395526459356247,32230.0,1.0
167792,380.0,0.2236842105263158,0.33,0.8012422360248447,41982.0,0.0
167835,2588.0,0.1642194744976816,0.25,0.4684931506849315,38898.0,0.0
167871,124.0,0.25,0.57,0.23788546255506607,,0.0
167899,3700.0,0.32054054054054054,0.23,0.6939194741166803,28585.0,1.0
167905,6887.0,0.3477566429504864,0.49,,4386.0,1.0
167987,7749.0,0.15331010452961671,0.36,0.6820534340467198,10358.0,0.0
167996,2582.0,0.0704879938032533,0.15,0.638116846284742,32620.0,0.0
168005,5661.0,0.13301536830948596,0.27,0.8439584472389283,28526.0,1.0
168032,67.0,0.029850746268656716,0.41,,,0.0
168148,5224.0,0.13533690658499234,0.13,0.2434393831400246,41598.0,0.0
168218,2546.0,0.19128043990573448,0.2,0.333024548402038,39666.0,0.0
168227,3721.0,0.09540446116635314,0.27,0.5818446198587454,23845.0,1.0
168254,2737.0,0.103032517354768,0.26,0.8066952439273322,29812.0,1.0
168263,5197.0,0.0964017702520685,0.26,0.6304222093695778,7431.0,0.0
168281,1635.0,0.12844036697247707,0.22,0.615995115995116,41084.0,0.0
168290,830.0,0.25060240963855424,0.36,0.7044935262757045,28940.0,1.0
168342,2048.0,0.21630859375,0.2,0.2042546119328569,41434.0,0.0
168421,3649.0,0.0983831186626473,0.16,0.5905405405405405,38700.0,1.0
168430,4830.0,0.1308488612836439,0.26,0.6470888661899897,7155.0,1.0
168519,17.0,0.23529411764705882,,,,0.0
168528,1670.0,0.10479041916167664,0.44,0.6059087312054867,25900.0,0.0
168546,1602.0,0.08489388264669163,0.26,0.6850325379609544,31186.0,0.0
168555,48.0,0.0,0.36,,,0.0
168573,504.0,0.623015873015873,0.59,,,1.0
168591,1422.0,0.06680731364275667,0.36,0.19474248927038626,27580.0,0.0
168607,2080.0,0.03365384615384615,0.57,,4660.0,0.0
168740,1931.0,0.42775763852925947,0.36,0.4859038142620232,22242.0,0.0
168786,1953.0,0.09575012800819252,0.39,0.7908208296557812,23206.0,1.0
168838,3526.0,0.07231990924560408,0.65,,7380.0,0.0
168847,7135.0,0.272740014015417,0.72,,7380.0,0.0
168883,2811.0,0.04446816079686944,0.57,,4567.0,0.0
168892,33.0,0.09090909090909091,0.94,,,1.0
169080,3921.0,0.0606988013261923,0.26,0.9228371005455963,24870.0,1.0
169099,,,,,,1.0
169187,334.0,0.11077844311377245,0.45,,9887.0,1.0
169220,,,,,,1.0
169248,21633.0,0.09582582166135072,0.35,0.9211527035056447,8932.0,0.0
169275,11850.0,0.24151898734177216,0.55,,3779.0,1.0
169284,411.0,0.40389294403892945,0.74,,,0.0
169327,648.0,0.1111111111111111,0.4,,16560.0,1.0
169363,450.0,0.17333333333333334,0.46,0.6583333333333333,21182.0,1.0
169424,,,,,,0.0
169442,1317.0,0.1548974943052392,0.4,0.36337625178826893,31275.0,1.0
169479,9783.0,0.22682203822958194,0.61,0.9303621169916435,11964.0,0.0
169503,250.0,0.204,0.54,,,0.0
169521,11572.0,0.15312824058071206,0.44,,4047.0,0.0
169567,109.0,0.9908256880733946,,,,1.0
169576,93.0,0.0967741935483871,0.62,,9380.0,0.0
169628,,,,,,0.0
169655,845.0,0.14201183431952663,0.69,0.4617117117117117,11300.0,0.0
169716,3065.0,0.20717781402936378,0.33,0.6293939393939394,30660.0,1.0
169734,257.0,0.5447470817120622,0.83,,15625.0,0.0
169761,297.0,0.21548821548821548,0.83,,15625.0,0.0
169798,18554.0,0.24576910639215263,0.44,0.5282854656222803,8378.0,0.0
169910,13168.0,0.11482381530984204,0.43,0.5392949116419501,9930.0,0.0
169947,49.0,0.8163265306122449,0.76,0.8823529411764706,,0.0
169974,1453.0,0.08258774948382656,0.49,,3338.0,0.0
169983,1844.0,0.0824295010845987,0.24,0.6427128427128427,29116.0,1.0
169992,1228.0,0.050488599348534204,0.56,,4146.0,0.0
170000,207.0,0.09178743961352658,0.58,0.6569767441860465,14250.0,1.0
170037,2153.0,0.15652577798420808,0.44,0.6865489957395009,21178.0,1.0
170046,882.0,0.2743764172335601,0.67,,,0.0
170055,17870.0,0.21600447677672077,0.48,,4928.0,1.0
170082,20986.0,0.10244925188220719,0.35,0.8075459476965428,9088.0,0.0
170091,255.0,0.2,0.54,,12620.0,0.0
170240,18525.0,0.28663967611336033,0.53,,3544.0,1.0
170301,3202.0,0.07776389756402248,0.22,0.7998154981549815,26510.0,1.0
170417,985.0,0.2101522842639594,0.76,0.35645933014354064,18048.0,1.0
170444,7870.0,0.14294790343074967,0.57,,3936.0,0.0
170514,17.0,0.058823529411764705,0.44,,,1.0
170532,1369.0,0.12636961285609935,0.17,0.7444386963269529,34417.0,1.0
170541,11956.0,0.19019739043158246,0.46,,3906.0,0.0
170550,6251.0,0.15597504399296114,0.27,,4061.0,1.0
170587,1958.0,0.033707865168539325,0.62,,4740.0,0.0
170611,205.0,0.12682926829268293,0.6,,,0.0
170620,4739.0,0.24308925933741296,0.46,,4380.0,0.0
170639,2588.0,0.11244204018547141,0.42,0.7711229946524064,8764.0,0.0
170657,21969.0,0.16969365924712093,0.43,,4250.0,1.0
170675,3188.0,0.12703889585947303,0.2,0.49764428739693756,24633.0,1.0
170736,100.0,0.08,0.35,,,0.0
170790,24468.0,0.10969429458885074,0.22,,3882.0,1.0
170806,3283.0,0.17544928419128847,0.35,0.7350427350427351,13840.0,1.0
170842,989.0,0.698685540950455,0.74,0.4109311740890688,17180.0,1.0
170967,1039.0,0.20981713185755535,0.48,0.5707865168539326,18056.0,0.0
170976,27027.0,0.12387612387612387,0.16,0.5063106949672603,11837.0,1.0
171012,236.0,0.9703389830508474,0.62,,,1.0
171100,35921.0,0.12647198017872555,0.26,0.6997807262050767,11670.0,0.0
171128,5715.0,0.05179352580927384,0.28,0.7323585505403687,12017.0,0.0
171137,7006.0,0.1825578075934913,0.42,0.5983867025177219,8799.0,1.0
171146,6874.0,0.20657550189118418,0.45,0.7245934959349594,8215.0,1.0
171155,5181.0,0.04535803898861224,0.59,,3740.0,0.0
171225,4723.0,0.05780224433622697,0.35,,3950.0,0.0
171234,2117.0,0.025980160604629193,0.57,,4650.0,0.0
171261,133.0,0.3308270676691729,0.66,,,1.0
171298,5796.0,0.21411318150448586,0.67,,7380.0,1.0
171304,5311.0,0.16644699679909622,0.47,,4500.0,1.0
171313,1125.0,0.17066666666666666,0.61,,,1.0
171322,1317.0,0.7744874715261959,0.72,,,1.0
171395,3189.0,0.08247099404201944,0.45,,3478.0,0.0
171456,8719.0,0.07019153572657415,0.4,0.7206518124376455,7864.0,0.0
171465,45.0,0.08888888888888889,0.66,,,0.0
171483,5433.0,0.058899318976624336,0.43,,5100.0,0.0
171492,3210.0,0.18598130841121496,0.35,0.705456936226167,19272.0,0.0
171535,28925.0,0.15280898876404495,0.33,,3492.0,0.0
171571,15530.0,0.12414681262073406,0.3,0.6710039035131619,9716.0,0.0
171599,1116.0,0.16577060931899643,0.57,0.535097192224622,20500.0,0.0
171775,78.0,0.41025641025641024,0.31,,,0.0
171881,342.0,0.07894736842105263,0.52,0.75,16390.0,0.0
171988,80.0,0.325,0.78,,,0.0
171997,80.0,0.3,0.89,,,0.0
172015,95.0,0.4105263157894737,0.66,0.3080357142857143,,0.0
172033,263.0,0.07984790874524715,0.09,1.0,15270.0,1.0
172051,9116.0,0.1280166739798157,0.4,0.8931056293485136,7308.0,0.0
172200,13579.0,0.15141026585168274,0.33,,3750.0,1.0
172264,2097.0,0.17453505007153075,0.44,0.6713780918727915,19790.0,0.0
172291,4725.0,0.07047619047619047,0.62,,5599.0,0.0
172307,3262.0,0.12783568362967504,0.55,,4728.0,0.0
172325,992.0,0.3689516129032258,0.42,,,1.0
172334,3001.0,0.1509496834388537,0.45,0.7504896200548374,20536.0,0.0
172422,259.0,0.1274131274131274,0.54,,16200.0,0.0
172440,614.0,0.08469055374592833,0.64,0.28188539741219965,18974.0,0.0
172477,,,,,,1.0
172495,70.0,0.37142857142857144,0.79,,,0.0
172556,45.0,0.8666666666666667,,,,0.0
172574,68.0,0.6617647058823529,,,,0.0
172583,101.0,0.9801980198019802,,,,0.0
172608,1088.0,0.10018382352941177,0.32,,9975.0,1.0
172617,14189.0,0.23264500669532737,0.38,,3312.0,0.0
172635,21198.0,0.5915180677422398,0.75,,2668.0,1.0
172644,20837.0,0.3419878101454144,0.49,0.8637863147813132,9732.0,1.0
172671,1522.0,0.06176084099868594,0.63,,3396.0,0.0
172699,19966.0,0.1525593508965241,0.38,0.8433925616862096,9006.0,1.0
172705,,,,,,1.0
172802,63.0,0.3968253968253968,0.98,,,1.0
172866,236.0,0.3008474576271186,0.69,,19095.0,0.0
172918,2707.0,0.05319541928333949,0.33,,5555.0,0.0
172927,95.0,0.8631578947368421,0.93,,,1.0
172954,2580.0,0.14844961240310078,0.4,,5031.0,0.0
172963,9419.0,0.1360016986941289,0.33,,4551.0,0.0
172972,75.0,0.17333333333333334,0.0,,3240.0,0.0
173045,3153.0,0.16619092927370757,0.35,0.5397111913357401,28864.0,1.0
173063,4015.0,0.13001245330012454,0.33,,5070.0,0.0
173115,1424.0,0.14747191011235955,0.43,,5082.0,0.0
173124,4927.0,0.07996752587781611,0.37,0.7819354838709678,7497.0,0.0
173142,607.0,0.05930807248764415,0.42,0.8344370860927153,21080.0,0.0
173160,3384.0,0.06235224586288416,0.29,0.9442231075697212,28080.0,0.0
173179,,,,,,0.0
173203,4447.0,0.07870474477175624,0.42,,5255.0,0.0
173258,2020.0,0.15346534653465346,0.13,0.30807248764415157,41304.0,0.0
173300,2784.0,0.035201149425287355,0.27,0.9455587392550143,27160.0,0.0
173328,1871.0,0.14911811865312666,0.32,0.9691780821917808,27400.0,1.0
173416,3673.0,0.13095562210726927,0.31,,5298.0,0.0
173452,765.0,0.018300653594771243,0.35,0.9601769911504425,10990.0,0.0
173461,5186.0,0.08407250289240262,0.36,,4608.0,1.0
173470,52.0,0.15384615384615385,0.67,,,1.0
173489,377.0,0.03978779840848806,0.74,,15785.0,1.0
173559,6981.0,0.11431027073485174,0.42,,5033.0,0.0
173629,1499.0,0.13675783855903936,0.61,,15660.0,0.0
173638,3465.0,0.11457431457431458,0.38,,5154.0,0.0
173647,2455.0,0.05010183299389002,0.24,0.7030812324929971,33500.0,0.0
173665,1982.0,0.14732593340060546,0.35,0.7712296983758701,30503.0,1.0
173683,4.0,0.0,0.0,,19497.0,0.0
173708,6728.0,0.26516052318668254,0.42,,4630.0,0.0
173726,47.0,0.06382978723404255,0.62,,,0.0
173735,1645.0,0.11246200607902736,0.58,,4845.0,0.0
173744,298.0,0.07718120805369127,0.35,,,1.0
173799,6374.0,0.2254471289614057,0.31,,4950.0,0.0
173805,1304.0,0.12423312883435583,0.48,,4852.0,0.0
173887,1994.0,0.04312938816449348,0.52,0.4803459119496855,17416.0,1.0
173896,,,,,,1.0
173902,2033.0,0.13625184456468273,0.17,0.4255269863331017,40046.0,1.0
173911,4268.0,0.10543580131208997,0.39,,4910.0,0.0
173920,13395.0,0.09078014184397164,0.3,0.8774882667098236,6725.0,0.0
173939,154.0,0.05844155844155844,0.51,,,0.0
173957,,,,,,1.0
173966,95.0,0.07368421052631578,0.09,,,1.0
173984,1761.0,0.09596819988642817,0.48,,13332.0,1.0
173993,1738.0,0.11507479861910241,0.43,,4844.0,0.0
174020,6969.0,0.2390586884775434,0.36,0.9950980392156863,5923.0,1.0
174066,33607.0,0.09551581515755646,0.24,0.4779258133666187,12203.0,1.0
174075,2528.0,0.0625,0.22,0.7814485387547649,10623.0,0.0
174118,377.0,0.03978779840848806,0.61,,14090.0,0.0
174127,668.0,0.09580838323353294,0.37,0.7049180327868853,29700.0,1.0
174136,10545.0,0.4648648648648649,0.53,,4974.0,1.0
174154,373.0,0.1554959785522788,0.65,0.9111111111111111,10909.0,0.0
174190,210.0,0.22380952380952382,0.62,1.0,,0.0
174206,168.0,0.05952380952380952,0.53,0.5,14745.0,1.0
174233,10628.0,0.04525780955965374,0.25,0.762547770700637,11808.0,1.0
174251,1811.0,0.16896742131419104,0.32,0.6455696202531646,11532.0,0.0
174279,1738.0,0.1432681242807825,0.56,,15660.0,0.0
174321,130.0,0.06923076923076923,0.46,,,1.0
174358,6997.0,0.08046305559525511,0.33,0.7335691128794577,6923.0,0.0
174376,7505.0,0.27008660892738173,0.39,,4964.0,0.0
174385,527.0,0.36622390891840606,0.79,,13730.0,0.0
174394,1081.0,0.17206290471785385,0.56,,15921.0,0.0
174428,10169.0,0.23945324023994494,0.32,,5125.0,1.0
174437,1381.0,0.09703113685734975,0.41,0.6872427983539094,16596.0,1.0
174473,4135.0,0.13615477629987907,0.4,,5060.0,0.0
174482,67.0,0.11940298507462686,0.52,,16950.0,1.0
174491,3007.0,0.06351845693382109,0.33,0.707833047455689,24570.0,0.0
174507,127.0,0.07874015748031496,0.17,0.42857142857142855,9834.0,1.0
174525,138.0,0.06521739130434782,0.78,0.5571428571428572,14400.0,0.0
174534,166.0,0.1144578313253012,0.52,,,0.0
174570,1047.0,0.09455587392550144,0.52,,3728.0,0.0
174604,366.0,0.2540983606557377,0.38,,5200.0,0.0
174686,,,,,,0.0
174738,6228.0,0.1422607578676943,0.37,,5159.0,1.0
174747,2082.0,0.04130643611911623,0.24,0.8096074985354423,32246.0,0.0
174756,4883.0,0.11611714110178169,0.47,,4920.0,1.0
174765,102.0,0.06862745098039216,0.53,,,0.0
174783,16707.0,0.09008200155623391,0.29,0.8560873755220045,6660.0,1.0
174792,1932.0,0.053830227743271224,0.19,0.8038309114927344,31576.0,0.0
174817,2114.0,0.07899716177861874,0.27,0.7140013271400133,26090.0,0.0
174844,3156.0,0.06590621039290241,0.17,0.5723161033797217,36800.0,0.0
174862,1011.0,0.06726013847675569,0.38,0.7682291666666666,20870.0,0.0
174899,2856.0,0.06407563025210083,0.34,0.803,28374.0,1.0
174914,6251.0,0.09278515437529995,0.22,0.84921875,30493.0,1.0
174932,209.0,0.04784688995215311,0.51,,23988.0,1.0
174978,136.0,0.47794117647058826,0.7,,,1.0
175005,3830.0,0.15535248041775457,0.43,0.6333097595473833,22279.0,1.0
175014,6681.0,0.16509504565184852,0.66,0.838070059484468,15180.0,1.0
175041,6166.0,0.4463185209211807,0.56,,4719.0,1.0
175078,6103.0,0.05734884483041127,0.17,0.731547619047619,7244.0,0.0
175120,206.0,0.8398058252427184,0.54,,,1.0
175139,,,,,,0.0
175157,752.0,0.0851063829787234,0.4,,4874.0,0.0
175227,1409.0,0.1596877217885025,0.64,0.3161114887831407,15575.0,1.0
175236,4373.0,0.09970272124399726,0.44,,5280.0,0.0
175263,2626.0,0.09748667174409749,0.52,,5318.0,0.0
175272,8064.0,0.05803571428571429,0.27,0.6623808803509302,8200.0,0.0
175281,,,,,,1.0
175315,10918.0,0.1941747572815534,0.41,,4934.0,0.0
175342,2980.0,0.9402684563758389,0.79,0.34098210188159706,4858.0,0.0
175421,2467.0,0.4641264693960276,0.64,0.4455986878075451,17700.0,1.0
175430,537.0,0.14152700186219738,0.57,0.4375,8920.0,0.0
175494,87.0,0.22988505747126436,0.57,,,1.0
175519,2741.0,0.925939438161255,0.97,,2040.0,0.0
175528,704.0,0.6065340909090909,0.82,,14850.0,0.0
175573,3929.0,0.46551285314329344,0.63,,2100.0,0.0
175591,66.0,0.36363636363636365,0.69,,,0.0
175607,50.0,0.88,0.88,,,0.0
175616,2948.0,0.40027137042062416,0.47,0.73006993006993,4851.0,0.0
175643,2675.0,0.4949532710280374,0.67,,1980.0,0.0
175652,5433.0,0.5704030922142462,0.73,,2350.0,0.0
175698,26.0,0.6923076923076923,0.68,,,0.0
175722,36.0,0.3888888888888889,0.84,,,0.0
175786,12811.0,0.6352353446257123,0.69,,2060.0,0.0
175810,6505.0,0.5037663335895465,0.58,,1938.0,0.0
175829,7756.0,0.35933470861268696,0.7,,1680.0,0.0
175856,6592.0,0.9550970873786407,0.74,0.5361159710072482,5050.0,1.0
175883,5386.0,0.3596360935759376,0.55,,2320.0,0.0
175935,3979.0,0.4521236491580799,0.58,,2230.0,0.0
175980,965.0,0.12435233160621761,0.23,0.7664418212478921,27812.0,1.0
175999,,,,,,1.0
176008,3509.0,0.6634368766030208,0.73,,2220.0,0.0
176017,14159.0,0.19789533159121406,0.31,0.7772481437345311,5436.0,0.0
176026,587.0,0.24190800681431004,0.27,,5982.0,1.0
176035,2394.0,0.40309106098579783,0.56,0.4196165191740413,4644.0,0.0
176044,2210.0,0.9294117647058824,0.82,0.28470843112475175,4831.0,0.0
176053,3107.0,0.2481493401995494,0.38,0.6301369863013698,13550.0,0.0
176062,84.0,0.15476190476190477,0.58,,,0.0
176071,10080.0,0.2528769841269841,0.44,,2712.0,0.0
176080,15543.0,0.2478286045165026,0.35,0.5546236559139784,5461.0,0.0
176169,3627.0,0.18996415770609318,0.64,,2130.0,0.0
176178,8417.0,0.3415706308661043,0.6,,1950.0,0.0
176239,5731.0,0.25440586285116035,0.59,0.9383245382585752,2180.0,0.0
176318,960.0,0.9229166666666667,0.85,0.33747927031509123,7610.0,0.0
176336,85.0,0.35294117647058826,0.72,,4550.0,0.0
176354,2036.0,0.4430255402750491,0.67,,2090.0,0.0
176372,12826.0,0.32784968033681583,0.49,0.6176420695504665,5452.0,1.0
176390,180.0,0.8055555555555556,0.59,,,1.0
176406,918.0,0.9793028322440087,0.89,0.34173387096774194,9710.0,1.0
176451,,,,,,1.0
176460,,,,,,0.0
176479,2287.0,0.3795365107127241,0.64,0.9229671897289586,10350.0,1.0
176549,382.0,0.4973821989528796,0.53,,,0.0
176600,,,,,,1.0
176619,,,,,,1.0
176628,1222.0,0.2553191489361702,0.41,0.5047528517110266,21900.0,1.0
176637,1082.0,0.43715341959334564,0.67,0.349862258953168,18048.0,0.0
176664,462.0,0.10173160173160173,0.57,,6500.0,1.0
176716,135.0,0.1111111111111111,0.63,,,0.0
176734,26.0,0.0,0.56,0.421875,,0.0
176770,597.0,0.051926298157453935,0.49,0.7453183520599251,11577.0,1.0
176789,282.0,0.1773049645390071,0.81,0.6,10048.0,1.0
176798,192.0,0.09895833333333333,0.6,,,0.0
176910,315.0,0.050793650793650794,0.61,0.8962264150943396,13200.0,0.0
176938,737.0,0.08819538670284939,0.54,0.9951456310679612,11756.0,1.0
176947,1176.0,0.09948979591836735,0.46,0.6547155105222136,19390.0,0.0
176965,9168.0,0.12510907504363003,0.37,0.8209366391184573,6585.0,0.0
176983,86.0,0.023255813953488372,0.7,0.9882352941176471,,0.0
176992,22.0,0.045454545454545456,0.52,,,0.0
177038,114.0,0.13157894736842105,0.51,0.8333333333333334,8130.0,1.0
177056,48.0,0.2708333333333333,0.55,0.4,,0.0
177065,16075.0,0.2569828926905132,0.48,,5875.0,1.0
177083,117.0,0.18803418803418803,0.38,0.9375,16410.0,0.0
177092,,,,,,0.0
177117,307.0,0.14332247557003258,0.48,0.6032388663967612,15100.0,0.0
177126,,,,,,0.0
177135,5219.0,0.08852270549913777,0.48,,2568.0,0.0
177144,771.0,0.15953307392996108,0.5,0.6052814454482279,22550.0,0.0
177153,7002.0,0.1458154812910597,,1.0,15790.0,0.0
177162,1688.0,0.23400473933649288,0.63,0.5508474576271186,14940.0,1.0
177214,5092.0,0.07128829536527886,0.61,0.7339869281045751,19854.0,1.0
177250,4471.0,0.029523596510847686,0.47,,2328.0,0.0
177278,,,,,,0.0
177287,257.0,0.7120622568093385,0.69,,,0.0
177302,1185.0,0.31561181434599156,0.72,,13700.0,1.0
177339,1770.0,0.11638418079096045,0.47,0.6810414971521562,16990.0,1.0
177418,1689.0,0.295441089402013,0.42,0.898,20380.0,0.0
177427,,,,,,1.0
177436,37.0,0.0,0.79,1.0,12193.0,0.0
177472,13907.0,0.08866038685554037,0.52,,3096.0,1.0
177542,1176.0,0.055272108843537414,0.36,0.593974175035868,15996.0,0.0
177551,1716.0,0.865967365967366,0.74,,4336.0,1.0
177579,461.0,0.18872017353579176,0.54,,13130.0,0.0
177588,78.0,0.9615384615384616,0.87,,,1.0
177603,105.0,0.18095238095238095,0.67,,,0.0
177676,6192.0,0.041666666666666664,0.47,,3072.0,0.0
177685,48.0,0.2708333333333333,0.58,,,1.0
177719,523.0,0.13957934990439771,0.22,,32069.0,1.0
177746,739.0,0.13125845737483086,0.4,0.6697388632872504,29866.0,1.0
177807,24.0,0.041666666666666664,0.83,,,0.0
177816,45.0,0.0,0.04,0.8571428571428571,16851.0,0.0
177834,,,,,,0.0
177870,15.0,0.0,0.73,,4500.0,0.0
177922,19.0,0.0,,,2500.0,1.0
177931,35.0,0.05714285714285714,0.94,,,0.0
177940,3159.0,0.40012662234884455,0.6,,6175.0,1.0
177968,7596.0,0.17008952080042128,0.37,0.558083511777302,13540.0,1.0
177977,1176.0,0.02806122448979592,0.43,,5370.0,0.0
177986,94.0,0.13829787234042554,0.21,,3860.0,0.0
177995,6539.0,0.25340266095733294,0.5,,4380.0,0.0
178004,143.0,0.3146853146853147,0.64,1.0,9256.0,1.0
178022,5385.0,0.172330547818013,0.42,,4380.0,1.0
178059,2968.0,0.10377358490566038,0.36,0.7265388496468214,21710.0,0.0
178077,131.0,0.12213740458015267,0.58,,,1.0
178110,165.0,0.10909090909090909,0.88,,9655.0,0.0
178129,,,,,,1.0
178183,256.0,0.375,0.51,,,0.0
178208,305.0,0.06557377049180328,0.3,0.9318181818181818,6100.0,1.0
178217,3958.0,0.040929762506316324,0.55,,3240.0,0.0
178226,811.0,0.6325524044389642,0.78,0.47896440129449835,14227.0,1.0
178244,3688.0,0.07619305856832972,0.2,0.6341743119266054,18700.0,0.0
178262,193.0,0.031088082901554404,0.74,,,0.0
178305,1051.0,0.6403425309229306,0.83,,19586.0,0.0
178314,28.0,0.7142857142857143,0.1,,7305.0,0.0
178341,5751.0,0.09667883846287602,0.57,0.9435123042505593,4816.0,1.0
178350,143.0,0.16783216783216784,0.32,1.0,13730.0,1.0
178369,1790.0,0.25865921787709495,0.47,0.4809741248097412,17050.0,0.0
178387,5973.0,0.1428093085551649,0.44,,4562.0,1.0
178396,24834.0,0.11174196665861319,0.22,0.809620596205962,8501.0,1.0
178402,9850.0,0.20588832487309644,0.32,0.681218735788995,8602.0,1.0
178411,5503.0,0.0837724877339633,0.28,0.9121915820029027,8528.0,0.0
178420,13171.0,0.18662212436413333,0.3,0.7269187986651835,8631.0,0.0
178439,,,,,,1.0
178448,5446.0,0.118986412045538,0.65,,3150.0,0.0
178466,150.0,0.03333333333333333,0.44,,,1.0
178484,364.0,0.10164835164835165,0.66,,,0.0
178518,,,,,,1.0
178527,48.0,0.08333333333333333,0.67,,,0.0
178563,65.0,0.1076923076923077,0.53,0.3125,,1.0
178606,21.0,0.0,0.75,,4200.0,0.0
178615,5675.0,0.08651982378854625,0.2,0.7388345384942577,6692.0,0.0
178624,6193.0,0.09688357823348942,0.35,0.7119615455721945,5638.0,0.0
178679,657.0,0.0547945205479452,0.44,,9500.0,1.0
178697,1380.0,0.057971014492753624,0.63,0.10084033613445378,17310.0,0.0
178721,11247.0,0.4046412376633769,0.26,0.7064676616915423,8898.0,0.0
178767,180.0,0.6,0.69,,16200.0,1.0
178785,4956.0,0.5110976594027441,0.79,,4380.0,1.0
178828,73.0,0.0273972602739726,0.78,0.39325842696629215,,0.0
178891,2103.0,0.25202092249167857,0.61,,13100.0,1.0
178989,349.0,0.11174785100286533,0.2,0.555205047318612,27300.0,1.0
179043,2107.0,0.13858566682486947,0.19,0.7771946564885496,27390.0,1.0
179052,189.0,0.047619047619047616,0.52,0.7224489795918367,7366.0,0.0
179070,460.0,0.10869565217391304,0.89,,12708.0,1.0
179113,11430.0,0.14409448818897638,,,3690.0,0.0
179159,12404.0,0.11318929377620122,0.14,0.716017539334537,32656.0,1.0
179195,37.0,0.0,0.79,,,0.0
179201,1176.0,0.11564625850340136,0.8,,10650.0,0.0
179229,50.0,0.1,0.67,,,0.0
179238,58.0,0.06896551724137931,0.67,0.30851063829787234,,0.0
179256,337.0,0.3323442136498516,0.6,0.6052631578947368,14200.0,0.0
179265,660.0,0.03939393939393939,0.24,0.47393364928909953,22950.0,1.0
179283,,,,,,1.0
179292,7436.0,0.6448359332974718,,,3690.0,0.0
179308,8716.0,0.5691831115190454,0.44,,3690.0,1.0
179317,,,,,,1.0
179326,2942.0,0.07817811012916383,0.45,0.9038354641467482,17280.0,0.0
179344,2219.0,0.03740423614240649,0.75,,3354.0,0.0
179399,29.0,0.0,0.31,,,1.0
179450,127.0,0.05511811023622047,0.17,,12380.0,1.0
179511,359.0,0.6852367688022284,0.86,,14885.0,1.0
179539,4823.0,0.0852166701223305,0.57,,3300.0,0.0
179548,864.0,0.21180555555555555,0.38,0.9278131634819533,25400.0,1.0
179557,9956.0,0.10315387705905986,0.35,0.9705598455598455,6255.0,0.0
179566,17159.0,0.08293024069001691,0.31,0.7733559498956158,6276.0,1.0
179645,3730.0,0.12734584450402145,0.57,,2898.0,0.0
179715,1829.0,0.03936577364680153,0.5,,3510.0,0.0
179724,40.0,0.025,0.73,,,0.0
179742,,,,,,1.0
179812,,,,,,1.0
179867,7138.0,0.14205659848697114,0.07,0.21286450781375865,40369.0,0.0
179894,3747.0,0.16493194555644516,0.33,0.7412121212121212,21748.0,0.0
179919,939.0,0.06602768903088392,0.25,,19000.0,0.0
179946,1167.0,0.12853470437017994,0.29,0.7759273277819834,19760.0,0.0
179955,1060.0,0.09905660377358491,0.29,0.5047838997030683,26667.0,0.0
179964,1130.0,0.0920353982300885,0.34,0.794344473007712,18000.0,0.0
179991,39.0,0.07692307692307693,0.4,,,0.0
180045,1531.0,0.0999346832135859,,,3693.0,1.0
180054,473.0,0.9767441860465116,0.83,,2190.0,0.0
180063,47.0,0.02127659574468085,0.76,,,0.0
180081,560.0,0.09285714285714286,0.56,,3128.0,0.0
180090,65.0,0.16923076923076924,0.49,,,0.0
180106,1477.0,0.02979011509817197,0.25,0.7703349282296651,23594.0,0.0
180151,560.0,0.09821428571428571,0.33,,3963.0,0.0
180160,433.0,0.9006928406466512,0.54,,2260.0,0.0
180179,3258.0,0.11203192142418662,0.4,0.984267453294002,5242.0,1.0
180197,2539.0,0.051595116187475386,0.44,,4956.0,0.0
180203,214.0,0.8691588785046729,0.61,,2410.0,0.0
180212,452.0,0.8230088495575221,0.52,,2250.0,0.0
180249,1748.0,0.11727688787185354,0.56,,3024.0,1.0
180258,885.0,0.11751412429378531,0.47,,18956.0,1.0
180276,1496.0,0.09090909090909091,0.49,,3030.0,0.0
180328,380.0,0.9763157894736842,0.7,,2760.0,0.0
180373,486.0,0.09465020576131687,0.48,,4290.0,0.0
180391,44.0,0.045454545454545456,0.48,0.8947368421052632,,1.0
180416,2153.0,0.039479795633999074,0.32,0.9072512647554806,6162.0,0.0
180461,11456.0,0.07899790502793295,0.33,0.6356280343582721,6168.0,0.0
180470,,,,,,0.0
180489,13335.0,0.10086239220097488,0.39,0.943532501641497,5685.0,1.0
180522,1232.0,0.16152597402597402,0.54,0.6628440366972477,4884.0,0.0
180595,923.0,0.07258938244853738,0.39,0.6974110032362459,21100.0,1.0
180647,1158.0,0.7815198618307426,0.71,,6054.0,0.0
180692,1365.0,0.07032967032967033,0.53,,4249.0,0.0
180771,47.0,0.1702127659574468,0.66,,,0.0
180814,7245.0,0.21614906832298136,0.23,,6150.0,0.0
180832,736.0,0.11413043478260869,0.34,0.9333333333333333,10920.0,1.0
180878,472.0,0.05508474576271186,0.36,0.7962962962962963,11395.0,1.0
180902,7527.0,0.1193038395110934,0.3,,2430.0,0.0
180948,2202.0,0.09900090826521345,0.39,,5053.0,0.0
180957,220.0,0.19090909090909092,0.69,,,1.0
180984,1385.0,0.05848375451263538,0.28,0.7246011754827876,22115.0,0.0
181002,4206.0,0.12268188302425106,0.21,0.7831325301204819,30578.0,1.0
181011,,,,,,0.0
181020,1045.0,0.10334928229665072,0.39,0.8255578093306288,22170.0,0.0
181093,383.0,0.1122715404699739,0.52,0.5770925110132159,15808.0,1.0
181127,1147.0,0.0985178727114211,0.35,0.7154471544715447,22620.0,0.0
181136,40.0,0.375,0.0,,,0.0
181145,22.0,0.09090909090909091,0.0,,4040.0,1.0
181190,579.0,0.2452504317789292,0.21,,,1.0
181215,5162.0,0.07632700503680744,0.38,0.8539282990083905,5959.0,0.0
181242,683.0,0.05710102489019034,0.82,,15372.0,1.0
181251,20.0,0.0,,,,0.0
181297,656.0,0.06097560975609756,0.35,0.3277777777777778,11640.0,1.0
181303,18523.0,0.21384225017545755,0.34,,2385.0,1.0
181312,2987.0,0.0813525276196853,0.27,,2550.0,0.0
181330,1093.0,0.14089661482159194,0.44,0.6888888888888889,23664.0,0.0
181376,141.0,0.07801418439716312,0.58,,11200.0,0.0
181394,11833.0,0.13141215245499874,0.3,0.7551512494519947,6626.0,1.0
181400,1044.0,0.22796934865900384,0.77,,15372.0,1.0
181419,177.0,0.9717514124293786,0.42,,4080.0,0.0
181428,958.0,0.05219206680584551,0.27,,7930.0,1.0
181446,1903.0,0.05675249605885444,0.28,0.7823494335122242,23474.0,1.0
181464,19383.0,0.07759376773461281,0.21,0.6233619983619983,7224.0,1.0
181491,5377.0,0.08778129068253673,0.27,,2612.0,0.0
181534,2210.0,0.08235294117647059,0.33,,4966.0,0.0
181543,38.0,0.02631578947368421,0.0,0.5263157894736842,4745.0,0.0
181604,814.0,0.2285012285012285,0.49,0.45476190476190476,23134.0,1.0
181640,12242.0,0.09630779284430649,0.42,,2205.0,1.0
181738,829.0,0.1881785283474065,0.41,0.6110444177671068,18150.0,1.0
181747,,,,,,1.0
181756,766.0,0.33550913838120106,0.62,,12000.0,1.0
181765,383.0,0.020887728459530026,0.41,,4631.0,0.0
181783,2938.0,0.07692307692307693,0.42,,5071.0,0.0
181792,10.0,0.0,0.0,,2070.0,0.0
181817,2395.0,0.17244258872651358,0.41,,2040.0,0.0
181853,478.0,0.1903765690376569,0.54,0.6419213973799127,14998.0,0.0
181880,173.0,0.3930635838150289,0.45,,,1.0
181941,665.0,0.29172932330827067,0.61,,,0.0
182005,42747.0,0.42061431211547007,0.22,,2243.0,1.0
182111,1386.0,0.25685425685425683,0.57,0.44715447154471544,17316.0,0.0
182148,1263.0,0.6421219319081551,0.78,,18576.0,0.0
182209,352.0,0.6448863636363636,0.68,,,1.0
182281,22534.0,0.33615869352977723,0.25,0.7765384615384615,5688.0,1.0
182290,14185.0,0.19971801198449066,0.24,0.8957841483979764,5561.0,1.0
182306,3691.0,0.20536439989162827,0.2,,2243.0,0.0
182397,209.0,0.31100478468899523,0.73,,,1.0
182430,254.0,0.1968503937007874,0.63,,9975.0,1.0
182458,485.0,0.10103092783505155,0.36,0.6926713947990544,24515.0,0.0
182500,12587.0,0.2744101056645746,0.3,,2243.0,1.0
182519,,,,,,1.0
182564,5207.0,0.2341079316304974,0.35,,2243.0,0.0
182634,1164.0,0.06786941580756013,0.33,0.7732222934016656,32640.0,0.0
182652,88.0,0.07954545454545454,0.37,,,0.0
182661,693.0,0.07647907647907648,0.34,0.7540263543191801,14600.0,1.0
182670,4248.0,0.2128060263653484,0.16,0.1256893889256563,40437.0,0.0
182704,132.0,0.022727272727272728,0.61,,,0.0
182722,129.0,0.007751937984496124,0.48,,,0.0
182795,1809.0,0.06799336650082918,0.24,0.9325281132861308,28800.0,0.0
182829,,,,,,0.0
182865,4148.0,0.1210221793635487,0.29,,14997.0,1.0
182883,21.0,0.14285714285714285,0.57,,,1.0
182892,50.0,0.0,0.47,,,0.0
182908,241.0,0.11203319502074689,0.11,,6615.0,0.0
182917,58.0,0.06896551724137931,0.45,,16000.0,0.0
182953,160.0,0.0625,0.45,,,0.0
182980,983.0,0.09867751780264497,0.35,0.7992604331748547,29054.0,0.0
182999,52.0,0.09615384615384616,0.52,,,0.0
183026,5347.0,0.023377594913035347,0.31,0.8364553314121037,26442.0,0.0
183035,55.0,0.03636363636363636,0.43,,,0.0
183044,12458.0,0.05771391876705731,0.22,0.733756421879722,13672.0,0.0
183062,5201.0,0.035570082676408384,0.23,0.7042422425423475,10140.0,0.0
183071,996.0,0.060240963855421686,0.3,0.7747747747747747,11226.0,1.0
183080,4346.0,0.012655315232397607,0.27,0.7643936300530829,9906.0,0.0
183099,4556.0,0.05509218612818262,0.32,,6880.0,0.0
183105,1032.0,0.015503875968992248,0.52,,7123.0,0.0
183114,1095.0,0.03561643835616438,0.4,,6520.0,0.0
183123,1221.0,0.018018018018018018,0.41,,6450.0,0.0
183132,2752.0,0.06031976744186047,0.32,,6432.0,1.0
183141,2296.0,0.09625435540069686,0.26,,6752.0,1.0
183150,1957.0,0.030659172202350538,0.29,,6432.0,0.0
183202,37.0,0.05405405405405406,0.34,,,0.0
183211,1482.0,0.07354925775978408,0.28,0.7903030303030303,24895.0,1.0
183239,1896.0,0.04746835443037975,0.18,0.7718047174986287,31575.0,0.0
183248,136.0,0.16911764705882354,0.53,0.4444444444444444,10394.0,1.0
183257,1590.0,0.05849056603773585,0.38,,6435.0,0.0
183275,77.0,0.07792207792207792,0.42,,16100.0,0.0
183327,,,,,,0.0
183345,166.0,0.03614457831325301,0.48,,18526.0,0.0
183488,767.0,0.81877444589309,0.69,,,0.0
183600,50.0,0.14,0.0,,4900.0,0.0
183655,7655.0,0.25747877204441544,0.5,,6315.0,0.0
183725,491.0,0.5804480651731161,0.64,0.6409395973154363,,0.0
183743,17197.0,0.3336628481711926,0.29,,6846.0,0.0
183789,3772.0,0.6715270413573701,0.65,0.7699152542372881,20700.0,0.0
183804,2727.0,0.0011001100110011,0.73,,15720.0,0.0
183822,2170.0,0.7152073732718894,0.65,0.4890897755610973,22400.0,0.0
183859,15783.0,0.2147880631058734,0.27,,6371.0,0.0
183877,10091.0,0.2548805866613814,0.33,,4095.0,0.0
183910,1644.0,0.29927007299270075,0.4,0.6908583391486393,25602.0,0.0
183938,15493.0,0.3309236429355193,0.34,,3840.0,0.0
183974,1993.0,0.16507777220270947,0.26,0.8861985472154964,28054.0,0.0
183983,90.0,0.5111111111111111,0.33,,,0.0
184047,378.0,0.31746031746031744,0.6,,,0.0
184056,1226.0,0.43800978792822187,0.67,,,0.0
184092,447.0,0.8389261744966443,0.76,,,0.0
184135,1278.0,0.7190923317683882,0.78,0.6823956442831216,18165.0,0.0
184144,124.0,0.3225806451612903,0.46,,,0.0
184153,41.0,0.12195121951219512,0.37,,4750.0,1.0
184180,8705.0,0.1932222860425043,0.08,,3945.0,0.0
184205,4291.0,0.44115590771381963,0.48,,6810.0,0.0
184269,2226.0,0.42407906558849956,0.53,0.7301092043681747,14940.0,0.0
184278,151.0,0.12582781456953643,0.37,,,0.0
184320,1227.0,0.8875305623471883,1.0,,,0.0
184348,1787.0,0.2395075545607163,0.27,0.8031097450732236,39573.0,0.0
184357,54.0,0.3148148148148148,0.48,0.7037037037037037,8215.0,0.0
184427,316.0,0.5379746835443038,0.57,,,0.0
184481,13424.0,0.6729737783075089,0.49,,5988.0,1.0
184506,118.0,0.864406779661017,0.58,,,0.0
184603,6459.0,0.32326985601486297,0.23,0.5708692247454973,31060.0,0.0
184612,1811.0,0.3014908890115958,0.45,0.8798543689320388,26425.0,0.0
184694,2441.0,0.19746005735354363,0.28,0.6657281801894036,33410.0,0.0
184746,79.0,0.759493670886076,0.82,,,0.0
184773,1969.0,0.2011173184357542,0.4,0.6604395604395604,26176.0,0.0
184782,9847.0,0.1885853559459734,0.3,0.8390960451977401,11676.0,0.0
184791,6609.0,0.16401876229384174,0.28,,3776.0,0.0
184816,173.0,0.7861271676300579,0.67,,,0.0
184870,321.0,0.6573208722741433,0.65,,,0.0
184959,1292.0,0.47368421052631576,0.6,0.31539888682745826,15000.0,0.0
184968,135.0,0.4,0.27,0.25815217391304346,15669.0,0.0
184995,9331.0,0.730253992069446,0.83,,7278.0,0.0
185129,6588.0,0.5595021250758956,0.54,0.4327551250281595,9250.0,0.0
185174,78.0,0.07692307692307693,0.32,0.8734177215189873,17725.0,0.0
185262,13052.0,0.4202421084891204,0.4,0.6201511335012595,9815.0,0.0
185332,316.0,0.43670886075949367,0.66,,,0.0
185396,1663.0,0.5838845460012027,0.58,,,0.0
185466,286.0,0.17832167832167833,0.35,,,0.0
185509,9697.0,0.3636176136949572,0.24,,4068.0,0.0
185536,12887.0,0.39155738340963764,0.35,,6360.0,0.0
185572,4669.0,0.12422360248447205,0.24,0.5994513031550068,26356.0,0.0
185590,14383.0,0.3082110825279844,0.35,0.4973730297723292,10016.0,0.0
185624,55.0,0.2545454545454545,0.25,,11467.0,0.0
185651,125.0,0.32,0.45,0.8771929824561403,24755.0,0.0
185679,436.0,0.4151376146788991,0.38,0.5018450184501845,18595.0,0.0
185721,760.0,0.5526315789473685,0.37,,,0.0
185730,74.0,0.9054054054054054,0.66,,,0.0
185758,,,,,,1.0
185767,239.0,0.8242677824267782,0.64,,,0.0
185828,6103.0,0.28608880878256593,0.36,0.6711272397369018,13370.0,1.0
185873,10367.0,0.08420951094820102,0.28,,3914.0,0.0
185916,183.0,0.6939890710382514,0.89,0.9574468085106383,,0.0
185970,228.0,0.14912280701754385,0.52,,,0.0
186016,333.0,0.36036036036036034,0.4,,,0.0
186034,9548.0,0.6779430247172182,0.54,,3728.0,0.0
186052,744.0,0.3951612903225806,0.76,,,0.0
186122,,,,,,0.0
186131,5142.0,0.20517308440295604,0.12,0.08804815788471064,36640.0,0.0
186186,263.0,0.0,0.38,1.0,10200.0,0.0
186201,5796.0,0.1668391994478951,0.25,0.4811083123425693,11874.0,0.0
186274,221.0,0.7194570135746606,0.64,,,0.0
186283,4704.0,0.1719812925170068,0.26,0.7065853658536585,30470.0,0.0
186335,115.0,0.4,0.5,,,0.0
186371,4497.0,0.28196575494774295,0.39,0.5548769534758398,12364.0,1.0
186380,30351.0,0.2167638628051794,0.29,0.5908167411621292,12582.0,1.0
186399,7479.0,0.41743548602754377,0.42,0.5321405953134896,12069.0,1.0
186405,14.0,0.07142857142857142,0.14,,5327.0,1.0
186423,71.0,0.19718309859154928,0.0,,11300.0,1.0
186432,2382.0,0.5293870696893367,0.52,0.44518871570269225,28332.0,0.0
186469,1506.0,0.26162018592297476,0.41,,4434.0,0.0
186584,5301.0,0.26259196378041877,0.3,0.7865227691497763,31890.0,0.0
186593,146.0,0.4452054794520548,0.62,,,0.0
186618,1255.0,0.33067729083665337,0.28,0.796875,26887.0,0.0
186645,8484.0,0.22866572371522867,0.21,,4050.0,0.0
186867,2369.0,0.12410299704516674,0.25,0.46933085501858735,39816.0,0.0
186876,7062.0,0.19173038799207023,0.34,0.6883765153315902,11533.0,0.0
186900,60.0,0.0,0.88,1.0,10500.0,0.0
187000,192.0,0.6510416666666666,0.58,,,0.0
187046,17721.0,0.2774674115456238,0.09,,4883.0,1.0
187134,6460.0,0.1763157894736842,0.18,0.4728806749698674,13293.0,0.0
187161,1517.0,0.5596572181938035,0.71,,,0.0
187198,12878.0,0.5215095511725423,0.4,,5520.0,0.0
187222,1043.0,0.20901246404602108,0.14,,11646.0,1.0
187444,9838.0,0.3459036389510063,0.36,0.6334733893557423,11238.0,0.0
187505,1280.0,0.5671875,0.73,,,0.0
187532,29948.0,0.5547949779618004,0.41,,1812.0,1.0
187596,1019.0,0.9941118743866536,0.74,,1620.0,0.0
187602,122.0,0.7377049180327869,0.77,,,1.0
187620,9923.0,0.7213544291041016,0.45,,1632.0,0.0
187639,4175.0,0.28479041916167663,0.31,,992.0,0.0
187648,4087.0,0.41203816980670416,0.44,0.5975046210720887,3900.0,0.0
187666,4374.0,0.4661636945587563,0.31,,1339.0,0.0
187745,313.0,0.865814696485623,0.58,,2840.0,0.0
187897,2259.0,0.7056219566179726,0.55,,2952.0,0.0
187903,3535.0,0.48514851485148514,0.28,,1488.0,0.0
187912,480.0,0.5270833333333333,0.33,0.467906976744186,3176.0,0.0
187958,3010.0,0.913953488372093,0.65,,1518.0,0.0
187967,1385.0,0.33212996389891697,0.27,0.31918505942275044,4941.0,0.0
187976,736.0,0.5108695652173914,0.27,,1404.0,0.0
187985,22476.0,0.4960402206798363,0.38,0.6156567066927302,5506.0,1.0
187994,3944.0,0.4726166328600406,0.27,,1920.0,0.0
188003,1890.0,0.5158730158730159,0.28,,1616.0,0.0
188021,1590.0,0.6490566037735849,0.27,,1632.0,0.0
188030,14828.0,0.5460615052603183,0.45,0.9459777852574891,5400.0,0.0
188049,2267.0,0.6797529775033083,0.61,,1434.0,0.0
188058,2179.0,0.7939421753097752,0.52,,2594.0,0.0
188100,8975.0,0.4569359331476323,0.27,,1032.0,0.0
188137,4864.0,0.4300986842105263,0.32,,1554.0,0.0
188146,302.0,0.25496688741721857,0.42,0.7780979827089337,30358.0,1.0
188182,294.0,0.5408163265306123,0.64,,15552.0,0.0
188207,,,,,,0.0
188216,531.0,1.0,0.62,,675.0,1.0
188225,1542.0,0.6796368352788587,0.52,,1488.0,0.0
188261,1089.0,0.4361799816345271,0.24,,1845.0,0.0
188289,,,0.44,,,
188304,2902.0,0.6047553411440386,0.49,,3811.0,0.0
188340,1530.0,0.5895424836601307,0.66,0.8322683706070287,17500.0,1.0
188429,4939.0,0.23182830532496457,0.32,0.6958769385953852,26915.0,0.0
188438,4136.0,0.044245647969052226,0.39,,3663.0,0.0
188465,580.0,0.6982758620689655,0.8,,11120.0,1.0
188517,845.0,0.5562130177514792,0.88,0.6968641114982579,15155.0,0.0
188526,1128.0,0.08776595744680851,0.2,0.6962391513982642,25120.0,1.0
188535,,,,,,1.0
188580,,,,,,1.0
188641,1908.0,0.09643605870020965,0.38,0.6966371681415929,25976.0,0.0
188650,534.0,0.7677902621722846,0.74,,,1.0
188669,92.0,0.5,0.27,0.026622296173044926,10000.0,1.0
188678,234.0,0.18376068376068377,0.2,0.5634920634920635,29220.0,1.0
188687,389.0,0.21079691516709512,0.26,,11740.0,1.0
188696,125.0,0.072,0.19,,11800.0,1.0
188854,1183.0,0.4040574809805579,0.38,0.7721362229102167,28799.0,1.0
188890,1651.0,0.6002422774076317,0.71,,,1.0
188915,68.0,0.04411764705882353,0.54,0.12280701754385964,,1.0
188942,105.0,0.0,0.81,1.0,6300.0,1.0
188988,321.0,0.3862928348909657,0.69,,,1.0
189015,,,,,,1.0
189088,1968.0,0.059959349593495935,0.18,0.352064631956912,41670.0,0.0
189097,2390.0,0.13807531380753138,0.21,0.27825898657427456,40546.0,1.0
189219,144.0,0.7916666666666666,0.84,,,1.0
189228,5202.0,0.5667051134179162,0.64,0.7198869657364889,20700.0,1.0
189264,56.0,0.0,0.61,1.0,6150.0,1.0
189273,35.0,0.0,0.71,1.0,6010.0,1.0
189282,252.0,0.38492063492063494,0.26,0.22916666666666666,15045.0,1.0
189404,129.0,0.7441860465116279,0.98,,,1.0
189413,1205.0,0.950207468879668,0.76,,9525.0,1.0
189422,851.0,0.418331374853114,0.87,,10610.0,1.0
189459,1922.0,0.3938605619146722,0.67,,17392.0,0.0
189468,188.0,0.26063829787234044,0.39,,,0.0
189477,162.0,0.9506172839506173,0.78,,,1.0
189501,,,,,,1.0
189547,6177.0,0.0692892990124656,0.42,,3909.0,0.0
189556,565.0,0.25309734513274335,0.68,,15120.0,0.0
189565,627.0,0.07974481658692185,0.8,,15120.0,0.0
189574,769.0,0.49544863459037713,0.88,,15285.0,1.0
189583,954.0,0.779874213836478,0.91,,15120.0,1.0
189592,422.0,0.42417061611374407,0.86,,15155.0,0.0
189653,131.0,0.366412213740458,0.48,,12880.0,0.0
189705,3369.0,0.08934401899673494,0.31,0.7769989615784009,30077.0,1.0
189714,203.0,0.26108374384236455,0.65,,,0.0
189811,271.0,0.24723247232472326,0.28,0.08727272727272728,18470.0,1.0
189839,4719.0,0.0644204280567917,0.45,,3936.0,0.0
189848,1092.0,0.10622710622710622,0.44,0.6994295743747257,25482.0,0.0
189857,625.0,0.0,0.83,1.0,5700.0,1.0
189954,58.0,0.3793103448275862,0.88,,,0.0
189981,,,,,,0.0
190008,88.0,0.11363636363636363,0.16,0.26842105263157895,11275.0,1.0
190035,,,,,,1.0
190044,2848.0,0.0860252808988764,0.3,0.7960386701249705,34760.0,0.0
190053,2352.0,0.07653061224489796,0.36,,4036.0,0.0
190071,237.0,0.510548523206751,0.4,,5787.0,0.0
190080,,,,,,1.0
190099,2884.0,0.14944521497919555,0.11,0.32990345528455284,41870.0,0.0
190114,807.0,0.8785625774473358,0.79,0.48401162790697677,15860.0,1.0
190150,7950.0,0.2569811320754717,0.15,0.09836001101191647,43304.0,1.0
190169,2031.0,0.12309207287050714,0.43,,3786.0,0.0
190239,214.0,0.6308411214953271,0.72,,,1.0
190248,759.0,0.3675889328063241,0.35,0.7054631828978623,25370.0,0.0
190293,100.0,0.8,0.76,,,1.0
190309,46.0,0.043478260869565216,0.77,,,0.0
190318,346.0,0.34104046242774566,0.64,,,0.0
190372,914.0,0.20678336980306344,0.19,0.08378056052474657,36650.0,1.0
190415,13935.0,0.16849659131682812,0.17,0.18363696405966207,39666.0,1.0
190424,,,,,,1.0
190442,5394.0,0.06507230255839822,0.4,,4100.0,0.0
190451,248.0,0.09274193548387097,0.44,0.203125,9290.0,1.0
190503,2785.0,0.11310592459605028,0.22,0.8652037617554859,25560.0,0.0
190512,13120.0,0.2554115853658537,0.43,0.226346396965866,4970.0,1.0
190521,22534.0,0.6904677376408982,0.65,,3468.0,1.0
190530,10740.0,0.9108938547486034,0.74,,3504.0,1.0
190549,12804.0,0.3958919087785067,0.49,0.27852080475537266,5051.0,1.0
190558,12829.0,0.2658040377270247,0.42,0.9949299855142443,4978.0,1.0
190567,12263.0,0.5477452499388404,0.51,0.31120693832065505,4929.0,1.0
190576,1136.0,0.5325704225352113,0.25,1.0,4830.0,1.0
190585,6499.0,0.8664409909216803,0.67,,3505.0,1.0
190594,15684.0,0.328551389951543,0.38,0.25850830358020244,4999.0,1.0
190600,13278.0,0.6438469649043531,0.54,0.6277686805136603,4929.0,1.0
190619,18606.0,0.4907556702139095,0.48,,3500.0,1.0
190628,17569.0,0.5682167454038363,0.47,,3492.0,1.0
190637,9841.0,0.8136368255258611,0.55,0.22660388463802236,4940.0,1.0
190646,6920.0,0.925,0.63,0.9361632115827575,4902.0,1.0
190655,15366.0,0.648835090459456,0.57,0.8395173035578056,4939.0,1.0
190664,16195.0,0.2753318925594319,0.37,0.32606645587174793,5077.0,1.0
190673,15316.0,0.5141681901279708,0.47,,3490.0,1.0
190682,,,,,,1.0
190691,7784.0,0.6955292908530318,0.52,0.4096122855246943,4912.0,1.0
190707,14.0,0.0,0.5,1.0,,0.0
190716,2078.0,0.19538017324350337,0.38,0.8830455259026687,21060.0,1.0
190725,2095.0,0.1737470167064439,0.35,0.6124197002141327,21460.0,0.0
190734,9.0,0.0,0.0,,5000.0,1.0
190761,1684.0,0.4144893111638955,0.44,0.7220762155059133,21990.0,0.0
190770,3252.0,0.17127921279212793,0.31,0.8635749662314273,24880.0,0.0
190840,10329.0,0.24358601994384743,0.23,,3320.0,0.0
190956,119.0,0.07563025210084033,0.45,0.07142857142857142,7635.0,1.0
190974,552.0,0.09782608695652174,0.86,,13600.0,1.0
190983,1619.0,0.04694255713403336,0.31,0.8178498985801217,35900.0,1.0
191083,15084.0,0.24429859453725802,0.45,,3690.0,1.0
191126,10166.0,0.24650796773558922,0.23,0.40397684369494086,4164.0,1.0
191199,6935.0,0.09372746935832732,0.4,,3738.0,0.0
191205,1248.0,0.3541666666666667,0.42,0.6573529411764706,18750.0,0.0
191241,8220.0,0.20608272506082725,0.22,0.5065760948113889,37782.0,1.0
191287,375.0,0.18666666666666668,0.1,,,1.0
191302,2833.0,0.1288386869043417,0.49,,3738.0,0.0
191311,148.0,0.060810810810810814,0.01,,,1.0
191320,,,,,,1.0
191339,7365.0,0.08377460964019008,0.36,,3720.0,0.0
191384,165.0,1.0,1.0,,14200.0,1.0
191393,488.0,1.0,1.0,,14200.0,1.0
191515,1861.0,0.10961848468565287,0.14,0.2944204241301215,41280.0,0.0
191533,1531.0,0.09470934030045722,0.33,0.755021216407355,34630.0,0.0
191597,418.0,0.8253588516746412,0.65,1.0,15177.0,1.0
191612,3774.0,0.19634340222575516,0.52,,3920.0,0.0
191621,1056.0,0.12121212121212122,0.47,0.762906309751434,18530.0,0.0
191630,2165.0,0.0766743648960739,0.2,0.6247330200768902,41710.0,0.0
191649,7389.0,0.2050345107592367,0.22,0.5665658456959047,31800.0,0.0
191676,1256.0,0.05493630573248408,0.41,0.8314606741573034,25360.0,0.0
191719,13798.0,0.15879112914915205,0.29,,4150.0,1.0
191728,846.0,0.4385342789598109,0.73,,,0.0
191764,145.0,0.5862068965517241,0.41,,8180.0,1.0
191834,772.0,0.6411917098445595,0.36,,,1.0
191931,3256.0,0.20024570024570024,0.27,0.6718691472093894,28850.0,0.0
191940,88.0,0.3181818181818182,0.59,0.463768115942029,,0.0
191959,122.0,0.4016393442622951,0.65,,15200.0,0.0
191968,6442.0,0.111300838248991,0.21,0.689561064362065,33630.0,0.0
191986,4285.0,0.1073512252042007,0.56,,4230.0,0.0
192004,386.0,0.08808290155440414,0.81,,10900.0,0.0
192022,3738.0,0.12787586944890317,0.46,,3858.0,0.0
192040,176.0,0.022727272727272728,0.0,0.5271317829457365,15940.0,1.0
192110,662.0,0.15709969788519637,0.16,0.07420924574209246,32180.0,1.0
192156,587.0,0.25894378194207834,0.73,,10030.0,0.0
192165,116.0,0.0,0.85,,5800.0,0.0
192192,1626.0,0.10516605166051661,0.53,0.7408343868520859,23810.0,0.0
192244,23.0,0.0,0.53,1.0,6500.0,0.0
192271,1496.0,0.2840909090909091,0.32,0.803201506591337,21475.0,1.0
192323,2786.0,0.09942569992821249,0.34,0.6394557823129252,27340.0,1.0
192439,5126.0,0.4605930550136559,0.57,0.7214932126696832,26578.0,1.0
192448,7957.0,0.11838632650496418,0.13,0.8215102974828375,30210.0,0.0
192457,,,,,,0.0
192475,258.0,0.5891472868217055,0.35,,15637.0,1.0
192484,204.0,0.803921568627451,0.82,,,0.0
192509,610.0,0.27049180327868855,0.97,,14124.0,1.0
192536,25.0,0.32,0.24,,6708.0,1.0
192554,,,,,,0.0
192563,27.0,0.5925925925925926,0.48,,30210.0,0.0
192624,115.0,0.0,0.83,1.0,7700.0,1.0
192688,718.0,0.754874651810585,0.88,,14295.0,1.0
192703,3002.0,0.17355096602265158,0.27,0.6321540062434964,26920.0,1.0
192712,402.0,0.1044776119402985,0.18,0.38842105263157894,32815.0,1.0
192749,1723.0,0.24956471271038885,0.33,0.5264326965792981,34350.0,0.0
192785,867.0,0.209919261822376,0.41,0.2830188679245283,9720.0,1.0
192800,38.0,0.15789473684210525,0.74,1.0,9325.0,0.0
192819,5189.0,0.10522258624012334,0.18,0.39520268147061904,27650.0,0.0
192828,61.0,0.4918032786885246,0.87,,,1.0
192864,2095.0,0.26539379474940333,0.27,0.7017696547722657,23536.0,1.0
192925,1845.0,0.14796747967479676,0.46,0.688764829030007,20570.0,1.0
192961,113.0,0.1415929203539823,0.33,1.0,8033.0,1.0
192970,15.0,0.2,0.07,,4000.0,1.0
192998,32.0,0.09375,,1.0,4250.0,1.0
193016,7053.0,0.5698284417978166,0.58,0.5889219501029984,17010.0,0.0
193052,130.0,0.0,0.33,0.9285714285714286,8550.0,1.0
193061,32.0,0.0,0.75,1.0,7875.0,1.0
193070,58.0,0.0,0.5,0.76,8400.0,1.0
193122,158.0,0.7025316455696202,0.46,0.5795148247978437,,0.0
193186,136.0,0.8676470588235294,0.71,,,1.0
193201,881.0,0.48240635641316687,0.83,,9462.0,1.0
193247,227.0,0.0,0.64,,4700.0,1.0
193265,84.0,0.10714285714285714,0.73,,,1.0
193283,7151.0,0.15396448049223885,0.52,,3870.0,1.0
193292,3246.0,0.31022797288971043,0.33,0.5901275651691625,22130.0,0.0
193308,4349.0,0.9098643366291101,0.83,0.608154020385051,12200.0,1.0
193317,1976.0,0.7864372469635628,0.7,0.5793103448275863,12200.0,0.0
193326,18995.0,0.2862332192682285,0.48,,3529.0,0.0
193353,2299.0,0.1987820791648543,0.33,0.7673397717295873,23300.0,1.0
193380,117.0,0.7521367521367521,0.41,0.0,10252.0,0.0
193399,1598.0,0.5375469336670838,0.49,0.7445624683864441,26910.0,1.0
193405,,,,,,1.0
193478,23767.0,0.3751840787646737,0.32,,4037.0,0.0
193584,2231.0,0.10129986553115194,0.33,0.7223987291501192,26184.0,0.0
193609,64.0,0.03125,0.08,,,1.0
193645,3867.0,0.5585725368502715,0.79,0.7164366373902133,28010.0,0.0
193654,6970.0,0.17661406025824963,0.26,0.6308243727598566,36347.0,1.0
193672,96.0,0.3125,0.69,,,1.0
193751,,,,,,0.0
193760,570.0,0.887719298245614,0.65,,,1.0
193788,572.0,0.1590909090909091,0.29,,14774.0,1.0
193821,,,,,,1.0
193830,,,,,,0.0
193858,410.0,0.8268292682926829,0.89,,,1.0
193894,,,,,,1.0
193900,22097.0,0.1358102909897271,0.21,0.3810324578261798,40082.0,1.0
193946,7428.0,0.13529886914378028,0.39,,3800.0,0.0
193973,3308.0,0.07557436517533253,0.27,0.7630378096479792,25650.0,0.0
193991,34.0,0.3235294117647059,0.47,,,0.0
194028,2252.0,0.06705150976909414,0.32,,4565.0,0.0
194073,,,,,,1.0
194091,5213.0,0.2194513715710723,0.37,0.7478569935187122,25470.0,0.0
194116,632.0,0.12974683544303797,0.17,0.45989304812834225,18920.0,1.0
194161,2150.0,0.6246511627906977,0.56,0.9967479674796748,20500.0,0.0
194189,96.0,0.0,0.79,1.0,7815.0,0.0
194204,97.0,0.020618556701030927,0.55,,10960.0,0.0
194222,11783.0,0.1625222778579309,0.35,,8028.0,0.0
194240,7066.0,0.30667987545994907,0.25,,4124.0,1.0
194259,47.0,0.10638297872340426,0.62,0.7966101694915254,,0.0
194310,8126.0,0.21941914841250307,0.35,0.7817023213472918,33702.0,1.0
194392,1007.0,0.06951340615690169,0.43,0.7834960070984915,22985.0,0.0
194435,133.0,0.18045112781954886,0.62,,,0.0
194453,102.0,0.27450980392156865,0.58,,,1.0
194499,793.0,0.6494325346784363,0.85,0.3740053050397878,11350.0,1.0
194541,1768.0,0.21097285067873303,0.48,0.6413086322428064,36284.0,1.0
194569,327.0,0.08256880733944955,0.42,0.5352112676056338,13910.0,0.0
194578,2961.0,0.1529888551165147,0.3,0.4145494425150795,36790.0,1.0
194611,744.0,0.4798387096774194,0.96,,9730.0,1.0
194657,151.0,0.0,0.22,1.0,10850.0,1.0
194666,274.0,0.0,0.87,,7560.0,1.0
194675,37.0,0.0,0.97,0.4,7500.0,1.0
194693,37.0,0.0,0.43,1.0,9550.0,0.0
194718,50.0,0.0,0.46,1.0,5650.0,1.0
194736,80.0,0.0,0.49,1.0,8600.0,0.0
194763,211.0,0.0,0.13,,7000.0,1.0
194824,5431.0,0.11821027435094826,0.18,0.39962866691422205,40680.0,1.0
194879,227.0,0.1894273127753304,0.59,,,1.0
194958,1346.0,0.1612184249628529,0.55,0.5829725829725829,24360.0,0.0
194967,1327.0,0.5704596834966089,0.91,,12744.0,0.0
195003,13175.0,0.11590132827324479,0.34,0.5891802828504737,30717.0,0.0
195030,5601.0,0.13176218532404926,0.19,0.3797413481684849,40282.0,1.0
195049,,,,,,1.0
195058,8077.0,0.33217778878296395,0.3,,3778.0,0.0
195067,625.0,0.8448,0.62,,,1.0
195128,1659.0,0.1567209162145871,0.43,0.6785714285714286,27850.0,1.0
195137,,,,,,1.0
195155,,,,,,0.0
195164,1996.0,0.10170340681362726,0.35,0.7789839339991316,26895.0,0.0
195173,2590.0,0.3586872586872587,0.4,0.7089877835951134,17280.0,1.0
195191,276.0,0.043478260869565216,0.47,0.2727272727272727,10960.0,1.0
195216,2327.0,0.08895573700042973,0.19,0.38510204081632654,41155.0,0.0
195234,3048.0,0.1115485564304462,0.35,,24138.0,1.0
195243,1849.0,0.1887506760411033,0.22,0.793753682969947,22410.0,0.0
195289,138.0,0.08695652173913043,0.49,0.10810810810810811,8599.0,1.0
195304,1328.0,0.16265060240963855,0.2,0.5827845719661335,43564.0,0.0
195322,6415.0,0.12829306313328137,0.31,,3533.0,1.0
195429,,,,,,0.0
195438,199.0,0.0,0.32,,9000.0,0.0
195474,3390.0,0.0887905604719764,0.22,0.601779912417008,26510.0,0.0
195492,32.0,0.21875,0.56,,10600.0,1.0
195526,2734.0,0.15179224579370884,0.17,0.46797537847279985,41184.0,0.0
195544,5135.0,0.22512171372930867,0.32,0.7498039215686274,17565.0,1.0
195571,,,,,,0.0
195580,,,,,,0.0
195623,27.0,0.5925925925925926,0.0,,,1.0
195669,28.0,0.07142857142857142,0.5,,6650.0,0.0
195687,237.0,0.0379746835443038,0.51,0.6578947368421053,12480.0,1.0
195702,21.0,0.0,0.33,,5340.0,1.0
195720,2888.0,0.08621883656509695,0.35,0.6538567115015097,25270.0,0.0
195784,293.0,0.14334470989761092,0.36,0.6735751295336787,18145.0,1.0
195793,26.0,0.0,0.54,,5000.0,0.0
195809,15720.0,0.338295165394402,0.36,0.4301245753114383,31980.0,1.0
195827,,,,,,1.0
195845,805.0,0.4496894409937888,0.51,,12120.0,1.0
195924,553.0,0.864376130198915,0.68,,,0.0
195933,1138.0,0.37873462214411246,0.58,,,0.0
195988,1749.0,0.31046312178387653,0.52,,4376.0,0.0
196006,3709.0,0.16149905634942033,0.53,0.5296083163170596,6218.0,0.0
196015,3655.0,0.1595075239398085,0.52,0.8668232136866824,6217.0,0.0
196024,2989.0,0.21779859484777517,0.46,0.5582672361195851,6405.0,0.0
196033,2566.0,0.17030397505845674,0.49,0.7624750499001997,6321.0,0.0
196042,6858.0,0.25969670457859434,0.24,0.4046202310115506,6093.0,0.0
196051,3454.0,0.18152866242038215,0.65,0.6653456627036548,6522.0,0.0
196060,12959.0,0.20549425109962188,0.36,0.4706147467099333,6830.0,1.0
196079,11787.0,0.1439721727326716,0.28,0.3335053852241836,6881.0,0.0
196088,19397.0,0.11398669897406816,0.31,0.5138958380714124,7136.0,1.0
196097,16126.0,0.16340071933523503,0.36,0.40956796779526994,6580.0,0.0
196103,2192.0,0.09990875912408759,0.23,0.4628872004675628,5941.0,1.0
196112,2141.0,0.13872022419430172,0.36,0.3443673251468233,6114.0,0.0
196121,7297.0,0.11593805673564478,0.42,0.4183835182250396,6176.0,0.0
196130,9925.0,0.13309823677581864,0.47,0.42071569271175313,6053.0,1.0
196149,6310.0,0.11125198098256735,0.27,0.41847428710699486,6215.0,0.0
196158,5386.0,0.0811362792424805,0.35,0.49472255729794934,6333.0,0.0
196167,5470.0,0.09104204753199269,0.23,0.3754172989377845,6401.0,0.0
196176,6452.0,0.19110353378797273,0.28,0.33968624400363023,6135.0,0.0
196185,5822.0,0.10511851597389213,0.3,0.4100943911381543,6231.0,0.0
196194,7377.0,0.12037413582757218,0.4,0.47394751746271474,6186.0,0.0
196200,3902.0,0.10456176319835982,0.42,0.6211217183770883,6183.0,0.0
196219,4044.0,0.16790306627101878,0.3,0.3093964858670741,6504.0,0.0
196228,,,,,,1.0
196237,4194.0,0.5121602288984263,0.47,0.49107380762057024,5966.0,0.0
196246,5859.0,0.11776753712237584,0.35,0.45306551135617695,6144.0,0.0
196255,349.0,0.45272206303724927,0.19,,5355.0,1.0
196264,11145.0,0.10210856886496186,0.34,0.7179289026275116,5195.0,0.0
196291,1687.0,0.12863070539419086,0.28,0.562858966177409,6157.0,1.0
196307,333.0,0.12012012012012012,0.31,,5545.0,1.0
196389,543.0,0.287292817679558,0.43,,11375.0,1.0
196413,14201.0,0.18400112668121962,0.27,0.597514715500327,36302.0,1.0
196431,334.0,0.0,0.77,1.0,6800.0,1.0
196440,19.0,0.0,0.32,1.0,5000.0,1.0
196468,,,,,,1.0
196477,4491.0,0.8539300823869962,0.84,,12550.0,1.0
196565,5513.0,0.12914928351169963,0.36,,4411.0,0.0
196583,191.0,0.0,0.38,1.0,9250.0,1.0
196592,7757.0,0.27343044991620474,0.57,0.5830039525691699,14050.0,1.0
196653,1571.0,0.2259707192870783,0.54,0.42641509433962266,13010.0,1.0
196680,30543.0,0.3166355629767868,0.02,,,1.0
196699,3686.0,0.14215952251763428,0.28,,4408.0,0.0
196857,2554.0,0.7388410336726703,0.89,,,1.0
196866,2197.0,0.11288120163859809,0.18,0.42337242215932064,42042.0,1.0
196884,,,,,,1.0
197018,1462.0,0.010259917920656635,0.88,,8000.0,1.0
197027,980.0,0.08061224489795918,0.09,,0.0,0.0
197036,4686.0,0.2012377294067435,,0.1305446836268754,0.0,0.0
197045,2562.0,0.19711163153786104,0.45,0.7876132930513595,28620.0,1.0
197081,453.0,0.16335540838852097,0.64,,12100.0,1.0
197133,2446.0,0.18070318887980377,0.22,0.2361288672973664,43190.0,0.0
197142,507.0,0.2603550295857988,0.43,0.7816901408450704,15750.0,1.0
197151,3650.0,0.14273972602739726,0.27,0.6883202099737533,28140.0,1.0
197197,1843.0,0.149755832881172,0.17,0.6536226268888028,34100.0,1.0
197221,80.0,0.05,0.04,0.3698630136986301,0.0,0.0
197230,559.0,0.1592128801431127,0.46,0.706272310045895,32180.0,0.0
197285,1219.0,0.748974569319114,0.74,,19260.0,1.0
197294,13893.0,0.4356870366371554,0.27,,4213.0,0.0
197337,99.0,0.6565656565656566,0.65,,,0.0
197522,483.0,0.8695652173913043,0.91,,16440.0,1.0
197531,612.0,0.09967320261437909,0.51,,7820.0,0.0
197601,81.0,0.0,0.92,0.896551724137931,6500.0,1.0
197610,80.0,0.0,0.73,1.0,7000.0,1.0
197647,93.0,0.0,0.47,1.0,9400.0,1.0
197674,223.0,0.0,0.81,,7000.0,0.0
197692,78.0,0.0,0.06,0.7878787878787878,13200.0,1.0
197708,2832.0,0.02824858757062147,0.17,0.7171361502347418,33000.0,1.0
197735,407.0,0.0,0.91,1.0,5850.0,0.0
197744,155.0,0.0,0.57,1.0,9900.0,0.0
197814,2468.0,0.21920583468395463,0.35,,1909.0,0.0
197832,1118.0,0.5026833631484794,0.67,0.36363636363636365,17028.0,0.0
197850,2797.0,0.29889166964604935,0.47,,1946.0,0.0
197869,15137.0,0.07894562991345709,0.26,0.6307232149704732,5251.0,0.0
197887,8059.0,0.1052239731976672,0.31,,1609.0,1.0
197911,1163.0,0.3233018056749785,0.48,0.4901675163874727,21784.0,0.0
197966,1911.0,0.35374149659863946,0.56,,1872.0,0.0
197984,1734.0,0.32525951557093424,0.5,0.7142038946162658,24529.0,0.0
197993,780.0,0.9910256410256411,0.69,0.5727321524422974,15844.0,1.0
198011,1857.0,0.5826602046311254,0.77,,1652.0,0.0
198039,2482.0,0.09427880741337631,0.39,,1893.0,0.0
198066,638.0,0.13322884012539185,0.4,0.526080476900149,22250.0,0.0
198075,228.0,0.7324561403508771,0.65,,,1.0
198084,1482.0,0.1592442645074224,0.41,,1908.0,0.0
198109,434.0,0.15898617511520738,0.36,0.6285714285714286,10290.0,1.0
198118,4965.0,0.08620342396777442,0.46,,1872.0,0.0
198136,4421.0,0.20787152228002714,0.38,0.6212243579389436,22520.0,0.0
198154,9065.0,0.1885273028130171,0.41,,1945.0,1.0
198190,100.0,0.41,0.29,0.7647058823529411,,0.0
198206,1854.0,0.12351672060409924,0.49,,1931.0,0.0
198215,1293.0,0.24207269914926527,0.46,0.5493562231759657,25160.0,0.0
198233,5502.0,0.15067248273355144,0.38,,1895.0,0.0
198242,223.0,0.16143497757847533,0.78,,16350.0,1.0
198251,5267.0,0.3201063223846592,0.37,,1896.0,0.0
198260,19921.0,0.3827619095426936,0.69,,2024.0,1.0
198303,1173.0,0.6410912190963342,0.65,0.5888468809073724,20070.0,0.0
198321,4033.0,0.2990329779320605,0.48,,1873.0,0.0
198330,5182.0,0.2971825549980702,0.45,,1838.0,1.0
198367,3681.0,0.2491170877478946,0.38,,1472.0,0.0
198376,4431.0,0.1848341232227488,0.55,,1466.0,0.0
198385,1742.0,0.1314580941446613,0.12,0.2947651663405088,36683.0,0.0
198419,6697.0,0.17784082424966402,0.14,0.18864452423698383,40243.0,1.0
198455,5933.0,0.4894657003202427,0.41,,1888.0,1.0
198464,21663.0,0.19895674652633522,0.32,0.6698640036791276,4797.0,1.0
198491,3690.0,0.646070460704607,0.62,,1880.0,0.0
198507,3240.0,0.8138888888888889,0.71,0.7885622231171969,3640.0,0.0
198516,5032.0,0.11069157392686804,0.1,0.48510899600859686,26827.0,0.0
198525,58.0,0.9137931034482759,0.83,,,1.0
198534,10002.0,0.5398920215956808,0.46,,1898.0,1.0
198543,5103.0,0.7713109935332157,0.64,0.6906984229159961,3476.0,1.0
198552,9922.0,0.31798024591816165,0.39,,1524.0,1.0
198561,2802.0,0.2305496074232691,0.26,0.584843072212299,22410.0,0.0
198570,6468.0,0.18722943722943722,0.43,,1984.0,0.0
198598,1162.0,0.2676419965576592,0.37,0.41135303265940903,24070.0,1.0
198613,2828.0,0.34193776520509195,0.47,0.5309776207302709,28800.0,1.0
198622,14789.0,0.49367773345053756,0.6,,1981.0,0.0
198631,114.0,0.6403508771929824,0.53,,,1.0
198640,1777.0,0.5199774901519415,0.67,,1930.0,0.0
198668,2478.0,0.08999192897497982,0.53,,1909.0,0.0
198677,70.0,0.24285714285714285,0.77,,7020.0,0.0
198695,3733.0,0.1368872220733994,0.18,0.6766035839892816,,1.0
198710,2981.0,0.18081180811808117,0.46,,1846.0,0.0
198729,1558.0,0.5006418485237484,0.55,,1878.0,0.0
198747,134.0,0.48507462686567165,0.76,0.6533333333333333,10730.0,1.0
198756,1331.0,0.9549211119459053,0.72,0.2505161734342739,16542.0,1.0
198774,4528.0,0.2698763250883392,0.43,,1905.0,0.0
198808,894.0,0.07941834451901567,0.49,0.629247572815534,22414.0,0.0
198817,3793.0,0.4550487740574743,0.46,,1703.0,0.0
198835,1570.0,0.14203821656050955,0.44,0.7457846952010376,25290.0,1.0
198844,161.0,0.17391304347826086,0.53,,,1.0
198862,1156.0,0.9844290657439446,0.89,0.41427718040621264,14358.0,0.0
198871,670.0,0.7582089552238805,0.77,0.9515868746637978,14336.0,0.0
198899,1175.0,0.1829787234042553,0.54,0.5921052631578947,21997.0,0.0
198905,755.0,0.4741721854304636,0.63,,1733.0,0.0
198914,1565.0,0.04089456869009585,0.34,,1904.0,0.0
198923,1519.0,0.086899275839368,0.53,,1876.0,0.0
198941,140.0,0.1,0.23,0.0,5000.0,1.0
198950,1827.0,0.15599343185550082,0.36,0.6486988847583643,26200.0,1.0
198969,2217.0,0.31980153360396935,0.41,0.6489190061310101,24148.0,1.0
198978,1192.0,0.3338926174496644,0.78,,16908.0,1.0
198987,3768.0,0.25079617834394907,0.43,,1878.0,0.0
198996,8.0,0.0,0.73,1.0,,1.0
199005,8.0,0.125,0.91,1.0,,0.0
199014,41.0,0.8780487804878049,0.54,,,0.0
199023,896.0,0.2544642857142857,0.42,,1873.0,0.0
199032,850.0,0.2788235294117647,0.47,0.4950166112956811,22292.0,0.0
199069,3855.0,0.41608300907911805,0.49,0.49836779107725787,15500.0,0.0
199078,44.0,0.5681818181818182,0.88,,,1.0
199087,3235.0,0.41669242658423494,0.4,,1914.0,0.0
199102,9151.0,0.9059119221942957,0.59,0.652546823035183,4416.0,1.0
199111,3916.0,0.08810010214504596,0.31,0.7573705179282868,4729.0,1.0
199120,18579.0,0.23101350987674255,0.2,0.316254036598493,6665.0,1.0
199139,19755.0,0.23993925588458617,0.4,0.7622874229116053,5138.0,1.0
199148,14940.0,0.3066934404283802,0.42,0.7267435475013728,4973.0,1.0
199157,6520.0,0.8825153374233129,0.64,0.8103134938664244,4561.0,1.0
199175,,,,,,1.0
199184,740.0,0.18243243243243243,0.29,0.4511834319526627,6453.0,1.0
199193,25247.0,0.1336000316869331,0.23,0.5480728727885426,6529.0,1.0
199209,1467.0,0.5650988411724608,0.64,0.6254501800720288,23050.0,1.0
199218,11770.0,0.11563296516567545,0.27,0.5819239469998922,5322.0,1.0
199263,557.0,0.400359066427289,0.59,,1843.0,0.0
199272,760.0,0.2723684210526316,0.5,0.6104746317512275,25258.0,1.0
199281,6166.0,0.5450859552384042,0.56,0.7891784889475421,4140.0,0.0
199306,1050.0,0.23238095238095238,0.46,0.5626822157434402,20577.0,0.0
199315,307.0,0.06188925081433225,0.57,,11220.0,1.0
199324,2714.0,0.4333087693441415,0.45,,1857.0,0.0
199333,8468.0,0.26641473783656117,0.42,,1980.0,0.0
199412,1975.0,0.24556962025316456,0.33,0.545686203130688,23752.0,1.0
199421,3082.0,0.14049318624269955,0.42,,1422.0,0.0
199449,2162.0,0.5129509713228492,0.67,,1866.0,0.0
199458,169.0,0.23668639053254437,0.67,0.43478260869565216,10768.0,0.0
199467,986.0,0.6683569979716024,0.54,,1909.0,0.0
199476,2605.0,0.761996161228407,0.47,,1785.0,0.0
199485,2631.0,0.2767008741923223,0.51,,1484.0,0.0
199494,7383.0,0.28240552620885817,0.54,,1920.0,0.0
199582,1508.0,0.9708222811671088,0.73,0.36485421591804573,17160.0,1.0
199607,841.0,0.2925089179548157,0.7,0.6672240802675585,21965.0,1.0
199625,1623.0,0.4818237831176833,0.63,,1884.0,0.0
199634,4557.0,0.34430546412113233,0.44,,1697.0,0.0
199643,2550.0,0.8505882352941176,0.77,0.43975605735948575,12580.0,1.0
199689,99.0,0.30303030303030304,0.69,,,1.0
199698,441.0,0.17006802721088435,0.42,,21614.0,0.0
199713,134.0,0.7611940298507462,0.84,,,0.0
199722,2074.0,0.39922854387656703,0.62,,1455.0,0.0
199731,2304.0,0.09244791666666667,0.47,,1873.0,0.0
199740,3093.0,0.19657290656320725,0.65,,1928.0,0.0
199768,3503.0,0.08421353125892092,0.35,,903.0,0.0
199786,5524.0,0.2807748008689356,0.72,,1838.0,0.0
199795,1483.0,0.04248145650708024,0.49,,1867.0,0.0
199838,4352.0,0.37936580882352944,0.47,,1454.0,0.0
199847,4657.0,0.13034142151599742,0.13,0.40280143857656636,39970.0,1.0
199856,17071.0,0.28873528205729015,0.33,,1890.0,0.0
199865,924.0,0.0670995670995671,0.28,0.7395577395577395,25626.0,0.0
199883,158.0,0.10759493670886076,0.45,,12676.0,1.0
199892,3977.0,0.3502640181040986,0.05,,1880.0,0.0
199908,3195.0,0.10892018779342723,0.71,,1874.0,1.0
199926,2811.0,0.08786908573461402,0.53,,1927.0,0.0
199953,2132.0,0.5093808630393997,0.52,,1907.0,0.0
199962,1622.0,0.155980271270037,0.4,0.875532821824382,21140.0,0.0
199971,54.0,0.9629629629629629,0.91,,3500.0,1.0
199980,43.0,0.6744186046511628,0.85,,,1.0
199999,5851.0,0.7892667920013673,0.59,0.5670487106017192,4088.0,1.0
200004,7503.0,0.11155537784886045,0.37,0.4414604462474645,5124.0,0.0
200013,1765.0,0.0764872521246459,0.59,0.9432624113475178,13560.0,1.0
200022,4177.0,0.06583672492219296,0.28,,3356.0,1.0
200059,2668.0,0.06184407796101949,0.26,0.9653679653679653,5393.0,0.0
200086,215.0,0.9302325581395349,0.44,,4210.0,0.0
200110,106.0,0.0,0.29,,,1.0
200129,65.0,0.2,0.65,,,0.0
200156,967.0,0.0641158221302999,0.32,0.6356382978723404,16100.0,0.0
200165,102.0,0.0392156862745098,0.44,,,1.0
200192,1913.0,0.07945635128071092,0.16,,3908.0,0.0
200208,220.0,0.9409090909090909,0.7,,2480.0,0.0
200217,2369.0,0.10510764035457999,0.3,0.948382126348228,13024.0,0.0
200226,982.0,0.13238289205702647,0.32,,5937.0,0.0
200244,91.0,0.0989010989010989,0.3,,10851.0,1.0
200253,3551.0,0.10306955787102225,0.28,0.7383512544802867,5637.0,0.0
200262,16.0,0.125,0.56,,,1.0
200280,11139.0,0.06239339258461262,0.23,0.7304792021405984,6934.0,1.0
200305,2833.0,0.06636074832333215,0.32,,4173.0,0.0
200314,898.0,0.1291759465478842,0.3,,3856.0,0.0
200332,11977.0,0.04600484261501211,0.25,0.7692307692307693,6661.0,1.0
200341,932.0,0.08369098712446352,0.24,,3469.0,0.0
200387,68.0,0.04411764705882353,0.41,,,1.0
200466,314.0,0.910828025477707,0.74,,3810.0,0.0
200484,285.0,0.21754385964912282,0.64,,13090.0,0.0
200527,969.0,0.9174406604747162,0.85,,2000.0,0.0
200554,600.0,0.8983333333333333,0.82,,3840.0,0.0
200572,1138.0,0.08347978910369068,0.28,0.8610354223433242,6076.0,0.0
200590,264.0,0.18181818181818182,0.88,0.8888888888888888,9079.0,0.0
200624,43.0,0.18604651162790697,0.67,0.21428571428571427,16917.0,0.0
200633,399.0,0.6140350877192983,0.81,,14238.0,1.0
200697,,,,,,0.0
200785,864.0,0.4988425925925926,0.9,0.7758620689655172,10079.0,1.0
200800,22429.0,0.1837799277720808,0.43,,9247.0,1.0
200828,52.0,0.5192307692307693,0.77,,,1.0
200846,2073.0,0.05113362276893391,0.42,,5710.0,0.0
200873,43.0,0.023255813953488372,0.7,,4440.0,0.0
201016,335.0,0.43582089552238806,0.72,,14850.0,1.0
201034,835.0,0.06347305389221557,0.08,,,0.0
201061,208.0,0.0625,0.39,0.3274336283185841,23740.0,1.0
201098,114.0,0.05263157894736842,0.48,,,0.0
201104,3145.0,0.1287758346581876,0.31,0.7525715874339728,27392.0,0.0
201131,148.0,0.28378378378378377,0.68,,,0.0
201140,109.0,0.03669724770642202,0.0,,18900.0,1.0
201159,309.0,0.03559870550161812,0.09,,,0.0
201177,273.0,0.05128205128205128,0.7,1.0,16010.0,1.0
201195,3663.0,0.1324051324051324,0.3,0.6481846327047566,25260.0,0.0
201283,2289.0,0.03363914373088685,0.68,,3908.0,0.0
201371,1009.0,0.10009910802775025,0.42,0.6114827201783724,24930.0,0.0
201399,483.0,0.09109730848861283,0.75,,10668.0,0.0
201432,2516.0,0.16136724960254373,0.5,,4528.0,0.0
201441,14807.0,0.1520226919700142,0.38,0.8010145755930266,9704.0,0.0
201469,856.0,0.316588785046729,0.83,0.6413427561837456,15220.0,0.0
201478,161.0,0.037267080745341616,0.66,,,0.0
201487,,,,,,1.0
201496,392.0,0.10204081632653061,0.52,0.6601671309192201,,0.0
201539,140.0,0.22142857142857142,0.73,0.5952380952380952,,1.0
201548,2754.0,0.12164124909222948,0.28,0.7495235502314185,29310.0,0.0
201584,50.0,0.06,0.76,,,0.0
201609,33.0,0.15151515151515152,0.75,,,1.0
201618,26.0,0.8461538461538461,0.7,,,1.0
201627,56.0,0.26785714285714285,0.73,,,0.0
201645,4227.0,0.09250059143600663,0.23,0.6668777707409753,37648.0,1.0
201654,3145.0,0.045786963434022256,0.25,0.7492477432296891,23500.0,0.0
201672,4508.0,0.10692102928127772,0.6,,3852.0,0.0
201681,128.0,0.46875,0.68,0.671875,,1.0
201690,2244.0,0.9612299465240641,0.8,0.22392034271158967,5480.0,0.0
201751,326.0,0.4785276073619632,0.72,,8340.0,0.0
201803,226.0,0.37168141592920356,0.49,,7700.0,1.0
201821,314.0,0.11464968152866242,0.3,0.38461538461538464,12322.0,1.0
201858,758.0,0.14643799472295516,0.48,0.9819819819819819,13780.0,1.0
201867,133.0,0.18045112781954886,0.5,0.7647058823529411,17275.0,0.0
201885,22449.0,0.12281170653481224,0.27,0.659827279965701,10065.0,1.0
201928,10995.0,0.30286493860845837,0.45,,5069.0,1.0
201946,3968.0,0.051915322580645164,0.45,,4863.0,0.0
201955,5054.0,0.19133359715077167,0.4,,5499.0,0.0
201964,1752.0,0.2579908675799087,0.68,0.6831460674157304,15750.0,0.0
201973,4798.0,0.1381825760733639,0.53,,2988.0,0.0
201982,63.0,0.0,0.55,,,1.0
202046,534.0,0.16853932584269662,0.43,0.8195615514333895,32752.0,1.0
202055,157.0,0.9554140127388535,0.75,,,1.0
202064,,,,,,1.0
202073,260.0,0.038461538461538464,0.17,0.35412474849094566,37570.0,1.0
202134,11496.0,0.26252609603340293,0.46,0.6426701570680629,8516.0,1.0
202152,276.0,0.025362318840579712,0.88,,5350.0,0.0
202161,705.0,0.16595744680851063,0.66,,13560.0,0.0
202170,1465.0,0.15085324232081912,0.4,0.7393103448275862,26322.0,1.0
202189,588.0,0.44047619047619047,0.79,,,1.0
202204,,,,,,1.0
202222,30513.0,0.28496050863566347,0.46,,2958.0,1.0
202268,90.0,0.05555555555555555,0.57,,7285.0,1.0
202356,31250.0,0.374496,0.48,,3354.0,1.0
202435,549.0,0.46265938069216755,0.89,1.0,9516.0,1.0
202453,61.0,0.9180327868852459,0.96,,,0.0
202480,7734.0,0.07150245668476855,0.15,0.7721103138238091,29930.0,1.0
202514,980.0,0.12346938775510204,0.5,0.6719858156028369,24330.0,0.0
202523,2275.0,0.14857142857142858,0.17,0.4924835909379632,38220.0,0.0
202541,4856.0,0.22014003294892917,0.68,0.7015810276679841,14940.0,1.0
202611,539.0,0.3209647495361781,0.72,0.6489028213166145,9750.0,1.0
202639,114.0,0.03508771929824561,0.8,,,0.0
202648,3558.0,0.044125913434513775,0.41,,3690.0,0.0
202657,419.0,0.15035799522673032,0.32,,,0.0
202684,1000.0,0.957,0.94,,15120.0,1.0
202736,134.0,0.4701492537313433,0.7,,,0.0
202763,4346.0,0.04325816843074091,0.21,0.6734835355285962,26798.0,0.0
202806,7065.0,0.26935598018400564,0.43,,8803.0,1.0
202888,148.0,0.33783783783783783,0.38,,,1.0
202903,310.0,0.06129032258064516,0.5,1.0,6410.0,1.0
202912,316.0,0.11708860759493671,0.38,0.813953488372093,15274.0,1.0
202949,272.0,0.17279411764705882,0.39,,,0.0
202985,135.0,0.014814814814814815,0.7,0.9166666666666666,,0.0
203030,120.0,0.8083333333333333,0.94,0.9285714285714286,,1.0
203049,,,,,,1.0
203067,,,,,,1.0
203076,,,,,,1.0
203085,1209.0,0.11497105045492143,0.44,0.6190061028770706,22780.0,0.0
203128,1359.0,0.14495952906548934,0.45,0.876280535855004,27135.0,0.0
203146,336.0,0.07142857142857142,0.42,,,0.0
203155,6533.0,0.08097351905709475,0.51,,3795.0,0.0
203164,378.0,0.2328042328042328,,0.17535545023696683,7062.0,0.0
203225,447.0,0.5570469798657718,0.83,,,1.0
203234,56.0,0.21428571428571427,0.75,0.21105527638190955,,0.0
203289,98.0,0.3979591836734694,0.85,,14660.0,1.0
203313,534.0,0.18352059925093633,0.83,0.3964757709251101,18048.0,0.0
203331,2209.0,0.13761883205070166,0.52,,2880.0,1.0
203368,2968.0,0.1179245283018868,0.33,0.8125,30250.0,0.0
203386,881.0,0.16799091940976163,0.63,0.5816326530612245,16587.0,0.0
203438,82.0,0.06097560975609756,0.33,0.8701298701298701,,0.0
203447,2486.0,0.11866452131938858,0.6,,5110.0,0.0
203456,1371.0,0.06272793581327499,0.59,,5110.0,0.0
203465,4740.0,0.10548523206751055,0.54,,5110.0,0.0
203474,3109.0,0.1707944676744934,0.64,,5110.0,0.0
203483,2774.0,0.04001441961067051,0.6,,5110.0,0.0
203492,1960.0,0.05153061224489796,0.58,,5110.0,0.0
203517,21178.0,0.12456322598923411,0.38,0.7188776535190518,9030.0,0.0
203526,2190.0,0.11643835616438356,0.48,,5110.0,0.0
203535,1632.0,0.08823529411764706,0.12,0.39320866141732286,40900.0,0.0
203544,827.0,0.08101571946795647,0.4,0.3404255319148936,8784.0,0.0
203580,1009.0,0.12190287413280476,0.45,0.6027397260273972,25674.0,0.0
203599,9831.0,0.17037941206387958,0.41,,3566.0,0.0
203614,468.0,0.010683760683760684,0.51,,,0.0
203678,4281.0,0.10184536323288951,0.62,,3946.0,0.0
203720,456.0,0.37280701754385964,0.89,,8125.0,0.0
203739,484.0,0.24380165289256198,0.89,,8125.0,0.0
203748,13929.0,0.19922463924186948,0.5,,3095.0,1.0
203757,2195.0,0.22323462414578588,0.56,0.7712519319938176,12696.0,0.0
203775,2083.0,0.09025444071051368,0.42,0.7642611683848797,22444.0,1.0
203818,,,,1.0,14260.0,1.0
203845,1463.0,0.07450444292549556,0.33,0.6967026719727117,28340.0,1.0
203881,2764.0,0.0658465991316932,0.45,,4164.0,0.0
203942,139.0,0.014388489208633094,0.27,0.9541284403669725,,0.0
203960,1197.0,0.1361737677527151,0.49,0.8995215311004785,9960.0,1.0
203997,,,,,,0.0
204006,3680.0,0.1331521739130435,0.48,,4632.0,0.0
204015,2271.0,0.13650374284456188,0.52,,4632.0,1.0
204024,14872.0,0.08095750403442711,0.18,0.7811910377358491,12786.0,0.0
204060,529.0,0.3856332703213611,0.89,0.7555555555555555,12752.0,1.0
204121,90.0,0.32222222222222224,0.99,,,1.0
204158,373.0,0.21447721179624665,0.33,,,0.0
204167,,,,,,1.0
204176,746.0,0.07908847184986595,0.29,0.7182320441988951,15698.0,1.0
204185,2209.0,0.09642372114078769,0.37,0.7260628465804067,24800.0,0.0
204194,1923.0,0.07696307852314092,0.42,0.7487283825025433,21330.0,0.0
204200,2055.0,0.12652068126520682,0.37,0.6503105590062112,23550.0,0.0
204255,2857.0,0.07490374518725937,0.61,,4130.0,0.0
204264,1749.0,0.07947398513436249,0.42,0.7760074976569822,20616.0,0.0
204307,857.0,0.22170361726954493,0.61,,12238.0,0.0
204316,1074.0,0.11638733705772812,0.9,,9017.0,0.0
204334,122.0,0.29508196721311475,0.28,,,1.0
204422,3635.0,0.08500687757909216,0.54,,3114.0,0.0
204431,31.0,0.5806451612903226,0.67,,,0.0
204440,5077.0,0.07169588339570612,0.47,,3204.0,0.0
204459,189.0,0.5608465608465608,0.95,,,1.0
204468,1803.0,0.23128119800332778,0.32,0.8111753371868978,23630.0,0.0
204477,,,,,,0.0
204486,4156.0,0.04860442733397498,0.52,,13430.0,1.0
204501,2974.0,0.1761936785474109,0.13,0.30559401827748545,41577.0,0.0
204547,,,,,,0.0
204592,85.0,0.25882352941176473,0.73,,10778.0,0.0
204608,1230.0,0.23739837398373984,0.61,,,1.0
204617,2237.0,0.3093428699150648,0.42,0.5897540983606557,25280.0,1.0
204626,757.0,0.15059445178335534,0.76,,,0.0
204635,2610.0,0.07203065134099616,0.27,0.8096599936447411,33099.0,0.0
204662,700.0,0.02,0.44,,6300.0,0.0
204671,1430.0,0.08321678321678322,0.53,,6102.0,0.0
204680,1341.0,0.08575689783743475,0.53,,6102.0,0.0
204699,1749.0,0.1269296740994854,0.5,,6102.0,0.0
204705,2467.0,0.14916903121199837,0.44,,6102.0,0.0
204714,197.0,0.16243654822335024,0.71,,,1.0
204723,144.0,0.8541666666666666,0.92,,,0.0
204741,67.0,0.8507462686567164,0.7,,,1.0
204769,95.0,0.22105263157894736,0.68,,,1.0
204778,104.0,0.36538461538461536,0.59,,,0.0
204796,42082.0,0.10282305974050664,0.28,0.6191899566581975,9420.0,1.0
204802,985.0,0.05482233502538071,0.29,,4470.0,0.0
204820,2558.0,0.08209538702111024,0.51,,4656.0,0.0
204839,2199.0,0.06730331969076853,0.5,,4470.0,0.0
204848,2491.0,0.09353673223604977,0.38,,4656.0,0.0
204857,20994.0,0.09183576259883776,0.22,0.8508155020200509,9603.0,0.0
204866,1983.0,0.07160867372667676,0.38,,4656.0,0.0
204884,216.0,0.037037037037037035,0.84,,10290.0,0.0
204893,78.0,0.08974358974358974,0.72,1.0,8735.0,1.0
204909,1911.0,0.08791208791208792,0.24,0.6941290166706934,36398.0,0.0
204936,2664.0,0.09496996996996997,0.56,0.815933275812482,28413.0,0.0
204945,20031.0,0.22180620038939644,0.47,,3749.0,0.0
204963,102.0,0.0,0.82,,,0.0
204981,149.0,0.18120805369127516,0.58,0.2713178294573643,,0.0
204990,,,,,,0.0
205027,85.0,0.15294117647058825,0.16,0.8666666666666667,17939.0,1.0
205054,382.0,0.3403141361256545,0.73,0.8,14499.0,1.0
205090,94.0,0.05319148936170213,0.52,,9219.0,1.0
205124,41.0,0.0,0.54,0.8888888888888888,7500.0,0.0
205142,124.0,0.3548387096774194,0.93,,,0.0
205179,1542.0,0.1297016861219196,0.95,,10782.0,0.0
205203,2208.0,0.058423913043478264,0.63,,18808.0,0.0
205391,116.0,0.04310344827586207,0.6,0.5209580838323353,22455.0,0.0
205443,4477.0,0.06924279651552379,0.57,,6546.0,0.0
205470,21993.0,0.17319147001318602,0.44,,3542.0,1.0
205513,180.0,0.03888888888888889,0.99,,10970.0,0.0
205522,205.0,0.03414634146341464,0.98,,15215.0,0.0
205531,137.0,0.021897810218978103,0.97,,15215.0,0.0
205559,115.0,0.02608695652173913,0.96,,15120.0,0.0
205568,173.0,0.06936416184971098,0.94,,15215.0,0.0
205610,1848.0,0.5292207792207793,0.87,,9342.0,0.0
205647,1141.0,0.4163014899211218,0.88,,9319.0,1.0
205692,413.0,0.17433414043583534,0.94,,11750.0,0.0
205708,1220.0,0.4344262295081967,0.94,,14100.0,0.0
205717,1134.0,0.9021164021164021,0.99,,15325.0,1.0
205726,1128.0,0.6418439716312057,0.97,,11750.0,1.0
205841,14826.0,0.2109132604883313,0.58,,3258.0,0.0
205887,1038.0,0.29672447013487474,0.82,,8982.0,0.0
205957,2096.0,0.09446564885496184,0.29,0.7489208633093525,20320.0,1.0
205966,3723.0,0.035992479183454204,0.7,,3633.0,0.0
206002,56.0,0.625,0.52,,9504.0,0.0
206011,3557.0,0.13241495642395276,0.49,,3845.0,0.0
206039,72.0,0.05555555555555555,0.79,,11925.0,0.0
206048,3815.0,0.29934469200524244,0.63,0.5958593306863301,18390.0,0.0
206084,18130.0,0.2151130722559294,0.41,,8491.0,1.0
206093,682.0,0.46187683284457476,0.8,,,0.0
206154,49.0,0.3877551020408163,0.67,1.0,5062.0,0.0
206172,158.0,0.05063291139240506,0.23,,,0.0
206181,224.0,0.07589285714285714,0.46,,,0.0
206215,,,,,,0.0
206224,425.0,0.24705882352941178,0.98,0.9523809523809523,12698.0,0.0
206279,1069.0,0.4059869036482694,0.88,,11132.0,1.0
206288,,,,,,0.0
206321,578.0,0.07439446366782007,0.13,,,0.0
206330,1192.0,0.17785234899328858,0.3,,20838.0,0.0
206349,1023.0,0.3069403714565005,0.51,0.8953488372093024,23940.0,0.0
206358,35.0,0.0,0.63,,,0.0
206394,247.0,0.2591093117408907,0.61,0.6808510638297872,16290.0,0.0
206419,118.0,1.0,0.71,,,0.0
206428,48.0,0.0625,0.51,0.5714285714285714,,0.0
206437,2290.0,0.09912663755458516,0.41,0.8017241379310345,22410.0,0.0
206446,2328.0,0.02147766323024055,0.48,,3808.0,1.0
206482,305.0,0.6950819672131148,0.95,,,0.0
206491,680.0,0.9397058823529412,0.74,0.2826969943135662,12370.0,0.0
206507,1373.0,0.13328477785870357,0.44,0.8838757396449705,25714.0,0.0
206516,,,,,,0.0
206525,1894.0,0.09978880675818373,0.24,0.7203600248292986,35424.0,1.0
206589,2003.0,0.10434348477284074,0.18,0.6735706580366775,36598.0,0.0
206604,14366.0,0.21683140748990673,0.42,,7518.0,0.0
206613,1411.0,0.05457122608079376,0.38,,5241.0,0.0
206622,4368.0,0.149496336996337,0.2,0.6920774083181866,29970.0,1.0
206631,784.0,0.17729591836734693,0.85,0.48095238095238096,18048.0,0.0
206695,13800.0,0.21231884057971015,0.54,,7199.0,1.0
206783,25.0,0.4,0.79,,,0.0
206817,1184.0,0.6317567567567568,0.7,0.2938816449348044,12300.0,0.0
206835,1032.0,0.23934108527131784,0.43,0.6617210682492581,19200.0,0.0
206862,1608.0,0.24191542288557213,0.56,,18354.0,0.0
206880,65.0,0.2923076923076923,0.66,,,0.0
206905,227.0,0.30837004405286345,0.37,,,0.0
206914,5860.0,0.35443686006825936,0.44,,4336.0,1.0
206923,2540.0,0.3704724409448819,0.59,,1896.0,0.0
206932,130.0,0.49230769230769234,0.73,,,1.0
206941,15251.0,0.21624811487771295,0.35,0.7804972804972805,4456.0,0.0
206969,23.0,0.0,0.96,,,0.0
206996,2724.0,0.4423641703377386,0.51,,2091.0,0.0
207041,3956.0,0.3316481294236603,0.55,0.9228395061728395,4482.0,0.0
207050,2065.0,0.3215496368038741,0.45,,3006.0,0.0
207069,2576.0,0.24378881987577639,0.36,,3030.0,0.0
207087,64.0,0.15625,0.75,,,0.0
207102,116.0,0.25,0.57,,,1.0
207157,219.0,0.1963470319634703,0.52,0.7790697674418605,10600.0,0.0
207166,19.0,0.15789473684210525,0.91,,,0.0
207209,2331.0,0.858000858000858,0.72,,3974.0,0.0
207236,2714.0,0.32424465733235075,0.69,,3000.0,0.0
207254,1295.0,0.2640926640926641,0.86,0.9535073409461664,15000.0,1.0
207263,8347.0,0.3784593267042051,0.5,0.744923405771286,4385.0,0.0
207272,54.0,0.42592592592592593,0.75,,,0.0
207281,5378.0,0.21197471178876906,0.29,,2526.0,0.0
207290,2353.0,0.28559286017849556,0.71,,2770.0,0.0
207306,2176.0,0.15533088235294118,0.45,0.5906515580736544,4479.0,0.0
207315,,,,,,1.0
207324,1866.0,0.14630225080385853,0.3,0.5533078184800437,17456.0,1.0
207342,1121.0,0.1391614629794826,0.24,,5758.0,1.0
207351,1387.0,0.2891131939437635,0.42,1.0,4894.0,0.0
207388,18374.0,0.20441928812452378,0.31,0.8140524379024839,6779.0,0.0
207397,7646.0,0.29871828407010204,0.38,,2419.0,1.0
207403,1717.0,0.17647058823529413,0.32,0.6664027447875429,18608.0,0.0
207449,14757.0,0.20783357050891102,0.36,,2659.0,1.0
207458,2286.0,0.20822397200349957,0.22,0.7597765363128491,25760.0,1.0
207500,19779.0,0.17801708883158907,0.25,0.8503401360544217,6784.0,0.0
207537,59.0,0.1016949152542373,0.68,,,0.0
207564,3888.0,0.3299897119341564,0.37,,3795.0,0.0
207582,2645.0,0.2272211720226843,0.46,0.6674816625916871,20054.0,1.0
207607,456.0,0.3574561403508772,0.13,0.265625,,1.0
207625,225.0,0.48,0.9,,,1.0
207661,4486.0,0.3702630405706643,0.45,0.503813155386082,4513.0,0.0
207670,9668.0,0.3468142325196525,0.36,,2660.0,0.0
207689,682.0,0.2565982404692082,0.44,0.67430441898527,17516.0,0.0
207704,142.0,0.23943661971830985,0.66,,,0.0
207722,1046.0,0.2361376673040153,0.46,0.556350626118068,3744.0,0.0
207740,2337.0,0.3299101412066752,0.46,,3000.0,0.0
207786,35.0,0.2,0.94,,,0.0
207838,,,,,,1.0
207847,3733.0,0.38789177605143316,0.47,0.8333333333333334,4552.0,0.0
207856,395.0,0.37468354430379747,0.65,0.539568345323741,10700.0,0.0
207865,4423.0,0.2186298892154646,0.44,0.9140995260663507,4335.0,0.0
207935,20577.0,0.28386062108179033,0.37,,2313.0,1.0
207962,1030.0,0.2854368932038835,0.62,,,1.0
207971,3105.0,0.15169082125603864,0.18,0.3911451978385916,26742.0,1.0
208017,37.0,0.4864864864864865,0.6,,,0.0
208026,290.0,0.6344827586206897,0.34,,,0.0
208035,4661.0,0.3855395837803047,0.18,,2818.0,0.0
208044,29.0,0.10344827586206896,0.51,,,0.0
208053,270.0,0.13703703703703704,0.3,,,0.0
208080,71.0,0.28169014084507044,0.64,,,1.0
208123,114.0,0.07894736842105263,0.88,,,1.0
208239,2002.0,0.12637362637362637,0.51,0.5033507073715562,17316.0,1.0
208248,210.0,0.32857142857142857,0.54,,,1.0
208275,2718.0,0.18653421633554085,0.42,,3430.0,0.0
208318,6846.0,0.09377738825591586,0.51,,3579.0,1.0
208390,12535.0,0.18540087754287993,0.43,,3645.0,0.0
208406,7974.0,0.14070729872084273,0.31,,3555.0,0.0
208415,1530.0,0.09738562091503268,0.48,,2952.0,0.0
208433,69.0,0.2318840579710145,0.62,1.0,,1.0
208479,707.0,0.2362093352192362,0.57,1.0,,1.0
208488,1244.0,0.1680064308681672,0.42,0.5807504078303426,24114.0,1.0
208512,259.0,0.20077220077220076,0.59,,,1.0
208637,335.0,0.1582089552238806,0.53,,,1.0
208646,3721.0,0.11099166890620801,0.5,0.7830092118730808,6639.0,0.0
208655,179.0,0.3016759776536313,0.74,,,1.0
208725,122.0,0.19672131147540983,0.61,0.9696969696969697,12430.0,1.0
208822,2120.0,0.12547169811320755,0.35,0.6944561997460855,27970.0,0.0
208859,49.0,0.061224489795918366,0.92,,,0.0
208965,953.0,0.15110178384050368,0.69,0.28239845261121854,18048.0,1.0
209038,12157.0,0.12108250390721395,0.57,,3418.0,0.0
209056,1999.0,0.10455227613806903,0.19,0.6601680672268908,36632.0,1.0
209065,1729.0,0.1266628108733372,0.26,0.7714547957778798,30604.0,0.0
209074,6880.0,0.11104651162790698,0.4,,3234.0,0.0
209083,63.0,0.19047619047619047,0.83,,,0.0
209108,932.0,0.13733905579399142,0.49,0.967741935483871,17730.0,0.0
209153,80.0,0.1,0.86,,,1.0
209205,157.0,0.19745222929936307,0.81,,,0.0
209241,102.0,0.5392156862745098,0.26,0.75,17749.0,0.0
209250,8370.0,0.15555555555555556,0.47,,3769.0,0.0
209287,634.0,0.08675078864353312,0.54,0.8742138364779874,14280.0,1.0
209296,,,,,,1.0
209348,32.0,0.125,0.49,0.8125,,0.0
209409,479.0,0.1022964509394572,0.53,0.5013723696248856,22900.0,1.0
209445,,,,,,1.0
209490,736.0,0.09918478260869565,0.38,,16395.0,1.0
209506,3758.0,0.14076636508781268,0.33,0.927741935483871,7260.0,0.0
209533,133.0,0.13533834586466165,0.56,0.8260869565217391,21973.0,0.0
209542,19557.0,0.10911694022600603,0.33,0.8246920937624156,7115.0,1.0
209551,19528.0,0.12295165915608357,0.25,0.7966030989272944,8190.0,1.0
209603,582.0,0.16666666666666666,0.54,0.5340599455040872,27926.0,1.0
209612,1640.0,0.15,0.34,0.4560618388934093,31706.0,0.0
209667,70.0,0.11428571428571428,0.85,,,1.0
209676,152.0,0.09868421052631579,0.73,,,1.0
209694,73.0,0.1917808219178082,0.88,,,0.0
209700,85.0,0.023529411764705882,0.84,,,0.0
209719,38.0,0.15789473684210525,0.72,,,0.0
209746,32013.0,0.1585293474525974,0.35,,3016.0,0.0
209807,21816.0,0.12857535753575358,0.39,0.7851413292589763,7130.0,1.0
209825,3315.0,0.15535444947209653,0.22,0.6498283472290338,33538.0,1.0
209922,1447.0,0.17069799585349,0.2,0.42634146341463414,41200.0,1.0
209940,5846.0,0.1522408484433801,0.53,,2994.0,0.0
209986,37.0,0.0,0.67,1.0,,0.0
210076,2124.0,0.1167608286252354,0.69,,11026.0,0.0
210100,87.0,0.13793103448275862,0.95,,,1.0
210146,5645.0,0.10947741364038972,0.36,0.7819125919515362,6444.0,0.0
210155,2337.0,0.12623020967051776,0.4,,4485.0,0.0
210234,2754.0,0.2120551924473493,0.64,,4095.0,0.0
210270,3338.0,0.1201318154583583,0.67,,3608.0,0.0
210304,1359.0,0.18101545253863136,0.5,0.5486381322957199,17604.0,1.0
210331,923.0,0.10725893824485373,0.33,0.410268270120259,24380.0,0.0
210340,66.0,0.30303030303030304,0.75,,,0.0
210359,783.0,0.28607918263090676,0.84,0.7571428571428571,14740.0,1.0
210368,,,,,,1.0
210401,1940.0,0.12731958762886597,0.25,0.43356014892797534,37361.0,1.0
210429,5315.0,0.19642521166509877,0.41,0.8730899830220713,7410.0,0.0
210438,39.0,0.07692307692307693,0.49,,8543.0,1.0
210456,246.0,0.25609756097560976,0.35,,9868.0,0.0
210474,50.0,0.22,0.64,,,0.0
210483,463.0,0.23110151187904968,0.56,,,0.0
210492,206.0,0.11165048543689321,0.27,0.6395705521472392,15540.0,0.0
210508,,,,,,1.0
210571,2334.0,0.18551842330762638,0.34,0.4786513313376398,32740.0,1.0
210599,624.0,0.7772435897435898,0.85,,,0.0
210605,20706.0,0.1920699314208442,0.39,,5177.0,1.0
210669,2153.0,0.08871342313051556,0.26,0.5874222529371113,34810.0,0.0
210711,164.0,0.47560975609756095,0.57,,,1.0
210739,2366.0,0.08410819949281488,0.22,0.73725671918443,28000.0,0.0
210748,71.0,0.07042253521126761,0.43,,,1.0
210775,2110.0,0.1943127962085308,0.39,0.8141311266709103,25480.0,1.0
210784,194.0,0.4329896907216495,0.39,,,0.0
210809,,,,,,0.0
210890,203.0,0.08866995073891626,0.38,,20214.0,0.0
210906,644.0,0.234472049689441,0.57,0.5267857142857143,17444.0,0.0
210942,3522.0,0.41624077228847245,0.56,0.40470193115029385,17920.0,1.0
210951,98.0,0.15306122448979592,0.68,,,0.0
210960,2520.0,0.11944444444444445,0.59,0.40199888950583007,17632.0,1.0
211006,352.0,0.24147727272727273,0.57,,,0.0
211024,608.0,0.049342105263157895,0.45,0.8376470588235294,17340.0,0.0
211079,3007.0,0.10475557033588294,0.4,,5496.0,0.0
211088,2169.0,0.15675426463808206,0.37,0.6473560121252947,32720.0,0.0
211130,,,,,,0.0
211149,211.0,0.4218009478672986,0.05,1.0,,1.0
211158,9136.0,0.11000437828371279,0.3,0.64453059160627,7456.0,0.0
211200,546.0,0.18864468864468864,0.74,0.9312714776632303,14560.0,1.0
211246,,,,,,0.0
211273,1293.0,0.19102861562258314,0.2,0.4848084544253633,39360.0,0.0
211291,3508.0,0.08865450399087799,0.12,0.3138757314015046,42342.0,0.0
211307,10800.0,0.09287037037037037,0.2,,7454.0,0.0
211316,68.0,0.08823529411764706,0.49,,,0.0
211334,57.0,0.03508771929824561,0.63,,,0.0
211343,4429.0,0.04244750508015353,0.38,,5640.0,0.0
211352,1435.0,0.11428571428571428,0.25,0.7055533359968038,32084.0,0.0
211361,7419.0,0.09516107292087883,0.39,0.6001197843881014,8312.0,0.0
211370,,,,,,0.0
211398,167.0,0.12574850299401197,0.73,0.84375,10740.0,1.0
211431,1936.0,0.14204545454545456,0.37,0.6201754385964913,22600.0,1.0
211440,5830.0,0.14202401372212692,0.15,0.33324728962312855,42136.0,1.0
211468,1472.0,0.20380434782608695,0.43,0.41818181818181815,28967.0,1.0
211477,1495.0,0.28160535117056856,0.57,0.47833698030634575,14400.0,0.0
211556,1044.0,0.14080459770114942,0.32,0.6208651399491094,29188.0,1.0
211583,1574.0,0.4135959339263024,0.51,0.8902564102564102,28200.0,1.0
211608,1508.0,0.75,0.73,,7718.0,0.0
211617,1053.0,0.5042735042735043,0.77,,,1.0
211635,183.0,0.04371584699453552,0.57,,,0.0
211644,6225.0,0.08433734939759036,0.39,0.6579965606190885,7722.0,0.0
211750,129.0,0.17054263565891473,0.59,,,0.0
211802,162.0,0.043209876543209874,0.42,,,1.0
211820,173.0,0.34104046242774566,0.8,,,1.0
211893,123.0,0.04065040650406504,0.15,,2290.0,1.0
211909,151.0,0.3509933774834437,0.67,,11600.0,1.0
211927,12705.0,0.24801259346713891,0.35,,7160.0,0.0
211954,95.0,0.4105263157894737,,,,1.0
211981,1962.0,0.06422018348623854,0.27,0.6717861205915814,29284.0,0.0
212009,2414.0,0.09817729908864954,0.12,0.47784621498112456,41520.0,0.0
212018,,,,,,0.0
212045,338.0,0.09171597633136094,0.64,,18171.0,0.0
212054,13980.0,0.12975679542203147,0.22,0.5505973151607209,33000.0,1.0
212072,275.0,0.03636363636363636,0.67,,9930.0,0.0
212090,742.0,0.6590296495956873,0.89,0.6007905138339921,13826.0,1.0
212106,5745.0,0.07397737162750218,0.22,0.7673023685019994,27502.0,1.0
212115,6372.0,0.14689265536723164,0.29,0.6918103448275862,7778.0,0.0
212133,2816.0,0.3643465909090909,0.36,0.7107806691449814,24600.0,0.0
212160,6697.0,0.10870539047334628,0.47,0.744914902449149,7730.0,0.0
212197,2383.0,0.08182962652119177,0.25,0.7452688495043557,33250.0,0.0
212212,40.0,0.075,0.62,,,1.0
212230,44.0,0.3181818181818182,0.51,,,0.0
212267,159.0,0.3270440251572327,0.62,,,0.0
212276,145.0,0.30344827586206896,0.62,,,0.0
212285,68.0,0.20588235294117646,0.64,,,0.0
212294,70.0,0.05714285714285714,0.62,,,0.0
212300,52.0,0.0,0.62,,,0.0
212328,172.0,0.43023255813953487,0.6,,,0.0
212337,138.0,0.8405797101449275,0.78,,,0.0
212355,166.0,0.10843373493975904,0.52,,,0.0
212373,79.0,0.35443037974683544,0.54,,,0.0
212382,151.0,0.3973509933774834,0.56,,,0.0
212391,133.0,0.5789473684210527,0.62,,,0.0
212407,,,,,,1.0
212425,247.0,0.42105263157894735,0.92,0.7875,9364.0,1.0
212434,278.0,0.09352517985611511,0.69,,13300.0,0.0
212443,,,,,,0.0
212568,225.0,0.13333333333333333,0.47,0.5714285714285714,11160.0,1.0
212577,2335.0,0.10449678800856531,0.11,0.44669639237940817,41140.0,1.0
212601,2992.0,0.08155080213903744,0.36,0.8038200064745873,25307.0,1.0
212656,1796.0,0.16982182628062362,0.44,0.7968069666182874,22236.0,0.0
212674,2485.0,0.08088531187122737,0.14,0.4030044510385757,41070.0,0.0
212683,109.0,0.48623853211009177,0.48,,,0.0
212708,130.0,0.5153846153846153,0.71,,,0.0
212753,195.0,0.7025641025641025,0.63,,,1.0
212771,151.0,0.1456953642384106,0.01,,22320.0,0.0
212805,2499.0,0.034013605442176874,0.0,0.736144578313253,13088.0,0.0
212832,2244.0,0.26827094474153296,0.32,0.4612220916568743,25610.0,0.0
212869,1425.0,0.4975438596491228,0.52,0.4509466437177281,18965.0,0.0
212878,23210.0,0.1965101249461439,0.37,,6330.0,1.0
212911,1177.0,0.2107051826677995,0.16,0.25966183574879226,40624.0,0.0
212975,244.0,0.18442622950819673,0.5,,16836.0,0.0
212984,2176.0,0.1213235294117647,0.34,0.719626168224299,23520.0,1.0
212993,150.0,0.12666666666666668,0.47,0.9130434782608695,12715.0,1.0
213002,1186.0,0.5564924114671164,0.77,,,1.0
213011,3223.0,0.19547005895128763,0.18,0.8018092105263158,27870.0,0.0
213020,12827.0,0.1334684649567319,0.39,0.6033936069928871,7571.0,0.0
213057,296.0,0.7804054054054054,0.95,,8975.0,1.0
213163,79.0,0.0379746835443038,0.53,,7640.0,0.0
213181,565.0,0.10442477876106195,0.7,0.9726775956284153,,0.0
213215,167.0,0.16766467065868262,0.56,,,1.0
213233,472.0,0.046610169491525424,0.53,0.28512960436562074,15872.0,1.0
213251,1593.0,0.060263653483992465,0.22,0.724294813466788,32820.0,0.0
213303,1706.0,0.07620164126611957,0.6,0.9378330373001776,19020.0,0.0
213312,367.0,0.42779291553133514,0.82,,,0.0
213321,2356.0,0.06578947368421052,0.26,0.7421487603305785,26644.0,0.0
213330,28.0,0.07142857142857142,0.61,,,0.0
213349,9725.0,0.11660668380462724,0.29,0.6520671707748208,7732.0,0.0
213358,1292.0,0.08436532507739938,0.4,0.5659955257270693,22270.0,0.0
213367,4487.0,0.28482282148428795,0.34,0.7134655532359081,33700.0,1.0
213376,1561.0,0.190903267136451,0.58,,11460.0,1.0
213385,2414.0,0.1164043082021541,0.11,0.4173823428375129,39115.0,0.0
213400,926.0,0.10475161987041037,0.38,0.5543478260869565,16560.0,0.0
213446,,,,,,1.0
213455,148.0,0.24324324324324326,0.3,,,0.0
213473,463.0,0.1468682505399568,0.58,,9915.0,0.0
213491,77.0,0.07792207792207792,0.25,,,0.0
213507,1776.0,0.06587837837837837,0.24,0.6961640714014432,31620.0,0.0
213525,8101.0,0.21787433650166646,0.32,,6030.0,0.0
213534,1127.0,0.3735581188997338,0.75,,13412.0,0.0
213543,4781.0,0.12507843547375025,0.15,0.37887296669248643,39780.0,1.0
213552,88.0,0.18181818181818182,0.61,,,0.0
213570,866.0,0.3960739030023095,0.68,,,0.0
213589,656.0,0.698170731707317,0.7,,22678.0,1.0
213598,1809.0,0.7523493642896628,0.66,0.2619047619047619,8472.0,0.0
213613,5115.0,0.09442815249266862,0.39,0.715221274062314,7540.0,0.0
213622,156.0,0.05128205128205128,0.59,,6190.0,0.0
213631,,,,,,0.0
213640,,,,,,1.0
213659,7249.0,0.09504759277141675,0.39,,5940.0,0.0
213668,1304.0,0.08128834355828221,0.34,0.641963426371511,30800.0,1.0
213686,92.0,0.14130434782608695,0.76,,6350.0,0.0
213774,901.0,0.28412874583795783,0.37,0.4269340974212034,13238.0,0.0
213783,2945.0,0.10865874363327674,0.48,0.7292511988196237,8058.0,0.0
213826,2267.0,0.04808116453462726,0.36,0.7056256062075654,27150.0,1.0
213914,363.0,0.05785123966942149,0.52,,13800.0,1.0
213932,126.0,0.15079365079365079,0.38,,12087.0,1.0
213987,4013.0,0.09244953899825567,0.42,0.736742934051144,26346.0,1.0
213996,2808.0,0.06695156695156695,0.22,0.674373168349072,27480.0,0.0
214023,128.0,0.984375,0.73,0.7926829268292683,24144.0,1.0
214041,7604.0,0.1379537085744345,0.29,0.5773450356555129,7700.0,0.0
214069,2409.0,0.04151100041511,0.28,0.6653771760154739,24990.0,0.0
214111,10696.0,0.2106394913986537,0.25,,6690.0,0.0
214148,499.0,0.23647294589178355,0.41,0.643312101910828,30268.0,1.0
214157,1772.0,0.12189616252821671,0.3,0.7904191616766467,32177.0,1.0
214166,1573.0,0.04513668150031786,0.5,0.7973748974569319,18000.0,0.0
214175,2515.0,0.06520874751491054,0.11,0.4805166374781086,38380.0,1.0
214254,1015.0,0.864039408866995,0.72,,,1.0
214272,2518.0,0.17077045274027006,0.67,0.9261501210653753,22256.0,0.0
214290,835.0,0.1437125748502994,0.65,1.0,,0.0
214315,81.0,0.08641975308641975,0.7,,11775.0,0.0
214379,11328.0,0.2515889830508475,0.34,,7170.0,0.0
214476,90.0,0.0,0.11,0.22857142857142856,13229.0,0.0
214528,677.0,0.6189069423929099,0.62,0.6911392405063291,,1.0
214546,72.0,0.1527777777777778,0.66,,,0.0
214564,,,,,,0.0
214582,915.0,0.6994535519125683,0.83,,10800.0,0.0
214591,4252.0,0.0764346190028222,0.34,0.8675784892757227,13250.0,0.0
214607,,,,,,0.0
214616,,,,,,0.0
214625,870.0,0.07011494252873564,0.36,0.8865546218487395,12678.0,0.0
214634,714.0,0.10364145658263306,0.62,0.7728937728937729,12522.0,0.0
214643,719.0,0.09457579972183588,0.38,0.909688013136289,12616.0,0.0
214652,1386.0,0.0735930735930736,0.47,0.8874316939890711,12596.0,0.0
214661,,,,,,1.0
214670,914.0,0.1761487964989059,0.35,0.9360100376411543,12720.0,0.0
214689,4129.0,0.11697747638653427,0.35,0.8747595228934205,13250.0,1.0
214698,906.0,0.11810154525386314,0.37,0.9303547963206308,12730.0,0.0
214704,2701.0,0.15623843021103295,0.33,0.8346636259977195,13250.0,0.0
214713,2963.0,0.16436044549443132,0.33,0.8621966269025092,13240.0,0.0
214731,1613.0,0.1698698078115313,0.32,0.8527799530148786,12730.0,0.0
214740,919.0,0.03482045701849837,0.53,0.9181818181818182,12596.0,0.0
214759,1037.0,0.0742526518804243,0.5,0.9250871080139372,12616.0,0.0
214768,1303.0,0.29547198772064465,0.45,0.9187582562747688,12678.0,0.0
214777,38594.0,0.10369487485101311,0.19,0.5162106400746672,15250.0,1.0
214786,768.0,0.3255208333333333,0.5,0.8605633802816901,12730.0,0.0
214795,1252.0,0.18370607028753994,0.41,0.9,12730.0,0.0
214801,3423.0,0.22348816827344434,0.42,0.8427709111813739,12730.0,0.0
214810,1034.0,0.3578336557059961,0.59,0.8568232662192393,12626.0,0.0
214829,1393.0,0.1399856424982053,0.32,0.8737864077669902,12596.0,0.0
214838,259.0,0.7374517374517374,0.9,,7848.0,1.0
214883,2139.0,0.6848994857410005,0.51,,15300.0,1.0
214892,421.0,0.12589073634204276,0.8,0.7378640776699029,20600.0,0.0
214944,634.0,0.4384858044164038,0.73,,,0.0
214962,48.0,0.0625,0.51,,,0.0
214971,247.0,0.10121457489878542,0.36,0.75,25220.0,1.0
215008,56.0,0.0,0.34,,,0.0
215026,12.0,0.0,0.75,,,0.0
215044,152.0,0.19078947368421054,0.61,,,0.0
215053,264.0,0.11742424242424243,0.39,0.48,18180.0,1.0
215062,11940.0,0.14974874371859295,0.13,0.14257080286552096,40514.0,1.0
215099,2999.0,0.18372790930310104,0.28,0.7343485617597293,28890.0,1.0
215105,2099.0,0.19009051929490234,0.29,0.6771141336487285,32200.0,1.0
215114,977.0,0.2067553735926305,0.43,0.7438752783964365,19997.0,0.0
215123,,,,,,1.0
215132,1468.0,0.08651226158038147,0.27,0.6203925323121111,30794.0,1.0
215239,19503.0,0.5336102138132595,0.57,,8160.0,1.0
215266,1629.0,0.09515039901780234,0.47,0.8267477203647416,12046.0,0.0
215275,1803.0,0.08929561841375486,0.38,0.7382445141065831,12176.0,0.0
215284,2965.0,0.044856661045531196,0.34,0.8916464891041163,12078.0,0.0
215293,18371.0,0.10364160905775407,0.19,0.5852693563969269,14936.0,1.0
215309,514.0,0.23929961089494164,0.65,0.8577405857740585,10722.0,0.0
215336,51.0,0.27450980392156865,0.76,,,0.0
215381,285.0,0.06315789473684211,0.59,,14505.0,0.0
215390,209.0,0.05741626794258373,0.25,0.8378378378378378,,1.0
215415,2186.0,0.08645928636779505,0.88,,14760.0,0.0
215424,,,,,,1.0
215433,406.0,0.9211822660098522,0.82,0.625,13460.0,0.0
215442,3480.0,0.24913793103448276,0.43,0.7418377650622686,22500.0,1.0
215479,60.0,0.016666666666666666,0.46,,10485.0,0.0
215530,35.0,0.08571428571428572,0.86,,,1.0
215585,5417.0,0.35942403544397267,0.53,,6420.0,1.0
215594,480.0,0.0625,0.28,0.2589928057553957,14095.0,1.0
215619,,,,,,0.0
215628,,,,,,1.0
215637,480.0,0.27708333333333335,0.41,,21975.0,1.0
215646,812.0,0.4839901477832512,0.7,,,0.0
215655,3803.0,0.0941362082566395,0.36,0.8854634146341464,21550.0,0.0
215682,508.0,0.2106299212598425,0.96,,12230.0,0.0
215691,501.0,0.5149700598802395,0.65,0.5146788990825688,27730.0,0.0
215743,1832.0,0.06222707423580786,0.61,0.7146480659480026,26534.0,0.0
215770,5471.0,0.13178577956497897,0.14,0.8038428448523086,35230.0,1.0
215798,1693.0,0.08210277613703484,0.29,0.7464114832535885,27090.0,0.0
215813,,,,,,0.0
215886,125.0,0.024,0.48,,,0.0
215929,4100.0,0.08121951219512195,0.21,0.7437900128040973,34536.0,1.0
215947,1845.0,0.1111111111111111,0.36,0.6588235294117647,27548.0,0.0
215965,95.0,0.06315789473684211,0.4,0.23414634146341465,10320.0,0.0
215974,448.0,0.08035714285714286,0.29,0.8947368421052632,16368.0,1.0
215983,43.0,0.023255813953488372,0.49,,,0.0
215992,292.0,0.136986301369863,0.75,0.7619047619047619,8365.0,0.0
216010,7143.0,0.09799804003919922,0.29,0.6864297021154123,8056.0,0.0
216038,8026.0,0.07625218041365561,0.33,0.6271929824561403,7666.0,0.0
216047,136.0,0.25,0.15,1.0,18228.0,0.0
216074,102.0,0.18627450980392157,0.23,,,0.0
216083,801.0,0.03245942571785269,0.71,0.7923976608187134,14148.0,1.0
216162,101.0,0.12871287128712872,0.3,,11420.0,0.0
216180,,,,,,0.0
216223,49.0,0.30612244897959184,0.73,,,0.0
216278,2305.0,0.07505422993492408,0.23,0.7037037037037037,34070.0,0.0
216287,1524.0,0.2388451443569554,0.15,0.1612315841748055,39600.0,0.0
216296,939.0,0.23855165069222578,0.57,0.2940879231935321,6560.0,1.0
216311,110.0,0.0,0.32,0.7727272727272727,8100.0,1.0
216339,27623.0,0.20088332186945662,0.35,0.6464137000762419,12424.0,1.0
216348,,,,,,0.0
216357,1096.0,0.09124087591240876,0.48,0.6888035126234907,23728.0,0.0
216366,1059.0,0.12842304060434373,0.23,,28423.0,1.0
216418,1595.0,0.18620689655172415,0.85,,13900.0,0.0
216427,161.0,0.09316770186335403,0.86,,14876.0,1.0
216436,303.0,0.18151815181518152,0.7,,14923.0,1.0
216445,280.0,0.02142857142857143,0.55,,14866.0,0.0
216454,331.0,0.006042296072507553,0.68,,14945.0,0.0
216463,,,,,,0.0
216524,1802.0,0.11098779134295228,0.22,0.553320939665371,40120.0,0.0
216542,1129.0,0.21966341895482727,0.46,0.7279549718574109,16250.0,0.0
216551,304.0,0.3223684210526316,0.43,0.7288135593220338,25210.0,0.0
216579,117.0,0.18803418803418803,0.47,,,0.0
216597,7116.0,0.13322091062394603,0.11,0.4515837104072398,39665.0,0.0
216630,172.0,0.005813953488372093,0.38,0.5238095238095238,11429.0,0.0
216649,28.0,0.07142857142857142,0.54,,10775.0,0.0
216667,1460.0,0.06575342465753424,0.25,0.38879929629086646,34610.0,0.0
216694,1801.0,0.044975013881177126,0.37,0.7013439522150323,18410.0,0.0
216746,63.0,0.07936507936507936,0.17,,,1.0
216764,12232.0,0.13464682799215175,0.24,0.41450674424755357,7680.0,0.0
216773,110.0,0.03636363636363636,0.4,0.2413793103448276,6730.0,1.0
216782,1135.0,0.2537444933920705,0.8,,12345.0,1.0
216807,1516.0,0.026385224274406333,0.34,0.595437616387337,29320.0,0.0
216816,,,,,,0.0
216825,7383.0,0.052146823784369495,0.43,,5160.0,0.0
216852,3204.0,0.20973782771535582,0.29,0.70111555462008,33270.0,0.0
216931,2184.0,0.07463369963369963,0.32,0.7553956834532374,27178.0,1.0
216986,108.0,0.18518518518518517,0.68,,11250.0,1.0
217013,753.0,0.07835325365205843,0.34,0.18567251461988304,28220.0,0.0
217040,72.0,0.0,0.42,,8000.0,1.0
217059,5346.0,0.07987280209502431,0.24,0.48268555515195544,15140.0,0.0
217077,2244.0,0.23885918003565063,0.26,,,0.0
217086,240.0,0.3958333333333333,0.69,,12120.0,0.0
217095,151.0,0.5695364238410596,0.74,,,1.0
217156,6318.0,0.18708452041785376,0.15,0.09341297494607599,40820.0,1.0
217165,3365.0,0.0811292719167905,0.17,0.5321713332097163,33357.0,0.0
217235,9703.0,0.14820158713799855,0.34,0.7748282588414893,24141.0,1.0
217244,317.0,0.12302839116719243,0.91,,,1.0
217305,3258.0,0.15316144874155924,0.48,,18960.0,1.0
217323,195.0,0.7025641025641025,0.95,,,0.0
217350,68.0,0.45588235294117646,0.87,,,0.0
217402,4340.0,0.08870967741935484,0.13,0.6715884734460585,39435.0,1.0
217420,7778.0,0.1675237850347133,0.37,0.7686642965972575,6986.0,1.0
217475,17775.0,0.22964838255977496,0.45,,3652.0,1.0
217484,13093.0,0.1251050179485221,0.28,0.8741621281943862,10476.0,0.0
217493,1975.0,0.09367088607594937,0.18,0.34288824383164007,38295.0,1.0
217518,4310.0,0.07308584686774942,0.14,0.788391640163562,29718.0,0.0
217536,2020.0,0.057920792079207924,0.23,0.6958553433563592,31450.0,0.0
217545,950.0,0.7126315789473684,0.78,,,0.0
217572,107.0,0.06542056074766354,0.36,,11300.0,0.0
217581,117.0,0.05982905982905983,0.54,,,1.0
217606,301.0,0.2757475083056478,0.45,,9225.0,0.0
217615,3128.0,0.34878516624040923,0.55,,4066.0,0.0
217624,848.0,0.9162735849056604,0.9,,10884.0,1.0
217633,2312.0,0.15008650519031141,0.38,0.7075575027382256,19950.0,1.0
217688,2768.0,0.36307803468208094,0.45,0.5850111856823266,19854.0,1.0
217712,2792.0,0.45415472779369626,0.67,,3506.0,0.0
217721,3137.0,0.9933057060886197,0.87,,16370.0,1.0
217749,3317.0,0.06692794694000603,0.4,,12530.0,1.0
217776,1456.0,0.2925824175824176,0.48,0.9372759856630825,19500.0,0.0
217794,173.0,0.4277456647398844,0.51,,,1.0
217819,10121.0,0.11431676711787372,0.22,0.6950284219074258,10314.0,1.0
217828,73.0,0.4931506849315068,0.77,,,0.0
217837,1219.0,0.47990155865463496,0.69,,3558.0,0.0
217864,2455.0,0.16211812627291242,0.23,0.7930715935334873,9871.0,1.0
217873,1831.0,0.9623156744948116,0.79,0.3477517106549365,13168.0,0.0
217882,15459.0,0.09838928779351834,0.18,0.6279326864021619,11908.0,0.0
217891,143.0,1.0,0.86,,4535.0,1.0
217907,1106.0,0.43037974683544306,0.64,0.5155709342560554,20818.0,0.0
217925,616.0,0.1185064935064935,0.55,0.6,17395.0,1.0
217934,1162.0,0.4397590361445783,0.65,0.7676190476190476,24060.0,1.0
217961,721.0,0.1914008321775312,0.44,0.7665056360708534,27088.0,1.0
217989,1033.0,0.9651500484027106,0.77,,2594.0,0.0
217998,553.0,0.09945750452079566,0.3,0.746,26775.0,0.0
218025,5855.0,0.502134927412468,0.65,,3684.0,0.0
218043,108.0,0.3333333333333333,0.94,,9420.0,1.0
218061,3771.0,0.4728188809334394,0.41,0.5956618464961068,8480.0,0.0
218070,2761.0,0.09525534226729446,0.15,0.6787130894667255,38088.0,0.0
218089,193.0,0.6632124352331606,,,2600.0,0.0
218113,14879.0,0.29397136904361854,0.52,,3912.0,1.0
218140,7826.0,0.2885254280603118,0.58,,4340.0,1.0
218159,70.0,0.6,0.72,,,0.0
218195,155.0,0.6580645161290323,0.65,,,0.0
218229,2996.0,0.33311081441922563,0.49,0.4894498869630746,9154.0,0.0
218238,3419.0,0.5214975138929512,0.53,0.46983619656412307,19200.0,0.0
218265,,,,,,1.0
218317,,,,,,1.0
218335,233.0,0.12017167381974249,0.12,,14734.0,1.0
218353,12078.0,0.3792018546116907,0.49,,4664.0,0.0
218399,1048.0,0.9980916030534351,0.9,,10290.0,1.0
218414,1155.0,0.2943722943722944,0.44,0.6102819237147595,22518.0,0.0
218441,2139.0,0.07713884992987377,0.41,0.5929682217714672,12820.0,0.0
218487,3200.0,0.5853125,0.62,,4165.0,0.0
218520,5703.0,0.3954059267052428,0.64,,3914.0,0.0
218539,1188.0,0.13383838383838384,0.24,0.6751167444963309,30180.0,0.0
218645,3184.0,0.3420226130653266,0.41,0.5125184094256259,8424.0,0.0
218654,1754.0,0.2588369441277081,0.37,0.7223127035830619,7928.0,0.0
218663,21385.0,0.17390694411971008,0.24,0.636450974851653,9786.0,1.0
218672,1588.0,0.24307304785894207,0.38,0.8980322003577818,5864.0,0.0
218681,1150.0,0.4765217391304348,0.58,0.908256880733945,5864.0,0.0
218690,1192.0,0.3062080536912752,0.35,0.5804749340369393,5864.0,1.0
218706,530.0,0.3754716981132076,0.47,0.7922705314009661,5864.0,0.0
218724,8203.0,0.23101304400828965,0.37,0.7394900068917988,9390.0,1.0
218733,3759.0,0.9611598829475925,0.73,0.7822341857335128,9198.0,0.0
218742,5439.0,0.3368266225409083,0.44,0.7961871750433276,9342.0,0.0
218751,,,,,,0.0
218821,790.0,0.3278481012658228,0.54,0.6735751295336787,13584.0,0.0
218830,5871.0,0.3072730369613354,0.6,,4424.0,0.0
218858,4382.0,0.5209949794614331,0.71,,3940.0,1.0
218867,37.0,0.6216216216216216,0.89,,,1.0
218885,6941.0,0.17259760841377322,0.47,,4539.0,0.0
218894,15790.0,0.3656111462951235,0.51,,3916.0,1.0
218919,752.0,0.9654255319148937,0.88,0.6387778412335808,10780.0,0.0
218955,723.0,0.7524204702627939,0.71,,3384.0,0.0
218964,4933.0,0.29697952564362456,0.4,0.6530702726668145,12176.0,1.0
218973,1541.0,0.11486048020765736,0.2,0.6192678227360309,31710.0,1.0
218991,6000.0,0.2885,0.48,,3832.0,1.0
219000,1794.0,0.01839464882943144,0.26,0.8276699029126213,25104.0,1.0
219037,119.0,0.15126050420168066,0.67,,,1.0
219046,4015.0,0.10286425902864259,0.38,0.8928336620644313,6951.0,0.0
219055,391.0,0.21994884910485935,0.69,,9372.0,1.0
219082,2753.0,0.06683617871413004,0.25,0.897119341563786,6455.0,0.0
219091,742.0,0.09299191374663072,0.47,0.7850098619329389,19850.0,0.0
219125,107.0,0.7850467289719626,0.43,,,1.0
219143,1436.0,0.033426183844011144,0.49,0.5986267166042447,5236.0,0.0
219170,17.0,0.058823529411764705,0.18,,1650.0,1.0
219189,1109.0,0.04418394950405771,0.55,,4860.0,0.0
219198,1137.0,0.10026385224274406,0.35,0.649171270718232,19932.0,0.0
219204,1779.0,0.31759415401911184,0.6,,11988.0,1.0
219213,806.0,0.11786600496277916,0.72,,11745.0,0.0
219240,,,,,,1.0
219259,2686.0,0.07781087118391661,0.29,0.928639391056137,6351.0,0.0
219277,1678.0,0.9553039332538736,0.64,,2396.0,0.0
219295,704.0,0.08948863636363637,0.48,0.4217687074829932,15135.0,0.0
219338,17.0,0.058823529411764705,0.0,,1300.0,0.0
219347,2050.0,0.1,0.26,0.9334049409237379,7130.0,1.0
219356,11203.0,0.056949031509417124,0.3,0.9133362293657689,6444.0,0.0
219374,2340.0,0.7636752136752136,0.18,,3154.0,0.0
219383,1190.0,0.07394957983193277,0.3,0.9433748584371461,21895.0,1.0
219392,27.0,0.07407407407407407,0.04,,,1.0
219408,261.0,0.7739463601532567,0.7,,3960.0,0.0
219426,2455.0,0.06476578411405295,0.45,,3606.0,0.0
219453,154.0,0.08441558441558442,0.47,1.0,,1.0
219471,7220.0,0.07756232686980609,0.31,0.8479142526071842,6762.0,0.0
219480,1177.0,0.14443500424808836,0.55,,5051.0,0.0
219505,93.0,1.0,0.91,,6194.0,1.0
219578,750.0,0.148,0.36,0.975609756097561,18330.0,1.0
219587,66.0,0.06060606060606061,0.65,,,0.0
219596,203.0,0.029556650246305417,0.31,,,0.0
219602,9835.0,0.3035078800203355,0.51,0.9006750241080038,6048.0,1.0
219639,1033.0,0.38915779283639884,0.47,0.19202898550724637,10270.0,1.0
219709,4603.0,0.08733434716489247,0.16,0.8139674894641782,23680.0,1.0
219718,2724.0,0.35609397944199705,0.58,0.5242214532871973,12838.0,0.0
219790,1175.0,0.0774468085106383,0.38,0.525974025974026,18620.0,0.0
219806,1762.0,0.12599318955732122,0.42,0.6890359168241966,20562.0,0.0
219824,10401.0,0.212575713873666,0.49,,3290.0,1.0
219833,1351.0,0.40414507772020725,0.45,0.4895397489539749,24870.0,1.0
219842,,,,,,1.0
219879,3753.0,0.08419930722088996,0.55,0.6172734970364098,3101.0,1.0
219888,5592.0,0.13358369098712447,0.4,,3073.0,0.0
219903,846.0,0.6229314420803782,0.75,1.0,,1.0
219921,317.0,0.277602523659306,0.58,,,0.0
219949,1120.0,0.1375,0.4,0.5641891891891891,18256.0,0.0
219976,2644.0,0.10854765506807867,0.3,0.6039346696362287,22000.0,1.0
219994,676.0,0.15236686390532544,0.56,,,0.0
220002,597.0,0.6381909547738693,0.68,,15030.0,1.0
220057,3749.0,0.26940517471325687,0.56,1.0,3103.0,0.0
220075,12175.0,0.10217659137577002,0.44,0.8188751191611058,5823.0,1.0
220118,445.0,0.4044943820224719,0.87,,9160.0,1.0
220127,717.0,0.02510460251046025,0.6,,,0.0
220136,,,,,,0.0
220163,73.0,0.1780821917808219,0.85,,,0.0
220181,519.0,0.8188824662813102,0.6,0.6096096096096096,18358.0,1.0
220206,282.0,0.1773049645390071,0.44,,11646.0,1.0
220215,1489.0,0.06850235057085292,0.39,0.9986120749479528,15922.0,0.0
220251,264.0,0.06060606060606061,0.52,,,0.0
220279,619.0,0.05977382875605816,0.36,,,0.0
220312,153.0,0.21568627450980393,0.69,0.4617737003058104,15300.0,0.0
220321,447.0,0.05592841163310962,0.39,,,0.0
220394,326.0,0.03067484662576687,0.59,,,0.0
220400,5361.0,0.23092706584592426,0.48,0.5624195624195624,3193.0,1.0
220464,118.0,0.1694915254237288,0.43,,9290.0,1.0
220473,680.0,0.08676470588235294,0.51,0.6609442060085837,9100.0,0.0
220491,339.0,0.24778761061946902,0.56,,,1.0
220516,1671.0,0.054458408138839016,0.41,0.6714922048997772,22908.0,1.0
220552,838.0,0.10501193317422435,0.65,1.0,16500.0,1.0
220570,43.0,0.3953488372093023,0.7,,,1.0
220589,456.0,0.28728070175438597,,0.45849802371541504,19500.0,1.0
220598,2222.0,0.9977497749774977,0.91,0.35465703971119134,8000.0,1.0
220604,987.0,0.9918946301925026,0.81,0.38273708120386146,10298.0,1.0
220613,4006.0,0.090863704443335,0.37,0.6434285714285715,12220.0,1.0
220631,1786.0,0.05879059350503919,0.51,0.9330985915492958,16200.0,0.0
220640,574.0,0.013937282229965157,0.48,,,0.0
220701,1138.0,0.12302284710017575,0.6,,19518.0,0.0
220710,1080.0,0.10648148148148148,0.42,0.20953101361573373,29473.0,0.0
220756,248.0,0.16129032258064516,0.7,,,0.0
220765,350.0,0.18857142857142858,0.67,,,0.0
220792,,,,,,1.0
220808,374.0,0.2540106951871658,0.55,0.37894736842105264,23950.0,1.0
220853,826.0,0.8123486682808717,0.69,,,1.0
220862,17525.0,0.4434236804564907,0.49,0.6654009720534629,6780.0,1.0
220871,,,,,,1.0
220941,694.0,0.8213256484149856,0.78,0.1407035175879397,8610.0,1.0
220978,23401.0,0.21678560745267297,0.41,0.7124833997343958,6298.0,1.0
220996,,,,,,1.0
221014,930.0,0.11397849462365592,0.34,0.6746126340882003,23520.0,0.0
221050,865.0,0.06936416184971098,0.38,,,1.0
221096,5263.0,0.13357400722021662,0.32,0.23477109345440786,3105.0,0.0
221102,389.0,0.17737789203084833,0.57,,,1.0
221148,2612.0,0.26416539050535986,0.57,,,1.0
221157,222.0,0.2747747747747748,0.95,,,1.0
221184,9853.0,0.366994823911499,0.42,0.6692381870781099,3057.0,1.0
221236,300.0,0.24,0.57,,,0.0
221254,206.0,0.0825242718446602,0.37,0.4017094017094017,21864.0,1.0
221281,348.0,0.14367816091954022,0.86,,,0.0
221290,193.0,0.41450777202072536,0.59,,,1.0
221333,682.0,0.1436950146627566,0.43,,,0.0
221351,1703.0,0.11509101585437463,0.16,0.4193292319904743,34580.0,1.0
221388,188.0,0.3617021276595745,0.78,,,0.0
221397,6839.0,0.0681386167568358,0.46,0.9908916586768935,3113.0,0.0
221430,342.0,0.09649122807017543,0.84,,,0.0
221485,13362.0,0.6514743301900913,0.56,1.0,3117.0,1.0
221494,442.0,0.13574660633484162,0.48,,,0.0
221519,1455.0,0.10721649484536082,0.06,0.6231464737793851,35862.0,0.0
221582,514.0,0.021400778210116732,0.44,,,0.0
221591,342.0,0.05263157894736842,0.42,,,0.0
221607,238.0,0.06722689075630252,0.81,,,0.0
221616,540.0,0.29074074074074074,0.74,,,0.0
221625,505.0,0.1603960396039604,0.4,,,1.0
221634,203.0,0.5714285714285714,0.86,,,0.0
221643,11049.0,0.11964883699882342,0.4,1.0,3130.0,0.0
221661,2732.0,0.3071010248901903,0.37,0.8037190082644629,17712.0,0.0
221670,,,,,,1.0
221731,1103.0,0.06527651858567543,0.53,0.8804878048780488,19100.0,0.0
221740,9229.0,0.16144761079206849,0.38,0.6773757694039934,6062.0,1.0
221759,21392.0,0.11471578160059835,0.29,0.7448825169255276,7382.0,1.0
221768,7945.0,0.1762114537444934,0.43,0.7355072463768116,6190.0,0.0
221795,203.0,0.024630541871921183,0.74,,17000.0,1.0
221829,298.0,0.020134228187919462,0.23,,,1.0
221838,6856.0,0.7822345390898483,0.66,,5704.0,1.0
221847,9436.0,0.08160237388724036,0.4,0.939380628157259,5828.0,0.0
221856,714.0,0.242296918767507,0.69,0.997867803837953,11760.0,1.0
221892,1312.0,0.1288109756097561,0.4,0.692992213570634,18518.0,1.0
221908,6775.0,0.055793357933579334,0.54,0.6643094841930116,3114.0,0.0
221953,2019.0,0.13769192669638436,0.62,0.700507614213198,19920.0,0.0
221971,2810.0,0.13701067615658363,0.23,0.7864911276473955,22390.0,1.0
221980,51.0,0.09803921568627451,0.18,,,1.0
221999,6879.0,0.1910161360662887,0.15,0.17945073586722296,39930.0,1.0
222026,74.0,0.33783783783783783,0.71,,,0.0
222053,8989.0,0.1297140950050061,0.42,1.0,3101.0,0.0
222062,6959.0,0.06020980025865785,0.45,1.0,3101.0,1.0
222099,427.0,0.49882903981264637,0.73,,,1.0
222105,167.0,0.48502994011976047,0.38,,4650.0,1.0
222178,3806.0,0.18549658434051497,0.25,0.5253287871407696,22760.0,1.0
222497,,,,,,1.0
222567,5794.0,0.3658957542285122,0.22,,2084.0,0.0
222576,11878.0,0.35965650782960096,0.37,,2034.0,1.0
222628,322.0,0.422360248447205,0.0,,7000.0,0.0
222673,229.0,0.5764192139737991,0.94,,,1.0
222682,181.0,0.5248618784530387,0.22,,,1.0
222691,157.0,0.6114649681528662,0.95,,,1.0
222707,177.0,0.7457627118644068,0.77,,,1.0
222761,1436.0,0.7576601671309192,0.67,,,1.0
222822,5927.0,0.35026151510038805,0.72,,2220.0,0.0
222831,6034.0,0.3636062313556513,0.45,0.9517571884984025,5672.0,1.0
222877,211.0,0.26066350710900477,0.48,,7340.0,1.0
222886,315.0,0.6,0.67,,,0.0
222938,2525.0,0.26574257425742576,0.57,0.4029126213592233,17668.0,1.0
222983,1293.0,0.20108275328692962,0.28,0.8302238805970149,29235.0,1.0
222992,44100.0,0.35303854875283447,0.29,,4980.0,1.0
223001,,,,,,1.0
223056,92.0,0.34782608695652173,0.35,,,1.0
223083,532.0,0.5018796992481203,0.68,0.6923076923076923,6693.0,1.0
223117,54.0,0.3333333333333333,0.41,0.8,3800.0,0.0
223214,180.0,0.1111111111111111,0.15,,8714.0,1.0
223223,,,,,,1.0
223232,12438.0,0.25020099694484643,0.24,0.47781519988285254,29724.0,1.0
223320,4348.0,0.6828426862925483,0.46,,2016.0,0.0
223427,17755.0,0.25925091523514504,0.28,,2352.0,0.0
223463,1324.0,0.7220543806646526,0.77,0.7122128174123338,15194.0,0.0
223472,348.0,0.3735632183908046,0.56,0.4166666666666667,13530.0,1.0
223506,4196.0,0.3817921830314585,0.19,,2412.0,0.0
223524,12784.0,0.4632352941176471,0.23,,2280.0,0.0
223658,213.0,0.6150234741784038,0.7,,,1.0
223667,22.0,0.8181818181818182,0.7,,,1.0
223773,6222.0,0.7336869173899068,0.38,,2280.0,0.0
223816,26055.0,0.485473037804644,0.24,,2310.0,0.0
223852,24.0,0.16666666666666666,0.7,,,1.0
223898,4814.0,0.3327793934358122,0.36,,2568.0,0.0
223922,1622.0,0.34648581997533906,0.36,,2448.0,0.0
224004,1325.0,0.3373584905660377,0.36,0.6314176245210728,21700.0,0.0
224013,66.0,0.5303030303030303,0.44,,,0.0
224110,9462.0,0.2603043753963221,0.22,,1968.0,0.0
224147,8054.0,0.4719394089893221,0.42,0.8466823714173537,5994.0,1.0
224156,312.0,0.3333333333333333,0.35,,,1.0
224183,735.0,0.4163265306122449,0.26,,10075.0,1.0
224226,3523.0,0.290377519159807,0.3,0.43131548311990686,18690.0,1.0
224244,343.0,0.40524781341107874,0.56,0.6574074074074074,12188.0,0.0
224253,,,,,,1.0
224271,141.0,0.44680851063829785,0.79,,12000.0,1.0
224305,,,,,,1.0
224323,1337.0,0.20194465220643232,0.24,0.9106628242074928,29530.0,1.0
224350,12236.0,0.5437234390323635,0.4,,3178.0,1.0
224402,5374.0,0.5347971715668032,0.66,0.6828627708470125,14940.0,0.0
224439,1844.0,0.7841648590021691,0.99,,17918.0,1.0
224527,1197.0,0.2781954887218045,0.45,0.5074211502782932,19550.0,0.0
224545,1296.0,0.26003086419753085,0.46,0.3183791606367583,4467.0,1.0
224554,6597.0,0.29740791268758526,0.5,0.5940728656878739,5998.0,0.0
224572,12919.0,0.5930025543772738,0.3,,2280.0,0.0
224615,9761.0,0.6656080319639381,0.34,,2280.0,1.0
224642,29909.0,0.8768932428366044,0.46,,1690.0,1.0
224660,594.0,0.8922558922558923,0.71,0.8285714285714286,,1.0
224679,1030.0,0.9378640776699029,0.43,0.8297101449275363,,1.0
224712,,,,,,1.0
224758,81.0,0.3333333333333333,0.33,,,1.0
224776,2241.0,0.22757697456492637,0.55,0.3944875107665805,17618.0,1.0
224828,168.0,0.5714285714285714,0.77,,,1.0
224891,1247.0,0.29991980753809144,0.4,,3250.0,0.0
224907,139.0,1.0,0.61,,,1.0
224961,2319.0,0.4769297110823631,0.41,,1414.0,1.0
225070,5284.0,0.21725965177895534,0.46,,1776.0,0.0
225201,857.0,0.7106184364060677,0.63,,,1.0
225247,1878.0,0.18157614483493079,0.35,0.34742740703005603,20990.0,1.0
225308,7743.0,0.2443497352447372,0.43,,2400.0,0.0
225371,4439.0,0.16625366073439965,0.36,,2382.0,0.0
225399,2198.0,0.49226569608735216,0.48,0.3776908023483366,23180.0,1.0
225414,4800.0,0.38125,0.35,,4968.0,1.0
225423,60303.0,0.6130540769115964,0.35,,2858.0,1.0
225432,12746.0,0.6657774988231602,0.48,,4604.0,1.0
225502,2289.0,0.3875054608999563,0.43,0.408483896307934,4548.0,1.0
225511,30688.0,0.41925182481751827,0.38,0.7052113446362998,7342.0,1.0
225520,4623.0,0.4793424183430673,0.2,,1820.0,0.0
225548,1271.0,0.26986624704956724,0.42,0.6223300970873786,19950.0,0.0
225575,895.0,0.9139664804469274,0.72,0.9631901840490797,12430.0,1.0
225627,5464.0,0.6460468521229868,0.43,0.6793142214727375,21890.0,1.0
225751,,,,,,1.0
225779,251.0,0.9083665338645418,0.58,,,1.0
225788,268.0,0.9664179104477612,0.49,,,1.0
225849,855.0,0.5625730994152047,0.61,0.3699421965317919,18048.0,1.0
225858,688.0,0.7005813953488372,0.77,0.34024896265560167,18048.0,1.0
225876,402.0,0.40298507462686567,0.49,,7036.0,0.0
225885,522.0,0.9827586206896551,0.82,,11146.0,0.0
225991,183.0,0.6174863387978142,0.63,0.84,15215.0,1.0
226019,6691.0,0.34165296667164846,0.45,,2496.0,0.0
226091,9577.0,0.3859246110473008,0.43,0.46898465556643815,6924.0,0.0
226107,2649.0,0.26991317478293697,0.48,,3040.0,0.0
226116,2473.0,0.45936109987868984,0.48,,4232.0,1.0
226125,147.0,1.0,0.75,,,1.0
226134,10029.0,0.9612124837969888,0.55,,3084.0,1.0
226152,5823.0,0.9362871372144942,0.6,0.5185277916875313,5105.0,0.0
226204,6719.0,0.4962047923798184,0.42,,1844.0,1.0
226231,2844.0,0.2679324894514768,0.45,0.5873749037721324,21980.0,1.0
226277,1839.0,0.4964654703643284,0.67,,21731.0,0.0
226329,1063.0,0.6048918156161807,0.62,0.6591666666666667,13572.0,0.0
226374,55.0,0.7818181818181819,0.82,,,1.0
226383,1629.0,0.2572130141190915,0.42,0.5998702983138781,16180.0,1.0
226408,4352.0,0.40050551470588236,0.25,,1727.0,0.0
226471,2653.0,0.2872220128156804,0.42,0.3741439384837198,21600.0,0.0
226578,9913.0,0.3780893775849894,0.5,,2448.0,1.0
226587,1414.0,0.38048090523338046,0.51,0.5425158116654955,20680.0,1.0
226675,304.0,0.19736842105263158,0.33,,4758.0,1.0
226772,98.0,0.5510204081632653,0.78,,,0.0
226806,6347.0,0.3951473136915078,0.25,,2940.0,1.0
226833,5712.0,0.24369747899159663,0.44,0.6357171078625049,5471.0,1.0
226860,65.0,0.5692307692307692,0.62,,,1.0
226879,264.0,0.6818181818181818,0.72,,10445.0,1.0
226903,142.0,0.7464788732394366,0.94,,,1.0
226930,8460.0,0.782033096926714,0.33,,2280.0,1.0
227003,1135.0,0.7964757709251101,0.58,,,1.0
227058,67.0,0.8507462686567164,0.32,,,1.0
227146,10166.0,0.3758607121778477,0.46,,2472.0,0.0
227155,63.0,0.9841269841269841,0.71,,,1.0
227182,54412.0,0.41209659633904283,0.23,,2880.0,0.0
227191,12018.0,0.45598269262772506,0.23,,2280.0,1.0
227216,28316.0,0.3003602203701088,0.36,0.6430786580208627,7306.0,1.0
227225,3220.0,0.36801242236024845,0.66,,2508.0,0.0
227243,755.0,0.6225165562913907,0.48,0.49272349272349275,19272.0,0.0
227289,,,,,,1.0
227298,327.0,0.40061162079510704,0.71,,,1.0
227304,5225.0,0.5783732057416268,0.33,,2970.0,1.0
227313,277.0,0.5451263537906137,0.68,,,1.0
227322,527.0,0.4648956356736243,0.66,,,1.0
227331,1588.0,0.7298488664987406,0.61,0.48553816974869607,21900.0,1.0
227368,16266.0,0.9105496126890447,0.64,0.6787628234573572,4795.0,1.0
227377,14335.0,0.8957098011859086,0.58,,4766.0,1.0
227386,2322.0,0.27174849267872525,0.18,,2328.0,0.0
227401,6197.0,0.2178473454897531,0.44,,1908.0,0.0
227429,219.0,0.9726027397260274,0.81,0.43478260869565216,12350.0,1.0
227526,6931.0,0.9310344827586207,0.67,0.41571050308914387,6856.0,0.0
227687,1616.0,0.25866336633663367,0.29,,2470.0,0.0
227748,104.0,0.6634615384615384,0.26,,13447.0,1.0
227757,3529.0,0.2425616321904222,0.17,0.2129427902848382,33771.0,1.0
227766,19201.0,0.44976824123743553,0.23,,2280.0,1.0
227836,1075.0,0.8734883720930232,0.82,,,1.0
227845,4476.0,0.3853887399463807,0.33,0.6283586060122373,26484.0,1.0
227854,10828.0,0.6331732545253048,0.46,,2846.0,1.0
227863,1573.0,0.4392879847425302,0.32,0.8116343490304709,23500.0,1.0
227881,14689.0,0.3318809993872966,0.37,0.4726099092812282,5704.0,0.0
227924,25269.0,0.5603308401598797,0.38,,2846.0,1.0
227979,28549.0,0.5271638236015272,0.28,,1782.0,0.0
228042,1043.0,0.31064237775647174,0.4,0.601,19548.0,0.0
228088,39.0,0.717948717948718,0.46,,,0.0
228149,2437.0,0.7402544111612639,0.5,0.6140117208311134,22576.0,1.0
228158,9900.0,0.35333333333333333,0.29,,1946.0,0.0
228185,46.0,0.9782608695652174,0.56,,,1.0
228194,,,,,,1.0
228200,880.0,0.8806818181818182,0.64,,,0.0
228219,1444.0,0.6426592797783933,0.69,,,1.0
228246,6192.0,0.16666666666666666,0.17,0.5385883905013192,37230.0,0.0
228282,518.0,0.8552123552123552,0.97,,,1.0
228291,36.0,0.7222222222222222,0.7,,,1.0
228316,6235.0,0.8391339214113873,0.49,,2546.0,0.0
228325,1742.0,0.29161882893226176,0.52,0.37145650048875856,14830.0,0.0
228343,1373.0,0.2177713037144938,0.25,0.6658777120315582,31630.0,0.0
228431,11354.0,0.349656508719394,0.44,0.4959068010075567,5732.0,0.0
228459,27446.0,0.34052320921081397,0.36,0.7553151528810758,6458.0,0.0
228468,762.0,0.36876640419947504,0.48,0.9901315789473685,16856.0,0.0
228477,,,,,,1.0
228486,224.0,0.9017857142857143,0.71,,6488.0,0.0
228501,2237.0,0.7022798390701833,0.63,,4568.0,0.0
228529,9132.0,0.23499780989925537,0.47,0.5570336824228701,5195.0,0.0
228547,49108.0,0.40136026716624584,0.31,,1752.0,1.0
228608,5966.0,0.4011062688568555,0.6,,3120.0,1.0
228635,65.0,0.4,0.22,,5970.0,1.0
228644,908.0,0.3909691629955947,0.32,0.2727272727272727,6932.0,1.0
228653,546.0,0.3498168498168498,0.32,,6097.0,1.0
228671,,,,,,0.0
228680,4975.0,0.37125628140703515,0.61,,3636.0,0.0
228699,4695.0,0.26773162939297124,0.32,,2470.0,1.0
228705,7605.0,0.7353057199211045,0.56,0.9729318734793188,6346.0,0.0
228714,1805.0,0.2110803324099723,0.24,0.7148231753197893,6066.0,0.0
228723,39148.0,0.21347195259017063,0.22,0.6864115981813502,8387.0,1.0
228732,,,,,,0.0
228769,25106.0,0.3710666772882976,0.39,0.7461722151987639,8500.0,1.0
228778,38420.0,0.25546590317542944,0.27,0.47008574559989685,9416.0,1.0
228787,10643.0,0.22559428732500236,0.36,0.49893692416725727,9886.0,1.0
228796,18160.0,0.8302863436123348,0.61,0.988466173179549,6535.0,1.0
228802,5064.0,0.1844391785150079,0.42,0.48070469798657717,6322.0,1.0
228866,,,,,,0.0
228875,7853.0,0.16159429517381893,0.16,0.5273695420660277,30090.0,1.0
228884,891.0,0.9663299663299664,0.84,,9486.0,1.0
228909,,,,,,1.0
228981,1340.0,0.3537313432835821,0.41,0.6461538461538462,22890.0,0.0
229018,3177.0,0.47875354107648727,0.41,0.8590673575129534,4900.0,1.0
229027,25794.0,0.5704427386213848,0.44,0.8693404485950138,6718.0,1.0
229036,585.0,0.5367521367521367,0.72,,,0.0
229063,6964.0,0.9358127512923607,0.73,0.36355353075170843,6777.0,1.0
229072,,,,,,1.0
229090,,,,,,1.0
229115,25462.0,0.22673002906291728,0.28,0.7168634167227353,6970.0,1.0
229151,128.0,0.6640625,0.82,,,1.0
229160,1844.0,0.3975054229934924,0.55,0.4860834990059642,18710.0,1.0
229179,8484.0,0.42503536067892506,0.42,0.9094922737306843,5428.0,1.0
229267,2296.0,0.1794425087108014,0.13,0.6274464119291705,30012.0,1.0
229300,518.0,0.27606177606177607,0.24,,6431.0,1.0
229319,5779.0,0.879910019034435,0.57,,5205.0,1.0
229328,1117.0,0.2990152193375112,0.61,,4068.0,0.0
229337,972.0,0.2736625514403292,0.18,,7127.0,1.0
229355,11738.0,0.3423922303629238,0.41,,3230.0,1.0
229407,,,,,,1.0
229416,2863.0,0.5798113866573524,0.55,,,1.0
229425,497.0,0.993963782696177,0.79,,,1.0
229504,3167.0,0.2393432270287338,0.39,,3570.0,0.0
229522,113.0,0.5752212389380531,0.92,,,1.0
229540,4360.0,0.39174311926605504,0.37,,3480.0,1.0
229638,54.0,1.0,0.97,,,1.0
229656,,,0.37,,,
229780,4861.0,0.41123225673729685,0.26,0.9972826086956522,10796.0,0.0
229799,5676.0,0.14728682170542637,0.33,,2980.0,0.0
229814,6441.0,0.27992547741034,0.38,0.7204775499610693,5834.0,0.0
229832,2307.0,0.38881664499349805,0.13,,2112.0,0.0
229841,6922.0,0.43730135798902053,0.27,,2880.0,0.0
229887,1325.0,0.9577358490566038,0.78,,11050.0,0.0
229957,83.0,0.24096385542168675,0.77,0.5573770491803278,,1.0
230010,827.0,0.09310761789600967,0.12,,,1.0
230038,30409.0,0.0837909829326844,0.36,0.64326949509759,4420.0,1.0
230047,2931.0,0.2350733538041624,0.29,0.6133333333333333,4330.0,0.0
230056,701.0,0.12838801711840228,0.64,,14760.0,0.0
230065,272.0,0.10294117647058823,0.4,,,0.0
230092,2634.0,0.24829157175398633,0.36,,2670.0,0.0
230135,49.0,0.20408163265306123,0.56,,,1.0
230144,59.0,0.0,0.52,,,0.0
230162,3948.0,0.12968591691995948,0.08,,,0.0
230171,8553.0,0.10990295802642348,0.5,,3489.0,1.0
230199,21.0,0.09523809523809523,0.42,,,0.0
230205,35.0,0.0,0.68,,10100.0,1.0
230214,371.0,0.0862533692722372,0.48,,,0.0
230223,51.0,0.9607843137254902,0.65,,,0.0
230366,461.0,0.2386117136659436,0.81,,13569.0,0.0
230384,868.0,0.20161290322580644,0.7,0.34105960264900664,18048.0,0.0
230418,1809.0,0.1310116086235489,0.34,,2900.0,1.0
230472,528.0,0.3428030303030303,0.82,0.7678571428571429,16289.0,0.0
230490,3153.0,0.2029812876625436,0.13,,,1.0
230597,4386.0,0.0704514363885089,0.32,,2542.0,0.0
230603,7236.0,0.08941404090657822,0.42,0.8125763125763126,4736.0,0.0
230621,480.0,0.07291666666666667,0.55,,27200.0,1.0
230630,808.0,0.13242574257425743,0.87,,14867.0,1.0
230676,744.0,0.14112903225806453,0.06,,,0.0
230728,14646.0,0.06069916700805681,0.35,0.9768561665113389,4828.0,1.0
230737,32573.0,0.11285420440241918,0.38,,4288.0,1.0
230746,34654.0,0.14936226698216656,0.27,,2932.0,0.0
230764,23371.0,0.1024774292927132,0.31,0.8286704925872788,6272.0,1.0
230782,23401.0,0.07986838169309003,0.29,,4311.0,1.0
230807,2343.0,0.06914212548015365,0.32,0.7781744008159103,25980.0,1.0
230816,668.0,0.058383233532934134,0.24,0.650137741046832,41350.0,0.0
230825,193.0,0.05181347150259067,0.56,0.8767123287671232,21465.0,1.0
230834,2068.0,0.0425531914893617,0.33,0.7304840819886611,9096.0,0.0
230852,2749.0,0.04583484903601309,0.25,0.8462788430289243,27180.0,1.0
230861,6738.0,0.06277827248441674,0.4,,5020.0,0.0
230889,287.0,0.11498257839721254,0.59,1.0,13022.0,0.0
230898,709.0,0.07193229901269393,0.37,0.9641350210970464,27948.0,0.0
230913,1676.0,0.054295942720763726,0.51,0.8103448275862069,8989.0,0.0
230931,1323.0,0.05517762660619804,0.44,0.9774730656219393,9096.0,0.0
230940,279.0,0.06810035842293907,0.3,0.8836363636363637,35120.0,0.0
230959,2532.0,0.12440758293838862,0.11,0.1722194388777555,42428.0,0.0
230977,615.0,0.13983739837398373,0.3,,,0.0
230995,2279.0,0.11496270293988592,0.28,0.6564042985768226,28738.0,0.0
231004,66.0,0.015151515151515152,0.73,,,1.0
231059,1899.0,0.04844655081621906,0.16,0.8245614035087719,34845.0,0.0
231068,,,,,,0.0
231077,247.0,0.10931174089068826,0.54,0.697986577181208,18300.0,0.0
231086,493.0,0.11967545638945233,0.46,0.7980295566502463,19655.0,0.0
231095,105.0,0.02857142857142857,0.5,0.7464788732394366,26034.0,0.0
231147,,,,,,0.0
231156,,,,,,0.0
231165,1656.0,0.022946859903381644,0.37,0.6277372262773723,11005.0,0.0
231174,11593.0,0.07556283964461313,0.2,0.7058296365999014,14066.0,1.0
231280,94.0,0.4148936170212766,0.6,,,1.0
231411,1040.0,0.5365384615384615,0.57,0.7476979742173112,12700.0,1.0
231420,922.0,0.3036876355748373,0.5,0.8609539207760711,22956.0,1.0
231536,4983.0,0.12061007425245836,0.33,,3618.0,0.0
231554,696.0,0.23563218390804597,0.48,0.4685408299866131,18800.0,0.0
231581,1688.0,0.12618483412322276,0.29,0.5394213381555154,25500.0,0.0
231624,5898.0,0.17531366564937267,0.13,0.3173007896625987,12188.0,0.0
231642,19.0,0.47368421052631576,,,12300.0,0.0
231651,2175.0,0.32,0.52,0.8292035398230089,12338.0,1.0
231688,51.0,0.7647058823529411,0.51,,,1.0
231697,5466.0,0.18203439443834615,0.26,,3344.0,1.0
231712,4778.0,0.17308497279196317,0.17,0.6025093432995194,9250.0,1.0
231721,65.0,0.9692307692307692,0.99,,,0.0
231785,838.0,0.7804295942720764,0.79,,15220.0,1.0
231828,924.0,0.8008658008658008,0.83,,15120.0,0.0
231837,833.0,0.13205282112845138,0.45,0.3881118881118881,18810.0,1.0
231873,1521.0,0.06969099276791585,0.36,,2633.0,0.0
231882,4534.0,0.4186149095721218,0.4,,3030.0,1.0
231970,,,,,14019.0,1.0
232016,1046.0,0.624282982791587,0.19,,13512.0,1.0
232025,932.0,0.12017167381974249,0.45,0.7033639143730887,26000.0,0.0
232043,1081.0,0.1332099907493062,0.32,0.7054973821989529,25200.0,1.0
232052,1052.0,0.43631178707224333,0.48,,9638.0,0.0
232089,1484.0,0.37331536388140163,0.59,0.7611731843575419,24945.0,0.0
232186,20157.0,0.2294984372674505,0.27,0.5166289395786174,8684.0,0.0
232195,7582.0,0.22606172513848588,0.2,,3353.0,0.0
232256,1058.0,0.09924385633270322,0.19,0.5399525316455697,32164.0,0.0
232265,4361.0,0.9387755102040817,0.39,0.3690314397028178,18074.0,1.0
232308,775.0,0.18193548387096775,0.4,0.8892128279883382,29485.0,0.0
232414,12629.0,0.3848285691662048,0.34,,3452.0,0.0
232423,17657.0,0.08580166506201506,0.14,0.6140342508228784,7860.0,1.0
232450,10518.0,0.3330481080053242,0.28,,3080.0,0.0
232502,578.0,0.773356401384083,0.85,,11160.0,1.0
232557,36053.0,0.16747566083266302,0.47,,18064.0,1.0
232566,4126.0,0.11900145419292293,0.22,0.7285324852339845,9855.0,0.0
232575,7005.0,0.11206281227694503,0.27,,3300.0,0.0
232593,16.0,0.4375,0.38,,2224.0,0.0
232609,2197.0,0.1242603550295858,0.3,0.6665937909925667,29905.0,1.0
232618,227.0,0.09251101321585903,0.42,0.6,5702.0,1.0
232672,1563.0,0.2751119641714651,0.51,0.5234899328859061,25655.0,0.0
232681,4354.0,0.09875976113918236,0.15,0.7437513127494224,7922.0,0.0
232706,2290.0,0.3056768558951965,0.26,0.8286808976464148,23426.0,1.0
232724,101.0,0.1188118811881188,0.5,,6224.0,1.0
232788,3404.0,0.02673325499412456,0.49,,2652.0,0.0
232797,4573.0,0.39164662147386836,0.87,,10489.0,0.0
232867,5178.0,0.09868675164156045,0.32,,2677.0,0.0
232885,360.0,0.23055555555555557,0.3,0.5048543689320388,,0.0
232919,233.0,0.8369098712446352,0.67,,13867.0,1.0
232937,6131.0,0.9252976675909313,0.65,0.6360432922225019,6327.0,1.0
232946,48996.0,0.33780308596620134,0.18,,3748.0,0.0
232982,18965.0,0.3249143158449776,0.33,0.6940595938508256,6214.0,1.0
233019,3289.0,0.27972027972027974,0.53,,3280.0,0.0
233037,1656.0,0.42089371980676327,0.44,,3315.0,0.0
233082,131.0,0.10687022900763359,0.37,,6756.0,0.0
233091,492.0,0.34959349593495936,0.78,,12900.0,1.0
233116,5551.0,0.1835705278328229,0.24,,3380.0,0.0
233277,7950.0,0.10062893081761007,0.27,0.7506339814032121,7694.0,0.0
233286,44.0,0.38636363636363635,0.47,,,1.0
233295,1222.0,0.176759410801964,0.24,0.5548165629693199,30608.0,0.0
233301,517.0,0.18181818181818182,0.32,0.7485843714609286,29254.0,1.0
233310,3757.0,0.24114985360660102,0.22,,2842.0,0.0
233329,465.0,0.7225806451612903,0.45,,22295.0,1.0
233338,1587.0,0.36420919974795213,0.36,0.7497142857142857,3284.0,0.0
233356,258.0,0.16666666666666666,0.22,0.1,6802.0,0.0
233374,3457.0,0.1417413942724906,0.18,0.32986953007735825,41610.0,1.0
233408,308.0,0.2305194805194805,0.4,0.4090909090909091,,1.0
233426,2104.0,0.08222433460076045,0.24,0.6640729212983548,31214.0,0.0
233480,32.0,0.03125,0.31,,,0.0
233499,566.0,0.9734982332155477,0.8,0.9951219512195122,13210.0,0.0
233541,1882.0,0.1647183846971307,0.26,0.8454963839579224,25580.0,1.0
233611,777.0,0.08236808236808237,0.52,0.9881188118811881,17800.0,0.0
233639,6353.0,0.4231071934519125,0.39,,3300.0,0.0
233648,3755.0,0.0474034620505992,0.39,,2640.0,0.0
233657,69.0,0.3333333333333333,0.72,,,0.0
233666,40.0,0.075,0.64,,,0.0
233684,9328.0,0.5309819897084048,0.39,,14085.0,1.0
233718,747.0,0.11512717536813923,0.22,0.8366336633663366,30195.0,0.0
233754,11086.0,0.42900956160923687,0.37,,3262.0,1.0
233772,31308.0,0.419317746262936,0.4,,3212.0,1.0
233842,,,,,,1.0
233897,1990.0,0.11959798994974874,0.41,0.7716324710080286,7194.0,0.0
233903,2948.0,0.035278154681139755,0.43,,3330.0,0.0
233912,586.0,0.09726962457337884,0.53,0.9508928571428571,24642.0,1.0
233921,23690.0,0.09489235964542,0.18,0.6700865822531404,9459.0,1.0
233949,8778.0,0.145933014354067,0.28,,3332.0,1.0
234030,23217.0,0.283972950854977,0.28,0.7103064066852368,8817.0,1.0
234076,15595.0,0.14850913754408465,0.13,0.3259808352919906,10828.0,0.0
234085,1569.0,0.09751434034416825,0.17,0.5642256902761105,12328.0,0.0
234119,140.0,0.9142857142857143,0.93,,,1.0
234137,465.0,0.9935483870967742,0.97,,4300.0,1.0
234155,5075.0,0.9042364532019704,0.67,0.6662986910581927,6570.0,0.0
234164,1303.0,0.9723714504988488,0.69,0.7460069652936232,14630.0,1.0
234173,1279.0,0.2767787333854574,0.3,0.7450444292549556,28556.0,1.0
234191,135.0,0.9111111111111111,0.76,,,1.0
234207,1759.0,0.06765207504263786,0.08,0.18998038328051908,40387.0,0.0
234216,947.0,0.27455121436114044,0.78,,13813.0,0.0
234225,94.0,0.05319148936170213,0.79,,,0.0
234359,226.0,0.4778761061946903,0.15,0.8695652173913043,,0.0
234377,4068.0,0.09341199606686332,0.38,,3330.0,0.0
234401,116.0,0.35344827586206895,0.55,,,1.0
234492,2245.0,0.1358574610244989,0.42,0.41789577187807275,17560.0,1.0
234526,143.0,0.16783216783216784,0.09,,32635.0,0.0
234650,98.0,0.1326530612244898,0.36,,,1.0
234669,14675.0,0.12504258943781943,0.13,,3060.0,1.0
234687,47.0,0.10638297872340426,0.65,,,1.0
234696,2917.0,0.08741858073363044,0.39,,3746.0,1.0
234711,2184.0,0.3649267399267399,0.53,,3225.0,0.0
234739,410.0,0.18536585365853658,0.66,0.5978260869565217,14197.0,1.0
234784,1016.0,0.4744094488188976,0.61,,,0.0
234827,11052.0,0.17073832790445168,0.33,0.8140444810543658,7110.0,0.0
234845,3695.0,0.12178619756427606,0.3,,3207.0,0.0
234915,1229.0,0.12367778681855167,0.3,,14560.0,1.0
234924,109.0,0.47706422018348627,0.64,,,1.0
234933,13137.0,0.14561924335845322,0.35,,3008.0,1.0
234951,6468.0,0.16125541125541126,0.26,,4226.0,0.0
234979,6684.0,0.26047277079593056,0.26,,3379.0,1.0
235024,836.0,0.1686602870813397,0.38,0.6297029702970297,29150.0,1.0
235088,266.0,0.17669172932330826,0.34,1.0,,0.0
235097,10218.0,0.183206106870229,0.38,0.8232296137339056,6596.0,0.0
235103,10274.0,0.19758613977029393,0.19,,3566.0,0.0
235149,9110.0,0.10493962678375411,0.17,,3240.0,1.0
235158,139.0,0.1079136690647482,0.56,,,1.0
235167,4489.0,0.17175317442637558,0.4,0.9435114503816794,6679.0,0.0
235237,8482.0,0.3021692996934685,0.26,,3273.0,0.0
235273,,,,,,0.0
235307,184.0,0.125,0.38,,,1.0
235316,4805.0,0.12757544224765868,0.2,0.7838159460531535,30925.0,1.0
235334,2526.0,0.15954077593032462,0.42,,3105.0,0.0
235343,8361.0,0.16648726228919986,0.26,,3228.0,1.0
235352,51.0,0.09803921568627451,0.42,,,0.0
235422,895.0,0.6558659217877095,0.76,,13510.0,0.0
235431,6866.0,0.2537139528109525,0.3,,3135.0,0.0
235495,175.0,0.15428571428571428,0.66,0.5454545454545454,,1.0
235501,487.0,0.35523613963039014,0.66,,,1.0
235510,755.0,0.31788079470198677,0.63,0.42,18048.0,0.0
235529,494.0,0.1396761133603239,0.72,0.3621621621621622,18048.0,0.0
235547,217.0,0.07834101382488479,0.51,,19620.0,0.0
235583,332.0,0.21084337349397592,0.54,,,1.0
235671,4552.0,0.1531195079086116,0.14,,5385.0,1.0
235699,4809.0,0.1091703056768559,0.2,,3107.0,0.0
235750,4252.0,0.1258231420507996,0.43,,3405.0,1.0
235769,159.0,0.1761006289308176,0.4,0.5330578512396694,20370.0,1.0
235954,24.0,0.375,0.7,,,1.0
236018,113.0,0.336283185840708,0.89,,,1.0
236027,234.0,0.029914529914529916,0.58,,,1.0
236072,6669.0,0.16284300494826812,0.15,,3101.0,1.0
236090,,,,,,1.0
236133,1148.0,0.1289198606271777,0.4,0.6298568507157464,22644.0,0.0
236188,7766.0,0.15838269379345868,0.23,,3006.0,1.0
236212,584.0,0.3578767123287671,0.65,,,1.0
236230,3267.0,0.14937251300887663,0.27,0.7751145576313007,29200.0,0.0
236258,3321.0,0.13941583860283047,0.27,,3342.0,0.0
236328,2584.0,0.14589783281733745,0.23,0.5231305930532383,37225.0,1.0
236382,3885.0,0.21904761904761905,0.19,,4711.0,1.0
236452,1477.0,0.2708192281651997,0.36,0.800498753117207,26402.0,0.0
236504,5730.0,0.19982547993019198,0.14,,3071.0,1.0
236513,7639.0,0.22790941222673125,0.26,,3149.0,1.0
236531,346.0,0.3179190751445087,0.58,,,1.0
236559,,,,,,1.0
236577,3139.0,0.16056068811723478,0.31,0.7724624348359399,28965.0,1.0
236595,4565.0,0.18335158817086528,0.23,0.7094736842105264,30825.0,1.0
236610,6314.0,0.1821349382324992,0.2,,3098.0,0.0
236638,5722.0,0.15117091925900034,0.23,,3500.0,1.0
236656,5586.0,0.16433941997851773,0.29,,3215.0,0.0
236692,7022.0,0.1204784961549416,0.47,,2610.0,1.0
236708,9767.0,0.12214600184294051,0.28,,2610.0,0.0
236744,75.0,0.05333333333333334,0.73,,,1.0
236753,8556.0,0.20126227208976158,0.29,,3019.0,1.0
236887,5438.0,0.22416329532916512,0.29,,3390.0,0.0
236896,1549.0,0.16785022595222723,0.36,0.9085923217550275,23454.0,0.0
236939,21796.0,0.1397504129198018,0.3,0.6952774905205101,9489.0,0.0
236948,29307.0,0.11219162657385608,0.25,0.5766409629490314,8701.0,1.0
236975,3816.0,0.2976939203354298,0.48,,3229.0,1.0
236993,453.0,0.18543046357615894,0.83,0.9285714285714286,15771.0,1.0
237011,13809.0,0.13607067854297922,0.25,0.7387252276379218,6858.0,1.0
237039,4939.0,0.12978335695484916,0.28,,3315.0,0.0
237057,1555.0,0.12861736334405144,0.13,0.46700031279324367,38770.0,0.0
237066,2702.0,0.10880829015544041,0.24,0.5407120743034056,30204.0,0.0
237109,4479.0,0.454342487162313,0.45,,3442.0,1.0
237118,566.0,0.05830388692579505,0.49,0.7079646017699115,22204.0,0.0
237127,18.0,0.05555555555555555,0.75,,,0.0
237136,305.0,0.036065573770491806,0.5,0.5423728813559322,11012.0,0.0
237145,18.0,0.0,0.5,0.37681159420289856,,0.0
237154,4890.0,0.18875255623721882,0.51,,7200.0,0.0
237172,462.0,0.06926406926406926,0.2,,3720.0,0.0
237181,887.0,0.133032694475761,0.48,0.6755555555555556,22596.0,0.0
237215,2063.0,0.1245758603974794,0.68,0.7948717948717948,4596.0,0.0
237242,151.0,0.046357615894039736,0.7,,3500.0,0.0
237303,100.0,0.15,0.74,,,1.0
237312,1135.0,0.12246696035242291,0.38,0.5522388059701493,24700.0,1.0
237321,94.0,0.1276595744680851,0.72,,,0.0
237330,2677.0,0.07284273440418379,0.48,0.6020981641064069,4974.0,0.0
237358,751.0,0.07856191744340879,0.47,0.6353453640323584,21120.0,0.0
237367,4401.0,0.07770961145194274,0.51,0.6144852224748295,5172.0,0.0
237385,1827.0,0.17296113847837985,0.44,0.7765853658536586,4888.0,0.0
237419,22.0,0.09090909090909091,0.58,,,0.0
237437,947.0,0.07708553326293559,0.9,,7470.0,1.0
237473,155.0,0.14193548387096774,0.53,,,0.0
237491,31.0,0.0,0.31,,,0.0
237507,,,,,,0.0
237525,10018.0,0.07586344579756438,0.44,0.8924731182795699,5285.0,1.0
237543,293.0,0.07849829351535836,0.16,,,0.0
237552,100.0,0.0,0.52,,20124.0,0.0
237561,122.0,0.040983606557377046,0.43,0.6614583333333334,2360.0,1.0
237570,21.0,0.14285714285714285,0.52,,,1.0
237598,161.0,0.043478260869565216,0.93,,8215.0,1.0
237604,501.0,0.09580838323353294,0.67,,15561.0,0.0
237613,86.0,0.10465116279069768,0.94,,,0.0
237640,442.0,0.09954751131221719,0.56,0.5637119113573407,17910.0,1.0
237686,4450.0,0.03842696629213483,0.51,,2076.0,0.0
237701,1836.0,0.1574074074074074,0.49,,2886.0,0.0
237729,286.0,0.1258741258741259,0.37,,,0.0
237783,556.0,0.34172661870503596,0.77,,12690.0,0.0
237792,4080.0,0.09607843137254903,0.33,0.9372171945701357,5234.0,0.0
237817,2565.0,0.017153996101364522,0.44,,2222.0,0.0
237844,102.0,0.00980392156862745,0.91,,,0.0
237880,,,,,,0.0
237899,3145.0,0.16724960254372018,0.46,1.0,4544.0,0.0
237905,48.0,0.0,0.14,0.14285714285714285,,1.0
237932,2688.0,0.055431547619047616,0.44,0.768958543983822,4880.0,0.0
237950,1211.0,0.12386457473162675,0.44,0.5868392664509169,5164.0,0.0
237969,1362.0,0.1211453744493392,0.35,0.778485491861288,23980.0,0.0
237978,128.0,0.09375,0.46,,9150.0,1.0
237987,229.0,0.19213973799126638,0.9,,11725.0,1.0
237996,186.0,0.11827956989247312,0.7,,11400.0,1.0
238005,79.0,0.3924050632911392,0.89,,,1.0
238014,3363.0,0.04936068986024383,0.61,,2358.0,1.0
238032,22303.0,0.08550419226113079,0.28,0.8782064797245063,5406.0,1.0
238078,1054.0,0.046489563567362426,0.31,0.7159533073929961,24980.0,1.0
238096,30.0,0.03333333333333333,0.44,0.5,,0.0
238166,96.0,0.40625,0.43,0.875,,0.0
238175,137.0,0.051094890510948905,0.33,1.0,,0.0
238193,2324.0,0.3502581755593804,0.59,0.7846153846153846,20060.0,1.0
238263,17407.0,0.13396909289366346,0.27,,3433.0,1.0
238315,1.0,0.0,,,4590.0,1.0
238324,295.0,0.020338983050847456,0.23,0.6097560975609756,19639.0,0.0
238333,1397.0,0.14244810307802433,0.22,0.7184223664503245,35038.0,0.0
238397,3339.0,0.12728361784965558,0.51,,3339.0,0.0
238421,144.0,0.2708333333333333,0.33,,,1.0
238430,2984.0,0.2945710455764075,0.45,0.39036885245901637,22750.0,0.0
238458,3118.0,0.06350224502886466,0.29,0.7945859872611465,24065.0,1.0
238476,3044.0,0.08607095926412615,0.28,0.6941811287735161,29750.0,0.0
238573,158.0,0.15822784810126583,0.57,,23640.0,0.0
238616,4344.0,0.20234806629834254,0.35,0.6387259010896899,22150.0,0.0
238661,1941.0,0.09634209170530654,0.35,0.7577592732778198,21988.0,1.0
238722,10684.0,0.053818794459004116,0.29,,3650.0,0.0
238759,9052.0,0.25110472823685376,0.45,,3379.0,0.0
238786,157.0,0.044585987261146494,0.52,,,0.0
238810,93.0,0.043010752688172046,0.56,,,0.0
238892,1264.0,0.4287974683544304,0.72,0.4224343675417661,18048.0,0.0
238935,287.0,0.37630662020905925,0.73,0.8135593220338984,14940.0,1.0
238980,3061.0,0.08689970597843842,0.3,0.8398058252427184,19640.0,0.0
239008,3159.0,0.04938271604938271,0.33,,3355.0,0.0
239017,1557.0,0.10468850353243417,0.2,0.6624761904761904,36312.0,1.0
239071,878.0,0.03302961275626424,0.49,0.4613935969868173,11550.0,0.0
239080,1999.0,0.11155577788894447,0.44,0.8055271238485159,21490.0,1.0
239105,8113.0,0.13669419450265008,0.19,0.62213970293055,30462.0,1.0
239132,129.0,0.5116279069767442,0.76,,,1.0
239169,,,,,,0.0
239187,,,,,,1.0
239220,3430.0,0.041690962099125366,0.46,,3492.0,0.0
239248,19827.0,0.384677460029253,0.44,,3620.0,1.0
239309,700.0,0.15428571428571428,0.42,0.6726296958855098,27000.0,1.0
239318,2393.0,0.08650229837024655,0.3,0.7079037800687286,29520.0,1.0
239372,8484.0,0.059641678453559645,0.19,,3503.0,1.0
239390,1421.0,0.32723434201266716,0.46,0.5378151260504201,22118.0,1.0
239424,,,,,,0.0
239442,1455.0,0.06323024054982818,0.52,,4058.0,0.0
239460,5120.0,0.02734375,0.37,,3493.0,1.0
239488,9755.0,0.08282931829830856,0.36,,3511.0,1.0
239503,543.0,0.01841620626151013,0.6,0.5401459854014599,12080.0,0.0
239512,556.0,0.06115107913669065,0.4,0.7852233676975945,25241.0,0.0
239628,1065.0,0.07887323943661972,0.37,0.775,27081.0,0.0
239637,,,,,,0.0
239716,2172.0,0.049723756906077346,0.24,0.8101851851851852,28043.0,0.0
239743,482.0,0.07261410788381743,0.3,0.7241379310344828,21170.0,0.0
239877,87.0,0.022988505747126436,0.6,,,1.0
239910,3431.0,0.03235208394054211,0.24,,3464.0,0.0
239929,1071.0,0.9327731092436975,0.96,,15245.0,1.0
239965,,,,0.14285714285714285,,1.0
240055,14385.0,0.06791797010775114,0.32,0.994286674508486,4609.0,1.0
240107,2279.0,0.046072838964458095,0.41,0.8434596140100071,20850.0,1.0
240116,6062.0,0.03810623556581986,0.45,,3463.0,1.0
240125,8102.0,0.1353986669958035,0.26,,3371.0,0.0
240170,5392.0,0.04914688427299703,0.37,,3481.0,1.0
240189,10144.0,0.09345425867507887,0.29,0.8158516633339393,6836.0,0.0
240198,3925.0,0.046369426751592356,0.43,,3371.0,0.0
240213,,,,,,1.0
240240,86.0,0.046511627906976744,0.61,,,0.0
240268,10800.0,0.03462962962962963,0.27,0.717619939489987,7360.0,1.0
240277,6389.0,0.05947722648301769,0.32,0.9070021881838074,6973.0,1.0
240329,9073.0,0.047834233439876556,0.22,0.7097912378712143,7911.0,1.0
240338,840.0,0.10714285714285714,0.35,0.7289836888331243,21960.0,1.0
240365,12230.0,0.0526573998364677,0.28,0.8561165845648604,6680.0,1.0
240374,5015.0,0.23070787637088733,0.42,0.8681655595298927,6619.0,0.0
240392,4110.0,0.16666666666666666,0.74,0.9646365422396856,10725.0,0.0
240417,8301.0,0.043247801469702446,0.31,0.8544973544973545,8099.0,0.0
240426,2631.0,0.06993538578487267,0.44,0.8757126567844926,7166.0,0.0
240435,,,,,,1.0
240444,30170.0,0.0827643354325489,0.16,0.6650303880317906,8983.0,1.0
240453,25239.0,0.15987162724355164,0.33,0.9198751300728408,8151.0,1.0
240462,7232.0,0.044939159292035395,0.34,0.9530136098509397,6772.0,0.0
240471,6373.0,0.040797112819708145,0.32,0.8619261304798067,6894.0,0.0
240480,9062.0,0.04921650849702053,0.33,0.7952290479206249,6845.0,0.0
240505,4393.0,0.06328249487821534,0.26,,1848.0,1.0
240514,2351.0,0.19906422798809018,0.23,,2136.0,0.0
240596,1496.0,0.07152406417112299,0.21,,2016.0,0.0
240620,5089.0,0.11023776773432895,0.21,,2472.0,0.0
240657,2111.0,0.10658455708195168,0.34,,2246.0,0.0
240666,3888.0,0.07973251028806584,0.22,,2322.0,0.0
240693,4053.0,0.1078213668887244,0.17,,1994.0,0.0
240709,49.0,0.2653061224489796,0.75,,,1.0
240718,1879.0,0.22245875465673232,0.6,,,0.0
240727,10079.0,0.08631808711181665,0.25,0.9590186033971421,3333.0,0.0
240736,2193.0,0.9147286821705426,0.74,,2900.0,0.0
240745,2464.0,0.5787337662337663,0.55,,3532.0,0.0
240754,3311.0,0.5149501661129569,0.12,,5818.0,0.0
240790,1137.0,0.6429199648197009,0.69,,2820.0,0.0
240879,291.0,1.0,0.7,,,0.0
240985,483.0,1.0,0.75,,,0.0
241100,1347.0,1.0,0.85,,4840.0,0.0
241128,1162.0,1.0,0.88,,4840.0,0.0
241146,809.0,1.0,0.97,,6274.0,0.0
241182,389.0,1.0,0.71,,,1.0
241191,1124.0,0.949288256227758,0.82,0.8816120906801007,6335.0,0.0
241216,1251.0,1.0,0.92,,6255.0,1.0
241225,2084.0,1.0,0.95,0.30823529411764705,4955.0,0.0
241304,1486.0,1.0,0.94,,6000.0,1.0
241331,147.0,0.40816326530612246,0.46,,6919.0,1.0
241377,2074.0,1.0,0.9,,4560.0,0.0
241386,769.0,1.0,0.91,,4560.0,0.0
241395,485.0,0.977319587628866,0.92,0.23115577889447236,5036.0,0.0
241410,5750.0,0.9815652173913043,0.88,0.8314663951120163,5138.0,1.0
241517,1367.0,1.0,0.93,0.9345794392523364,5484.0,1.0
241614,261.0,1.0,0.61,0.9375,3500.0,0.0
241720,1720.0,1.0,0.86,0.6932773109243697,2370.0,1.0
241739,10523.0,1.0,0.93,0.5218615879828327,5064.0,1.0
241766,408.0,0.9926470588235294,0.71,0.5390625,2300.0,1.0
241793,,,,,,1.0
241836,1012.0,1.0,0.87,,5400.0,1.0
241906,467.0,1.0,0.87,,,0.0
241951,522.0,0.9980842911877394,0.79,0.712,4779.0,1.0
242042,802.0,1.0,0.9,0.7789473684210526,1105.0,0.0
242060,,,,,,1.0
242112,1805.0,1.0,1.0,,6280.0,1.0
242121,610.0,1.0,0.98,,6090.0,0.0
242130,346.0,1.0,0.91,,6291.0,0.0
242149,502.0,1.0,0.98,,6291.0,1.0
242316,462.0,1.0,1.0,,,0.0
242413,491.0,1.0,0.25,,,1.0
242422,18168.0,0.9985689123734038,0.76,,,1.0
242556,656.0,1.0,0.93,,1105.0,1.0
242565,711.0,1.0,0.84,0.9315789473684211,1105.0,1.0
242583,717.0,1.0,0.95,0.9706601466992665,1105.0,1.0
242617,4602.0,0.9950021729682746,0.84,0.8987411056376574,4596.0,1.0
242626,4423.0,0.9925390006782727,0.9,0.6936542669584245,4582.0,0.0
242635,4913.0,0.9755750050885406,0.93,0.5307167235494881,4596.0,0.0
242644,2316.0,0.9974093264248705,0.96,0.8888888888888888,4596.0,0.0
242653,7357.0,0.9855919532418105,0.75,0.3489572578979971,6660.0,1.0
242662,6089.0,0.9563146657907703,0.92,0.5217889908256881,4596.0,0.0
242671,,,,,,1.0
242680,2299.0,0.9960852544584602,0.93,0.3895297249334516,4699.0,1.0
242699,2315.0,0.9991360691144708,0.92,0.6184397163120567,4558.0,1.0
242705,5034.0,0.9966229638458483,0.86,0.40974780391045623,4596.0,0.0
242723,,,,,,1.0
242750,109.0,1.0,0.84,,,1.0
242820,1075.0,1.0,0.85,,,1.0
242884,1935.0,1.0,0.84,,,1.0
242945,277.0,1.0,0.99,0.925,,0.0
242954,54.0,1.0,0.98,0.8,,0.0
242972,3000.0,1.0,0.9,0.9509433962264151,6455.0,0.0
242981,1787.0,1.0,0.94,0.9482758620689655,6455.0,0.0
243072,3514.0,1.0,0.74,,,1.0
243081,,,,,,1.0
243106,2932.0,0.7377216916780355,0.85,0.9634433962264151,2683.0,0.0
243115,3957.0,1.0,0.51,0.4284090909090909,1475.0,0.0
243133,4992.0,1.0,0.65,0.21860149355057706,2076.0,0.0
243142,4004.0,0.9163336663336663,0.67,0.6774628879892037,2824.0,0.0
243151,3631.0,1.0,0.76,0.7154411764705882,2876.0,0.0
243160,,,,,,1.0
243179,4314.0,0.028048215113583682,0.8,0.4141078838174274,2876.0,0.0
243188,1528.0,0.27225130890052357,0.74,0.464756446991404,2076.0,0.0
243197,12165.0,1.0,0.72,0.712769278801124,2876.0,1.0
243203,530.0,0.6283018867924528,0.77,,4662.0,1.0
243212,3233.0,1.0,0.82,0.6690533015115354,2683.0,1.0
243221,14072.0,0.6009806708357021,0.59,0.23635679337598794,1475.0,1.0
243346,12630.0,1.0,0.94,0.4656962176351271,5064.0,0.0
243407,16.0,1.0,0.8,,,0.0
243416,166.0,1.0,0.8,,,1.0
243443,5083.0,1.0,0.72,0.37633624878522837,5020.0,1.0
243498,,,,,,1.0
243568,177.0,1.0,0.87,0.24561403508771928,8954.0,0.0
243577,4465.0,1.0,0.66,0.9466089466089466,7155.0,1.0
243586,1384.0,0.9819364161849711,0.93,0.9830508474576272,5036.0,1.0
243601,13175.0,1.0,0.92,0.48666775723867167,5064.0,0.0
243638,2699.0,0.9981474620229714,0.92,,4080.0,
243647,694.0,0.9870317002881844,0.88,,3010.0,
243665,2520.0,0.8103174603174603,0.5,0.9291666666666667,4310.0,0.0
243744,6940.0,0.3452449567723343,0.18,0.07307476110174255,40172.0,0.0
243780,32173.0,0.07630621950082367,0.22,0.6510893281662161,9070.0,0.0
243799,56.0,0.4642857142857143,0.56,0.18484848484848485,,0.0
243823,150.0,0.28,0.31,,7000.0,0.0
243832,1151.0,1.0,0.84,0.93,5400.0,1.0
243841,682.0,1.0,0.97,,6291.0,1.0
244011,1046.0,0.6223709369024857,0.68,0.4768211920529801,18048.0,1.0
244154,568.0,0.36619718309859156,0.64,0.44148936170212766,18048.0,0.0
244190,161.0,0.40372670807453415,0.3,,12330.0,0.0
244233,753.0,0.8764940239043825,0.92,1.0,12240.0,1.0
244279,103.0,0.3786407766990291,0.62,,,0.0
244437,25113.0,0.5179787361127702,0.45,0.6405278325496739,2779.0,0.0
244446,4855.0,0.7944387229660144,0.71,,2466.0,0.0
244491,111.0,0.05405405405405406,0.73,,,1.0
244561,1343.0,0.24944154877140728,0.49,,,1.0
244613,158.0,0.310126582278481,0.52,,,0.0
245032,633.0,0.11374407582938388,0.9,,11750.0,0.0
245069,83.0,0.2891566265060241,0.9,,,1.0
245281,50.0,0.96,0.62,,,1.0
245290,106.0,0.9811320754716981,0.4,,,0.0
245342,1860.0,0.8838709677419355,0.68,,11829.0,0.0
245421,106.0,0.04716981132075472,0.85,,9680.0,0.0
245430,288.0,0.13194444444444445,0.86,0.8641975308641975,9680.0,1.0
245625,2338.0,0.10992301112061591,0.3,,3264.0,0.0
245652,409.0,0.1198044009779951,0.35,0.8587360594795539,42192.0,0.0
245731,19.0,0.0,0.89,,6000.0,1.0
245777,10.0,0.0,0.3,1.0,7800.0,0.0
245838,178.0,0.28651685393258425,0.47,,23972.0,0.0
245847,136.0,0.36764705882352944,0.56,,16414.0,1.0
245865,,,,,,0.0
245883,261.0,0.19923371647509577,0.53,0.8333333333333334,18405.0,1.0
245892,159.0,0.1761006289308176,0.49,,21080.0,0.0
245953,1244.0,0.36816720257234725,0.57,,14080.0,1.0
245962,600.0,0.4033333333333333,0.66,,,1.0
245980,49.0,0.2857142857142857,0.82,,,0.0
245999,1921.0,0.3862571577303488,0.19,,,1.0
246008,507.0,0.3905325443786982,0.49,,14492.0,1.0
246017,961.0,0.3173777315296566,0.15,,,0.0
246035,943.0,0.16436903499469777,0.41,1.0,,1.0
246071,68.0,0.014705882352941176,0.5,,,0.0
246202,732.0,0.24726775956284153,0.71,,,1.0
246266,892.0,0.3609865470852018,0.79,,,1.0
246345,,,,,,1.0
246354,8965.0,0.702063580591188,0.4,,2846.0,1.0
246406,42.0,0.40476190476190477,0.59,,,0.0
246415,74.0,0.7972972972972973,0.59,,,1.0
246460,91.0,0.43956043956043955,0.87,,,1.0
246594,93.0,0.11827956989247312,0.73,,,0.0
246789,,,,,,0.0
246813,5741.0,0.2788712767810486,0.62,,1863.0,1.0
246895,1078.0,0.5269016697588126,0.4,,,1.0
246974,908.0,0.6090308370044053,0.54,0.9969135802469136,,1.0
247010,35.0,0.02857142857142857,0.97,,,1.0
247047,112.0,0.22321428571428573,0.78,,,1.0
247065,1126.0,0.08614564831261101,0.81,,11175.0,0.0
247083,,,,,,1.0
247153,280.0,0.45357142857142857,0.8,,15625.0,0.0
247162,7.0,0.8571428571428571,0.0,,,1.0
247409,90.0,0.3,0.89,,,0.0
247603,4122.0,0.08636584182435711,0.28,,7140.0,0.0
247649,487.0,0.12114989733059549,0.23,0.5367088607594936,48000.0,0.0
247700,1019.0,0.30323846908734053,0.59,,12515.0,0.0
247737,,,,,,1.0
247773,76.0,0.0,0.54,1.0,5100.0,0.0
247825,26.0,0.6538461538461539,0.5,,7180.0,1.0
247834,27069.0,0.26443533192951346,0.2,,1864.0,1.0
247922,,,,,,0.0
247940,7055.0,0.06591070163004961,0.35,,3120.0,1.0
248165,37.0,0.10810810810810811,0.86,,,0.0
248192,16.0,0.0,0.79,,,0.0
248305,198.0,0.3686868686868687,0.74,,,1.0
248314,42.0,0.0,0.96,,,0.0
248527,44.0,0.5454545454545454,0.71,,,1.0
248606,820.0,0.27195121951219514,0.29,0.6695402298850575,,0.0
248624,98.0,0.05102040816326531,0.63,0.9459459459459459,,0.0
248633,50.0,0.1,0.57,,,0.0
248660,63.0,0.06349206349206349,0.61,,,1.0
248703,185.0,0.3783783783783784,0.6,,,0.0
248776,1680.0,0.2922619047619048,0.73,,2268.0,0.0
248794,,,,,,0.0
248846,292.0,0.4006849315068493,0.46,0.6932270916334662,25586.0,1.0
248882,569.0,0.6695957820738138,0.64,,12353.0,1.0
248925,822.0,0.38686131386861317,0.53,,,1.0
248934,12764.0,0.4765747414603573,0.63,0.8694709453599306,13200.0,1.0
248943,14.0,0.5,,,12175.0,0.0
249061,148.0,0.5540540540540541,0.86,,,0.0
249140,782.0,0.7583120204603581,0.85,,,0.0
249238,271.0,0.4612546125461255,0.57,,,1.0
249247,1367.0,0.3701536210680322,0.62,,,1.0
249566,289.0,0.12110726643598616,0.55,0.85,,0.0
249609,434.0,0.1774193548387097,0.63,,13575.0,0.0
250027,291.0,0.07216494845360824,0.8,0.7596153846153846,8715.0,0.0
250072,122.0,0.13934426229508196,0.32,0.5378787878787878,,0.0
250285,167.0,0.562874251497006,0.24,,13447.0,1.0
250407,1515.0,0.568976897689769,0.67,,14217.0,0.0
250498,196.0,0.19387755102040816,0.69,,,0.0
250601,694.0,0.39481268011527376,0.39,1.0,,1.0
250744,429.0,0.5641025641025641,0.86,,15625.0,0.0
250832,82.0,0.024390243902439025,0.44,,,0.0
250902,77.0,0.4675324675324675,0.95,,13000.0,0.0
250920,2218.0,0.3715058611361587,0.61,,,0.0
250993,170.0,0.31176470588235294,0.24,,,0.0
251075,704.0,0.33948863636363635,0.79,,,0.0
251251,565.0,0.11327433628318584,0.65,0.3021276595744681,18048.0,0.0
251260,4852.0,0.23021434460016488,0.39,,3270.0,0.0
251312,1175.0,0.8076595744680851,0.76,0.8125,15285.0,0.0
260293,12267.0,0.5151218716882694,0.84,0.31827309236947793,14328.0,0.0
260336,26.0,0.0,0.74,,,0.0
260354,165.0,0.3939393939393939,0.87,,,0.0
260363,36.0,0.05555555555555555,0.67,0.6491228070175439,,0.0
260372,489.0,0.7382413087934561,0.73,,3870.0,0.0
260381,,,,,,1.0
260664,208.0,0.8269230769230769,0.87,,,1.0
260691,1536.0,0.3020833333333333,0.44,,,1.0
260789,358.0,0.8715083798882681,0.87,,18934.0,0.0
260813,186.0,0.1774193548387097,0.55,1.0,20490.0,1.0
260901,67988.0,0.022724598458551508,0.58,,15627.0,1.0
260910,732.0,0.1598360655737705,0.77,,20481.0,1.0
260929,247.0,0.1659919028340081,0.54,,,1.0
260947,42.0,0.35714285714285715,0.36,0.5555555555555556,10590.0,0.0
260956,,,,,,1.0
260965,93.0,0.5161290322580645,0.68,,,1.0
260974,513.0,0.3840155945419103,0.64,0.35294117647058826,18048.0,0.0
260992,1244.0,0.6631832797427653,,0.9650455927051672,20900.0,0.0
261375,1291.0,0.2997676219984508,0.13,0.329246935201401,,1.0
261384,646.0,0.25386996904024767,0.16,0.5833333333333334,,0.0
261393,380.0,0.2736842105263158,0.16,0.8317757009345794,,0.0
261436,298.0,0.22483221476510068,0.73,,,1.0
261472,1434.0,0.3723849372384937,0.67,0.3980392156862745,18048.0,1.0
261676,102.0,0.029411764705882353,0.67,0.2534562211981567,,0.0
261685,92.0,0.2717391304347826,0.74,,,0.0
261719,38.0,0.18421052631578946,0.41,,,1.0
261773,59.0,0.1016949152542373,0.72,0.3533834586466165,,0.0
261861,155.0,0.01935483870967742,0.86,,11985.0,0.0
261931,341.0,0.2785923753665689,0.72,0.8690476190476191,13200.0,1.0
262022,,,,,,1.0
262031,8202.0,0.091441111923921,0.26,,3540.0,0.0
262086,3151.0,0.4074896858140273,0.44,,9611.0,0.0
262129,801.0,0.1772784019975031,0.29,0.5311173974540311,5364.0,1.0
262138,,,,,,0.0
262165,,,0.0,,,
262235,74.0,0.7972972972972973,0.64,,,1.0
262299,78.0,0.20512820512820512,0.76,,,1.0
262332,1820.0,0.3521978021978022,0.52,,16864.0,1.0
262341,728.0,0.3269230769230769,0.57,,,1.0
262369,184.0,0.5489130434782609,0.75,,,0.0
262402,120.0,0.35,0.02,,,1.0
262457,943.0,0.6352067868504772,0.92,,13418.0,1.0
262466,65.0,0.03076923076923077,0.01,,,1.0
262509,781.0,0.3649167733674776,0.64,,,0.0
262660,129.0,0.5193798449612403,0.79,,,1.0
362700,420.0,0.4095238095238095,0.65,,,1.0
362782,148.0,0.11486486486486487,0.22,,,0.0
363013,69.0,0.07246376811594203,0.79,,,0.0
363077,237.0,0.7468354430379747,0.61,,,0.0
363147,39.0,0.10256410256410256,0.97,,,0.0
363165,1518.0,0.613965744400527,0.35,,,1.0
363387,1413.0,0.03113941967445152,0.81,0.7992565055762082,13095.0,1.0
363439,518.0,0.14864864864864866,0.8,,15295.0,1.0
363457,202.0,0.5544554455445545,0.7,,14086.0,0.0
363563,,,,,,1.0
363590,747.0,0.20615796519410978,0.75,0.6381578947368421,12893.0,1.0
363633,2064.0,0.813953488372093,0.28,,1006.0,0.0
363679,121.0,0.30578512396694213,0.57,,,0.0
363712,47.0,0.0,0.4,,8500.0,1.0
363721,,,,,,1.0
363882,51.0,0.13725490196078433,0.88,,,0.0
363907,1354.0,1.0,0.88,,4560.0,1.0
363916,599.0,1.0,0.94,,4560.0,0.0
363934,978.0,0.20961145194274028,0.44,0.7958199356913184,19200.0,1.0
364016,10282.0,0.1773001361602801,0.22,,1734.0,1.0
364025,12296.0,0.25406636304489266,0.23,,1734.0,0.0
364122,6.0,0.0,0.0,,1215.0,1.0
364168,488.0,0.09221311475409837,0.56,,17268.0,0.0
364317,1004.0,0.9402390438247012,0.91,0.8852459016393442,,0.0
364326,934.0,0.7173447537473233,0.83,,,1.0
364335,1273.0,0.13668499607227022,0.78,,,0.0
364548,326.0,0.36809815950920244,0.46,,,1.0
364566,126.0,1.0,0.82,,,1.0
364575,62.0,0.0,0.85,,,0.0
364584,141.0,0.09929078014184398,0.6,,,1.0
364593,141.0,0.7375886524822695,0.84,,,1.0
364618,83.0,0.10843373493975904,0.67,1.0,,0.0
364627,445.0,0.30337078651685395,0.24,,,0.0
364636,62.0,0.12903225806451613,0.63,,,0.0
364751,100.0,0.8,0.85,,,0.0
364760,44.0,0.9772727272727273,1.0,,,0.0
364812,113.0,1.0,0.89,,,1.0
364885,265.0,0.6339622641509434,0.83,,16744.0,1.0
364946,183.0,0.6502732240437158,0.67,,,0.0
364955,1175.0,0.41106382978723405,0.76,,,1.0
364964,36.0,0.05555555555555555,0.78,0.359375,,0.0
364973,1183.0,0.39983093829247673,0.43,,16607.0,1.0
365055,1491.0,0.2883970489604292,0.73,0.4052388289676425,19731.0,1.0
365073,166.0,0.3855421686746988,0.54,,,0.0
365091,356.0,0.5196629213483146,0.49,,,1.0
365107,73.0,0.9726027397260274,0.58,,,0.0
365125,158.0,0.3987341772151899,0.57,,,1.0
365198,518.0,0.3436293436293436,0.14,,,0.0
365204,1329.0,0.7592174567343868,0.78,,18564.0,1.0
365213,576.0,0.1527777777777778,0.25,1.0,,0.0
365240,252.0,0.10317460317460317,0.17,,,0.0
365374,1519.0,0.17116524028966426,0.19,,,0.0
365383,194.0,0.11855670103092783,0.85,0.21016949152542372,,0.0
365426,,,,,,1.0
365453,32.0,0.1875,0.74,,,0.0
365480,690.0,0.1246376811594203,0.25,,,0.0
365505,72.0,0.2361111111111111,0.52,,,0.0
365569,47.0,0.3617021276595745,0.77,,,0.0
365693,104.0,0.1346153846153846,0.18,,,1.0
365763,52.0,0.23076923076923078,0.38,0.24644549763033174,,0.0
365824,90.0,0.2222222222222222,0.86,,,0.0
365833,84.0,0.2976190476190476,0.83,,,1.0
366003,46.0,0.6739130434782609,0.72,,5005.0,1.0
366155,27.0,0.9629629629629629,0.83,,,1.0
366191,2147.0,0.31159757801583604,0.44,,,0.0
366252,6290.0,0.07201907790143085,0.43,,13080.0,1.0
366261,153.0,0.5032679738562091,0.54,,10320.0,0.0
366270,635.0,0.658267716535433,0.68,,,1.0
366289,71.0,0.6338028169014085,0.89,,,1.0
366340,332.0,0.9427710843373494,0.44,,2450.0,0.0
366368,,,,,,1.0
366395,26719.0,0.20083086941876568,0.31,,4606.0,0.0
366401,9153.0,0.2980443570414072,0.17,,652.0,0.0
366438,85.0,0.24705882352941178,0.9,,,0.0
366447,1761.0,0.3321976149914821,0.54,,2268.0,0.0
366465,2819.0,0.3994324228449805,0.7,,2283.0,0.0
366535,512.0,0.4765625,0.74,0.8376623376623377,15156.0,1.0
366544,747.0,0.6813922356091031,0.84,0.7209302325581395,14759.0,1.0
366553,2316.0,0.3644214162348877,0.62,,11880.0,1.0
366571,24.0,0.0,0.28,,3000.0,1.0
366580,597.0,0.39865996649916247,0.61,0.3650190114068441,18048.0,0.0
366605,,,,,,1.0
366623,112.0,0.03571428571428571,0.21,,,0.0
366632,64.0,0.0625,0.5,0.24210526315789474,,0.0
366650,943.0,0.1102863202545069,0.8,0.42765273311897106,18048.0,1.0
366678,798.0,0.568922305764411,0.64,0.3987915407854985,18048.0,1.0
366696,1007.0,0.6583912611717975,0.75,0.4177545691906005,18048.0,0.0
366702,,,,,,1.0
366711,8851.0,0.355440063269687,0.36,0.7142270159219312,5044.0,0.0
366748,102.0,0.39215686274509803,0.64,,13716.0,1.0
366757,,,,,,1.0
366793,,,,,,1.0
366960,1091.0,0.4399633363886343,0.74,,,0.0
367024,1220.0,0.08934426229508197,0.78,,15372.0,0.0
367051,115.0,0.33043478260869563,0.49,,,1.0
367088,53.0,0.05660377358490566,0.6,,,1.0
367097,187.0,0.16042780748663102,0.82,,13765.0,1.0
367103,32.0,0.0625,0.47,,7490.0,0.0
367112,788.0,0.434010152284264,0.89,,10260.0,1.0
367130,115.0,0.2956521739130435,0.59,,,0.0
367158,46.0,0.7391304347826086,0.95,,,0.0
367176,70.0,0.6142857142857143,,,,1.0
367194,641.0,0.1497659906396256,0.38,0.6238532110091743,23770.0,1.0
367264,820.0,0.6829268292682927,,,,1.0
367316,295.0,0.6406779661016949,0.7,,,1.0
367334,144.0,0.16666666666666666,0.69,,,0.0
367361,17.0,0.5882352941176471,0.91,,,1.0
367398,361.0,0.23268698060941828,0.66,,,0.0
367413,883.0,0.26613816534541335,0.48,,19015.0,1.0
367431,42.0,0.2619047619047619,0.58,,,0.0
367459,8365.0,0.14847579199043634,0.38,,3070.0,1.0
367662,90.0,0.7222222222222222,0.64,,,1.0
367839,104.0,0.375,0.09,,4210.0,1.0
367875,456.0,0.7697368421052632,0.45,,,1.0
367884,2325.0,0.4997849462365591,0.68,0.7821428571428571,11420.0,0.0
367893,,,,,2950.0,0.0
367909,912.0,0.46600877192982454,0.87,0.7509578544061303,14328.0,1.0
367936,360.0,0.7583333333333333,0.48,,13332.0,1.0
367954,,,,,,0.0
367972,180.0,0.19444444444444445,0.83,,,1.0
367981,113.0,0.30973451327433627,0.46,,,0.0
368036,68.0,0.11764705882352941,0.38,,,0.0
368160,32.0,0.0625,0.79,0.16901408450704225,,0.0
368188,47.0,0.8723404255319149,,,,0.0
368230,156.0,0.9230769230769231,0.62,,,0.0
368364,181.0,0.44751381215469616,0.26,,,0.0
368407,92.0,0.15217391304347827,0.65,0.4205607476635514,,0.0
368443,627.0,0.41467304625199364,0.78,,15960.0,1.0
368452,373.0,0.32439678284182305,0.71,0.32666666666666666,12400.0,1.0
368540,54.0,0.42592592592592593,0.44,,,0.0
368601,1235.0,0.6364372469635627,0.65,0.34196891191709844,18048.0,1.0
368629,768.0,0.23046875,0.37,,,1.0
368647,16.0,0.0,0.67,,,0.0
368771,79.0,0.34177215189873417,0.45,,,1.0
368780,220.0,0.4863636363636364,0.76,,,1.0
368799,456.0,0.2565789473684211,0.03,,,0.0
368805,529.0,0.8960302457466919,0.89,,13738.0,1.0
368832,81.0,0.4691358024691358,0.81,,,0.0
368911,1995.0,0.38596491228070173,0.71,,2268.0,0.0
369002,,,,,,0.0
369020,41.0,0.17073170731707318,0.47,,,1.0
369084,934.0,0.6413276231263383,0.7,0.3490566037735849,19344.0,1.0
369109,183.0,0.13114754098360656,0.92,,,0.0
369400,4594.0,0.2533739660426643,0.54,,,0.0
369419,936.0,0.5566239316239316,0.54,,2484.0,1.0
369446,98.0,0.04081632653061224,0.48,,,1.0
369455,122.0,0.21311475409836064,0.38,,18506.0,0.0
369516,348.0,0.13505747126436782,0.78,1.0,17500.0,1.0
369659,,,,,,1.0
369668,179.0,0.055865921787709494,0.65,,,0.0
369686,308.0,0.8928571428571429,0.96,,,1.0
369695,109.0,0.05504587155963303,0.83,,,1.0
369783,989.0,0.7775530839231547,0.86,,,1.0
369792,15.0,0.0,0.14,0.1702127659574468,,0.0
369817,,,,,,0.0
369853,,,,,,0.0
369862,400.0,0.53,0.9,,12747.0,1.0
369905,975.0,0.44,0.81,,22715.0,0.0
369950,181.0,0.2596685082872928,0.51,,,0.0
371034,21.0,0.38095238095238093,0.97,,,0.0
371052,401.0,0.5336658354114713,0.95,,12745.0,1.0
371140,54.0,0.4444444444444444,0.41,,,0.0
371265,826.0,0.6900726392251816,0.69,,16631.0,0.0
371690,5929.0,0.8161578681059201,0.03,,,0.0
371760,2319.0,0.00646830530401035,0.8,0.8228511530398323,13095.0,1.0
371779,2073.0,0.20260492040520983,0.77,0.9022757697456493,13095.0,0.0
371830,47.0,0.6382978723404256,0.76,,,0.0
371928,168.0,0.34523809523809523,0.81,1.0,,1.0
371964,392.0,0.4005102040816326,0.66,,,0.0
371982,772.0,0.7901554404145078,0.79,,14004.0,1.0
372000,56.0,0.8571428571428571,1.0,,,1.0
372028,91.0,0.24175824175824176,0.83,0.7714285714285715,,1.0
372037,1148.0,0.013066202090592335,0.83,,13528.0,0.0
372073,390.0,0.6256410256410256,0.76,,,1.0
372082,1309.0,0.8128342245989305,0.07,,,1.0
372213,253594.0,0.25393345268421175,0.57,,10194.0,1.0
372222,4756.0,0.3513456686291001,0.47,,11880.0,1.0
372240,36.0,1.0,0.98,,,1.0
372329,321.0,0.3956386292834891,0.85,,10800.0,1.0
372356,141.0,0.2553191489361702,0.54,,,1.0
372462,102.0,0.20588235294117646,0.82,,,0.0
372523,374.0,0.786096256684492,0.79,,14208.0,1.0
372578,670.0,0.45223880597014926,0.67,0.3024523160762943,18048.0,0.0
372718,241.0,0.26556016597510373,0.56,,,1.0
372772,512.0,0.41015625,0.59,,,1.0
372921,1020.0,0.5686274509803921,0.62,,14103.0,1.0
372958,688.0,0.5901162790697675,0.77,0.6949152542372882,16478.0,1.0
373058,533.0,0.1894934333958724,0.68,,11306.0,1.0
373085,344.0,0.3226744186046512,0.93,,8679.0,1.0
373119,148.0,0.6824324324324325,0.47,,,0.0
373216,185.0,0.1945945945945946,0.26,,,0.0
373340,106.0,0.18867924528301888,0.48,,,0.0
373447,39.0,0.41025641025641024,0.97,0.46808510638297873,8297.0,1.0
373526,250.0,0.632,0.87,,,1.0
373605,33.0,0.42424242424242425,0.31,,,0.0
373678,211.0,0.24644549763033174,0.36,,,0.0
373696,301.0,0.4019933554817276,0.51,,,1.0
373711,60.0,0.1,0.38,0.5454545454545454,,0.0
373784,1227.0,0.7497962510187449,0.86,,,1.0
373827,513.0,0.03508771929824561,0.48,0.6928104575163399,11930.0,1.0
373890,826.0,0.24334140435835352,0.68,,,0.0
374024,,,,,,0.0
374112,29.0,0.034482758620689655,0.82,,,0.0
374291,66.0,0.5,0.9,,,0.0
374316,118.0,0.9915254237288136,0.9,,,1.0
374343,,,0.26,,,
374440,3.0,1.0,1.0,,,1.0
374574,1277.0,0.5262333594361785,0.76,,,0.0
374592,165.0,0.21212121212121213,0.2,,,0.0
374875,921.0,0.507057546145494,0.71,,,1.0
374927,70.0,0.3142857142857143,0.57,,,0.0
374972,1749.0,0.26472269868496284,0.79,,15120.0,0.0
374990,117.0,0.05128205128205128,0.72,,,0.0
375106,62.0,0.22580645161290322,0.62,0.5576923076923077,,1.0
375230,116.0,0.0,0.95,,6500.0,1.0
375300,219.0,0.1187214611872146,0.74,,,1.0
375319,78.0,0.7948717948717948,0.75,,,0.0
375373,230.0,0.017391304347826087,0.62,,,0.0
375407,171.0,0.16374269005847952,0.38,,,0.0
375416,563.0,0.8117229129662522,0.77,0.6067961165048543,15137.0,0.0
375489,1036.0,0.24324324324324326,0.83,,9530.0,0.0
375540,113.0,0.2920353982300885,0.9,,,0.0
375559,122.0,0.7213114754098361,0.73,,,1.0
375568,14.0,0.0,0.43,,5550.0,0.0
375647,221.0,0.5203619909502263,0.95,,,1.0
375656,268.0,0.26865671641791045,0.44,,,0.0
375683,762.0,0.16666666666666666,0.26,,,0.0
375692,80.0,0.2625,0.83,,,0.0
375708,128.0,0.359375,0.63,,,0.0
375717,228.0,0.33771929824561403,0.26,,,0.0
375726,237.0,0.39662447257383965,0.21,,,0.0
375735,105.0,0.4857142857142857,0.07,,,0.0
375744,395.0,0.28860759493670884,0.15,,,0.0
375753,59.0,0.3050847457627119,0.22,,,0.0
375762,61.0,0.5573770491803278,0.83,,,0.0
375771,,,,,,0.0
375799,25.0,0.36,,,,0.0
375841,725.0,0.23586206896551723,0.47,,15897.0,1.0
375939,353.0,0.042492917847025496,0.79,,,1.0
375948,727.0,0.2737276478679505,,1.0,,1.0
375966,134.0,0.30597014925373134,0.68,0.6666666666666666,,0.0
375984,459.0,0.8845315904139434,0.72,,,1.0
376039,62.0,0.03225806451612903,0.56,,11475.0,0.0
376136,716.0,0.2877094972067039,0.75,,11694.0,0.0
376224,812.0,1.0,0.99,0.9608938547486033,5484.0,0.0
376242,380.0,1.0,1.0,,,0.0
376288,151.0,1.0,0.86,,8084.0,1.0
376321,972.0,1.0,0.99,0.8356164383561644,6350.0,1.0
376330,444.0,1.0,1.0,,8878.0,1.0
376385,1549.0,1.0,0.77,,,0.0
376446,146.0,0.22602739726027396,0.48,,,0.0
376631,48.0,0.0625,0.67,1.0,,0.0
376668,57.0,1.0,1.0,,,1.0
376677,131.0,0.5725190839694656,0.52,,,1.0
376695,869.0,0.997698504027618,0.9,0.5733634311512416,4705.0,
376950,36.0,0.9166666666666666,,,19368.0,1.0
376987,103.0,0.8543689320388349,0.99,,,0.0
377069,767.0,0.6883963494132985,0.66,0.3333333333333333,18048.0,1.0
377111,754.0,0.5782493368700266,0.68,0.778125,15086.0,1.0
377193,78.0,0.9743589743589743,0.91,,,1.0
377218,119.0,0.2605042016806723,0.25,1.0,,1.0
377272,64.0,0.75,0.94,,,1.0
377281,78.0,0.9102564102564102,0.9,,,0.0
377315,100.0,0.37,0.77,,,1.0
377342,101.0,0.1188118811881188,0.72,,,1.0
377421,343.0,0.5306122448979592,0.63,,,0.0
377449,229.0,0.8165938864628821,0.12,,10947.0,1.0
377458,174.0,0.8103448275862069,0.33,,13867.0,1.0
377485,58.0,0.4827586206896552,0.28,0.3475177304964539,,1.0
377546,100.0,0.19,0.51,0.6302521008403361,17200.0,0.0
377555,2747.0,0.12377138696760102,0.29,0.7675,8617.0,0.0
377564,2756.0,0.1806966618287373,0.41,0.8183139534883721,8689.0,1.0
377634,12.0,0.0,0.08,,6150.0,1.0
377643,136.0,0.07352941176470588,0.58,,,0.0
377652,68.0,0.20588235294117646,0.93,,9500.0,0.0
377661,58.0,0.20689655172413793,0.86,,9500.0,0.0
377670,41.0,0.04878048780487805,0.94,,9500.0,0.0
377722,396.0,0.3005050505050505,0.56,,,0.0
377759,81.0,0.8148148148148148,0.84,,,1.0
378105,181.0,0.7292817679558011,0.66,0.11931818181818182,,1.0
378406,905.0,0.8187845303867404,0.76,0.3853820598006645,18048.0,1.0
378576,90.0,0.4111111111111111,0.64,,9670.0,1.0
378886,307.0,0.8566775244299675,0.6,,,1.0
378956,553.0,0.32368896925858953,0.69,,,0.0
379029,1633.0,0.4035517452541335,0.75,,13500.0,0.0
379135,144.0,0.9930555555555556,0.43,,,1.0
379463,117.0,1.0,0.79,,,1.0
379621,71.0,0.11267605633802817,0.87,1.0,,0.0
379746,36.0,0.9444444444444444,0.0,,,1.0
379782,166.0,0.463855421686747,0.58,0.5625,,1.0
379889,,,,,,0.0
380067,196.0,0.9897959183673469,0.78,,,0.0
380094,526.0,0.811787072243346,0.73,0.697560975609756,15085.0,1.0
380359,607.0,0.6013179571663921,0.55,,2720.0,0.0
380368,2339.0,0.182129115006413,0.34,,4770.0,0.0
380377,626.0,0.8690095846645367,0.9,,3720.0,0.0
380401,137.0,0.0,0.62,,,1.0
380410,210.0,0.0,0.5,,,0.0
380438,589.0,0.17826825127334464,0.69,,14346.0,1.0
380447,157.0,0.0,0.71,,,1.0
380456,232.0,0.03017241379310345,0.4,,,1.0
380465,1492.0,0.07506702412868632,0.46,,10680.0,0.0
380474,479.0,0.0709812108559499,0.42,,,1.0
381255,206.0,0.9368932038834952,0.55,,,0.0
381282,153.0,0.954248366013072,0.41,,,1.0
381325,225.0,0.9333333333333333,0.38,,,1.0
381334,134.0,0.8432835820895522,0.3,,,0.0
381352,,,,,,1.0
381361,80.0,0.0875,0.33,,,1.0
381370,262.0,0.38549618320610685,0.77,,,1.0
381404,289.0,0.71280276816609,0.71,,,1.0
381459,,,,,,1.0
381486,27.0,0.037037037037037035,0.68,,,0.0
381529,340.0,0.6029411764705882,0.56,,3792.0,1.0
381617,1768.0,0.06561085972850679,0.71,,7380.0,0.0
381635,50.0,0.12,0.55,,,1.0
381644,267.0,0.6704119850187266,0.83,,,0.0
381699,31.0,0.7096774193548387,0.76,,,1.0
381705,51.0,0.7254901960784313,0.89,,,1.0
381732,204.0,0.18627450980392157,0.5,,12966.0,0.0
381741,188.0,0.30319148936170215,0.6,0.672566371681416,16447.0,1.0
381750,80.0,0.525,0.7,,,0.0
381787,427.0,0.3559718969555035,0.71,0.5543478260869565,14227.0,1.0
381796,260.0,0.05,0.63,,,0.0
381866,34.0,0.08823529411764706,0.0,,,1.0
381909,1513.0,0.6807666886979511,0.83,0.4574712643678161,18048.0,1.0
381945,69.0,0.391304347826087,0.84,,,1.0
382054,378.0,0.5211640211640212,0.75,,,1.0
382063,1038.0,0.51252408477842,0.71,,6360.0,1.0
382258,453.0,0.271523178807947,0.13,,,0.0
382267,140.0,0.24285714285714285,0.66,,,0.0
382276,773.0,0.7296248382923674,0.99,,,1.0
382382,,,,,,0.0
382416,79.0,0.5569620253164557,0.39,0.6611570247933884,,0.0
382461,58.0,0.3103448275862069,0.77,,,0.0
382504,637.0,0.5510204081632653,0.77,0.8773072747014115,13260.0,1.0
382771,791.0,0.3147914032869785,0.8,,9712.0,1.0
382780,366.0,0.22404371584699453,0.7,,,0.0
382896,360.0,0.38055555555555554,0.63,,,1.0
382902,76.0,0.2236842105263158,0.82,,,1.0
382911,100.0,0.41,0.57,,1820.0,0.0
382957,478.0,0.7928870292887029,0.69,0.43342036553524804,12331.0,0.0
383020,,,,,,0.0
383084,3168.0,0.4264520202020202,0.06,,,0.0
383163,398.0,0.9974874371859297,0.75,,,0.0
383172,68.0,0.9411764705882353,0.08,,,0.0
383190,3815.0,0.6159895150720839,0.45,,2246.0,0.0
383251,150.0,0.36666666666666664,0.72,,,1.0
383279,144.0,0.7569444444444444,0.67,,,0.0
383297,296.0,0.24324324324324326,0.59,,,0.0
383312,161.0,0.012422360248447204,0.74,,,0.0
383330,114.0,0.20175438596491227,0.49,,,1.0
383367,300.0,0.03,0.54,,,1.0
383400,80.0,0.3,0.65,,6950.0,1.0
383464,69.0,0.4927536231884058,0.95,,,1.0
383507,26.0,1.0,0.0,,7390.0,1.0
383525,208.0,0.39903846153846156,0.92,,,0.0
383765,161.0,0.6521739130434783,0.62,,,1.0
383792,267.0,0.9812734082397003,0.33,,,1.0
383899,716.0,0.6480446927374302,0.72,,,1.0
383950,422.0,0.6327014218009479,0.75,,14850.0,1.0
383996,1002.0,0.45808383233532934,0.28,,980.0,0.0
384184,183.0,0.726775956284153,0.75,,,1.0
384193,521.0,0.5470249520153551,0.74,,,1.0
384209,804.0,0.5634328358208955,0.7,,,1.0
384254,140.0,0.15,0.19,0.746268656716418,28210.0,0.0
384306,,,,,,1.0
384333,8122.0,0.49409012558483134,0.4,,1734.0,0.0
384342,5459.0,0.15643890822494963,0.26,,6690.0,0.0
384360,1204.0,0.46179401993355484,,,4908.0,0.0
384379,1189.0,0.5012615643397813,,,4860.0,1.0
384388,814.0,0.6732186732186732,,,5172.0,0.0
384397,1113.0,0.4025157232704403,,,4428.0,1.0
384412,299.0,0.7123745819397993,0.69,,10730.0,1.0
384421,76.0,0.0,0.26,1.0,10400.0,0.0
385008,1069.0,0.6950420954162769,0.69,,13096.0,1.0
385132,75.0,0.49333333333333335,1.0,,,1.0
385503,259.0,0.13513513513513514,0.72,1.0,21924.0,1.0
385549,243.0,0.6460905349794238,0.45,,,1.0
385619,1107.0,0.35320686540198737,0.69,0.661608497723824,13720.0,1.0
385929,,,,,,1.0
386153,410.0,0.0,0.58,1.0,7735.0,1.0
386472,428.0,0.48598130841121495,0.62,0.6923076923076923,11660.0,0.0
387235,55.0,1.0,0.8,,,0.0
387660,6.0,0.16666666666666666,0.14,,14500.0,1.0
387819,43.0,0.23255813953488372,0.28,,,0.0
387925,433.0,0.4295612009237875,0.64,,,1.0
388043,1593.0,0.6290018832391714,0.89,,9049.0,0.0
388520,432.0,0.7129629629629629,0.31,,8784.0,1.0
388663,116.0,0.8620689655172413,0.55,,,0.0
389727,707.0,0.44130127298444133,0.9,,12400.0,1.0
389860,480.0,0.07708333333333334,0.35,,,0.0
390701,15034.0,0.5437009445257417,0.84,0.5180288461538461,14154.0,0.0
390905,376.0,0.12234042553191489,0.44,,,0.0
391005,297.0,1.0,0.61,,,1.0
391333,83.0,0.27710843373493976,0.76,0.8048780487804879,,1.0
391546,145.0,0.896551724137931,0.66,,,0.0
391564,380.0,0.2736842105263158,0.62,,,0.0
391582,675.0,0.39111111111111113,0.84,,12709.0,0.0
391759,41.0,0.12195121951219512,0.77,,,0.0
391810,92.0,0.2391304347826087,0.8,,,1.0
392257,383.0,0.6945169712793734,0.96,,,1.0
392354,15.0,0.06666666666666667,0.05,,6000.0,1.0
392415,642.0,0.7725856697819314,0.59,,,1.0
392798,71.0,0.4647887323943662,0.71,,,1.0
392840,378.0,0.1402116402116402,0.45,0.8214285714285714,15600.0,1.0
393180,673.0,0.09658246656760773,0.54,1.0,,1.0
393524,196.0,0.17346938775510204,0.82,,,0.0
393649,65.0,0.7846153846153846,0.65,1.0,,1.0
393861,171.0,0.011695906432748537,0.51,,,0.0
393977,78.0,1.0,0.83,,,1.0
395195,,,0.0,,,
395362,2091.0,0.31420373027259685,0.49,,625.0,0.0
395690,651.0,0.9508448540706606,0.7,0.9732620320855615,,1.0
397270,40.0,0.4,0.56,,,1.0
397641,55.0,0.38181818181818183,0.12,,,1.0
397942,228.0,0.8114035087719298,0.52,0.707808564231738,,1.0
398130,535.0,0.5065420560747663,0.62,0.9866666666666667,17973.0,0.0
398574,2051.0,0.7547537786445636,0.57,,17407.0,1.0
399212,13123.0,0.46727120323096855,0.09,,658.0,1.0
399869,695.0,0.4446043165467626,0.78,0.8893617021276595,14625.0,1.0
399911,438.0,0.1780821917808219,0.27,0.32341269841269843,26202.0,0.0
400080,1893.0,0.7189646064447967,0.56,,,1.0
400187,607.0,0.014827018121911038,0.47,,,0.0
400637,407.0,0.8943488943488943,0.91,,,0.0
401223,111.0,0.0,0.48,0.6417910447761194,4420.0,1.0
401250,,,,,,0.0
401339,510.0,0.9254901960784314,0.83,,,1.0
401481,91.0,1.0,0.95,,,0.0
402563,148.0,0.22297297297297297,0.76,,,0.0
402615,994.0,0.10362173038229376,0.66,,10620.0,0.0
402633,,,,,,1.0
402776,292.0,0.476027397260274,0.21,,27125.0,1.0
402800,276.0,0.9637681159420289,0.79,,,1.0
402828,,,,,,0.0
403399,,,,,,1.0
403414,25.0,0.76,0.8,,,1.0
403469,2171.0,0.020727775218793182,0.16,,6808.0,0.0
403478,1062.0,0.05649717514124294,0.35,,6808.0,0.0
403487,5584.0,0.03742836676217765,0.09,,6808.0,0.0
404037,11.0,0.09090909090909091,0.36,,,0.0
404055,579.0,0.5595854922279793,0.77,,,0.0
404073,4144.0,0.26375482625482627,0.59,,7380.0,0.0
404082,6236.0,0.29746632456703015,0.65,,7380.0,0.0
404222,,,,,,0.0
404338,102.0,0.0784313725490196,0.55,,17640.0,1.0
404365,500.0,0.12,0.67,,11763.0,1.0
404374,507.0,0.0611439842209073,0.7,,11093.0,1.0
404383,992.0,0.4798387096774194,0.75,,11744.0,1.0
404426,4394.0,0.3593536640873919,0.27,,2040.0,0.0
404480,,,,,,0.0
404499,1809.0,0.7739082365948038,0.74,,13021.0,1.0
404505,1002.0,0.4031936127744511,0.84,,11688.0,1.0
404514,1262.0,0.6164817749603804,0.68,,15306.0,1.0
404648,2092.0,0.004780114722753346,0.69,,7380.0,0.0
404657,,,,,,0.0
404684,622.0,1.0,0.89,,,0.0
404718,109.0,0.06422018348623854,0.63,,,1.0
404806,566.0,1.0,1.0,,6000.0,1.0
404912,1144.0,0.39335664335664333,0.45,,,0.0
404921,894.0,0.9373601789709173,0.81,,11600.0,0.0
404949,,,,,,0.0
404994,5804.0,0.8609579600275672,0.92,,12094.0,1.0
405003,26.0,0.5769230769230769,0.37,,,1.0
405012,83.0,0.1566265060240964,0.81,,,0.0
405021,90.0,0.03333333333333333,0.69,,,1.0
405058,133.0,0.0,0.37,1.0,8500.0,1.0
405076,158.0,0.8291139240506329,0.94,,,1.0
405748,110.0,0.23636363636363636,0.34,,,0.0
405854,177.0,0.0,0.85,0.8181818181818182,8000.0,1.0
405872,4108.0,0.06767283349561831,0.22,,4195.0,0.0
405979,1757.0,0.36881047239612974,0.57,,10440.0,1.0
405988,1426.0,0.21248246844319776,0.38,,10120.0,0.0
405997,4191.0,0.5091863517060368,0.67,,10120.0,0.0
406006,1874.0,0.3313767342582711,0.49,,12660.0,1.0
406015,8838.0,0.38741796786603305,0.54,,12660.0,1.0
406024,499.0,0.21442885771543085,0.58,0.7625,,1.0
406033,763.0,0.5609436435124509,0.56,0.6483050847457628,,1.0
406051,50.0,0.9,0.9,,,1.0
406060,24.0,0.9583333333333334,0.9,,,1.0
406149,68.0,0.08823529411764706,0.49,,,0.0
406194,610.0,0.4672131147540984,0.73,0.5084745762711864,14227.0,0.0
406200,1313.0,0.511043412033511,0.85,,9740.0,1.0
406219,729.0,0.5445816186556928,0.89,,15295.0,1.0
406264,983.0,0.6520854526958291,0.95,,9910.0,0.0
406325,132.0,0.07575757575757576,0.64,1.0,,0.0
406361,64.0,0.046875,0.91,,,0.0
406413,54.0,0.2222222222222222,0.8,0.5238095238095238,,0.0
406422,116.0,0.008620689655172414,0.49,0.3262411347517731,,0.0
406486,54.0,0.12962962962962962,0.49,,,0.0
406495,263.0,0.2585551330798479,0.36,,,1.0
406547,486.0,0.5679012345679012,0.99,0.9206349206349206,12866.0,0.0
406556,35.0,0.17142857142857143,,,,1.0
407054,195.0,0.3230769230769231,0.25,,,0.0
407063,700.0,0.4114285714285714,0.73,0.29971181556195964,18048.0,1.0
407090,257.0,0.2607003891050584,0.44,,,0.0
407142,97.0,0.08247422680412371,0.28,,,1.0
407151,104.0,0.11538461538461539,0.36,,,1.0
407179,133.0,0.39097744360902253,0.64,,,0.0
407285,620.0,0.267741935483871,0.77,,15660.0,0.0
407319,732.0,0.1885245901639344,0.7,0.37388724035608306,18048.0,1.0
407328,236.0,0.18220338983050846,0.64,0.9838709677419355,11040.0,1.0
407355,285.0,0.10526315789473684,0.43,,,0.0
407391,167.0,0.11976047904191617,0.54,,,0.0
407407,153.0,0.38562091503267976,0.5,,,0.0
407425,247.0,0.15384615384615385,0.34,,,0.0
407434,135.0,0.11851851851851852,0.58,,,1.0
407452,110.0,0.05454545454545454,0.03,,,0.0
407461,224.0,0.06696428571428571,0.68,,,0.0
407470,52.0,0.09615384615384616,0.61,,,0.0
407489,99.0,0.08080808080808081,0.08,,,0.0
407504,1085.0,0.023963133640552997,0.12,0.9541984732824428,,0.0
407513,398.0,0.01507537688442211,0.35,,,0.0
407522,60.0,0.13333333333333333,0.27,,,0.0
407568,60.0,0.4166666666666667,0.78,,,1.0
407577,233.0,0.08583690987124463,0.66,,,0.0
407595,287.0,0.0975609756097561,0.72,1.0,,0.0
407601,115.0,0.3739130434782609,0.29,,,0.0
407629,,,,,,1.0
407683,143.0,0.9300699300699301,0.83,,,1.0
407708,349.0,0.21203438395415472,0.61,,,0.0
407726,77.0,0.2077922077922078,0.65,,,0.0
407735,145.0,0.42758620689655175,0.72,,,1.0
407744,61.0,0.08196721311475409,0.44,,,0.0
407832,378.0,0.023809523809523808,0.21,,,0.0
408039,1799.0,0.23790994997220677,0.88,,9227.0,1.0
408057,23.0,0.13043478260869565,0.56,,,1.0
408066,134.0,0.291044776119403,0.47,,,1.0
408163,74.0,0.04054054054054054,0.67,,,0.0
408312,72.0,0.2222222222222222,0.66,,,0.0
408385,154.0,0.9805194805194806,0.94,,,1.0
408394,949.0,0.3287671232876712,0.47,,4248.0,0.0
408437,35.0,0.02857142857142857,0.17,,2700.0,1.0
408844,2819.0,0.9457254345512593,0.73,,13170.0,0.0
408862,247.0,0.5425101214574899,0.47,,,1.0
409032,132.0,1.0,1.0,,,1.0
409069,830.0,0.7337349397590361,0.7,0.2638522427440633,18048.0,0.0
409120,215.0,0.13953488372093023,0.69,,,1.0
409166,106.0,0.27358490566037735,0.73,,,1.0
409193,220.0,1.0,1.0,,,0.0
409209,152.0,0.6513157894736842,0.36,,,1.0
409245,16.0,0.75,,,,1.0
409254,,,,,,1.0
409315,27692.0,0.8677957532861477,0.48,,2678.0,1.0
409333,139.0,0.26618705035971224,0.42,,18550.0,0.0
409379,,,,,,1.0
409537,87.0,0.034482758620689655,0.39,1.0,,0.0
409591,225.0,0.16444444444444445,0.44,,,0.0
409616,,,,,,0.0
409670,897.0,0.7870680044593088,0.78,,14755.0,0.0
409698,4412.0,0.41953762466001815,0.43,0.8149527067820487,4721.0,0.0
409829,748.0,0.18850267379679145,0.76,,10578.0,0.0
409838,984.0,0.11178861788617886,0.8,,10700.0,0.0
409874,1479.0,0.11899932386747802,0.9,0.8847352024922118,13095.0,1.0
410034,52.0,0.40384615384615385,0.43,,,0.0
410070,993.0,0.32729103726082576,0.74,,,1.0
410256,119.0,0.06722689075630252,0.29,,,0.0
410283,881.0,0.9228149829738933,0.91,,10785.0,0.0
410496,522.0,0.4616858237547893,0.82,,15155.0,0.0
410502,1775.0,0.535774647887324,0.7,0.6106346483704974,18748.0,1.0
410520,587.0,0.4855195911413969,0.71,,14075.0,0.0
410539,321.0,0.48598130841121495,0.56,,,1.0
410788,707.0,0.44413012729844414,0.53,,,1.0
410797,170.0,0.48823529411764705,0.81,,,0.0
410964,36.0,0.16666666666666666,0.49,,,0.0
410973,,,,,,0.0
411055,496.0,0.9233870967741935,0.92,,,0.0
411374,180.0,0.9611111111111111,0.52,,,1.0
411684,174.0,0.14367816091954022,0.39,,,1.0
411754,44.0,0.11363636363636363,0.34,,6750.0,0.0
412003,66.0,0.22727272727272727,0.62,,,0.0
412173,438.0,0.8995433789954338,0.63,,,0.0
412535,39.0,0.1794871794871795,0.33,0.6,,0.0
412544,108.0,0.25925925925925924,0.43,,,0.0
412599,1030.0,0.8941747572815534,0.8,0.5700598802395209,15144.0,1.0
412650,64.0,0.375,0.0,0.797752808988764,,0.0
413176,42.0,0.07142857142857142,0.86,,,0.0
413185,33.0,0.48484848484848486,0.8,,,1.0
413343,33.0,0.5151515151515151,0.85,,,1.0
413413,8358.0,0.35678391959798994,0.57,1.0,10980.0,1.0
413617,615.0,0.7073170731707317,0.71,,5890.0,0.0
413626,235.0,0.8723404255319149,0.67,,4430.0,0.0
413635,659.0,0.4658573596358118,0.79,,,1.0
413644,,,,,,1.0
413680,460.0,0.7021739130434783,0.76,1.0,,0.0
413778,369.0,0.6802168021680217,0.82,,,0.0
413802,576.0,0.421875,0.97,,1500.0,0.0
413820,20.0,0.0,0.7,,,0.0
413839,638.0,0.43573667711598746,0.78,0.31378299120234604,18048.0,1.0
413848,474.0,0.5675105485232067,0.64,0.5111111111111111,18048.0,1.0
413857,993.0,0.2326283987915408,0.7,0.30277777777777776,18048.0,0.0
413866,690.0,0.39855072463768115,0.73,0.3248587570621469,18048.0,1.0
413884,912.0,0.6885964912280702,0.76,0.43478260869565216,18048.0,0.0
413918,24.0,0.041666666666666664,0.38,0.9761904761904762,13770.0,0.0
413945,103.0,0.5048543689320388,0.76,,,1.0
413972,133.0,0.2556390977443609,0.82,1.0,,1.0
414036,118.0,0.1864406779661017,,,,0.0
414054,55.0,0.12727272727272726,0.66,,,0.0
414063,247.0,0.19838056680161945,0.26,,,0.0
414124,221.0,0.27149321266968324,0.75,,,0.0
414160,2899.0,0.1328044153156261,0.71,,7380.0,0.0
414452,29.0,0.10344827586206896,0.88,,,0.0
414461,3659.0,1.0,0.93,,8394.0,1.0
414489,144.0,0.2847222222222222,0.73,,,1.0
414531,549.0,0.18032786885245902,0.58,0.3403141361256545,18048.0,1.0
414540,235.0,0.2553191489361702,0.69,0.96,,1.0
414559,26.0,0.2692307692307692,0.57,,,0.0
414568,1020.0,0.5049019607843137,0.66,0.3561946902654867,18048.0,0.0
414586,558.0,0.6290322580645161,0.75,0.28440366972477066,18048.0,0.0
414595,131.0,0.5572519083969466,0.46,,19908.0,1.0
414708,5309.0,0.22565454887926162,0.55,,9840.0,0.0
414823,2098.0,0.3603431839847474,0.57,0.6666666666666666,24141.0,0.0
414841,389.0,0.20565552699228792,0.66,0.25287356321839083,18048.0,0.0
414850,483.0,0.19461697722567287,0.8,0.943952802359882,12135.0,1.0
414869,142.0,0.323943661971831,0.57,,,0.0
414878,171.0,0.13450292397660818,0.3,0.7605633802816901,7560.0,1.0
414911,1942.0,0.02832131822863028,0.36,,6346.0,0.0
414939,121.0,0.5206611570247934,0.58,,,0.0
414966,,,,,,1.0
415039,106.0,0.09433962264150944,0.62,,,0.0
415057,198.0,0.5050505050505051,0.36,,,0.0
415729,33.0,0.21212121212121213,0.39,,,0.0
415774,1035.0,0.6695652173913044,0.46,,,1.0
415987,870.0,0.5103448275862069,0.74,,,1.0
416458,542.0,0.7011070110701108,0.69,,,0.0
416670,100.0,0.99,0.87,,,1.0
416801,248.0,0.32661290322580644,0.35,,4898.0,1.0
416962,2197.0,0.34365043240782883,0.49,,10500.0,1.0
416971,49.0,0.22448979591836735,0.83,,,0.0
416980,73.0,0.1506849315068493,0.73,,,0.0
417008,113.0,0.23008849557522124,0.74,,,0.0
417062,120.0,0.575,0.49,,,1.0
417105,559.0,0.7459749552772809,0.38,,,0.0
417123,138.0,0.4855072463768116,0.5,,,0.0
417132,530.0,0.5886792452830188,0.79,,,0.0
417150,,,,,,0.0
417169,,,,,,1.0
417178,21.0,0.47619047619047616,0.52,0.4230769230769231,,1.0
417187,25.0,0.6,0.35,0.32,,1.0
417202,,,,,,0.0
417211,22.0,0.13636363636363635,,0.44,,1.0
417220,,,,,,0.0
417239,,,,,,0.0
417248,43.0,0.11627906976744186,0.11,0.8611111111111112,,0.0
417257,43.0,0.37209302325581395,0.38,0.7906976744186046,,0.0
417266,,,,,,0.0
417275,19.0,0.21052631578947367,0.53,,3350.0,1.0
417318,144.0,0.9930555555555556,1.0,,12086.0,0.0
417327,278.0,0.6151079136690647,0.77,,12240.0,0.0
417345,,,,,,1.0
417381,171.0,0.8888888888888888,0.76,,,0.0
417390,51.0,0.9411764705882353,0.82,,,1.0
417406,49.0,0.2653061224489796,0.89,,,0.0
417442,109.0,0.22018348623853212,0.47,0.5,,0.0
417503,327.0,0.14678899082568808,0.48,,,1.0
417549,260.0,0.95,0.99,,,1.0
417567,151.0,0.8145695364238411,1.0,,,0.0
417576,106.0,0.05660377358490566,0.98,,,1.0
417600,36.0,0.027777777777777776,1.0,,,0.0
417628,51.0,0.0,0.78,0.39622641509433965,,0.0
417637,96.0,0.03125,0.54,,,0.0
417646,35.0,0.22857142857142856,0.83,0.31868131868131866,,0.0
417655,39.0,0.07692307692307693,0.74,,,0.0
417673,23.0,0.0,0.5,0.9375,,0.0
417682,27.0,0.14814814814814814,0.71,0.20300751879699247,,0.0
417716,147.0,0.6598639455782312,0.84,,,0.0
417725,98.0,0.061224489795918366,0.76,,,0.0
417734,193.0,0.06217616580310881,0.92,0.706766917293233,13800.0,0.0
417743,9.0,0.0,0.44,,,0.0
417752,89.0,0.11235955056179775,0.68,0.8181818181818182,8080.0,1.0
417789,149.0,1.0,0.97,,,1.0
417798,,,0.34,,,
417804,97.0,0.9587628865979382,0.97,,,1.0
417822,,,,,,0.0
417831,148.0,0.44594594594594594,0.45,,,0.0
417840,672.0,0.8095238095238095,0.9,0.6283783783783784,,1.0
417868,35.0,0.02857142857142857,0.54,0.24561403508771928,,0.0
417886,59.0,0.15254237288135594,0.8,0.2962962962962963,7900.0,0.0
417901,14.0,0.07142857142857142,0.0,,,1.0
417910,198.0,0.7222222222222222,0.62,,13500.0,0.0
417947,36.0,0.4444444444444444,0.89,0.5882352941176471,,1.0
417983,115.0,0.034782608695652174,0.79,,,0.0
417992,98.0,0.41836734693877553,0.57,1.0,,0.0
418001,279.0,0.3870967741935484,0.7,0.7619047619047619,,0.0
418010,63.0,0.047619047619047616,0.67,0.2727272727272727,,0.0
418029,98.0,0.05102040816326531,0.71,1.0,,0.0
418038,152.0,0.40131578947368424,0.72,,,0.0
418056,129.0,0.3023255813953488,0.68,0.7065217391304348,,0.0
418065,486.0,0.4773662551440329,0.55,1.0,,0.0
418083,97.0,0.6701030927835051,0.52,0.8016528925619835,,0.0
418126,730.0,0.33013698630136984,0.43,0.8705882352941177,10806.0,0.0
418162,508.0,0.7795275590551181,0.65,,,0.0
418171,49.0,0.46938775510204084,0.53,,,1.0
418199,161.0,0.5279503105590062,0.24,,,0.0
418205,281.0,0.1387900355871886,0.22,0.8706896551724138,,0.0
418223,71.0,0.3380281690140845,0.94,,9800.0,0.0
418250,487.0,0.008213552361396304,0.4,,,0.0
418269,63.0,0.6031746031746031,0.85,,,1.0
418278,101.0,0.06930693069306931,0.25,,,0.0
418287,573.0,0.2914485165794066,0.19,,,0.0
418296,702.0,0.46153846153846156,0.22,,,0.0
418302,563.0,0.2699822380106572,0.08,,,0.0
418320,870.0,0.22988505747126436,0.1,,,0.0
418339,129.0,0.1937984496124031,0.15,,,0.0
418348,502.0,0.25697211155378485,0.07,,,0.0
418357,176.0,0.42045454545454547,0.14,,,0.0
418384,28.0,1.0,0.96,,,1.0
418409,52.0,0.17307692307692307,0.53,0.2831858407079646,11558.0,0.0
418427,149.0,0.38926174496644295,0.55,0.8571428571428571,,0.0
418445,45.0,0.0,0.72,0.6545454545454545,13490.0,0.0
418454,452.0,0.06415929203539823,0.68,,,0.0
418463,,,,,,1.0
418481,63.0,0.015873015873015872,0.73,0.75,,0.0
418506,40.0,0.025,0.39,,,0.0
418515,137.0,0.029197080291970802,0.61,,,0.0
418524,61.0,0.01639344262295082,0.72,0.7428571428571429,,0.0
418533,385.0,0.23636363636363636,0.55,,,0.0
418542,112.0,0.20535714285714285,0.66,,,0.0
418560,118.0,0.1271186440677966,0.54,,,0.0
418588,39.0,0.02564102564102564,0.32,0.5636363636363636,,0.0
418603,56.0,0.03571428571428571,0.46,0.23214285714285715,,0.0
418612,37.0,0.10810810810810811,0.7,,,0.0
418658,89.0,0.16853932584269662,0.44,,,0.0
418676,63.0,1.0,1.0,,,0.0
418700,249.0,1.0,1.0,,,1.0
418737,,,,,,1.0
418755,155.0,1.0,0.99,,,0.0
418764,121.0,1.0,1.0,,,0.0
418773,1597.0,1.0,0.96,0.546060606060606,,0.0
418782,201.0,1.0,0.97,,7031.0,1.0
418870,331.0,0.0513595166163142,0.43,,14315.0,0.0
418889,153.0,0.3006535947712418,0.29,,,1.0
418904,,,,,,0.0
418913,18.0,1.0,1.0,,,1.0
418968,195.0,0.8666666666666667,0.63,,,1.0
419022,401.0,0.7256857855361596,0.58,,,1.0
419031,24.0,0.0,0.67,0.19285714285714287,3000.0,0.0
419095,53.0,0.1320754716981132,0.56,,,0.0
419147,52.0,0.4423076923076923,0.5,,,0.0
419156,76.0,0.4342105263157895,0.45,,,1.0
419183,294.0,0.4965986394557823,0.71,,9741.0,1.0
419217,90.0,0.8444444444444444,0.46,0.2647058823529412,,1.0
419226,556.0,0.36151079136690645,0.4,,,0.0
419235,231.0,0.7186147186147186,0.92,,,1.0
419244,82.0,0.4146341463414634,0.7,0.923728813559322,,0.0
419253,268.0,0.3656716417910448,0.64,0.7327586206896551,,0.0
419262,76.0,0.21052631578947367,0.77,0.11538461538461539,,0.0
419271,26.0,1.0,0.97,,,1.0
419280,37.0,0.05405405405405406,0.43,,,1.0
419314,34.0,0.029411764705882353,0.62,,,1.0
419332,21.0,0.2857142857142857,0.14,,,0.0
419341,72.0,0.6805555555555556,0.43,,10075.0,1.0
419411,132.0,0.14393939393939395,0.49,,,1.0
419420,151.0,0.06622516556291391,0.19,,,0.0
419439,64.0,0.0625,0.7,,,0.0
419457,84.0,0.6428571428571429,0.49,,13332.0,1.0
419484,25.0,0.04,0.65,,,0.0
419509,3381.0,0.3253475303164744,0.56,,12660.0,1.0
419536,,,,,,0.0
419572,,,,,7380.0,0.0
419633,62.0,0.5967741935483871,0.71,,,1.0
419660,811.0,0.969173859432799,0.65,,,0.0
419703,688.0,1.0,0.98,,7031.0,0.0
419712,311.0,1.0,0.97,,7031.0,1.0
419721,247.0,1.0,0.98,,7031.0,1.0
420006,869.0,0.44649021864211735,0.86,0.7795275590551181,14328.0,1.0
420024,195.0,0.7384615384615385,0.16,,10947.0,0.0
420042,986.0,0.34989858012170383,0.49,,11880.0,1.0
420103,342.0,0.827485380116959,0.8,,,0.0
420130,488.0,0.6516393442622951,0.6,0.6261682242990654,,0.0
420194,109.0,0.8348623853211009,0.95,,,1.0
420200,209.0,0.07177033492822966,0.35,,,0.0
420246,,,,,,1.0
420255,98.0,1.0,0.88,,,1.0
420307,8244.0,0.2906356137797186,0.64,,16500.0,1.0
420316,755.0,0.4794701986754967,0.84,0.9,12300.0,1.0
420325,68.0,0.0,0.81,1.0,4350.0,0.0
420343,951.0,0.39852786540483703,0.54,,,0.0
420352,73.0,0.1232876712328767,0.15,0.75,12800.0,1.0
420370,594.0,0.9882154882154882,0.94,,,1.0
420398,15921.0,0.5765341373029332,0.28,,2846.0,0.0
420404,668.0,0.28592814371257486,0.71,0.44200626959247646,18048.0,0.0
420431,1028.0,0.6400778210116731,0.61,,2268.0,0.0
420440,1636.0,0.03361858190709047,0.39,,3300.0,0.0
420459,134.0,0.2835820895522388,0.27,,,0.0
420468,336.0,0.2976190476190476,0.37,,,0.0
420495,1763.0,0.633011911514464,0.74,,12049.0,1.0
420501,1585.0,0.16971608832807572,0.75,,15581.0,0.0
420538,1583.0,0.056854074542008845,0.57,,2910.0,0.0
420556,1167.0,0.11139674378748929,0.41,,3168.0,0.0
420608,271.0,0.985239852398524,0.79,,,1.0
420705,,,,,,1.0
420723,458.0,0.09170305676855896,0.59,,3096.0,0.0
420802,,,,,,1.0
420866,206.0,0.3106796116504854,0.5,,13332.0,1.0
420972,,,,,,1.0
420981,355.0,0.38309859154929576,0.92,1.0,,1.0
421009,1954.0,0.49590583418628453,0.7,,10200.0,1.0
421018,1943.0,0.44570252187339165,0.68,,11880.0,1.0
421513,269.0,0.45724907063197023,0.86,,8980.0,0.0
421540,271.0,0.36900369003690037,0.18,,,0.0
421559,138.0,0.6159420289855072,0.45,,,0.0
421586,104.0,1.0,1.0,,,0.0
421610,52.0,0.1346153846153846,0.41,,,1.0
421665,26.0,0.038461538461538464,0.76,,,0.0
421708,832.0,0.46634615384615385,0.84,,13525.0,1.0
421717,38.0,0.10526315789473684,0.63,,,0.0
421771,44.0,0.5454545454545454,0.66,,,0.0
421832,454.0,0.5022026431718062,0.78,,19260.0,0.0
421841,304.0,0.28618421052631576,0.33,0.6971046770601337,26910.0,1.0
421878,258.0,0.7364341085271318,0.62,,,0.0
421896,329.0,1.0,0.93,,,1.0
422020,102.0,0.5196078431372549,0.84,,11565.0,1.0
422190,81.0,0.6419753086419753,0.31,,,0.0
422695,244.0,0.6598360655737705,0.55,,,1.0
422835,416.0,0.7548076923076923,0.8,,,1.0
423120,1226.0,1.0,0.81,,,0.0
423397,49.0,1.0,0.86,,,0.0
423412,26.0,1.0,0.8,,,0.0
423476,219.0,0.726027397260274,,,5796.0,1.0
423582,255.0,0.42745098039215684,0.74,,,0.0
423643,,,,,,1.0
423652,538.0,0.1449814126394052,0.55,,3096.0,0.0
423670,263.0,0.23193916349809887,0.8,0.5714285714285714,12135.0,1.0
423980,2756.0,0.4655297532656023,0.42,,19520.0,1.0
424008,,,,,,1.0
424424,237.0,0.6371308016877637,0.78,,,1.0
425250,146.0,0.5616438356164384,0.67,,,1.0
425393,12.0,1.0,0.0,,,1.0
425870,19.0,0.21052631578947367,0.6,,,0.0
425889,683.0,0.3850658857979502,0.72,,,0.0
425986,243.0,0.16872427983539096,0.76,,8430.0,1.0
426314,10435.0,0.20229995208433157,0.1,0.7592592592592593,5520.0,1.0
427025,1347.0,0.7980697847067557,0.65,,,1.0
427308,167.0,0.0,0.99,0.9508196721311475,,1.0
427335,50.0,0.52,0.46,,,1.0
427663,469.0,0.5650319829424307,0.68,0.3978494623655914,18048.0,0.0
427894,227.0,0.8370044052863436,0.49,,,0.0
427919,172.0,0.9825581395348837,0.7,,,1.0
427973,320.0,0.4875,0.36,,13245.0,0.0
427982,181.0,0.8397790055248618,0.7,,13867.0,0.0
427991,637.0,0.5039246467817896,0.29,,,0.0
428000,187.0,0.5133689839572193,0.15,,17400.0,1.0
428019,302.0,0.4337748344370861,0.17,,,0.0
428037,18.0,0.2777777777777778,,,,1.0
428055,323.0,1.0,0.82,,,1.0
428073,26.0,0.15384615384615385,0.83,,,0.0
428125,84.0,0.7857142857142857,0.88,,,1.0
428143,204.0,0.44607843137254904,0.95,,,1.0
428170,1790.0,0.6346368715083799,0.65,0.6892523364485982,14176.0,0.0
428222,,,,,,0.0
428259,331.0,0.23564954682779457,0.46,,8880.0,0.0
428268,90.0,0.5222222222222223,0.7,,13332.0,1.0
428286,1397.0,0.15032211882605584,0.5,0.43703703703703706,17388.0,1.0
428295,68.0,0.2647058823529412,0.0,0.7804878048780488,,0.0
428329,125.0,0.024,0.73,,10740.0,0.0
428338,,,,,,1.0
428392,1422.0,0.17721518987341772,0.7,,2895.0,0.0
428426,,,,,,0.0
428444,1291.0,0.18512780790085206,0.63,0.435361216730038,17316.0,1.0
429012,44.0,0.29545454545454547,0.0,,70024.0,1.0
429076,,,,,,0.0
429085,,,,,,1.0
429094,,,,,,1.0
429100,130.0,0.5384615384615384,0.91,,,1.0
429128,602.0,0.8056478405315615,0.51,,4004.0,1.0
429599,907.0,0.4046306504961411,0.69,0.43243243243243246,18048.0,0.0
430050,360.0,0.3472222222222222,0.59,,,0.0
430087,1018.0,0.17485265225933203,0.55,,10660.0,0.0
430096,700.0,0.4957142857142857,0.59,,,0.0
430102,103.0,0.4077669902912621,,0.3076923076923077,7560.0,1.0
430148,1148.0,0.07665505226480836,0.81,0.8608923884514436,13095.0,1.0
430157,289.0,0.0657439446366782,0.38,0.9264705882352942,15840.0,0.0
430166,274.0,0.10583941605839416,0.4,0.9583333333333334,15840.0,0.0
430175,893.0,0.5991041433370661,0.69,0.8394366197183099,,0.0
430184,4183.0,0.762849629452546,0.45,,14085.0,0.0
430218,111.0,0.7747747747747747,0.53,,,0.0
430227,132.0,0.5,0.63,,,0.0
430245,315.0,0.8412698412698413,0.94,,,1.0
430254,72.0,0.3055555555555556,0.7,,,1.0
430263,853.0,0.9449003516998827,0.66,0.28939828080229224,18048.0,0.0
430306,84.0,0.11904761904761904,0.37,0.9375,,1.0
430342,252.0,0.6388888888888888,0.47,,,0.0
430351,505.0,0.27722772277227725,0.64,0.4117647058823529,18048.0,0.0
430360,304.0,0.10197368421052631,0.73,0.35294117647058826,18048.0,0.0
430379,699.0,0.38197424892703863,0.74,0.3402985074626866,18048.0,0.0
430388,513.0,0.17153996101364521,0.76,0.35507246376811596,18048.0,0.0
430403,372.0,0.6639784946236559,0.92,0.6263157894736842,,0.0
430421,479.0,0.6075156576200418,0.65,,15500.0,0.0
430485,114.0,0.08771929824561403,0.52,0.9166666666666666,21400.0,1.0
430500,9.0,0.0,0.22,,,0.0
430564,79.0,0.13924050632911392,0.03,,,1.0
430582,386.0,1.0,0.76,,,1.0
430591,,,,,,1.0
430643,19.0,0.3684210526315789,0.0,,,0.0
430670,7.0,1.0,0.3,,5347.0,1.0
430704,92.0,0.08695652173913043,0.5,,4371.0,1.0
430795,337.0,0.03560830860534125,0.12,,,0.0
430810,494.0,0.048582995951417005,0.4,,19560.0,1.0
430847,73.0,0.2876712328767123,0.33,0.8,,0.0
430883,35.0,0.08571428571428572,0.83,,6975.0,0.0
430908,70.0,0.0,0.65,,,0.0
430917,,,,,,1.0
430935,649.0,1.0,0.9,,6550.0,0.0
430971,75.0,0.6933333333333334,0.62,1.0,,0.0
430980,306.0,0.5882352941176471,0.7,,,1.0
430999,157.0,0.9617834394904459,0.88,,,0.0
431017,75.0,0.24,0.29,,,0.0
431026,471.0,0.4840764331210191,0.7,,,1.0
431071,120.0,0.125,0.52,0.8058252427184466,,0.0
431099,145.0,0.2689655172413793,0.49,,,0.0
431105,154.0,0.5194805194805194,0.62,0.8346456692913385,,0.0
431123,463.0,1.0,0.95,,9240.0,1.0
431141,1314.0,0.4535768645357686,0.81,,,0.0
431169,126.0,0.1349206349206349,0.86,,,1.0
431187,37.0,0.16216216216216217,0.37,,,0.0
431196,187.0,0.20320855614973263,0.66,,,0.0
431202,44.0,0.06818181818181818,0.68,,,0.0
431248,1.0,0.0,0.0,,7790.0,1.0
431266,85.0,0.5882352941176471,0.31,,1375.0,0.0
431275,121.0,0.01652892561983471,0.64,1.0,,0.0
431284,55.0,0.2545454545454545,0.38,,,0.0
431309,684.0,1.0,0.92,,8553.0,1.0
431558,345.0,0.2144927536231884,0.41,,,1.0
431594,,,,,,1.0
431600,69.0,0.2463768115942029,0.36,0.2610062893081761,9920.0,1.0
431637,729.0,0.9478737997256516,0.86,,,0.0
431691,34.0,0.058823529411764705,0.43,,,0.0
431707,29.0,0.2413793103448276,0.37,1.0,,1.0
431716,469.0,0.18336886993603413,0.3,,,0.0
431770,66.0,0.2878787878787879,0.36,0.32142857142857145,,0.0
431877,66.0,0.24242424242424243,0.64,,,0.0
431886,1012.0,0.541501976284585,0.73,,,1.0
431929,205.0,1.0,0.19,,6147.0,1.0
431956,73.0,0.9726027397260274,0.78,,,1.0
431965,99.0,0.5656565656565656,0.74,,,0.0
431983,95.0,0.0,0.47,1.0,7900.0,1.0
432074,110.0,0.39090909090909093,0.42,,,0.0
432117,166.0,0.3313253012048193,0.72,,,1.0
432144,,,,,,0.0
432199,1841.0,0.5839217816404129,0.7,0.647887323943662,14940.0,1.0
432214,620.0,0.3241935483870968,0.68,0.7363636363636363,14940.0,1.0
432223,742.0,0.23450134770889489,0.46,,11880.0,0.0
432232,1307.0,0.40627390971690897,0.6,,10680.0,0.0
432241,1013.0,0.11451135241855874,0.57,,11040.0,0.0
432269,144.0,0.9722222222222222,0.61,,,1.0
432302,763.0,0.04325032765399738,0.78,,,1.0
432348,,,,,,0.0
432357,,,,,,0.0
432384,672.0,0.7380952380952381,0.67,,17991.0,1.0
432524,223.0,0.3452914798206278,0.46,0.6341991341991342,18947.0,1.0
432533,2311.0,0.2362613587191692,0.6,0.27574083375188346,18898.0,1.0
433004,113.0,0.23008849557522124,0.18,0.7922077922077922,30700.0,0.0
433013,836.0,0.35406698564593303,0.57,,,1.0
433040,41.0,0.21951219512195122,0.61,0.926829268292683,,0.0
433068,417.0,0.28776978417266186,0.44,,,0.0
433101,1158.0,0.24438687392055267,0.61,,,0.0
433138,431.0,0.04640371229698376,0.23,,,0.0
433165,5.0,0.0,0.78,,,0.0
433174,436.0,0.1651376146788991,0.19,0.2727272727272727,,1.0
433217,,,,,,1.0
433387,17252.0,0.1892534198933457,0.49,,5870.0,0.0
433420,492.0,0.6890243902439024,0.89,,12135.0,0.0
433466,1089.0,0.7226813590449954,0.69,,,0.0
433536,430.0,0.6348837209302326,0.81,0.7758620689655172,10763.0,1.0
433563,621.0,0.18679549114331723,0.6,,14839.0,1.0
433660,10621.0,0.2315224555126636,0.29,0.6989595375722544,4991.0,0.0
433970,452.0,0.024336283185840708,0.61,,,0.0
434016,148.0,0.9594594594594594,0.63,,4060.0,0.0
434034,456.0,0.18859649122807018,0.04,,7894.0,0.0
434052,706.0,0.5453257790368272,0.74,0.35135135135135137,18048.0,1.0
434061,4219.0,0.32021806115193174,0.26,,2252.0,1.0
434122,14.0,0.0,0.67,,,1.0
434140,1000.0,0.608,0.48,,,0.0
434159,652.0,0.7055214723926381,0.71,,,0.0
434274,99.0,0.5252525252525253,0.78,,,0.0
434283,73.0,0.1643835616438356,1.0,,,1.0
434308,674.0,0.5192878338278932,0.78,,,0.0
434317,923.0,0.71397616468039,0.83,,,0.0
434326,47.0,0.14893617021276595,0.49,,,0.0
434344,45.0,0.13333333333333333,0.47,,,1.0
434362,45.0,0.15555555555555556,0.54,,,1.0
434371,,,,,,0.0
434380,76.0,0.7894736842105263,1.0,,,1.0
434414,688.0,0.0,0.9,0.6470588235294118,10700.0,0.0
434432,45.0,0.044444444444444446,0.56,,12300.0,1.0
434441,,,,,,0.0
434469,382.0,0.9973821989528796,0.98,,,1.0
434496,71.0,0.28169014084507044,0.69,,,1.0
434502,120.0,0.4083333333333333,0.95,,,0.0
434520,653.0,0.3675344563552833,0.6,,,0.0
434539,382.0,0.9476439790575916,0.65,1.0,12240.0,1.0
434548,848.0,0.09316037735849056,0.73,0.4481132075471698,18048.0,0.0
434557,470.0,0.6468085106382979,0.67,0.34782608695652173,18048.0,0.0
434566,518.0,0.22586872586872586,0.67,0.35390946502057613,18048.0,0.0
434575,386.0,0.22020725388601037,0.73,0.3548387096774194,18048.0,0.0
434584,288.0,0.6319444444444444,0.23,,2920.0,0.0
434672,26425.0,0.4428003784295175,0.44,,4932.0,0.0
434690,366.0,0.02459016393442623,0.39,0.9380530973451328,15840.0,0.0
434715,,,,,,1.0
434751,117.0,0.8888888888888888,0.82,,3169.0,0.0
434812,60.0,0.7833333333333333,0.73,,12867.0,1.0
434821,561.0,0.6381461675579323,0.63,,15132.0,1.0
434830,202.0,0.26732673267326734,0.49,,,0.0
434900,1147.0,1.0,0.97,,8553.0,0.0
434937,55.0,0.0,0.04,,10000.0,0.0
434946,1759.0,0.43547470153496304,0.56,,10680.0,0.0
434955,1139.0,0.38981562774363476,0.51,,10680.0,1.0
434964,802.0,0.3653366583541147,0.53,,10680.0,0.0
434973,570.0,0.45614035087719296,0.35,,11880.0,0.0
434982,777.0,0.33462033462033464,0.69,,10200.0,1.0
434991,703.0,0.26173541963015645,0.71,,10200.0,1.0
435000,69.0,0.14492753623188406,0.19,,6230.0,1.0
436003,115.0,0.5478260869565217,0.58,,,0.0
436012,814.0,0.9226044226044227,0.5,,,0.0
436021,,,,,,1.0
436030,73.0,1.0,0.47,,,0.0
436067,59.0,0.2711864406779661,0.76,,,0.0
436094,144.0,0.4305555555555556,0.57,,13332.0,1.0
436100,44.0,0.06818181818181818,0.64,,,1.0
436182,356.0,0.13764044943820225,0.38,,11172.0,1.0
436191,892.0,0.22309417040358745,0.6,,11450.0,0.0
436225,541.0,0.6654343807763401,0.7,,,1.0
436261,,,,,,1.0
436270,274.0,0.040145985401459854,,,,0.0
436289,70.0,0.04285714285714286,0.39,,,1.0
436304,2566.0,0.3686671862821512,0.3,,2214.0,0.0
436429,2083.0,0.1315410465674508,0.45,,,1.0
436438,178.0,0.5393258426966292,0.52,,13332.0,0.0
436465,1093.0,1.0,0.96,,8533.0,0.0
436483,571.0,0.4028021015761821,0.71,,13730.0,1.0
436526,125.0,0.888,0.18,,,1.0
436553,389.0,1.0,0.9,,6875.0,0.0
436562,150.0,0.8,,,,1.0
436599,64.0,0.125,0.42,,18495.0,0.0
436614,76.0,0.21052631578947367,0.49,,10130.0,0.0
436632,221.0,0.7647058823529411,0.79,,,1.0
436641,119.0,0.226890756302521,0.72,,,0.0
436650,144.0,0.4236111111111111,0.76,,,1.0
436702,712.0,0.9887640449438202,0.47,,,0.0
436775,166.0,0.2469879518072289,0.46,,,1.0
436784,1335.0,1.0,0.96,,9430.0,1.0
436818,2509.0,0.22638501394978078,0.31,0.6233108108108109,8664.0,0.0
436827,709.0,0.1311706629055007,0.22,0.6608695652173913,8664.0,0.0
436836,1318.0,0.30500758725341426,0.27,0.5286624203821656,8674.0,1.0
436854,68.0,0.07352941176470588,0.41,,,0.0
437042,767.0,0.5436766623207301,0.71,0.4391025641025641,18048.0,0.0
437051,866.0,0.6108545034642032,0.69,0.39172749391727496,18048.0,0.0
437060,456.0,0.5614035087719298,0.69,,9600.0,1.0
437097,848.0,0.12382075471698113,0.0,,11820.0,1.0
437103,8331.0,0.489977193614212,0.37,,2474.0,1.0
437219,723.0,0.5269709543568465,0.73,0.37916666666666665,18048.0,0.0
437237,60.0,0.03333333333333333,0.18,0.8679245283018868,,0.0
437316,365.0,0.11506849315068493,0.27,,30740.0,1.0
437325,500.0,0.08,0.39,,10530.0,0.0
437343,,,,,,1.0
437361,,,,,,1.0
437501,204.0,0.6470588235294118,0.44,,,0.0
437510,,,,,,1.0
437529,436.0,0.4243119266055046,0.41,,,0.0
437556,684.0,0.17690058479532164,0.65,,,1.0
437565,277.0,0.45126353790613716,0.66,,,1.0
437583,218.0,0.3073394495412844,0.88,,,0.0
437608,138.0,1.0,0.21,,,0.0
437635,124.0,0.5403225806451613,0.91,,,1.0
437653,143.0,0.36363636363636365,0.76,,8710.0,1.0
437662,3194.0,0.6458985597996243,0.87,,,1.0
437705,13.0,0.9230769230769231,0.86,0.9473684210526315,,0.0
437723,273.0,0.8901098901098901,0.62,,,1.0
437732,1244.0,0.8215434083601286,0.65,0.9217877094972067,,1.0
437750,659.0,0.08042488619119878,0.34,,13000.0,0.0
437769,559.0,0.7155635062611807,0.72,0.9371069182389937,,0.0
437778,318.0,0.7987421383647799,0.46,,,1.0
437848,1159.0,0.2907679033649698,0.78,0.5911504424778761,14317.0,1.0
437857,171.0,0.0935672514619883,0.54,,,1.0
437884,41.0,0.6585365853658537,0.91,,,1.0
437927,520.0,0.3326923076923077,0.48,1.0,,0.0
437936,1006.0,0.47912524850894633,0.45,0.997134670487106,,1.0
438036,127.0,0.3937007874015748,0.54,,,0.0
438151,3662.0,0.1829601310759148,0.51,,18000.0,0.0
438179,984.0,0.717479674796748,0.74,,,1.0
438197,929.0,0.7158234660925726,0.65,,,0.0
438212,5730.0,0.2595113438045375,0.77,,10816.0,0.0
438258,568.0,0.3890845070422535,0.4,1.0,,0.0
438267,398.0,0.4623115577889447,0.64,,,1.0
438285,577.0,0.36741767764298094,0.82,,,0.0
438294,241.0,0.24066390041493776,0.68,,,0.0
438337,268.0,1.0,0.99,0.8553191489361702,,0.0
438382,531.0,0.23163841807909605,0.41,,10120.0,1.0
438416,681.0,0.2775330396475771,0.74,,11880.0,0.0
438498,1023.0,0.6764418377321603,0.57,,15135.0,0.0
438504,2758.0,0.5112400290065264,0.61,,,0.0
438586,1964.0,0.5712830957230143,0.8,0.9580745341614907,15465.0,1.0
438601,756.0,0.8174603174603174,0.65,0.4342629482071713,15702.0,0.0
438610,848.0,0.4964622641509434,0.63,,12600.0,0.0
438629,131.0,0.25190839694656486,0.56,,12600.0,0.0
438638,1246.0,0.9390048154093098,0.65,,16038.0,0.0
438647,916.0,0.7510917030567685,0.68,0.6940298507462687,11484.0,0.0
438656,1008.0,0.7926587301587301,0.66,0.7982261640798226,,1.0
438665,,,,,,1.0
438674,81.0,0.6172839506172839,0.61,,,1.0
438708,638.0,0.0219435736677116,0.48,,2064.0,0.0
438735,97.0,0.31958762886597936,0.57,,13447.0,1.0
438805,890.0,0.5168539325842697,0.68,,,1.0
438869,391.0,0.43478260869565216,0.77,0.7224669603524229,15118.0,1.0
438887,243.0,0.48559670781893005,0.91,,,0.0
438902,1128.0,0.5700354609929078,0.82,0.7962382445141066,14328.0,1.0
438966,613.0,0.1729200652528548,0.65,0.6666666666666666,12135.0,1.0
438984,193.0,1.0,0.99,,,1.0
439020,,,,,,1.0
439039,550.0,0.34363636363636363,0.64,,,0.0
439057,103.0,0.22330097087378642,0.5,,13332.0,1.0
439084,,,,,,1.0
439118,820.0,0.1329268292682927,0.44,1.0,,0.0
439127,390.0,0.21794871794871795,0.76,,,0.0
439136,547.0,0.3382084095063985,0.57,0.2765957446808511,18048.0,0.0
439145,3411.0,0.1940779829961888,0.32,,3123.0,0.0
439154,,,,,,1.0
439163,4552.0,0.49362917398945516,0.64,0.6913849509269356,14940.0,0.0
439190,2873.0,0.15001740341106856,0.16,,3603.0,0.0
439279,727.0,0.3356258596973865,0.68,,11100.0,0.0
439288,1532.0,0.12989556135770236,0.38,0.7697751873438801,24141.0,1.0
439297,515.0,0.4446601941747573,0.68,,11880.0,0.0
439303,61.0,0.01639344262295082,0.67,,9930.0,0.0
439312,51.0,0.0,0.8,,9930.0,0.0
439330,127.0,0.5511811023622047,0.54,0.47058823529411764,14940.0,1.0
439367,269.0,0.23048327137546468,0.89,,,1.0
439394,,,,,,1.0
439400,61.0,0.9344262295081968,0.48,,,1.0
439437,525.0,0.6152380952380953,0.79,,,0.0
439446,25.0,0.28,0.0,,13590.0,1.0
439455,366.0,0.7486338797814208,0.87,0.8603351955307262,19931.0,0.0
439473,255.0,0.9921568627450981,0.72,,,1.0
439482,255.0,0.6901960784313725,0.93,,13500.0,1.0
439491,144.0,0.3611111111111111,0.82,,14344.0,1.0
439507,412.0,0.33980582524271846,0.85,,,1.0
439525,793.0,0.3026481715006305,0.5,,,0.0
439570,942.0,0.3057324840764331,0.69,,,1.0
439589,50.0,0.38,0.61,,,1.0
439604,30.0,0.1,0.89,,,0.0
439613,232.0,0.4698275862068966,0.86,,12220.0,1.0
439622,146.0,0.273972602739726,0.57,,,0.0
439631,35.0,0.45714285714285713,0.61,,,0.0
439659,,,,,,1.0
439668,76.0,0.4605263157894737,0.34,,,0.0
439686,279.0,0.982078853046595,0.96,,,0.0
439695,57.0,0.3333333333333333,,,,1.0
439701,221.0,0.3393665158371041,0.5,0.7857142857142857,7755.0,1.0
439729,20.0,0.2,0.9,,,0.0
439738,692.0,0.5664739884393064,0.57,,14177.0,1.0
439747,153.0,0.1111111111111111,0.33,,,1.0
439756,16.0,0.0625,0.22,,,0.0
439774,32.0,1.0,0.84,,,1.0
439783,69.0,0.08695652173913043,0.0,,13848.0,0.0
439792,535.0,0.34205607476635513,0.61,,12440.0,0.0
439817,,,,,,0.0
439826,611.0,0.4533551554828151,0.72,,,0.0
439844,78.0,0.02564102564102564,0.5,,,1.0
439862,82.0,0.9634146341463414,0.93,0.7272727272727273,7270.0,0.0
439871,130.0,0.7538461538461538,0.71,,,1.0
439899,82.0,0.04878048780487805,0.54,0.8548387096774194,7755.0,0.0
439905,150.0,0.8266666666666667,0.35,,,0.0
439914,,,,,,1.0
439932,33.0,0.42424242424242425,0.88,,,0.0
439969,43.0,0.8372093023255814,0.59,1.0,10500.0,1.0
439978,135.0,1.0,0.92,,,1.0
439996,84.0,0.5238095238095238,0.71,,,1.0
440004,,,,,,0.0
440031,,,,,,0.0
440059,282.0,0.6205673758865248,0.84,,34720.0,0.0
440077,47.0,0.425531914893617,0.82,,,0.0
440086,368.0,0.421195652173913,0.65,,,0.0
440101,155.0,0.7290322580645161,0.81,,,0.0
440110,595.0,0.37478991596638656,0.61,,,1.0
440129,582.0,0.6357388316151202,0.84,,,1.0
440138,,,,,,0.0
440147,631.0,0.7749603803486529,0.86,0.46184738955823296,14227.0,0.0
440165,924.0,0.11038961038961038,0.7,0.4111111111111111,18048.0,0.0
440174,84.0,0.09523809523809523,0.61,,,0.0
440217,34.0,0.0,0.51,,,0.0
440226,143.0,0.04895104895104895,0.52,,,1.0
440235,61.0,0.5245901639344263,,,,0.0
440244,6166.0,0.07654881608822575,0.49,,3247.0,0.0
440253,,,,,7785.0,0.0
440262,479.0,0.7974947807933194,0.64,,,1.0
440271,463.0,0.8012958963282938,0.82,0.7013422818791947,15150.0,1.0
440299,1162.0,0.8012048192771084,0.78,0.8539325842696629,13572.0,0.0
440305,3537.0,0.15238903025162567,0.58,,4380.0,0.0
440323,587.0,0.44804088586030666,0.72,,,1.0
440332,381.0,0.7637795275590551,0.82,,,1.0
440341,2251.0,0.4864504664593514,0.54,0.43188854489164086,17496.0,1.0
440369,1232.0,0.5016233766233766,0.66,,,1.0
440378,102.0,0.8529411764705882,0.21,,13867.0,0.0
440396,147.0,0.06802721088435375,0.0,0.6981132075471698,9890.0,0.0
440402,2102.0,0.38011417697431016,0.34,,2040.0,0.0
440411,12.0,0.16666666666666666,0.42,,14400.0,0.0
440420,212.0,0.2169811320754717,0.35,,12600.0,0.0
440439,1071.0,0.4257703081232493,0.5,,11640.0,1.0
440448,2644.0,0.4640695915279879,0.56,,11640.0,1.0
440457,543.0,0.2946593001841621,0.64,,11880.0,0.0
440466,540.0,0.0962962962962963,0.66,,10200.0,0.0
440484,1337.0,0.6873597606581899,0.8,0.6530054644808743,14317.0,0.0
440536,1315.0,0.49429657794676807,0.47,0.6586826347305389,14940.0,1.0
440545,972.0,0.21193415637860083,0.58,0.5261437908496732,14940.0,0.0
440572,,,,,,1.0
440581,,,,,,0.0
440590,1664.0,0.23317307692307693,0.56,0.7834645669291339,14940.0,0.0
440624,2490.0,0.4493975903614458,0.44,,2428.0,0.0
440642,766.0,0.5156657963446475,0.69,0.4258064516129032,18048.0,0.0
440651,1395.0,1.0,0.98,,4898.0,0.0
440721,437.0,0.448512585812357,0.26,,,0.0
440730,713.0,0.14305750350631136,0.6,,,0.0
440749,317.0,0.22712933753943218,0.17,,6750.0,0.0
440758,282.0,0.624113475177305,0.56,,12353.0,0.0
440767,803.0,0.44831880448318806,0.81,,13730.0,0.0
440776,20.0,0.75,0.92,,,0.0
440794,297.0,0.6632996632996633,0.54,,13480.0,0.0
440800,47.0,0.0425531914893617,0.02,,17400.0,1.0
440819,143.0,0.15384615384615385,0.03,,17400.0,1.0
440828,573.0,0.07853403141361257,0.53,,6120.0,1.0
440846,283.0,0.23674911660777384,0.39,,,1.0
440855,220.0,0.5863636363636363,0.51,,,1.0
440873,734.0,0.946866485013624,0.39,,10930.0,1.0
440882,382.0,0.4083769633507853,0.65,,11200.0,1.0
440891,478.0,0.3368200836820084,0.69,,10900.0,1.0
440907,776.0,0.9201030927835051,0.63,,,1.0
440916,,,,,,1.0
440925,998.0,0.4779559118236473,0.64,,12600.0,0.0
440952,659.0,0.40364188163884673,0.74,,,0.0
440970,192.0,0.1875,0.61,,,1.0
440989,1336.0,0.9244011976047904,0.73,,,1.0
441016,1145.0,0.8637554585152838,0.69,0.8107476635514018,,1.0
441025,787.0,0.5756035578144854,0.86,0.8211920529801324,15455.0,1.0
441052,1652.0,0.5992736077481841,0.64,,,1.0
441070,153.0,0.8496732026143791,0.25,,2040.0,0.0
441089,2026.0,0.1648568608094768,0.61,,,0.0
441104,,,,,,1.0
441131,,,,,,1.0
441159,,,,,,0.0
441168,138.0,0.2826086956521739,0.81,,,1.0
441186,719.0,0.8678720445062587,,0.4032258064516129,4464.0,0.0
441195,72.0,0.6944444444444444,0.81,,,1.0
441201,166.0,0.25301204819277107,0.87,,12772.0,0.0
441210,240.0,0.3125,0.16,,,1.0
441229,834.0,0.4316546762589928,0.6,,21275.0,0.0
441238,,,,,,0.0
441256,30.0,0.4,0.71,,,1.0
441274,146.0,0.3561643835616438,0.49,,,1.0
441308,,,,,,1.0
441317,21.0,0.3333333333333333,0.19,,,0.0
441335,38.0,0.47368421052631576,0.6,0.336,,1.0
441344,,,,,,0.0
441353,17.0,0.17647058823529413,0.47,0.29411764705882354,,0.0
441362,781.0,0.645326504481434,0.63,,,0.0
441371,706.0,0.18555240793201133,0.58,,,1.0
441380,240.0,0.9583333333333334,0.83,,,1.0
441399,401.0,0.4114713216957606,,,14301.0,0.0
441405,68.0,1.0,0.79,,,1.0
441414,523.0,0.9617590822179732,0.12,,,1.0
441423,403.0,0.9950372208436724,0.91,,,0.0
441432,175.0,0.9714285714285714,0.92,,,0.0
441441,243.0,0.38271604938271603,0.49,,,0.0
441450,,,,,,0.0
441478,39.0,0.23076923076923078,0.0,,8150.0,0.0
441487,222.0,0.02702702702702703,0.54,,16360.0,0.0
441496,132.0,0.4015151515151515,0.53,,13447.0,1.0
441502,379.0,0.36147757255936674,0.91,,15543.0,0.0
441511,359.0,0.924791086350975,0.85,,4900.0,0.0
441548,109.0,0.4954128440366973,0.38,,,0.0
441566,,,,,,0.0
441575,647.0,0.401854714064915,0.89,,,1.0
441584,821.0,0.761266747868453,0.9,,,1.0
441593,52.0,0.057692307692307696,0.79,0.3076923076923077,,0.0
441609,8.0,0.0,0.63,1.0,8000.0,0.0
441618,80.0,0.15,0.6,,,0.0
441627,21.0,0.38095238095238093,0.44,0.23529411764705882,,0.0
441636,241.0,0.34024896265560167,0.43,1.0,20896.0,1.0
441645,137.0,0.06569343065693431,0.41,,,1.0
441663,144.0,0.2638888888888889,0.74,,,0.0
441672,14.0,0.0,0.64,,,0.0
441681,108.0,1.0,0.45,,,0.0
441690,299.0,1.0,0.76,,3150.0,1.0
441706,170.0,1.0,0.91,,9585.0,1.0
441733,11.0,0.18181818181818182,0.64,,,0.0
441742,638.0,0.6238244514106583,0.8,1.0,,1.0
441751,26.0,0.19230769230769232,0.5,0.6666666666666666,8500.0,1.0
441760,3256.0,0.45300982800982803,0.39,,3422.0,1.0
441779,49.0,1.0,0.79,,,1.0
441788,382.0,0.6230366492146597,0.43,,13347.0,1.0
441797,38.0,0.9210526315789473,0.91,,,0.0
441830,46.0,0.021739130434782608,0.41,1.0,,1.0
441858,191.0,0.2670157068062827,0.58,,,0.0
441876,249.0,0.2891566265060241,0.57,,,1.0
441894,71.0,0.056338028169014086,0.95,,,0.0
441900,2988.0,0.38420348058902276,0.28,0.8070652173913043,3563.0,0.0
441919,645.0,0.9007751937984496,0.77,0.671875,,1.0
441928,861.0,0.6318234610917538,0.76,,12385.0,1.0
441937,3617.0,0.2596074094553497,0.36,0.6793540945790081,5070.0,0.0
441955,976.0,0.7715163934426229,0.55,0.3793103448275862,18048.0,0.0
441964,715.0,0.46293706293706294,0.5,0.4444444444444444,18048.0,0.0
441973,2135.0,0.22857142857142856,0.57,0.36920384951881013,18648.0,1.0
441982,346.0,0.0838150289017341,0.09,0.2998236331569665,38425.0,0.0
442000,827.0,0.22007255139056833,,,4380.0,1.0
442037,648.0,0.625,0.74,,,1.0
442046,1113.0,0.9308176100628931,0.87,,,1.0
442064,,,,,,0.0
442073,1176.0,0.6649659863945578,0.66,,,0.0
442134,717.0,0.3207810320781032,0.46,,,1.0
442143,774.0,0.3049095607235142,0.67,,11100.0,1.0
442152,1478.0,0.527063599458728,0.65,,11880.0,1.0
442161,1130.0,0.42123893805309737,0.6,,11040.0,1.0
442170,1387.0,0.2898341744772891,0.69,,10680.0,1.0
442189,549.0,0.37158469945355194,0.22,,11880.0,1.0
442204,74.0,0.06756756756756757,0.83,,,0.0
442213,39.0,0.07692307692307693,0.28,,9507.0,0.0
442222,174.0,0.6839080459770115,0.63,,13332.0,0.0
442231,1508.0,0.5623342175066313,0.62,,15721.0,0.0
442240,320.0,0.18125,0.43,,,1.0
442295,,,,,,0.0
442310,757.0,0.916776750330251,0.75,0.6356589147286822,15750.0,1.0
442329,664.0,0.3674698795180723,0.68,,,1.0
442338,809.0,0.2892459826946848,0.76,0.22524752475247525,18048.0,0.0
442347,572.0,0.527972027972028,0.69,0.30859375,18048.0,0.0
442356,1090.0,0.07247706422018349,0.31,0.39050131926121373,16480.0,1.0
442365,825.0,0.42787878787878786,0.7,0.7214285714285714,14940.0,0.0
442383,316.0,0.02531645569620253,0.89,,11725.0,0.0
442392,,,,,,0.0
442408,397.0,0.5692695214105793,0.34,,10728.0,0.0
442426,261.0,0.22988505747126436,0.76,,26200.0,0.0
442435,32.0,0.5625,0.86,,7850.0,1.0
442444,971.0,0.7425334706488157,0.83,,14880.0,0.0
442462,502.0,0.5358565737051793,0.8,,,0.0
442499,397.0,0.3904282115869018,0.8,0.5,13825.0,1.0
442505,532.0,0.6879699248120301,0.81,0.5980392156862745,13825.0,1.0
442514,,,,,3333.0,1.0
442523,37.0,0.8918918918918919,0.94,,7694.0,0.0
442541,,,,,,0.0
442569,7869.0,0.3466768331427119,0.0,,6390.0,1.0
442578,487.0,0.11704312114989733,0.5,,15660.0,1.0
442602,1116.0,0.660394265232975,0.39,1.0,,1.0
442611,2004.0,0.2564870259481038,0.55,,,0.0
442620,491.0,0.2545824847250509,0.65,0.8321167883211679,,0.0
442639,40.0,0.425,0.37,,10705.0,0.0
442648,747.0,0.5943775100401606,0.8,,,1.0
442657,228.0,0.8991228070175439,0.49,,,0.0
442684,209.0,0.37799043062200954,0.47,,14900.0,0.0
442718,466.0,0.39914163090128757,0.68,,12515.0,1.0
442727,1490.0,0.6758389261744966,0.63,,,1.0
442736,676.0,0.5887573964497042,0.51,,,0.0
442745,847.0,0.6883116883116883,0.53,,13650.0,0.0
442781,207.0,0.9565217391304348,0.36,,1354.0,0.0
442790,1453.0,0.5175498967653132,0.88,,13599.0,1.0
442806,,,,,,1.0
442815,665.0,0.5278195488721804,0.69,,,0.0
442824,2543.0,0.4215493511600472,0.64,0.5892857142857143,14940.0,0.0
442833,9987.0,0.07720036046860919,,1.0,4702.0,1.0
442842,81.0,0.38271604938271603,0.44,,11231.0,1.0
442851,285.0,1.0,0.61,,,1.0
442879,1537.0,0.15354586857514638,0.44,,,1.0
442888,119.0,0.7226890756302521,0.92,,,0.0
442897,116.0,0.3017241379310345,0.52,,8520.0,0.0
442921,,,,,,0.0
442930,966.0,0.6480331262939959,0.69,,,0.0
442949,89.0,0.056179775280898875,0.36,,14471.0,1.0
442958,81.0,0.0,0.77,,,0.0
442967,31.0,0.25806451612903225,0.47,,,1.0
442976,79.0,0.1518987341772152,0.79,,,0.0
442985,125.0,0.464,0.65,,,1.0
443021,169.0,0.9940828402366864,0.67,,,1.0
443030,,,,,,1.0
443049,96.0,0.3645833333333333,0.41,,6585.0,1.0
443058,47.0,0.0851063829787234,0.23,1.0,5310.0,0.0
443076,11.0,0.8181818181818182,0.0,,,0.0
443100,172.0,1.0,0.97,,,0.0
443128,,,,,,1.0
443137,380.0,0.23684210526315788,0.53,,,1.0
443146,211.0,0.981042654028436,0.97,,,1.0
443173,48.0,0.25,0.58,,,0.0
443207,202.0,0.5693069306930693,0.87,0.9904761904761905,,0.0
443216,110.0,0.6454545454545455,0.69,0.9142857142857143,,0.0
443225,76.0,0.4605263157894737,0.47,0.9666666666666667,,0.0
443234,271.0,0.8671586715867159,0.9,,,0.0
443252,668.0,1.0,1.0,,,1.0
443261,268.0,0.4626865671641791,0.59,0.625,,1.0
443270,198.0,0.3434343434343434,0.63,0.672566371681416,14176.0,1.0
443289,79.0,0.26582278481012656,0.55,1.0,,0.0
443298,224.0,0.9821428571428571,0.61,,,1.0
443304,38.0,0.9736842105263158,0.14,,9400.0,1.0
443322,286.0,0.951048951048951,0.83,,,0.0
443331,819.0,0.3052503052503053,0.4,0.564625850340136,33544.0,1.0
443340,315.0,0.031746031746031744,0.49,1.0,8595.0,1.0
443359,210.0,0.9523809523809523,0.74,,,1.0
443368,,,,,,0.0
443377,152.0,0.039473684210526314,0.75,,15026.0,0.0
443410,912.0,0.1162280701754386,0.36,0.3262411347517731,20760.0,0.0
443429,164.0,0.5548780487804879,0.45,,,1.0
443438,560.0,0.5446428571428571,0.98,,14450.0,0.0
443456,95.0,0.29473684210526313,0.54,,11880.0,0.0
443465,91.0,0.1978021978021978,0.62,,10440.0,1.0
443474,1069.0,0.48269410664172124,0.67,,11040.0,1.0
443483,134.0,0.16417910447761194,0.3,,,0.0
443492,2946.0,0.11405295315682282,0.51,,3652.0,0.0
443517,52.0,1.0,0.0,,,1.0
443526,675.0,0.5777777777777777,0.75,0.26047904191616766,18048.0,0.0
443535,543.0,0.16206261510128914,0.71,0.33222591362126247,18048.0,0.0
443544,324.0,0.39814814814814814,0.71,,10500.0,1.0
443553,653.0,0.9647779479326187,0.75,,,1.0
443562,1443.0,1.0,0.96,,5475.0,1.0
443571,82.0,0.8048780487804879,0.94,,,0.0
443599,,,0.0,,,
443605,301.0,0.37209302325581395,0.75,,,1.0
443623,1331.0,0.5657400450788881,0.67,,14662.0,0.0
443632,188.0,0.3404255319148936,0.69,,,0.0
443641,251.0,0.07569721115537849,0.42,,,1.0
443650,631.0,0.20285261489698891,0.87,0.9543726235741445,10080.0,1.0
443669,343.0,0.39067055393586003,0.39,,,0.0
443678,102.0,0.20588235294117646,0.56,,,1.0
443687,820.0,0.8451219512195122,0.87,0.4318181818181818,14227.0,1.0
443696,28.0,0.8571428571428571,0.98,,,1.0
443702,,,,,,0.0
443711,,,,,,1.0
443739,479.0,0.07724425887265135,0.81,,,0.0
443748,901.0,0.6759156492785794,0.69,,13536.0,0.0
443766,2169.0,0.7238358690640848,0.73,,14310.0,1.0
443784,2730.0,0.5439560439560439,0.61,,14085.0,0.0
443827,653.0,0.07197549770290965,0.79,,,1.0
443836,791.0,0.28192161820480405,0.84,,,1.0
443845,1662.0,0.8279181708784596,0.77,,14653.0,1.0
443854,819.0,0.7716727716727717,0.86,,17307.0,1.0
443872,,,,,,0.0
443881,1284.0,0.5054517133956387,0.81,,11040.0,1.0
443890,1216.0,0.4901315789473684,0.76,,10500.0,1.0
443906,172.0,0.29069767441860467,0.65,,11880.0,0.0
443915,,,,,12600.0,0.0
443924,961.0,0.46409989594172735,0.77,,10200.0,1.0
443942,150.0,0.08666666666666667,0.7,,,1.0
443951,168.0,1.0,0.98,,6400.0,1.0
443979,91.0,0.16483516483516483,0.52,,,0.0
443988,,,,,,0.0
443997,416.0,0.3870192307692308,0.57,0.7213114754098361,14940.0,0.0
444015,1539.0,0.8193632228719948,0.67,,,1.0
444024,892.0,0.3755605381165919,0.74,0.7898089171974523,15914.0,1.0
444033,202.0,0.1188118811881188,0.67,0.9354838709677419,14940.0,1.0
444042,1552.0,1.0,0.91,0.9292035398230089,6455.0,0.0
444051,137.0,0.23357664233576642,0.45,,,0.0
444060,450.0,0.7044444444444444,0.75,0.43529411764705883,13825.0,1.0
444079,345.0,0.7072463768115942,0.61,,,1.0
444088,599.0,0.7963272120200334,0.77,,,1.0
444103,,,,,,1.0
444121,466.0,0.259656652360515,0.74,0.6153846153846154,15202.0,0.0
444130,526.0,0.043726235741444866,0.14,,8400.0,0.0
444158,27269.0,0.42572151527375407,0.68,,14960.0,1.0
444167,3926.0,0.41008660213958226,0.69,,7380.0,0.0
444176,421.0,0.6128266033254157,0.5,,,0.0
444194,170.0,1.0,0.79,,6380.0,0.0
444200,456.0,0.6140350877192983,0.73,,,1.0
444219,8836.0,0.20054323223177908,0.18,,644.0,0.0
444228,41.0,0.21951219512195122,0.68,,,0.0
444237,747.0,0.9665327978580991,0.69,,,1.0
444255,638.0,0.32601880877742945,0.88,,15120.0,1.0
444264,134.0,1.0,0.7,0.31511254019292606,,1.0
444282,125.0,0.616,0.73,,,0.0
444291,133.0,0.849624060150376,0.73,,,0.0
444307,103.0,0.3592233009708738,0.66,,,0.0
444316,145.0,0.04827586206896552,0.41,,,1.0
444325,165.0,0.7090909090909091,0.65,,,0.0
444334,177.0,1.0,0.35,,,0.0
444343,225.0,0.92,0.98,,,0.0
444352,229.0,1.0,0.98,,,0.0
444361,48.0,0.3958333333333333,0.34,,,0.0
444370,196.0,0.9897959183673469,0.96,0.9375,,0.0
444389,710.0,0.8816901408450705,0.59,,,1.0
444398,205.0,0.7609756097560976,0.46,,6000.0,1.0
444404,90.0,0.9222222222222223,0.94,,,0.0
444413,115.0,0.0,0.33,1.0,8775.0,1.0
444422,156.0,0.057692307692307696,0.81,,,0.0
444440,152.0,0.618421052631579,0.91,,,1.0
444459,6.0,0.0,0.43,,,1.0
444468,21.0,0.0,0.75,,,0.0
444477,210.0,0.5142857142857142,0.46,,,0.0
444486,267.0,0.2696629213483146,0.64,,,1.0
444510,25.0,0.56,0.96,,,1.0
444529,149.0,0.4697986577181208,0.59,,,0.0
444547,38.0,0.21052631578947367,0.78,,7800.0,1.0
444556,56.0,0.42857142857142855,0.55,1.0,,1.0
444565,370.0,0.5594594594594594,0.46,,16975.0,1.0
444574,160.0,0.81875,0.84,,,1.0
444583,818.0,1.0,0.96,,10350.0,1.0
444592,32.0,0.46875,1.0,,,1.0
444608,41.0,0.12195121951219512,0.75,,,0.0
444626,76.0,1.0,0.1,,,1.0
444635,52.0,0.09615384615384616,0.64,,,0.0
444644,23.0,0.08695652173913043,0.54,0.7586206896551724,,0.0
444653,74.0,0.21621621621621623,0.92,,,0.0
444662,65.0,0.4461538461538462,0.52,,,1.0
444671,212.0,1.0,0.91,,6330.0,0.0
444680,129.0,0.9844961240310077,0.99,,,0.0
444699,,,,,,1.0
444705,32.0,0.40625,0.86,,,0.0
444714,1350.0,0.8066666666666666,0.7,,,0.0
444723,2737.0,0.5020094994519547,0.59,,11880.0,0.0
444732,87.0,1.0,1.0,,,0.0
444750,11.0,0.5454545454545454,0.81,,,0.0
444769,151.0,0.5165562913907285,0.36,1.0,,0.0
444778,74.0,0.8243243243243243,0.65,,7020.0,1.0
444787,35.0,0.2857142857142857,0.62,,,1.0
444796,94.0,0.9787234042553191,0.93,,,0.0
444802,,,,,,0.0
444811,203.0,0.8275862068965517,0.53,,,0.0
444848,,,,,,1.0
444857,33.0,0.12121212121212122,0.51,,,0.0
444866,193.0,0.6528497409326425,0.52,0.630057803468208,,1.0
444884,,,,,,1.0
444893,180.0,0.9444444444444444,0.89,,,1.0
444909,12.0,0.0,0.6,,,0.0
444927,477.0,0.38155136268343814,0.67,0.47701149425287354,17316.0,1.0
444936,37.0,0.43243243243243246,0.98,,,0.0
444945,107.0,0.6074766355140186,0.73,,,1.0
444954,3126.0,0.1017274472168906,0.38,,2856.0,1.0
444972,282.0,0.9148936170212766,0.21,,12867.0,0.0
444990,497.0,0.22334004024144868,0.55,,4800.0,1.0
445009,3223.0,0.1448960595718275,,,6690.0,0.0
445018,1995.0,0.1644110275689223,0.49,,2956.0,0.0
445027,18063.0,0.4794330952776394,0.73,0.8467885607126113,18209.0,0.0
445054,,,,,,1.0
445072,805.0,0.8347826086956521,0.77,0.5303430079155673,14227.0,1.0
445081,704.0,0.13352272727272727,0.59,0.34076433121019106,18048.0,1.0
445090,725.0,0.7806896551724138,0.22,,14350.0,1.0
445115,814.0,0.14987714987714987,0.6,,16590.0,1.0
445124,1090.0,0.163302752293578,0.78,,12825.0,1.0
445133,469.0,0.6695095948827292,0.71,0.8955223880597015,15015.0,1.0
445142,633.0,0.7630331753554502,0.74,,13747.0,1.0
445188,4138.0,0.44659255679072013,0.57,0.9133374898086423,11030.0,0.0
445197,779.0,0.5057766367137355,0.79,,15263.0,1.0
445203,722.0,0.8337950138504155,0.75,0.727979274611399,15042.0,1.0
445212,308.0,0.31493506493506496,0.47,,,0.0
445221,106.0,0.12264150943396226,0.6,,,0.0
445230,1144.0,0.46153846153846156,0.5,,,1.0
445249,440.0,0.4,0.68,0.5614035087719298,15136.0,1.0
445258,418.0,0.37320574162679426,0.76,0.8292682926829268,,0.0
445267,3282.0,0.01675807434491164,0.17,,5550.0,0.0
445276,586.0,0.7167235494880546,0.8,0.6170212765957447,14227.0,0.0
445300,585.0,0.37777777777777777,0.57,,12600.0,0.0
445319,253.0,0.2134387351778656,0.51,,11880.0,0.0
445328,541.0,0.5785582255083179,0.78,,,1.0
445337,453.0,0.037527593818984545,0.7,,,1.0
445346,570.0,0.34035087719298246,0.77,,,1.0
445355,306.0,0.761437908496732,0.54,1.0,,0.0
445364,137.0,0.5547445255474452,0.76,0.8275862068965517,,1.0
445373,509.0,0.5265225933202358,0.66,0.8352272727272727,,0.0
445382,880.0,0.09545454545454546,0.6,0.6590909090909091,,1.0
445391,210.0,0.2761904761904762,0.65,,10200.0,0.0
445407,567.0,0.12169312169312169,0.58,0.8387096774193549,14940.0,0.0
445416,372.0,0.09946236559139784,0.83,,15372.0,1.0
445434,1183.0,0.463229078613694,0.81,,14328.0,0.0
445452,1594.0,0.3851944792973651,0.68,,,0.0
445461,1293.0,0.9071925754060325,0.67,,,1.0
445470,475.0,0.8189473684210526,0.68,0.4748201438848921,14004.0,0.0
445489,70.0,0.9,0.66,,,0.0
445498,73.0,1.0,0.94,,,0.0
445504,92.0,0.5434782608695652,0.78,,,1.0
445531,31.0,0.7096774193548387,0.74,,,1.0
445540,58.0,0.3103448275862069,0.69,,,0.0
445559,354.0,0.1694915254237288,0.54,,12010.0,0.0
445577,440.0,0.4409090909090909,0.73,,,0.0
445601,755.0,0.7788079470198676,0.77,,,1.0
445610,268.0,0.43656716417910446,0.68,,,1.0
445629,140.0,0.03571428571428571,0.46,,,0.0
445638,57.0,0.05263157894736842,0.42,,,0.0
445647,132.0,0.25,0.32,,,0.0
445656,146.0,0.0410958904109589,0.31,,,0.0
445665,251.0,0.7609561752988048,0.56,,,1.0
445674,931.0,0.09559613319011816,0.34,,3504.0,0.0
445683,45.0,1.0,0.97,,,1.0
445692,284.0,0.07394366197183098,0.54,0.869980879541109,23100.0,0.0
445708,2587.0,0.24197912640123695,0.49,0.6718558684624804,24141.0,1.0
445717,2222.0,0.3865886588658866,0.68,,12660.0,1.0
445726,621.0,0.5201288244766505,0.67,,14775.0,0.0
445735,206.0,0.18446601941747573,0.42,,29148.0,0.0
445744,520.0,0.4346153846153846,0.84,,,0.0
445753,535.0,0.8074766355140187,0.55,,13483.0,0.0
445762,189.0,0.5661375661375662,0.63,,13447.0,0.0
445771,590.0,0.6288135593220339,0.6,0.8719211822660099,,0.0
445780,58.0,0.3275862068965517,0.74,,,0.0
445799,1920.0,0.31302083333333336,0.44,,,0.0
445814,852.0,0.39906103286384975,0.69,,,1.0
445832,118.0,0.6949152542372882,1.0,,,1.0
445841,131.0,0.33587786259541985,0.7,,,1.0
445850,175.0,0.8228571428571428,0.77,,,1.0
445869,,,,,,1.0
445896,114.0,0.7543859649122807,0.79,,,1.0
445911,1010.0,0.3217821782178218,0.63,,,0.0
445920,921.0,0.04451682953311618,0.65,,15660.0,0.0
445939,390.0,0.07692307692307693,0.53,1.0,15660.0,0.0
445948,244.0,0.6557377049180327,0.52,,,1.0
445957,389.0,0.4473007712082262,0.39,,,1.0
445984,33.0,1.0,1.0,,,1.0
445993,86.0,0.2558139534883721,0.59,,,0.0
446002,,,,,,0.0
446039,,,,,,1.0
446048,696.0,0.19827586206896552,0.34,0.4422735346358792,18625.0,0.0
446057,200.0,0.05,0.48,,,0.0
446075,67.0,0.208955223880597,0.64,,,0.0
446084,197.0,0.36548223350253806,0.71,,,0.0
446093,201.0,0.5323383084577115,0.91,1.0,,1.0
446109,403.0,0.5533498759305211,0.36,,,0.0
446118,689.0,0.6748911465892597,0.59,,,0.0
446127,236.0,0.2627118644067797,0.69,0.9787234042553191,,0.0
446136,558.0,0.34050179211469533,0.57,,,1.0
446145,55.0,0.23636363636363636,0.43,,,1.0
446154,657.0,0.9634703196347032,,,,1.0
446163,94.0,0.7659574468085106,0.77,,10298.0,1.0
446190,28.0,0.17857142857142858,1.0,,,0.0
446206,10.0,0.2,0.08,,,0.0
446215,59.0,0.4067796610169492,0.78,,,0.0
446224,68.0,0.04411764705882353,0.1,,16895.0,0.0
446233,137.0,0.1386861313868613,0.64,0.6407766990291263,15140.0,0.0
446242,130.0,0.6538461538461539,0.75,,,1.0
446251,101.0,0.1782178217821782,0.56,,,1.0
446260,131.0,0.16793893129770993,0.4,,,1.0
446279,,,,,,0.0
446288,118.0,0.11016949152542373,0.58,,,0.0
446297,28.0,1.0,0.71,,,1.0
446303,90.0,0.6555555555555556,0.37,0.813953488372093,,0.0
446312,67.0,1.0,,,,0.0
446321,77.0,0.07792207792207792,0.49,,,0.0
446349,28.0,0.0,0.64,,6221.0,0.0
446358,50.0,0.84,0.1,,,1.0
446385,108.0,0.2037037037037037,0.15,0.5403225806451613,20970.0,1.0
446394,86.0,1.0,0.15,,4590.0,0.0
446400,300.0,0.8533333333333334,0.87,,,0.0
446419,432.0,0.1736111111111111,0.87,,,1.0
446428,484.0,0.4297520661157025,0.85,,,0.0
446437,267.0,0.700374531835206,0.73,,,1.0
446446,94.0,0.925531914893617,0.69,,13867.0,0.0
446455,49.0,0.04081632653061224,0.07,,,0.0
446464,44.0,0.06818181818181818,0.37,,,1.0
446491,19.0,0.0,0.55,,,0.0
446507,24.0,0.08333333333333333,0.71,,,0.0
446516,70.0,1.0,1.0,,4640.0,0.0
446525,185.0,0.16756756756756758,0.41,,,1.0
446534,60.0,0.48333333333333334,0.91,,,0.0
446543,19.0,0.0,0.68,,,0.0
446552,1357.0,0.5939572586588062,0.74,,,0.0
446561,336.0,0.3125,0.3,0.65,,1.0
446570,49.0,0.9387755102040817,1.0,,,1.0
446589,82.0,0.9878048780487805,0.63,,,0.0
446598,55.0,0.07272727272727272,0.48,,11450.0,1.0
446604,1315.0,0.00532319391634981,0.88,,7000.0,0.0
446613,47.0,1.0,0.53,,8868.0,1.0
446622,,,,,,1.0
446640,304.0,0.22697368421052633,0.37,,19500.0,1.0
446668,753.0,0.21646746347941567,0.65,0.32682926829268294,17441.0,0.0
446677,304.0,0.16447368421052633,0.8,,15790.0,1.0
446701,36.0,0.1388888888888889,0.81,,10200.0,1.0
446710,136.0,0.07352941176470588,0.76,,10200.0,1.0
446729,13.0,0.0,0.69,,11040.0,1.0
446738,803.0,0.4669987546699875,0.43,,11640.0,1.0
446747,418.0,0.38995215311004783,0.5,,11640.0,1.0
446756,443.0,0.45372460496614,0.54,,11880.0,0.0
446765,481.0,0.41995841995842,0.61,,11040.0,0.0
446774,3821.0,0.1523161476053389,0.38,,3072.0,1.0
446783,194.0,0.25773195876288657,0.46,,,0.0
446792,699.0,0.5135908440629471,0.65,,14580.0,0.0
446808,519.0,0.09826589595375723,0.53,,13935.0,0.0
446817,724.0,0.48066298342541436,0.73,,14775.0,1.0
446835,1434.0,0.8619246861924686,0.7,,16468.0,0.0
446844,980.0,0.03775510204081633,0.47,,17771.0,0.0
446853,568.0,0.2975352112676056,0.75,,,1.0
446880,383.0,0.6266318537859008,0.87,,11008.0,1.0
446899,827.0,0.3010882708585248,0.74,0.3920863309352518,18048.0,1.0
446905,570.0,0.45263157894736844,0.78,0.25,18048.0,0.0
446914,1496.0,0.6263368983957219,0.66,0.44016227180527384,18048.0,0.0
446923,563.0,0.7069271758436945,0.83,0.34763948497854075,18048.0,0.0
446932,,,,,,1.0
446978,,,,,,1.0
446996,111.0,0.1891891891891892,0.49,,,0.0
447014,198.0,0.3181818181818182,0.86,,,1.0
447023,554.0,0.4693140794223827,0.58,,,0.0
447050,281.0,0.8362989323843416,0.42,,6300.0,1.0
447069,520.0,0.9,0.79,0.5444015444015444,14575.0,1.0
447102,846.0,0.6737588652482269,0.78,,,1.0
447120,622.0,0.6430868167202572,0.8,,,0.0
447148,216.0,0.6388888888888888,0.73,,,0.0
447157,86.0,0.5232558139534884,0.73,,,1.0
447166,78.0,0.2564102564102564,0.5,,,0.0
447175,122.0,0.7950819672131147,0.76,,,1.0
447209,1060.0,0.4547169811320755,0.63,,,0.0
447218,987.0,0.8318135764944276,0.61,,,0.0
447227,914.0,0.8030634573304157,0.72,0.7731707317073171,,0.0
447236,527.0,0.4857685009487666,0.76,,14500.0,0.0
447245,833.0,0.7298919567827131,0.57,,,0.0
447254,25.0,0.24,0.56,,,0.0
447263,346.0,0.09826589595375723,0.55,0.5894736842105263,22715.0,0.0
447272,151.0,0.5761589403973509,0.61,,13332.0,0.0
447290,1058.0,0.9120982986767486,0.96,,10374.0,1.0
447315,78.0,0.2564102564102564,0.54,,,0.0
447324,141.0,0.3049645390070922,0.51,,,0.0
447333,92.0,0.15217391304347827,0.66,,,1.0
447342,93.0,0.24731182795698925,0.55,,,1.0
447351,590.0,0.6186440677966102,0.93,,13025.0,0.0
447360,292.0,0.3972602739726027,0.53,,3035.0,1.0
447379,138.0,0.39855072463768115,0.7,1.0,,0.0
447388,54.0,0.8703703703703703,0.91,,,1.0
447397,303.0,0.09570957095709572,0.61,0.5454545454545454,12135.0,0.0
447403,1508.0,0.26591511936339524,0.47,,,0.0
447421,451.0,0.19955654101995565,0.77,,13967.0,0.0
447430,101.0,0.4752475247524752,0.38,,,1.0
447449,57.0,0.22807017543859648,0.98,,,0.0
447458,1015.0,0.1891625615763547,0.45,0.7063197026022305,22625.0,0.0
447467,84.0,0.6547619047619048,0.74,,,0.0
447476,175.0,0.24,0.89,,14380.0,0.0
447485,199.0,0.271356783919598,0.65,0.8076923076923077,14940.0,1.0
447494,376.0,0.2074468085106383,0.65,,,1.0
447519,560.0,0.11071428571428571,0.58,,,1.0
447528,227.0,1.0,1.0,,,1.0
447582,3011.0,0.0900033211557622,0.56,,2878.0,0.0
447591,32.0,0.75,0.97,,,1.0
447625,284.0,0.19718309859154928,0.69,,13568.0,1.0
447634,652.0,0.37423312883435583,0.72,,,0.0
447652,809.0,0.5080346106304079,0.73,,11040.0,0.0
447661,388.0,0.18041237113402062,0.5,,10500.0,1.0
447670,650.0,0.04461538461538461,0.64,1.0,15660.0,1.0
447689,5380.0,0.3721189591078067,0.47,,3550.0,0.0
447698,,,,,,1.0
447704,70.0,0.5857142857142857,0.73,,,1.0
447713,113.0,0.37168141592920356,0.14,,,1.0
447722,97.0,0.8041237113402062,0.85,,,0.0
447731,115.0,0.5304347826086957,0.63,,,1.0
447759,311.0,0.9614147909967846,0.72,,14275.0,0.0
447768,1416.0,0.7182203389830508,0.69,,,1.0
447777,136.0,0.40441176470588236,0.74,,,1.0
447795,22.0,0.22727272727272727,0.3,,,1.0
447801,,,,,,1.0
447810,67.0,0.43283582089552236,0.62,0.8,,0.0
447829,60.0,0.8833333333333333,0.79,,,1.0
447838,69.0,0.9855072463768116,0.41,,,1.0
447847,94.0,0.19148936170212766,0.11,0.6590909090909091,59850.0,0.0
447856,143.0,1.0,1.0,,,0.0
447865,30.0,0.9,0.86,,,1.0
447874,203.0,0.08866995073891626,0.43,,,1.0
447883,58.0,0.4827586206896552,0.95,,,1.0
447892,176.0,0.6988636363636364,0.64,,,1.0
447908,43.0,1.0,0.78,,,0.0
447917,58.0,0.3103448275862069,0.75,,,0.0
447935,567.0,0.2998236331569665,0.8,0.8613861386138614,11775.0,0.0
447953,234.0,0.49572649572649574,0.62,0.9052631578947369,9120.0,1.0
447962,194.0,0.4742268041237113,0.63,,,0.0
447971,133.0,0.49624060150375937,0.72,,,0.0
447980,60.0,0.26666666666666666,0.96,,,1.0
447999,213.0,0.07981220657276995,0.23,,,1.0
448008,26.0,0.0,0.74,,,0.0
448017,16.0,0.4375,0.87,,,1.0
448026,97.0,0.05154639175257732,0.39,,,1.0
448035,39.0,0.5897435897435898,0.2,,,1.0
448044,14.0,0.35714285714285715,0.71,,,1.0
448053,101.0,0.0891089108910891,0.86,,,1.0
448071,151.0,0.3708609271523179,0.37,,,1.0
448080,43.0,0.6511627906976745,0.83,,,1.0
448099,30.0,0.1,,,,0.0
448105,53.0,0.41509433962264153,0.69,,,1.0
448114,769.0,0.4668400520156047,0.66,,,1.0
448123,119.0,1.0,0.99,,,0.0
448141,55.0,0.10909090909090909,0.81,,,0.0
448150,165.0,0.21212121212121213,0.73,,,0.0
448196,153.0,0.7777777777777778,0.28,,,1.0
448202,63.0,0.20634920634920634,0.65,,,1.0
448211,92.0,0.967391304347826,0.65,,,1.0
448220,42.0,0.14285714285714285,0.67,,,1.0
448239,119.0,0.025210084033613446,0.48,,,0.0
448248,1004.0,0.0796812749003984,0.02,,,1.0
448257,22.0,0.2727272727272727,0.44,,,0.0
448266,37.0,0.35135135135135137,0.75,,,1.0
448275,24.0,0.041666666666666664,0.6,1.0,,1.0
448284,687.0,0.10043668122270742,0.36,,7825.0,1.0
448309,1903.0,0.7130846032580137,0.65,0.9,9961.0,1.0
448336,,,,,,1.0
448345,1262.0,0.2480190174326466,0.59,,17416.0,1.0
448354,193.0,0.6373056994818653,0.95,,,0.0
448363,665.0,0.4857142857142857,0.92,,13625.0,1.0
448372,144.0,0.3402777777777778,0.73,,13415.0,0.0
448381,,,,,,1.0
448406,291.0,0.7835051546391752,0.56,,,1.0
448415,1053.0,0.48148148148148145,0.75,,14434.0,1.0
448424,82.0,0.36585365853658536,0.57,,,1.0
448433,2024.0,0.5039525691699605,0.57,,,0.0
448442,813.0,0.6457564575645757,0.79,0.425,18048.0,0.0
448451,598.0,0.5702341137123745,0.73,0.29152542372881357,18048.0,0.0
448460,323.0,0.15789473684210525,0.66,0.3484848484848485,18048.0,0.0
448479,978.0,0.25153374233128833,0.8,0.3994252873563218,18048.0,0.0
448488,559.0,0.19499105545617174,0.78,0.3623853211009174,18048.0,0.0
448497,627.0,0.31259968102073366,0.85,0.38943894389438943,18048.0,0.0
448503,514.0,0.3638132295719844,0.78,0.29056603773584905,18048.0,1.0
448512,602.0,0.3504983388704319,0.73,0.3254901960784314,18048.0,1.0
448521,48.0,0.22916666666666666,0.44,,10200.0,1.0
448530,660.0,0.10303030303030303,0.64,,10200.0,1.0
448549,209.0,0.41626794258373206,0.7,,10500.0,0.0
448558,191.0,0.16753926701570682,0.7,,11040.0,1.0
448567,805.0,0.515527950310559,0.59,,10200.0,0.0
448576,1938.0,0.6068111455108359,0.73,0.43418647166361973,18748.0,1.0
448585,509.0,0.22593320235756384,0.68,,12515.0,1.0
448594,3927.0,0.5637891520244461,0.43,,624.0,0.0
448600,484.0,0.08057851239669421,0.61,,8982.0,0.0
448619,192.0,0.6145833333333334,0.74,,,1.0
448628,523.0,0.751434034416826,0.66,0.5817307692307693,14575.0,0.0
448637,,,,,,0.0
448646,66.0,0.4393939393939394,0.75,,,1.0
448655,578.0,0.4809688581314879,0.78,,,1.0
448664,490.0,0.41836734693877553,0.82,,10980.0,1.0
448673,2193.0,0.4683082535339717,0.72,0.9278131634819533,13560.0,1.0
448691,,,,,,1.0
448707,293.0,1.0,0.83,,,0.0
448716,253.0,1.0,0.83,,,1.0
448725,,,,,,1.0
448734,150.0,0.4866666666666667,0.65,,13332.0,1.0
448752,564.0,0.3421985815602837,0.9,,15957.0,1.0
448761,477.0,0.2578616352201258,0.84,,15790.0,1.0
448770,378.0,0.24338624338624337,0.58,,,0.0
448789,1377.0,0.3224400871459695,0.91,,10594.0,1.0
448798,267.0,0.8576779026217228,0.83,,,1.0
448804,350.0,0.09428571428571429,0.45,,9600.0,1.0
448822,28.0,0.35714285714285715,0.29,,12600.0,1.0
448831,73.0,0.3424657534246575,0.59,,12600.0,0.0
448840,3491.0,0.19077628186765969,0.35,0.5237808549066827,4615.0,1.0
448859,134.0,0.22388059701492538,0.66,,14964.0,0.0
448877,174.0,0.13793103448275862,0.6,0.8571428571428571,14940.0,0.0
448895,484.0,0.6425619834710744,0.45,,,0.0
448965,241.0,0.5850622406639004,0.67,,,0.0
448974,327.0,0.3119266055045872,0.75,,,0.0
448983,315.0,0.5682539682539682,0.7,,,0.0
449010,1003.0,0.25324027916251246,0.61,0.3990461049284579,17546.0,1.0
449038,3096.0,0.6537467700258398,0.69,,14085.0,0.0
449074,940.0,0.20957446808510638,0.42,,,1.0
449083,278.0,1.0,1.0,,11800.0,0.0
449092,203.0,1.0,1.0,,11800.0,0.0
449117,557.0,0.5026929982046678,0.75,1.0,10597.0,0.0
449126,345.0,0.08115942028985507,0.85,,12672.0,0.0
449135,280.0,1.0,0.96,,8553.0,0.0
449144,402.0,1.0,0.96,,8553.0,1.0
449153,392.0,1.0,0.96,,8553.0,0.0
449162,110.0,0.32727272727272727,0.61,,,0.0
449171,93.0,0.15053763440860216,0.6,,,0.0
449180,123.0,0.21138211382113822,0.64,,,1.0
449199,133.0,0.06766917293233082,0.7,,,1.0
449205,69.0,0.18840579710144928,0.63,,,0.0
449214,80.0,0.075,0.56,,,1.0
449223,138.0,0.3333333333333333,0.71,,,0.0
449232,148.0,0.25,0.63,,,0.0
449241,83.0,0.14457831325301204,0.6,,,0.0
449250,115.0,0.5826086956521739,0.89,,,1.0
449269,748.0,0.7179144385026738,0.61,0.7389705882352942,,0.0
449278,688.0,0.373546511627907,0.82,,,1.0
449302,25.0,0.24,0.84,,14480.0,0.0
449311,205.0,0.9804878048780488,0.63,,,1.0
449320,975.0,0.6953846153846154,0.63,,,1.0
449339,29746.0,0.3169501781752168,0.16,,6000.0,0.0
449348,95.0,0.9789473684210527,0.28,,4005.0,1.0
449357,91.0,0.46153846153846156,0.72,,,0.0
449366,393.0,0.3384223918575064,0.32,,,1.0
449375,73.0,0.3561643835616438,0.53,,,1.0
449384,78.0,0.10256410256410256,0.12,0.5,24825.0,1.0
449393,133.0,0.8421052631578947,0.61,,,0.0
449409,,,,,,1.0
449418,196.0,0.7244897959183674,0.81,,,1.0
449436,42.0,0.7857142857142857,0.93,,,1.0
449445,171.0,0.6081871345029239,0.64,,,1.0
449454,51.0,0.3333333333333333,0.8,,,0.0
449463,62.0,0.11290322580645161,0.95,1.0,,0.0
449472,118.0,0.17796610169491525,0.69,,,0.0
449481,,,,,,1.0
449490,139.0,0.26618705035971224,0.54,,,0.0
449506,246.0,0.9878048780487805,0.78,0.9285714285714286,,1.0
449515,220.0,0.990909090909091,,0.5,,0.0
449524,109.0,0.4036697247706422,0.87,0.7959183673469388,9840.0,0.0
449533,130.0,0.35384615384615387,0.89,,,1.0
449551,43.0,0.23255813953488372,0.83,,,1.0
449579,,,,,,0.0
449597,79.0,0.34177215189873417,0.44,,,0.0
449603,169.0,0.8165680473372781,0.44,,,0.0
449612,107.0,0.29906542056074764,0.46,0.64,,0.0
449658,103.0,0.0,0.41,0.4647887323943662,8200.0,0.0
449667,51.0,0.0784313725490196,0.35,0.9629629629629629,,0.0
449676,45.0,0.7333333333333333,0.44,,,1.0
449685,48.0,0.7708333333333334,0.67,,5575.0,1.0
449694,184.0,0.005434782608695652,,,,1.0
449700,668.0,0.2155688622754491,0.65,,17400.0,0.0
449719,252.0,0.15873015873015872,0.71,,12370.0,0.0
449728,96.0,0.3854166666666667,0.99,,,1.0
449737,,,,,,0.0
449746,389.0,1.0,0.97,,,0.0
449755,8.0,1.0,0.0,,,0.0
449764,106.0,0.18867924528301888,0.58,0.90625,17400.0,1.0
449773,216.0,0.7175925925925926,0.66,0.7142857142857143,,1.0
449782,34.0,0.5882352941176471,0.71,,,1.0
449791,105.0,0.9047619047619048,0.59,,,1.0
449807,134.0,0.07462686567164178,0.41,,,0.0
449816,535.0,0.08598130841121496,0.13,,,0.0
449825,41.0,0.04878048780487805,0.96,,,0.0
449843,211.0,0.12796208530805686,,,,0.0
449852,61.0,0.3114754098360656,0.83,,,1.0
449861,190.0,0.7368421052631579,0.63,0.7031963470319634,,0.0
449870,61.0,0.14754098360655737,0.2,,8300.0,0.0
449889,,,,,,1.0
449898,616.0,0.45616883116883117,0.63,0.7380952380952381,15285.0,1.0
449904,235.0,0.9319148936170213,0.45,,,1.0
449913,96.0,0.17708333333333334,0.65,,,0.0
449922,,,,,,0.0
449931,1025.0,0.4497560975609756,0.33,0.967741935483871,8115.0,1.0
449940,64.0,0.46875,,,,1.0
449959,214.0,0.3037383177570093,0.44,,,0.0
449968,306.0,0.3464052287581699,0.49,,,1.0
449977,254.0,0.16141732283464566,0.46,,,0.0
449986,252.0,0.25793650793650796,0.44,,,1.0
449995,245.0,0.30612244897959184,0.35,,,0.0
450003,550.0,0.04181818181818182,0.88,,12624.0,0.0
450012,73.0,0.3698630136986301,0.7,,,1.0
450021,379.0,0.45118733509234826,0.68,,14606.0,1.0
450049,728.0,0.10164835164835165,0.64,0.40264026402640263,17488.0,0.0
450058,598.0,0.3795986622073579,0.63,0.6536585365853659,12919.0,0.0
450067,453.0,0.5143487858719646,0.82,0.9849056603773585,11288.0,0.0
450076,664.0,0.891566265060241,0.87,,,0.0
450085,875.0,0.29942857142857143,0.6,0.43248945147679324,17596.0,1.0
450094,1063.0,0.22765757290686736,0.69,0.45857418111753373,18648.0,1.0
450119,242.0,0.2066115702479339,0.77,,14705.0,1.0
450128,354.0,0.6129943502824858,0.64,,14344.0,1.0
450137,1530.0,0.08627450980392157,,,3690.0,0.0
450146,103.0,0.1553398058252427,0.3,1.0,,0.0
450155,365.0,0.4465753424657534,0.73,,,0.0
450173,4078.0,0.40044139283962726,0.63,,,1.0
450182,468.0,0.9551282051282052,0.78,,,0.0
450191,507.0,0.4812623274161736,0.83,,12400.0,1.0
450207,335.0,0.3253731343283582,0.78,0.2926829268292683,18048.0,1.0
450216,624.0,0.5208333333333334,0.68,0.29550827423167847,18048.0,0.0
450225,611.0,0.690671031096563,0.71,0.352,18048.0,0.0
450234,388.0,0.22938144329896906,0.78,0.2987012987012987,18048.0,1.0
450243,706.0,0.9107648725212465,0.82,0.3137254901960784,18048.0,0.0
450252,475.0,0.5073684210526316,0.8,0.28104575163398693,18048.0,1.0
450261,333.0,0.27627627627627627,0.75,0.4044943820224719,18048.0,1.0
450270,512.0,0.25390625,0.77,0.298932384341637,18048.0,0.0
450289,540.0,0.49074074074074076,0.86,,16500.0,1.0
450298,394.0,0.649746192893401,0.55,,14085.0,0.0
450304,,,,,,1.0
450377,814.0,0.7371007371007371,0.7,,14085.0,1.0
450386,400.0,0.17,0.84,1.0,12135.0,0.0
450395,151.0,0.2119205298013245,0.42,,,0.0
450401,322.0,0.16149068322981366,0.66,,,1.0
450429,434.0,0.14746543778801843,0.68,,15660.0,0.0
450438,76.0,0.39473684210526316,0.87,,10707.0,1.0
450447,599.0,0.35392320534223703,0.77,,12800.0,0.0
450456,423.0,0.5106382978723404,0.67,,11040.0,1.0
450465,753.0,0.5511288180610889,0.79,,11900.0,1.0
450474,1273.0,0.5813040062843676,0.75,,11040.0,1.0
450483,105.0,0.38095238095238093,0.68,,11880.0,1.0
450492,530.0,0.20754716981132076,0.75,,10500.0,1.0
450508,199.0,0.4321608040201005,0.72,0.5714285714285714,14940.0,1.0
450517,336.0,0.3482142857142857,0.71,0.7407407407407407,14940.0,1.0
450526,279.0,0.7777777777777778,0.65,,13332.0,1.0
450535,109.0,0.41284403669724773,0.75,,13332.0,1.0
450544,107.0,0.5046728971962616,0.38,,13332.0,1.0
450553,132.0,0.9545454545454546,0.84,,,1.0
450562,246.0,0.6829268292682927,0.49,,,0.0
450571,1342.0,0.09165424739195231,0.74,0.9123287671232877,13560.0,1.0
450580,120.0,0.6083333333333333,0.66,,,1.0
450599,148.0,0.6351351351351351,0.69,,,0.0
450605,132.0,0.4696969696969697,0.6,,,0.0
450614,157.0,0.7006369426751592,0.76,,,0.0
450623,175.0,0.4057142857142857,0.6,,,1.0
450632,136.0,0.0661764705882353,0.29,,,1.0
450641,147.0,0.061224489795918366,0.53,,,0.0
450650,163.0,0.2331288343558282,0.32,,,1.0
450669,114.0,0.8771929824561403,0.84,,,1.0
450678,68.0,0.08823529411764706,0.95,,,0.0
450687,,,,,,1.0
450696,665.0,0.43909774436090226,0.55,1.0,,1.0
450702,806.0,0.20719602977667495,0.47,1.0,,0.0
450720,279.0,0.22939068100358423,0.69,,,1.0
450739,266.0,0.37593984962406013,0.63,,,0.0
450757,136.0,0.014705882352941176,0.32,,,0.0
450766,34.0,0.29411764705882354,0.47,,30110.0,0.0
450775,221.0,0.7285067873303167,0.87,,,1.0
450784,85.0,0.17647058823529413,0.61,,,0.0
450793,148.0,0.18243243243243243,0.52,,,0.0
450809,102.0,0.3137254901960784,0.68,,,1.0
450818,160.0,0.425,0.63,,,1.0
450827,139.0,0.18705035971223022,0.62,,,1.0
450836,114.0,0.3157894736842105,0.76,,,0.0
450845,101.0,0.2376237623762376,0.63,,,1.0
450854,110.0,0.37272727272727274,0.65,,,1.0
450863,103.0,0.2621359223300971,0.68,,,0.0
450872,85.0,0.047058823529411764,0.63,,,0.0
450881,63.0,0.31746031746031744,0.6,,,1.0
450915,,,,,,1.0
450933,13544.0,0.29459539279385705,0.19,,4895.0,0.0
450942,,,,,,1.0
450951,140.0,0.3142857142857143,0.38,,25990.0,1.0
450960,276.0,0.8478260869565217,0.77,,,0.0
450979,3681.0,0.2078239608801956,0.05,,9440.0,0.0
450988,224.0,0.16517857142857142,0.53,,,1.0
450997,96.0,0.9791666666666666,0.91,,,0.0
451006,87.0,0.7471264367816092,0.52,,10200.0,1.0
451015,166.0,0.8614457831325302,1.0,,,1.0
451024,120.0,0.9083333333333333,0.15,,,1.0
451033,21.0,0.19047619047619047,0.13,,,0.0
451042,19.0,0.3684210526315789,0.87,,,0.0
451051,61.0,0.36065573770491804,0.62,,,0.0
451060,283.0,0.3992932862190813,0.7,,13968.0,1.0
451079,,,,,,1.0
451088,130.0,0.5307692307692308,0.7,,,0.0
451097,164.0,0.7804878048780488,0.84,,,1.0
451103,445.0,0.9932584269662922,0.8,,,1.0
451112,48.0,0.8958333333333334,0.88,,,1.0
451121,151.0,0.6821192052980133,0.55,,,0.0
451130,,,,,,0.0
451149,289.0,0.11418685121107267,0.91,,,1.0
451158,176.0,0.2727272727272727,0.68,,,1.0
451167,147.0,0.891156462585034,0.64,,,0.0
451185,,,,,,0.0
451194,47.0,0.0,0.35,,,0.0
451200,27.0,0.1111111111111111,0.42,,15885.0,1.0
451219,33.0,0.12121212121212122,0.56,,,0.0
451228,387.0,0.5891472868217055,0.17,,,1.0
451237,40.0,0.05,0.68,,,1.0
451246,28.0,0.7857142857142857,0.76,,,0.0
451255,52.0,0.3269230769230769,0.8,,,0.0
451264,157.0,0.5159235668789809,0.59,,,0.0
451273,141.0,0.2198581560283688,,,,0.0
451282,291.0,0.44673539518900346,0.66,,,0.0
451291,29.0,0.06896551724137931,0.84,,,0.0
451307,89.0,0.1348314606741573,0.53,,,1.0
451316,58.0,0.05172413793103448,0.63,,,0.0
451325,20.0,0.05,0.33,,,0.0
451334,125.0,0.152,0.61,,,1.0
451343,70.0,0.18571428571428572,0.65,,,0.0
451352,469.0,0.5309168443496801,0.55,0.7555555555555555,,1.0
451361,24.0,0.16666666666666666,0.23,,,0.0
451370,56.0,0.0,0.75,,10000.0,0.0
451389,84.0,0.8452380952380952,,,,0.0
451398,218.0,0.0,0.56,1.0,11800.0,0.0
451404,197.0,0.0,0.93,1.0,5700.0,1.0
451413,188.0,0.30319148936170215,0.38,1.0,14350.0,1.0
451422,132.0,0.29545454545454547,0.58,,,1.0
451431,76.0,0.21052631578947367,0.44,,,0.0
451440,183.0,0.7486338797814208,0.99,,,1.0
451459,86.0,0.29069767441860467,0.23,,,0.0
451468,138.0,0.08695652173913043,0.36,,,1.0
451477,551.0,0.20689655172413793,0.16,,,1.0
451486,19.0,0.0,0.4,,,0.0
451495,59.0,0.2542372881355932,0.63,,,1.0
451501,75.0,1.0,0.94,,,1.0
451510,,,,,,1.0
451529,97.0,0.07216494845360824,0.87,,,0.0
451538,145.0,1.0,0.42,,,1.0
451547,54.0,0.6296296296296297,0.86,,,1.0
451556,616.0,0.8538961038961039,0.91,,12500.0,1.0
451565,200.0,0.42,0.58,,,1.0
451574,60.0,0.08333333333333333,0.6,,,1.0
451583,242.0,0.08677685950413223,0.3,,,1.0
451592,17.0,0.8823529411764706,0.82,,12867.0,0.0
451608,98.0,0.14285714285714285,0.76,,12540.0,1.0
451617,27.0,0.25925925925925924,0.49,,,0.0
451626,91.0,0.32967032967032966,0.74,,,1.0
451635,49.0,0.04081632653061224,0.65,,8875.0,1.0
451644,9.0,0.7777777777777778,0.92,,,0.0
451653,21.0,0.0,0.92,,,0.0
451662,14273.0,0.2747845582568486,0.69,0.7535955385970061,17758.0,1.0
451671,1669.0,0.17555422408627921,0.46,,4547.0,0.0
451680,1096.0,0.26003649635036497,0.41,,4547.0,0.0
451699,1526.0,0.7385321100917431,0.89,,11357.0,1.0
451705,127.0,0.3779527559055118,0.61,,15790.0,1.0
451714,259.0,0.6795366795366795,0.53,,,1.0
451741,850.0,1.0,0.8,0.9043478260869565,5484.0,0.0
451750,942.0,0.4554140127388535,0.71,,15155.0,0.0
451769,1012.0,0.05039525691699605,0.58,,15660.0,0.0
451778,78.0,0.11538461538461539,0.66,,,0.0
451796,879.0,0.2593856655290102,0.63,0.37992831541218636,17388.0,0.0
451802,30.0,0.13333333333333333,0.97,,,0.0
451811,29.0,0.3103448275862069,0.89,,,0.0
451820,1362.0,0.40822320117474303,0.54,0.5160642570281124,17568.0,1.0
451848,798.0,0.37468671679197996,0.59,0.4675324675324675,18748.0,1.0
451857,414.0,0.5917874396135265,0.73,0.7551867219917012,15092.0,0.0
451866,431.0,0.7703016241299304,0.8,0.6102719033232629,15107.0,1.0
451875,298.0,0.6073825503355704,0.61,,11705.0,1.0
451884,465.0,0.5053763440860215,0.81,,12515.0,1.0
451893,106.0,0.9433962264150944,1.0,,,1.0
451909,272.0,0.9338235294117647,0.89,,13370.0,0.0
451918,60.0,0.1,0.71,,,1.0
451936,435.0,0.6,0.71,0.3432203389830508,18048.0,0.0
451945,454.0,0.43392070484581496,0.75,0.3533834586466165,18048.0,0.0
451954,280.0,0.1392857142857143,0.67,0.3673469387755102,18048.0,0.0
451963,411.0,0.36739659367396593,0.79,0.2979591836734694,18048.0,1.0
451972,568.0,0.47007042253521125,0.7,0.3225806451612903,18048.0,1.0
451981,448.0,0.25892857142857145,0.7,0.42788461538461536,18048.0,0.0
451990,457.0,0.5733041575492341,0.79,0.359375,18048.0,0.0
452009,58.0,0.05172413793103448,0.38,,,1.0
452018,595.0,0.25546218487394956,0.62,0.4812206572769953,17668.0,0.0
452027,674.0,0.4836795252225519,0.67,0.42164781906300486,17078.0,1.0
452036,678.0,0.1592920353982301,0.74,,,0.0
452045,464.0,0.3232758620689655,0.61,,,0.0
452054,901.0,0.32297447280799113,0.43,,17714.0,1.0
452063,1046.0,0.4789674952198853,0.58,,13714.0,1.0
452072,60.0,0.13333333333333333,0.77,,,0.0
452081,100.0,0.27,0.88,,,0.0
452090,103.0,0.14563106796116504,0.71,,13332.0,0.0
452106,86.0,1.0,0.72,,1040.0,0.0
452115,1009.0,0.6828543111992071,0.84,0.7222222222222222,14100.0,1.0
452124,658.0,0.3100303951367781,0.47,,13273.0,1.0
452133,1193.0,0.3520536462699078,0.0,,13560.0,1.0
452151,,,,,,1.0
452188,,,,,,1.0
452203,36.0,0.1111111111111111,,,,0.0
452212,7.0,0.14285714285714285,,,,0.0
452230,32.0,0.25,0.0,,,0.0
452258,,,,,,1.0
452373,365.0,0.4904109589041096,0.85,,11175.0,0.0
452382,,,,,,0.0
452461,,,,,,0.0
452470,,,,,,0.0
452504,,,,,,1.0
452522,4.0,0.0,,,,1.0
452540,26.0,0.2692307692307692,0.0,,,0.0
452559,,,,,,0.0
452665,,,,,,0.0
452692,2.0,0.5,,,,0.0
452771,14.0,0.07142857142857142,0.0,,,1.0
452780,13.0,0.0,0.0,,,0.0
452823,,,,,,0.0
452841,140.0,0.8285714285714286,0.56,,,0.0
452948,467.0,0.057815845824411134,0.51,0.6086956521739131,,0.0
452957,,,,,,1.0
452966,,,,,,0.0
452984,22.0,0.045454545454545456,0.0,,,0.0
453075,91.0,0.26373626373626374,0.51,,,0.0
453109,250.0,0.248,0.91,,13700.0,0.0
453127,997.0,0.30090270812437314,0.72,,14085.0,1.0
453163,3680.0,0.7453804347826087,0.71,,14085.0,0.0
453215,679.0,0.605301914580265,0.51,,14085.0,0.0
453297,67.0,0.04477611940298507,0.0,0.8181818181818182,,0.0
453303,,,,,,1.0
453349,541.0,0.20147874306839186,0.82,,,1.0
453455,371.0,0.3288409703504043,0.83,,10489.0,0.0
453464,566.0,0.4416961130742049,0.94,,10489.0,0.0
453473,381.0,0.7900262467191601,0.94,,10489.0,1.0
453482,309.0,0.21035598705501618,0.8,,10489.0,0.0
453507,,,,,,0.0
453516,,,,,,1.0
453552,513.0,0.645224171539961,0.61,,,0.0
453570,35.0,0.2571428571428571,0.51,,,1.0
453613,,,,,,0.0
453631,,,,,,1.0
453640,,,,,,1.0
453677,,,,,,1.0
453747,196.0,0.5204081632653061,0.82,,8140.0,1.0
453756,106.0,0.5566037735849056,0.79,,15057.0,0.0
453774,,,,,,1.0
453792,50.0,0.5,0.0,,,1.0
453817,331.0,0.10876132930513595,0.51,,,0.0
453923,5.0,0.0,0.0,,,0.0
453932,,,,,,1.0
454023,,,,,,0.0
454032,586.0,0.658703071672355,0.12,,,1.0
454069,,,,,,1.0
454078,23.0,0.8695652173913043,0.98,,,1.0
454157,,,,,,0.0
454175,100.0,0.76,0.92,,,0.0
454184,384.0,0.171875,0.3,0.6655031995346131,27350.0,1.0
454193,48.0,0.16666666666666666,,,,0.0
454209,150.0,0.18,0.69,0.8,14940.0,0.0
454218,,,,,,0.0
454227,814.0,0.1855036855036855,0.45,1.0,15180.0,0.0
454236,718.0,0.12116991643454039,0.41,1.0,15830.0,1.0
454245,324.0,0.16358024691358025,0.46,1.0,15180.0,1.0
454263,178.0,0.5056179775280899,0.73,,,0.0
454281,29.0,0.5517241379310345,,,,1.0
454290,74.0,0.6081081081081081,,,,0.0
454306,217.0,0.2073732718894009,0.75,,,1.0
454315,135.0,0.15555555555555556,0.55,,,1.0
454324,99.0,0.5757575757575758,0.75,,,1.0
454333,70.0,0.34285714285714286,0.64,,,0.0
454342,126.0,0.29365079365079366,0.68,,,0.0
454351,159.0,0.389937106918239,0.7,,,1.0
454360,168.0,0.16071428571428573,0.7,,,0.0
454379,139.0,0.1510791366906475,0.7,,,0.0
454388,126.0,0.11904761904761904,0.74,,,0.0
454397,114.0,0.39473684210526316,0.66,,,1.0
454403,102.0,0.9215686274509803,0.79,,,1.0
454412,88.0,0.8181818181818182,0.87,,,0.0
454421,110.0,0.9,0.78,,,0.0
454430,37.0,0.40540540540540543,0.74,,,1.0
454449,29.0,0.13793103448275862,0.63,,,0.0
454458,292.0,0.22945205479452055,0.82,0.5510752688172043,17500.0,1.0
454467,134.0,0.3656716417910448,0.68,,,1.0
454476,117.0,0.26495726495726496,0.69,,,1.0
454485,56.0,0.44642857142857145,0.67,,,1.0
454494,115.0,0.5043478260869565,0.63,,,0.0
454500,120.0,0.30833333333333335,0.47,,,0.0
454519,125.0,0.464,0.8,,,1.0
454528,93.0,0.24731182795698925,0.54,,,1.0
454537,89.0,0.033707865168539325,0.67,,,1.0
454546,244.0,0.5819672131147541,0.4,,,1.0
454555,277.0,0.36823104693140796,0.73,,,1.0
454564,730.0,0.42876712328767125,0.7,,,1.0
454573,293.0,0.7030716723549488,0.42,,,1.0
454582,291.0,0.24054982817869416,0.34,,9960.0,0.0
454591,285.0,0.11578947368421053,0.79,1.0,15660.0,1.0
454607,216.0,0.4074074074074074,0.43,,,0.0
454616,456.0,0.18421052631578946,0.38,,24300.0,1.0
454625,822.0,0.6253041362530414,0.91,0.7202072538860104,12400.0,1.0
454634,797.0,0.3751568381430364,0.69,,,0.0
454652,155.0,0.17419354838709677,0.5,,,1.0
454661,,,,,,0.0
454689,1.0,0.0,0.0,,6845.0,1.0
454698,307.0,0.7003257328990228,0.96,,11400.0,0.0
454704,22.0,1.0,0.9,,,0.0
454713,467.0,0.5481798715203426,,,,1.0
454722,41.0,0.9512195121951219,0.79,,,0.0
454731,75.0,0.4266666666666667,0.57,,,1.0
454740,347.0,0.16138328530259366,0.37,,6714.0,1.0
454759,18.0,1.0,0.71,,,1.0
454768,175.0,0.6457142857142857,0.52,,,0.0
454777,185.0,0.21081081081081082,0.38,,,1.0
454786,285.0,0.35789473684210527,0.71,,,1.0
454795,201.0,0.13432835820895522,0.19,,,0.0
454801,169.0,0.8224852071005917,0.07,,,1.0
454810,43.0,0.06976744186046512,0.46,0.5897435897435898,,1.0
454829,113.0,0.10619469026548672,0.0,,,0.0
454838,,,,,,0.0
454847,96.0,0.3125,0.6,,,0.0
454856,430.0,0.12093023255813953,0.31,0.34615384615384615,15782.0,1.0
454865,231.0,0.5064935064935064,0.43,0.6846153846153846,,1.0
454874,97.0,0.27835051546391754,0.54,,,0.0
454883,445.0,0.39775280898876403,0.61,,,0.0
454892,28.0,0.14285714285714285,0.64,,,0.0
454908,547.0,1.0,0.52,,,1.0
454917,210.0,0.9952380952380953,0.89,,,0.0
454926,226.0,0.5132743362831859,0.52,,,1.0
454935,72.0,0.05555555555555555,0.69,,8100.0,0.0
454944,204.0,0.10784313725490197,0.69,,,0.0
454953,24.0,0.5,0.35,,,1.0
454962,8.0,0.25,0.33,,,0.0
454971,223.0,0.5336322869955157,0.61,,,1.0
454980,73.0,0.2191780821917808,0.45,,,0.0
454999,62.0,0.25806451612903225,0.65,,,1.0
455008,147.0,0.23809523809523808,0.68,,,1.0
455017,46.0,0.17391304347826086,0.32,,,1.0
455026,95.0,0.5473684210526316,0.17,,,0.0
455035,37.0,0.8108108108108109,0.18,,,1.0
455044,,,,,,1.0
455053,128.0,0.875,0.95,,,1.0
455062,28.0,0.17857142857142858,0.68,,,0.0
455071,132.0,0.14393939393939395,0.36,,,0.0
455080,168.0,0.017857142857142856,0.62,,,1.0
455099,,,,,,0.0
455105,73.0,0.0547945205479452,0.36,,,0.0
455114,6277.0,0.13477776007646966,0.54,,4096.0,0.0
455141,225.0,0.31555555555555553,0.53,,,1.0
455169,,,,,,1.0
455178,,,,,,1.0
455187,90.0,1.0,0.0,,,0.0
455196,533.0,0.6923076923076923,0.69,0.7987012987012987,,0.0
455202,213.0,0.1596244131455399,0.29,,,0.0
455211,108.0,0.4351851851851852,0.46,0.9444444444444444,,1.0
455220,43.0,0.3953488372093023,0.96,,,1.0
455239,28.0,0.17857142857142858,0.66,,,0.0
455248,8.0,0.0,0.69,,,1.0
455257,265.0,0.0,0.9,1.0,5700.0,1.0
455266,51.0,0.0784313725490196,,,,0.0
455275,232.0,0.27155172413793105,0.54,,,1.0
455284,278.0,0.1223021582733813,0.53,,,0.0
455293,13.0,0.23076923076923078,0.57,,,0.0
455309,68.0,0.0,,,,1.0
455318,39.0,0.8205128205128205,0.37,,,1.0
455327,66.0,0.3787878787878788,0.87,,,0.0
455336,195.0,0.4,0.29,,,0.0
455345,86.0,0.9418604651162791,0.87,,,0.0
455354,198.0,0.5606060606060606,0.69,0.9495798319327731,,1.0
455363,45.0,0.9555555555555556,,,,0.0
455372,10.0,0.0,0.61,,,1.0
455381,37.0,0.10810810810810811,0.67,,,1.0
455390,276.0,0.9311594202898551,0.23,0.864516129032258,,1.0
455406,,,,,,0.0
455415,19.0,1.0,0.79,,,1.0
455424,142.0,0.176056338028169,0.05,,,0.0
455433,,,,,,1.0
455460,162.0,0.4444444444444444,0.7,0.6041666666666666,,0.0
455479,639.0,0.38028169014084506,0.76,,12720.0,1.0
455488,508.0,0.7716535433070866,0.76,,19092.0,1.0
455497,157.0,0.6114649681528662,0.51,,,1.0
455503,102.0,0.19607843137254902,0.0,,,0.0
455512,2972.0,0.47947510094212653,0.28,,792.0,0.0
455530,809.0,0.449938195302843,0.48,,,1.0
455549,160.0,0.50625,0.87,,15625.0,1.0
455558,225.0,0.7422222222222222,0.9,,17401.0,0.0
455567,365.0,0.7726027397260274,0.37,,9850.0,1.0
455585,318.0,0.06918238993710692,0.63,,15660.0,0.0
455594,,,,,,0.0
455600,875.0,0.11085714285714286,0.82,,11082.0,1.0
455619,386.0,0.4844559585492228,0.85,,9540.0,1.0
455628,226.0,0.8761061946902655,0.87,0.9159533073929961,22068.0,0.0
455646,171.0,0.023391812865497075,0.55,,14150.0,0.0
455655,677.0,0.8360413589364845,0.91,1.0,10848.0,1.0
455664,,,,,,1.0
455673,100.0,0.06,0.79,,9860.0,0.0
455682,,,,,,1.0
455707,55.0,0.2909090909090909,0.76,,14780.0,1.0
455716,562.0,0.6548042704626335,0.78,,15519.0,1.0
455725,133.0,0.38345864661654133,0.46,,,0.0
455734,161.0,0.6521739130434783,0.33,,,0.0
455743,65.0,0.5384615384615384,0.72,0.7941176470588235,,1.0
455752,49.0,0.7346938775510204,0.65,,,1.0
455761,271.0,0.15867158671586715,0.65,,,1.0
455770,60.0,0.06666666666666667,0.43,0.6666666666666666,20469.0,1.0
455789,17.0,0.0,0.96,,,0.0
455798,64.0,0.1875,0.62,,,0.0
455804,,,,,,1.0
455813,,,,,,1.0
455822,48.0,0.6666666666666666,0.89,,,1.0
455831,149.0,1.0,0.9,,,0.0
455840,126.0,0.3333333333333333,0.94,,,1.0
455859,141.0,0.09219858156028368,0.58,,,1.0
455868,36.0,0.3888888888888889,0.56,,,1.0
455877,165.0,0.24848484848484848,0.38,0.7894736842105263,,1.0
455886,129.0,0.4806201550387597,0.58,,,0.0
455895,153.0,0.5816993464052288,0.66,,,0.0
455901,221.0,0.2171945701357466,0.41,,,1.0
455910,34.0,0.058823529411764705,0.49,1.0,,0.0
455929,77.0,0.2857142857142857,0.27,,,1.0
455938,23.0,0.043478260869565216,0.54,,,0.0
455947,184.0,0.043478260869565216,0.4,,,0.0
455956,55.0,1.0,0.98,,,0.0
455965,150.0,0.07333333333333333,0.46,,,1.0
455974,43.0,1.0,0.89,,5080.0,0.0
455983,310.0,0.01935483870967742,0.51,,,0.0
455992,,,,,,0.0
456001,24.0,0.041666666666666664,0.66,,,1.0
456010,169.0,0.21301775147928995,0.43,0.6363636363636364,17571.0,0.0
456029,177.0,0.2824858757062147,0.24,,,1.0
456038,535.0,0.2672897196261682,0.42,,,1.0
456056,694.0,0.760806916426513,0.83,,32800.0,1.0
456065,201.0,0.20398009950248755,0.5,,,0.0
456074,152.0,0.125,0.5,,,1.0
456092,113.0,0.20353982300884957,0.72,,,1.0
456117,115.0,0.20869565217391303,0.72,,8982.0,0.0
456126,87.0,0.8045977011494253,0.57,,,0.0
456135,119.0,0.4789915966386555,0.79,,,0.0
456144,105.0,0.21904761904761905,0.38,,,1.0
456153,141.0,0.5886524822695035,0.41,,,1.0
456171,,,,,,1.0
456180,267.0,0.5917602996254682,0.95,,13471.0,1.0
456199,,,,,,1.0
456205,587.0,0.8262350936967632,0.93,,10263.0,1.0
456214,310.0,0.8548387096774194,0.62,,,1.0
456250,280.0,0.48214285714285715,0.71,,,0.0
456269,3.0,0.0,,,,1.0
456278,844.0,0.7428909952606635,0.97,,11750.0,1.0
456287,154.0,0.06493506493506493,0.52,,,0.0
456296,2117.0,0.4067076051015588,0.76,,12600.0,0.0
456302,581.0,0.2117039586919105,0.68,,,0.0
456311,639.0,0.6619718309859155,0.74,,13068.0,1.0
456320,967.0,0.25542916235780766,0.65,,,0.0
456339,653.0,0.5895865237366003,0.77,,,1.0
456348,5351.0,0.41581012894786024,0.81,,19812.0,1.0
456357,681.0,0.03671071953010279,0.72,,14434.0,0.0
456366,498.0,0.14457831325301204,0.79,,14434.0,1.0
456375,214.0,0.3364485981308411,0.86,,14434.0,0.0
456384,78.0,0.2692307692307692,,,,0.0
456393,214.0,0.8271028037383178,0.74,0.2222222222222222,18048.0,0.0
456409,303.0,0.06930693069306931,0.85,0.48484848484848486,18048.0,1.0
456418,312.0,0.08974358974358974,0.84,0.2807017543859649,18048.0,0.0
456427,445.0,0.5168539325842697,0.7,0.416289592760181,18048.0,0.0
456436,288.0,0.5243055555555556,0.75,0.323943661971831,18048.0,0.0
456445,386.0,0.6606217616580311,0.83,0.358695652173913,18048.0,1.0
456454,249.0,0.18072289156626506,0.66,,16160.0,0.0
456481,96.0,0.9895833333333334,0.54,,11820.0,0.0
456490,167.0,0.9880239520958084,0.65,1.0,10920.0,0.0
456506,75.0,0.28,0.96,,,1.0
456515,66.0,0.22727272727272727,0.84,,,1.0
456542,,,,,,1.0
456551,72.0,0.0,0.33,,,1.0
456560,67.0,0.13432835820895522,0.24,,,0.0
456588,43.0,0.8372093023255814,0.86,,,0.0
456597,141.0,0.41134751773049644,0.77,,,0.0
456612,530.0,0.2792452830188679,0.84,,9888.0,1.0
456621,262.0,0.0916030534351145,0.67,,14085.0,0.0
456630,124.0,0.14516129032258066,0.6,,14085.0,0.0
456667,676.0,0.4334319526627219,0.75,,14085.0,0.0
456719,162.0,0.6234567901234568,0.7,,,0.0
456728,79.0,0.5063291139240507,0.7,,,1.0
456737,117.0,0.2564102564102564,0.69,,,1.0
456746,124.0,0.12096774193548387,0.59,,,0.0
456755,59.0,0.3728813559322034,0.69,,,0.0
456764,146.0,0.4452054794520548,0.64,,,1.0
456773,98.0,0.7244897959183674,0.75,,,1.0
456782,545.0,0.04954128440366973,0.66,,15660.0,0.0
456791,697.0,0.7517934002869441,0.9,,10124.0,1.0
456807,368.0,0.07336956521739131,0.6,,15660.0,0.0
456816,719.0,0.02920723226703755,0.71,,15660.0,1.0
456825,123.0,0.14634146341463414,0.49,,,0.0
456834,188.0,0.43617021276595747,0.7,,15660.0,1.0
456852,694.0,0.7190201729106628,0.95,,14880.0,0.0
456861,810.0,0.9382716049382716,0.68,,,1.0
456870,1122.0,0.5971479500891266,0.77,,,0.0
456889,434.0,0.695852534562212,0.76,,,1.0
456898,665.0,0.46766917293233085,0.74,,,1.0
456904,743.0,0.5383580080753702,0.8,,,0.0
456913,706.0,0.19121813031161472,0.71,,,1.0
456922,941.0,0.8937300743889479,0.69,,,1.0
456931,1214.0,0.8097199341021417,0.72,,,1.0
456940,482.0,0.6659751037344398,0.3,,12700.0,1.0
456959,143.0,0.11888111888111888,0.31,0.514745308310992,12102.0,1.0
456968,55.0,0.14545454545454545,0.5,,,1.0
456977,216.0,0.9861111111111112,1.0,,12086.0,0.0
456995,166.0,0.18674698795180722,0.78,,14346.0,0.0
457004,132.0,0.6363636363636364,0.87,,10489.0,1.0
457013,353.0,0.5524079320113314,0.82,,,1.0
457022,307.0,0.6612377850162866,0.91,0.7777777777777778,10400.0,1.0
457031,56.0,0.07142857142857142,0.35,,,0.0
457068,206.0,0.529126213592233,0.4,,,0.0
457077,305.0,0.5704918032786885,0.49,,,1.0
457086,183.0,0.39344262295081966,0.74,,,1.0
457095,105.0,0.4,,0.2857142857142857,,1.0
457101,287.0,0.25435540069686413,0.2,1.0,,1.0
457110,204.0,0.14705882352941177,0.37,1.0,,1.0
457129,174.0,0.3333333333333333,0.55,1.0,15220.0,1.0
457174,374.0,0.8181818181818182,0.73,0.7811158798283262,,0.0
457183,73.0,0.1232876712328767,0.0,,27410.0,0.0
457192,17.0,1.0,0.12,,,1.0
457208,49.0,0.7346938775510204,0.84,,,0.0
457217,17.0,0.9411764705882353,1.0,,,1.0
457226,107.0,0.17757009345794392,0.23,,17040.0,1.0
457235,38.0,0.6578947368421053,0.0,,,1.0
457244,234.0,0.3034188034188034,0.45,0.9210526315789473,,0.0
457253,51.0,0.9019607843137255,0.79,,,0.0
457262,147.0,0.7074829931972789,0.71,,6975.0,0.0
457271,,,,,,1.0
457280,299.0,0.6755852842809364,0.87,,,1.0
457299,123.0,0.34146341463414637,0.59,,,1.0
457305,36.0,0.9166666666666666,0.95,,,1.0
457314,100.0,0.5,0.77,,,0.0
457323,259.0,0.33976833976833976,0.58,,,1.0
457332,22.0,0.045454545454545456,0.48,,17240.0,0.0
457341,114.0,0.12280701754385964,0.3,,,0.0
457350,34.0,0.14705882352941177,0.33,,,1.0
457369,5.0,1.0,,,,0.0
457378,79.0,0.12658227848101267,0.4,,,0.0
457387,278.0,0.9388489208633094,0.1,,2610.0,0.0
457396,91.0,0.45054945054945056,0.8,,,0.0
457402,36.0,0.9722222222222222,0.45,,7410.0,0.0
457411,106.0,0.7075471698113207,0.64,,13447.0,1.0
457420,122.0,0.16393442622950818,0.43,,,0.0
457439,12.0,0.08333333333333333,0.65,,,0.0
457448,148.0,0.20945945945945946,0.7,,,0.0
457457,16.0,0.875,1.0,,,0.0
457466,56.0,0.9821428571428571,0.81,,,1.0
457475,102.0,0.1568627450980392,0.57,0.9423076923076923,16050.0,0.0
457484,89.0,0.4943820224719101,0.29,0.37777777777777777,6392.0,1.0
457493,22.0,0.2727272727272727,0.81,,10000.0,0.0
457509,58.0,0.1206896551724138,0.6,,,0.0
457518,,,,,,1.0
457527,285.0,0.34035087719298246,0.27,1.0,,0.0
457536,179.0,0.6368715083798883,0.17,,,1.0
457545,135.0,0.11851851851851852,0.55,,,1.0
457554,25.0,0.0,0.7,,,0.0
457563,162.0,0.12345679012345678,0.34,,,1.0
457572,118.0,0.0423728813559322,0.56,,,1.0
457581,130.0,0.1076923076923077,0.58,,,1.0
457590,23.0,1.0,0.97,,,1.0
457606,64.0,0.640625,0.92,,,0.0
457615,19.0,0.05263157894736842,0.39,,,0.0
457624,24.0,0.041666666666666664,0.52,,,0.0
457633,87.0,0.05747126436781609,0.45,,,1.0
457642,76.0,0.17105263157894737,0.3,,,0.0
457651,132.0,0.08333333333333333,0.33,,,0.0
457660,38.0,0.15789473684210525,,,,0.0
457679,36.0,0.08333333333333333,0.37,,,0.0
457688,262.0,0.2824427480916031,0.09,,,1.0
457697,89.0,0.3146067415730337,0.31,,5000.0,1.0
457703,101.0,0.9702970297029703,0.7,,,1.0
457712,35.0,0.37142857142857144,0.82,,,1.0
457721,11.0,0.0,0.57,,,0.0
457730,261.0,0.3371647509578544,0.4,,,0.0
457749,99.0,0.1111111111111111,0.62,,,1.0
457758,101.0,0.9702970297029703,0.85,,,1.0
457767,148.0,0.9864864864864865,0.98,,13100.0,0.0
457776,87.0,0.6206896551724138,0.54,,,1.0
457785,85.0,0.18823529411764706,0.59,,,1.0
457794,54.0,0.0,0.77,,4500.0,1.0
457800,230.0,0.6347826086956522,0.1,,,1.0
457819,667.0,0.2683658170914543,0.13,,,1.0
457828,88.0,0.9659090909090909,0.0,,,1.0
457837,84.0,0.14285714285714285,0.47,,,1.0
457846,47.0,0.06382978723404255,0.59,,,1.0
457855,127.0,0.29133858267716534,0.49,,,1.0
457864,88.0,0.045454545454545456,0.55,0.7232142857142857,,0.0
457873,142.0,0.04225352112676056,0.06,,,0.0
457882,16.0,1.0,,,,0.0
457891,24.0,0.2916666666666667,0.65,,,0.0
457907,59.0,0.01694915254237288,0.07,,,0.0
457916,70.0,0.07142857142857142,0.49,,,0.0
457925,27.0,0.2222222222222222,0.33,0.8,8775.0,1.0
457934,,,,,,1.0
457943,43.0,0.0,0.33,,,0.0
457952,173.0,0.15606936416184972,0.45,,,0.0
457961,30.0,0.13333333333333333,0.32,,,1.0
457970,6.0,1.0,1.0,,8800.0,0.0
457989,57.0,0.5614035087719298,0.88,,,0.0
457998,36.0,0.4166666666666667,0.94,,,0.0
458007,165.0,0.030303030303030304,0.71,,,0.0
458016,81.0,0.8518518518518519,0.78,,,1.0
458025,10.0,1.0,0.0,,,1.0
458034,56.0,0.35714285714285715,0.55,,,1.0
458043,110.0,0.13636363636363635,0.52,,,0.0
458052,83.0,0.3253012048192771,0.31,,,1.0
458061,138.0,0.21014492753623187,0.96,,,0.0
458070,209.0,0.14832535885167464,0.53,,,1.0
458089,30.0,0.6333333333333333,0.9,,,1.0
458098,111.0,0.1981981981981982,0.4,,,0.0
458104,59.0,0.01694915254237288,0.46,,,1.0
458113,76.0,0.40789473684210525,0.32,,4525.0,1.0
458122,23.0,0.21739130434782608,0.78,,,0.0
458131,325.0,0.0,0.42,1.0,,1.0
458140,58.0,0.0,0.33,,11975.0,0.0
458159,,,,,,0.0
458168,102.0,0.049019607843137254,0.51,,,0.0
458177,79.0,0.3670886075949367,0.59,,,1.0
458186,362.0,0.1132596685082873,0.75,,,0.0
458195,38.0,0.2631578947368421,0.92,,,1.0
458201,,,,,,0.0
458210,998.0,0.20240480961923848,0.39,0.4225352112676056,36387.0,1.0
458229,616.0,0.2905844155844156,0.46,0.3582089552238806,33544.0,1.0
458238,118.0,0.7372881355932204,0.79,,,0.0
458247,62.0,0.8548387096774194,0.87,,,1.0
458256,869.0,0.7963176064441887,0.89,,12400.0,1.0
458265,560.0,0.22678571428571428,0.59,,,0.0
458274,348.0,0.5229885057471264,0.55,,,1.0
458283,659.0,0.1638846737481032,0.75,,,1.0
458292,61.0,0.06557377049180328,0.67,,,1.0
458308,39.0,0.358974358974359,0.63,,,1.0
458317,79.0,0.34177215189873417,0.69,,,1.0
458326,62.0,0.1935483870967742,0.76,,,1.0
458335,133.0,0.19548872180451127,0.7,,,0.0
458344,89.0,0.33707865168539325,0.73,,,0.0
458353,67.0,0.23880597014925373,0.68,,,1.0
458362,111.0,0.34234234234234234,0.66,,,0.0
458371,466.0,0.19313304721030042,0.8,,,1.0
458380,320.0,0.725,0.87,,15625.0,1.0
458399,55.0,0.9454545454545454,0.86,,,1.0
458405,634.0,0.805993690851735,0.89,0.8523206751054853,10305.0,1.0
458414,1465.0,0.9344709897610921,0.99,,,1.0
458423,13.0,0.3076923076923077,0.53,,,1.0
458432,99.0,0.10101010101010101,1.0,1.0,12135.0,0.0
458441,313.0,0.6869009584664537,0.92,,10410.0,1.0
458469,677.0,1.0,0.94,0.8618421052631579,6455.0,1.0
458478,298.0,0.6308724832214765,0.49,,18448.0,0.0
458487,192.0,0.11979166666666667,0.67,,,0.0
458496,248.0,0.5120967741935484,0.61,0.43214285714285716,17596.0,1.0
458502,391.0,0.80306905370844,0.9,,15245.0,0.0
458511,,,,,,1.0
458520,147.0,0.0,,,,0.0
458548,,,,,,1.0
458557,354.0,0.22033898305084745,0.92,,16320.0,1.0
458575,,,,0.6428571428571429,11028.0,1.0
458584,,,,,,1.0
458593,544.0,0.8566176470588235,0.9,0.5772357723577236,16760.0,0.0
458609,600.0,0.3616666666666667,0.9,,10790.0,1.0
458618,508.0,0.11220472440944881,0.87,,12928.0,0.0
458627,307.0,0.8013029315960912,0.95,,,0.0
458636,255.0,0.49019607843137253,0.95,,12317.0,0.0
458645,209.0,0.7177033492822966,0.89,,,0.0
458654,518.0,0.5482625482625483,0.79,,10219.0,1.0
458663,562.0,0.7615658362989324,0.87,,15321.0,0.0
458672,29.0,1.0,0.56,,,0.0
458681,135.0,0.5777777777777777,0.73,,20100.0,0.0
458690,511.0,0.6966731898238747,0.69,,,1.0
458706,335.0,0.6447761194029851,0.78,,,1.0
458715,23.0,0.43478260869565216,0.74,,,1.0
458724,,,,,,1.0
458733,290.0,0.15172413793103448,0.68,,15660.0,0.0
458742,248.0,0.08064516129032258,0.52,,15660.0,0.0
458751,215.0,0.08837209302325581,0.66,,15660.0,0.0
458760,338.0,0.20118343195266272,0.64,,15660.0,0.0
458779,365.0,0.049315068493150684,0.72,,15660.0,0.0
458797,231.0,0.9783549783549783,0.82,,,0.0
458803,113.0,0.7345132743362832,0.76,,,1.0
458812,65.0,0.2153846153846154,0.52,,,0.0
458821,80.0,0.8125,0.81,,,1.0
458830,79.0,0.6329113924050633,0.74,,,0.0
458849,44.0,0.7272727272727273,0.67,,,0.0
458858,42.0,0.8809523809523809,0.92,,,0.0
458867,206.0,0.8932038834951457,0.86,,,0.0
458876,,,,,,1.0
458885,289.0,0.754325259515571,0.75,,14085.0,1.0
458894,,,,,,0.0
458900,,,,,,0.0
458919,5227.0,0.8193992730055482,0.73,,14085.0,0.0
458928,,,,,,1.0
458937,133.0,0.7142857142857143,0.83,,14085.0,1.0
458946,,,,,,0.0
458955,211.0,0.933649289099526,0.87,,14085.0,1.0
458964,2258.0,0.6758193091231178,0.68,,14085.0,1.0
458973,274.0,0.6715328467153284,0.59,,14085.0,1.0
458982,185.0,0.6054054054054054,0.66,0.4393939393939394,17618.0,1.0
458991,534.0,0.06179775280898876,0.73,1.0,15660.0,0.0
459000,151.0,0.9602649006622517,0.83,,,1.0
459019,131.0,0.9083969465648855,0.78,,,1.0
459028,61.0,0.9508196721311475,0.69,,,1.0
459037,126.0,0.9603174603174603,0.78,,,1.0
459046,82.0,0.8902439024390244,0.82,,,1.0
459055,25.0,0.44,0.71,,,0.0
459064,112.0,0.6071428571428571,0.78,,,0.0
459073,55.0,0.9818181818181818,0.78,,,1.0
459082,,,,,,1.0
459091,34.0,0.3235294117647059,0.62,,14760.0,0.0
459107,96.0,0.90625,0.89,,15220.0,1.0
459116,131.0,0.15267175572519084,0.44,,,1.0
459125,23.0,0.5652173913043478,0.82,,,0.0
459134,44.0,0.9318181818181818,0.36,,12105.0,1.0
459143,63.0,0.1746031746031746,0.34,,,0.0
459152,103.0,0.20388349514563106,0.37,,,1.0
459161,119.0,0.2689075630252101,0.19,,,1.0
459170,85.0,0.9882352941176471,0.98,0.7714285714285715,,1.0
459189,129.0,0.5426356589147286,0.47,,,0.0
459198,89.0,0.3258426966292135,0.7,,,1.0
459204,613.0,0.200652528548124,0.29,,21434.0,0.0
459213,408.0,0.36764705882352944,0.67,,,1.0
459222,,,,,,1.0
459231,217.0,0.1935483870967742,0.34,,,0.0
459240,21.0,0.14285714285714285,,0.375,,1.0
459259,272.0,0.6580882352941176,0.74,0.7575757575757576,15285.0,0.0
459268,156.0,0.6858974358974359,0.7,0.5894736842105263,15285.0,1.0
459277,309.0,0.11974110032362459,0.5,0.5838150289017341,,1.0
459286,194.0,0.030927835051546393,0.57,,,1.0
459295,114.0,0.11403508771929824,0.47,,,1.0
459301,114.0,0.2631578947368421,0.57,,,0.0
459310,18.0,1.0,1.0,,6200.0,1.0
459329,139.0,0.14388489208633093,0.21,,,0.0
459338,69.0,1.0,0.56,,,0.0
459347,56.0,0.3392857142857143,0.38,,,0.0
459356,1006.0,0.04473161033797217,0.14,,,0.0
459365,38.0,0.13157894736842105,0.78,,,0.0
459374,35.0,0.08571428571428572,0.73,,,0.0
459383,,,,,,1.0
459392,88.0,0.045454545454545456,0.6,,,1.0
459408,70.0,0.14285714285714285,0.24,,,0.0
459417,32.0,0.09375,0.34,0.9696969696969697,13855.0,1.0
459426,57.0,0.14035087719298245,0.65,,,1.0
459435,36.0,0.3055555555555556,0.29,,6000.0,1.0
459444,62.0,0.9193548387096774,0.82,,10775.0,0.0
459453,81.0,0.1728395061728395,0.38,,,0.0
459462,262.0,0.37786259541984735,0.5,,,1.0
459471,17.0,0.11764705882352941,0.63,,,0.0
459480,41.0,0.024390243902439025,0.57,,,0.0
459499,18.0,0.05555555555555555,0.59,,,1.0
459505,,,,,,1.0
459514,35.0,0.8285714285714286,0.62,,,1.0
459523,23.0,0.13043478260869565,0.4,,,0.0
459532,170.0,0.9470588235294117,0.88,,,1.0
459541,44.0,0.045454545454545456,0.61,,,0.0
459550,101.0,0.13861386138613863,0.27,,,1.0
459569,8.0,0.25,0.45,,,1.0
459578,154.0,0.07792207792207792,0.43,,,1.0
459587,229.0,0.43231441048034935,0.69,0.36423841059602646,18048.0,0.0
459596,255.0,0.6705882352941176,0.64,0.3977272727272727,18048.0,1.0
459602,175.0,0.35428571428571426,0.78,0.37267080745341613,18048.0,0.0
459611,166.0,0.37349397590361444,0.83,0.35802469135802467,18048.0,0.0
459620,86.0,0.1744186046511628,0.78,0.36283185840707965,18048.0,1.0
459639,204.0,0.5245098039215687,0.72,0.31958762886597936,18048.0,0.0
459648,172.0,0.06976744186046512,0.82,0.47058823529411764,18048.0,0.0
459657,210.0,0.7714285714285715,0.65,0.33183856502242154,18048.0,0.0
459666,113.0,0.6548672566371682,0.66,0.4583333333333333,18048.0,1.0
459675,263.0,0.33079847908745247,0.67,0.33783783783783783,18048.0,1.0
459684,343.0,0.8425655976676385,0.75,0.32407407407407407,18048.0,0.0
459693,229.0,0.7991266375545851,0.73,0.3063063063063063,18048.0,0.0
459709,556.0,0.6241007194244604,0.81,0.39285714285714285,18048.0,1.0
459718,420.0,0.5190476190476191,0.64,0.3593073593073593,18048.0,0.0
459727,83.0,0.0,0.42,0.59375,15660.0,0.0
459736,,,,,,0.0
459745,,,,,,1.0
459815,158.0,0.9367088607594937,0.83,,,0.0
459824,148.0,0.14864864864864866,0.24,,18653.0,0.0
459833,69.0,0.855072463768116,0.94,,10489.0,0.0
459842,262.0,0.2633587786259542,0.69,0.8490566037735849,10422.0,0.0
459851,45.0,0.13333333333333333,0.56,0.8461538461538461,10062.0,0.0
459860,286.0,0.9405594405594405,0.74,,,1.0
459879,234.0,0.4444444444444444,0.56,,,0.0
459888,179.0,0.37988826815642457,0.52,,,0.0
459897,73.0,0.410958904109589,0.64,,,1.0
459903,153.0,0.6862745098039216,0.68,,,1.0
459912,135.0,0.4444444444444444,0.66,,,1.0
459921,88.0,0.19318181818181818,0.53,,,0.0
459930,287.0,0.6062717770034843,0.87,0.8260105448154658,13095.0,0.0
459958,217.0,0.6774193548387096,0.79,,,1.0
459967,100.0,1.0,0.94,,,1.0
459976,84.0,0.9642857142857143,0.94,,,0.0
459985,132.0,0.9772727272727273,0.94,,,0.0
459994,3961.0,0.5427922241858116,0.61,,14085.0,1.0
460002,86.0,1.0,0.3,,,1.0
460011,104.0,0.5673076923076923,0.84,,,1.0
460020,166.0,0.7409638554216867,0.86,,15990.0,1.0
460039,289.0,0.5086505190311419,0.86,,10964.0,1.0
460048,255.0,0.41568627450980394,0.85,,9850.0,0.0
460057,25.0,0.04,0.74,,,0.0
460066,62.0,0.016129032258064516,0.51,,,1.0
460075,,,0.0,,5110.0,1.0
460093,123.0,0.04065040650406504,0.88,,15064.0,0.0
460109,98.0,0.3469387755102041,0.93,,15064.0,1.0
460118,105.0,0.29523809523809524,0.91,,15064.0,0.0
460127,11.0,0.18181818181818182,0.78,,15064.0,0.0
460136,52.0,0.38461538461538464,0.62,,,1.0
460145,78.0,0.717948717948718,0.7,0.33516483516483514,,1.0
460172,33.0,0.6363636363636364,0.0,,,1.0
460181,106.0,0.7924528301886793,0.66,1.0,,1.0
460190,178.0,0.7134831460674157,0.73,1.0,,1.0
460206,185.0,0.8054054054054054,0.84,1.0,,1.0
460215,128.0,0.078125,0.5,,12600.0,1.0
460330,161.0,0.38509316770186336,0.0,,,0.0
460349,39.0,0.1282051282051282,0.54,,17253.0,1.0
460358,398.0,0.8140703517587939,0.97,0.532,16007.0,1.0
460367,104.0,0.8461538461538461,0.89,,,1.0
460376,,,,,,0.0
460385,47.0,0.0425531914893617,0.0,1.0,,0.0
460394,10684.0,0.6321602396106327,0.27,,817.0,0.0
460400,,,,,,0.0
460419,,,,,,1.0
460428,,,,,,1.0
460437,,,,,,1.0
460446,261.0,0.789272030651341,0.67,,,1.0
460455,42.0,0.09523809523809523,0.1,,,1.0
460464,10540.0,0.5441176470588235,0.21,,814.0,0.0
460473,247.0,0.3684210526315789,0.79,,16320.0,1.0
460482,96.0,0.84375,0.95,,15625.0,0.0
460491,61.0,0.2786885245901639,0.62,,18723.0,0.0
460507,64.0,0.109375,0.45,,,0.0
460516,95.0,0.7894736842105263,0.64,,,0.0
460525,84.0,0.38095238095238093,0.69,,,1.0
460534,44.0,0.9318181818181818,0.73,,,1.0
460543,,,0.55,,,0.0
460552,64.0,0.1875,0.35,,,0.0
460561,21.0,0.2857142857142857,0.76,,,0.0
460570,120.0,0.06666666666666667,0.36,,,1.0
460589,666.0,0.527027027027027,0.68,,,1.0
460598,634.0,0.8911671924290221,0.69,,,0.0
460604,36.0,0.25,0.33,,,1.0
460613,86.0,0.6046511627906976,0.49,,11160.0,1.0
460622,19.0,0.47368421052631576,,,,1.0
460631,101.0,0.7524752475247525,0.49,,,0.0
460640,79.0,0.189873417721519,0.14,,8745.0,0.0
460659,46.0,0.6304347826086957,0.78,0.7777777777777778,,0.0
460668,33.0,0.9090909090909091,0.81,,,1.0
460677,98.0,1.0,1.0,,6291.0,0.0
460686,270.0,0.8111111111111111,0.82,,,0.0
460695,198.0,0.46464646464646464,0.68,,,1.0
460701,184.0,0.7554347826086957,0.81,,,1.0
460710,231.0,0.10822510822510822,0.58,,,1.0
460729,724.0,0.287292817679558,0.0,,,0.0
460738,1370.0,0.13138686131386862,0.02,,9085.0,1.0
460747,563.0,0.11190053285968028,0.0,0.6035087719298246,25250.0,1.0
460756,181.0,0.3149171270718232,0.69,,13089.0,1.0
460765,23.0,0.17391304347826086,0.32,,,1.0
460774,506.0,0.8932806324110671,0.94,,13460.0,1.0
460783,157.0,0.3503184713375796,0.81,0.5,13905.0,1.0
460808,54.0,0.07407407407407407,0.48,,,0.0
460817,533.0,0.47654784240150094,0.77,,10080.0,1.0
460826,298.0,0.7248322147651006,0.69,,10125.0,1.0
460835,586.0,0.5017064846416383,0.88,,10422.0,0.0
460844,238.0,0.8319327731092437,0.71,0.7,13140.0,1.0
460853,419.0,0.7016706443914081,0.93,,17520.0,0.0
460862,339.0,0.12979351032448377,0.4,,,1.0
460871,219.0,0.589041095890411,0.31,0.6,16100.0,1.0
460899,481.0,0.13097713097713098,0.75,,15790.0,1.0
460905,71.0,0.2112676056338028,0.55,,,1.0
460914,190.0,0.17894736842105263,0.24,0.9302325581395349,,1.0
460923,440.0,0.8613636363636363,0.9,,35140.0,0.0
460932,57.0,0.10526315789473684,0.57,,,0.0
460941,,,,,,0.0
460950,33.0,0.06060606060606061,0.13,,,0.0
460969,106.0,1.0,0.43,,,0.0
460978,174.0,0.4827586206896552,0.53,,,1.0
460987,63.0,0.19047619047619047,0.38,,,1.0
460996,90.0,0.2111111111111111,0.16,,,1.0
461005,69.0,0.2318840579710145,0.0,,14600.0,0.0
461014,719.0,0.8623087621696801,0.84,,12246.0,1.0
461023,837.0,0.02986857825567503,0.63,,5691.0,1.0
461032,88.0,0.6477272727272727,0.12,,4725.0,1.0
461041,72.0,0.625,0.81,,,0.0
461050,,,,,,0.0
461069,,,,,,1.0
461087,,,,,,0.0
461102,,,,,,1.0
461111,40.0,0.425,0.4,,,1.0
461120,,,,,,0.0
461139,,,,,,0.0
461148,628.0,0.0,0.01,0.5240346729708432,,0.0
461157,23.0,0.13043478260869565,0.0,,30250.0,1.0
461166,24.0,1.0,0.16,,,1.0
461175,146.0,0.410958904109589,0.21,,,1.0
461184,23.0,0.9130434782608695,0.0,,13100.0,1.0
461193,84.0,0.05952380952380952,0.57,,,0.0
461209,11.0,0.36363636363636365,,,1900.0,1.0
461218,10.0,0.0,0.36,,,0.0
461227,22.0,0.5454545454545454,0.36,,,1.0
461236,156.0,0.0,0.0,,5010.0,0.0
461245,230.0,0.2782608695652174,0.07,,,0.0
461254,14.0,0.0,0.2,,,1.0
461263,101.0,0.06930693069306931,0.86,,,1.0
461272,48.0,0.125,0.56,,,0.0
461281,161.0,0.9875776397515528,0.0,,4688.0,0.0
461290,49.0,0.12244897959183673,0.42,,,1.0
461306,102.0,0.9901960784313726,0.0,,2103.0,1.0
461315,80.0,0.775,0.42,,2360.0,0.0
461324,340.0,0.3264705882352941,0.0,,5495.0,1.0
461333,25.0,0.2,0.0,,,0.0
461342,18.0,0.0,0.32,,,1.0
461351,922.0,0.6843817787418656,0.01,,,1.0
461360,54.0,0.7592592592592593,0.34,,,0.0
461379,29.0,0.41379310344827586,0.09,,,1.0
461388,59.0,0.15254237288135594,0.55,,,1.0
461397,286.0,0.23076923076923078,0.36,,,1.0
461403,49.0,0.7959183673469388,0.31,,,0.0
461412,78.0,0.34615384615384615,0.0,,,0.0
461421,89.0,0.3258426966292135,0.32,,,1.0
461430,246.0,0.5691056910569106,0.6,,,0.0
461449,93.0,0.053763440860215055,0.72,,,0.0
461458,35.0,0.2571428571428571,0.74,,,1.0
461467,31.0,0.7419354838709677,0.32,,,0.0
461476,28.0,1.0,1.0,,,1.0
461485,5.0,0.0,0.0,,4610.0,0.0
461494,47.0,0.2127659574468085,0.28,,,0.0
461500,27.0,0.9259259259259259,0.51,,,1.0
461519,79.0,0.31645569620253167,0.61,,,0.0
461528,45.0,0.2222222222222222,0.02,,2450.0,1.0
461537,21.0,0.0,0.52,,,0.0
461546,52.0,0.07692307692307693,0.01,,,1.0
461555,49.0,0.7755102040816326,0.27,,,1.0
461564,83.0,1.0,0.45,,,1.0
461573,98.0,0.40816326530612246,0.35,,,0.0
461582,126.0,0.2777777777777778,0.4,,,1.0
461591,124.0,0.3790322580645161,0.31,,,1.0
461607,56.0,0.21428571428571427,0.7,,,0.0
461616,56.0,0.23214285714285715,0.27,,,0.0
461625,14.0,1.0,0.76,,,0.0
461634,425.0,0.35764705882352943,0.25,,,0.0
461643,24.0,0.16666666666666666,0.25,,7886.0,0.0
461652,68.0,0.16176470588235295,0.64,,,1.0
461661,84.0,0.8214285714285714,0.14,,,1.0
461670,36.0,0.3611111111111111,0.8,,8740.0,0.0
461689,29.0,0.034482758620689655,0.08,,,1.0
461698,93.0,0.8924731182795699,0.85,,,1.0
461704,161.0,0.006211180124223602,0.23,,,0.0
461713,31.0,0.22580645161290322,0.16,,,1.0
461722,47.0,0.0,0.39,,,1.0
461731,89.0,0.07865168539325842,0.13,,,1.0
461740,14.0,0.9285714285714286,0.92,,,1.0
461759,90.0,0.9888888888888889,0.0,,4620.0,1.0
461768,129.0,0.3798449612403101,0.32,,,1.0
461777,34.0,0.35294117647058826,1.0,,8750.0,1.0
461786,38.0,0.02631578947368421,0.56,,,0.0
461795,169.0,0.47337278106508873,0.33,1.0,10950.0,0.0
461801,38.0,0.3684210526315789,0.3,,,0.0
461810,45.0,0.022222222222222223,0.0,,5930.0,1.0
461829,214.0,0.09813084112149532,0.53,,,1.0
461838,120.0,0.3333333333333333,0.25,,,0.0
461847,38.0,0.0,0.61,1.0,13500.0,0.0
461856,127.0,0.47244094488188976,0.69,,,1.0
461865,104.0,0.8846153846153846,0.21,,,0.0
461874,13.0,0.38461538461538464,0.89,,,0.0
461883,45.0,0.6222222222222222,0.09,,9235.0,0.0
461892,83.0,0.9759036144578314,0.07,,,1.0
461908,111.0,0.36036036036036034,0.38,,,0.0
461917,216.0,0.09722222222222222,0.27,,,1.0
461926,142.0,0.07042253521126761,0.27,,,1.0
461935,30.0,0.2,0.65,,,0.0
461944,65.0,0.12307692307692308,0.32,,,0.0
461953,22.0,0.045454545454545456,0.0,0.10526315789473684,14700.0,1.0
461962,308.0,0.02922077922077922,0.01,,28200.0,0.0
461971,48.0,0.9375,0.47,,,1.0
461980,112.0,0.3125,0.16,,,1.0
461999,33.0,0.030303030303030304,0.2,,,0.0
462008,170.0,0.2529411764705882,0.19,,,0.0
462017,92.0,0.09782608695652174,0.25,,,1.0
462026,24.0,0.7916666666666666,0.44,,,1.0
462035,156.0,0.40384615384615385,0.08,,,0.0
462044,,,,,,1.0
462053,55.0,0.9636363636363636,0.0,,,0.0
462062,43.0,0.32558139534883723,0.32,,,1.0
462071,195.0,0.09743589743589744,0.12,,,0.0
462080,,,,,,1.0
462099,,,,,,0.0
462105,,,,,,0.0
462114,,,,,,1.0
462123,,,,,,1.0
462132,,,,,,0.0
462141,,,,,,0.0
462150,,,,,,0.0
462169,,,,,,1.0
462178,,,,,,0.0
462187,,,,,,1.0
462196,,,,,,1.0
462202,,,,,,0.0
462211,,,,,,0.0
462220,,,,,,1.0
462239,44.0,0.8409090909090909,0.77,,19050.0,1.0
462257,45.0,0.7111111111111111,0.9,,13325.0,1.0
462266,38.0,0.9473684210526315,0.79,,13325.0,1.0
462293,274.0,0.6642335766423357,0.0,,21825.0,1.0
462309,76.0,0.5526315789473685,0.01,,,1.0
462318,98.0,0.35714285714285715,0.0,,,0.0
462327,27.0,0.2962962962962963,0.0,,,1.0
462336,18.0,0.0,0.69,,,1.0
462345,55.0,0.18181818181818182,0.03,,,0.0
462354,133.0,0.18796992481203006,0.0,,23100.0,1.0
462363,61.0,0.8524590163934426,0.92,0.6102941176470589,18048.0,1.0
462372,11.0,0.6363636363636364,0.73,1.0,18048.0,0.0
462390,56.0,0.6785714285714286,0.8,,10234.0,0.0
462406,17.0,0.5294117647058824,0.76,,11295.0,1.0
463621,805.0,0.9006211180124224,0.91,,,1.0
465812,97.0,0.28865979381443296,0.55,,9696.0,0.0
466152,121.0,0.45454545454545453,0.75,,12717.0,1.0
466161,90.0,0.35555555555555557,0.73,,13163.0,0.0
466170,334.0,0.33532934131736525,0.79,,12717.0,0.0
466189,103.0,0.4174757281553398,0.75,,13163.0,1.0
466514,264.0,0.04924242424242424,0.74,,15660.0,0.0
466523,72.0,0.5555555555555556,0.9,,,0.0
466921,7952.0,0.22019617706237424,0.23,0.8888888888888888,16510.0,0.0
466930,113.0,0.5752212389380531,0.56,,16100.0,1.0
467058,82.0,0.6219512195121951,0.71,0.6290322580645161,18048.0,1.0
467094,243.0,0.18106995884773663,0.64,,,0.0
467155,564.0,0.9219858156028369,0.89,,,0.0
467340,180.0,0.43333333333333335,0.87,,,1.0
467368,121.0,0.6776859504132231,0.78,1.0,,1.0
467508,88.0,0.5113636363636364,0.78,,,1.0
467517,108.0,0.37962962962962965,0.8,,,1.0
467526,114.0,0.40350877192982454,0.74,,,0.0
467535,161.0,0.7577639751552795,0.85,,,1.0
467544,34.0,0.23529411764705882,0.78,,,1.0
467553,88.0,0.29545454545454547,0.84,,,1.0
467562,67.0,0.08955223880597014,0.7,,,1.0
467571,91.0,0.13186813186813187,0.9,,,1.0
467580,24.0,0.125,0.9,,,0.0
467599,76.0,0.18421052631578946,0.68,,,0.0
467605,107.0,0.2616822429906542,0.69,,,0.0
467614,89.0,0.5168539325842697,0.87,,,1.0
467623,109.0,0.1651376146788991,0.76,,,1.0
467632,86.0,0.46511627906976744,0.83,,,1.0
467641,177.0,0.4858757062146893,0.77,,,0.0
467650,98.0,0.23469387755102042,0.92,,,1.0
467669,71.0,0.38028169014084506,0.92,,,0.0
467678,55.0,0.5818181818181818,0.72,,,1.0
467784,484.0,0.9607438016528925,0.78,,,1.0
467793,125.0,0.184,0.78,,14760.0,0.0
467809,84.0,0.07142857142857142,0.34,,,1.0
467863,185.0,0.16756756756756758,0.22,,,1.0
467872,137.0,0.1897810218978102,0.3,,,1.0
467881,424.0,0.9056603773584906,0.72,,,0.0
467906,143.0,0.2097902097902098,0.83,,,0.0
468006,,,,,,1.0
468015,393.0,0.4122137404580153,0.63,0.4067796610169492,17868.0,1.0
468024,121.0,0.5785123966942148,0.48,0.5384615384615384,15910.0,0.0
468246,94.0,0.13829787234042554,0.82,,,1.0
468255,59.0,0.1016949152542373,0.9,,,0.0
468398,92.0,0.5652173913043478,0.66,0.56875,13215.0,0.0
468705,110.0,0.5363636363636364,0.88,,13600.0,1.0
468723,214.0,1.0,0.95,0.875,6915.0,1.0
468732,191.0,0.8534031413612565,0.79,,,1.0
468769,69.0,0.9855072463768116,0.48,,,0.0
468866,12.0,0.16666666666666666,0.89,,,0.0
468875,202.0,0.9752475247524752,0.87,,,1.0
468893,90.0,0.3888888888888889,0.6,,17950.0,1.0
468963,156.0,0.391025641025641,0.63,,9545.0,0.0
469054,198.0,0.4292929292929293,0.81,,,1.0
469124,456.0,0.3267543859649123,0.78,,,1.0
469133,437.0,0.3501144164759725,0.59,,,1.0
469142,507.0,0.3668639053254438,0.71,,,1.0
469151,340.0,0.26176470588235295,0.7,,,0.0
469160,317.0,0.3627760252365931,0.62,,,1.0
469188,262.0,0.12595419847328243,0.81,,13691.0,1.0
469197,109.0,0.9174311926605505,0.84,,,0.0
469391,159.0,1.0,0.95,,8553.0,0.0
469407,327.0,1.0,0.96,,8553.0,0.0
469416,318.0,1.0,0.96,,8553.0,0.0
469568,310.0,0.7161290322580646,0.86,,,1.0
469586,47.0,0.10638297872340426,0.88,,,0.0
469610,779.0,0.1668806161745828,0.87,,,1.0
469629,149.0,0.4161073825503356,0.72,,,1.0
469638,193.0,0.16580310880829016,0.89,,,1.0
469647,392.0,0.8163265306122449,0.73,,,0.0
469911,74.0,0.6081081081081081,0.7,,,0.0
469920,91.0,0.6703296703296703,0.72,,,1.0
469957,171.0,0.4502923976608187,0.32,,,1.0
469975,120.0,0.39166666666666666,0.55,,,1.0
469993,42.0,0.07142857142857142,0.68,,,0.0
470047,29.0,0.1724137931034483,0.17,,,1.0
470092,273.0,0.4468864468864469,0.8,0.6967213114754098,17796.0,1.0
470162,320.0,0.9,0.92,,11275.0,0.0
470223,12.0,1.0,0.45,,,1.0
470269,1078.0,0.0,0.02,,,1.0
470296,22.0,0.7272727272727273,0.96,,,1.0
470302,109.0,0.7706422018348624,0.9,,,1.0
470393,51.0,0.7843137254901961,0.73,,,1.0
470852,95.0,0.2736842105263158,0.75,0.7777777777777778,18048.0,0.0
470861,162.0,0.6111111111111112,0.79,0.8058252427184466,18048.0,0.0
470870,71.0,0.2535211267605634,0.63,0.5753424657534246,18048.0,0.0
470889,193.0,0.689119170984456,0.82,0.75,18048.0,0.0
470898,168.0,0.5297619047619048,0.73,0.7926267281105991,18048.0,1.0
470904,74.0,0.4864864864864865,0.85,0.7411764705882353,18048.0,0.0
474702,57.0,0.21052631578947367,0.82,,10529.0,1.0
474863,72.0,0.375,0.52,,13500.0,0.0
474872,,,,,5500.0,1.0
474881,149.0,0.2348993288590604,0.6,,41200.0,0.0
474890,301.0,0.6810631229235881,0.97,,15790.0,1.0
474906,10.0,0.2,0.9,,15790.0,1.0
474915,225.0,0.35555555555555557,0.82,,,1.0
474924,137.0,0.18248175182481752,0.37,,,0.0
474933,102.0,0.3235294117647059,0.57,,12600.0,1.0
474942,115.0,0.4782608695652174,0.63,,12700.0,0.0
474951,595.0,0.5630252100840336,0.76,,10234.0,1.0
474960,274.0,0.48175182481751827,0.76,,10234.0,1.0
474979,319.0,0.5768025078369906,0.78,,10234.0,1.0
474997,479.0,0.7390396659707724,0.54,,,0.0
475015,187.0,0.016042780748663103,0.08,,,0.0
475024,192.0,0.6302083333333334,0.8,,13475.0,0.0
475033,,,,,,1.0
475042,93.0,0.6344086021505376,0.92,,10800.0,1.0
475051,76.0,0.618421052631579,0.94,,,1.0
475060,114.0,0.8333333333333334,0.86,,9225.0,0.0
475079,130.0,0.7,0.81,,10500.0,1.0
475088,2.0,0.0,0.0,,,0.0
475097,,,0.09,,,
475121,21241.0,0.4538863518666729,0.77,0.6778591033851784,13567.0,1.0
475130,82.0,0.6585365853658537,0.87,,,1.0
475167,2.0,0.5,,,,0.0
475176,168.0,0.7083333333333334,0.93,,15780.0,0.0
475185,126.0,0.30158730158730157,0.0,0.5102040816326531,1734.0,1.0
475194,224.0,0.32589285714285715,0.76,,10335.0,0.0
475200,380.0,0.1368421052631579,0.57,,11160.0,0.0
475228,,,,,,1.0
475237,21.0,0.6666666666666666,0.0,,2500.0,0.0
475246,111.0,0.7207207207207207,0.68,,,0.0
475255,69.0,0.5507246376811594,0.9,,,0.0
475273,1405.0,0.7366548042704626,0.72,,13932.0,1.0
475282,84.0,0.2261904761904762,0.37,,24000.0,1.0
475291,217.0,0.423963133640553,0.69,,17100.0,0.0
475325,,,0.42,,,
475352,,,0.97,,,
475389,,,0.18,,,
475404,,,0.2,,,
475413,,,0.54,,,
475422,,,0.41,,,
475431,,,0.86,,,
475440,,,0.26,,,
475459,,,0.96,,,
475468,,,0.21,,,
475477,,,0.94,,,
475486,,,0.72,,,
475501,,,0.77,,,
475529,,,0.33,,,
475538,,,0.78,,,
475547,,,0.56,,,
475556,,,0.38,,,
475574,,,0.61,,,
475583,,,0.97,,,
475608,,,0.03,,,
475626,,,0.72,,,
475635,,,0.44,,,
475644,,,0.0,,,
475653,,,0.58,,,
475662,,,0.77,,,
475680,,,0.39,,,
475705,,,0.16,,,
475714,,,0.04,,,
475723,,,0.0,,,
475750,,,0.88,,,
475839,,,0.0,,,
475857,,,0.0,,,
475875,,,0.11,,,
475884,,,0.14,,,
476063,,,0.55,,,
476072,,,0.0,,,
476090,,,0.75,,,
476106,,,0.76,,,
476115,,,0.73,,,
476124,,,0.71,,,
476133,,,0.83,,,
476142,,,0.71,,,
476151,,,0.83,,,
476160,,,0.61,,,
476179,,,0.6,,,
476203,,,0.85,,,
476230,,,0.75,,,
476294,,,0.41,,,
476319,,,0.0,,,
476328,,,0.93,,,
476337,,,0.48,,,
476346,,,0.78,,,
476355,,,0.0,,,
476373,,,0.7,,,
476382,,,0.62,,,
476391,,,1.0,,,
476470,,,0.44,,,
476489,,,0.82,,,
476498,,,0.74,,,
476504,,,0.05,,,
476513,,,0.16,,,
476522,,,0.56,,,
476531,,,0.48,,,
476540,,,0.4,,,
476559,,,0.24,,,
476568,,,0.0,,,
476577,,,0.08,,,
476586,,,0.37,,,
476595,,,0.77,,,
476601,,,0.36,,,
476610,,,0.6,,,
476629,,,0.45,,,
476638,,,0.47,,,
476647,,,0.07,,,
476656,,,0.2,,,
476665,,,0.12,,,
476674,,,0.1,,,
476683,,,0.9,,,
476692,,,0.3,,,
476708,,,0.71,,,
476717,,,0.89,,,
476726,,,0.56,,,
476735,,,0.41,,,
476744,,,0.17,,,
476753,,,0.29,,,
476762,,,0.75,,,
476771,,,0.34,,,
476780,,,0.02,,,
476799,,,0.3,,,
476805,,,0.19,,,
476814,,,0.0,,,
476823,,,0.33,,,
476832,,,0.53,,,
476841,,,0.38,,,
476850,,,0.83,,,
476869,,,0.67,,,
476878,,,0.0,,,
476887,,,0.26,,,
476896,,,0.44,,,
476902,,,0.09,,,
476911,,,0.06,,,
476939,,,0.07,,,
476948,,,0.04,,,
476957,,,0.13,,,
476966,,,0.0,,,
476975,,,0.4,,,
476984,,,0.16,,,
476993,,,0.24,,,
477002,,,0.03,,,
477011,,,0.01,,,
477020,,,0.04,,,
477950,,,0.79,,,
477996,,,0.72,,,
478005,,,0.76,,,
478014,,,0.75,,,
478582,,,0.85,,,
478591,,,0.66,,,
478616,,,0.8,,,
478643,,,0.0,,,
478661,,,0.65,,,
478917,,,0.62,,,
478953,,,0.46,,,
479053,,,0.65,,,
479062,,,0.44,,,
479123,,,0.52,,,
479248,,,0.55,,,
479424,,,0.19,,,
479549,,,0.65,,,
479558,,,0.75,,,
479594,,,0.5,,,
479956,,,0.38,,,
479965,,,0.0,,,
479974,,,0.19,,,
479983,,,0.0,,,
479992,,,0.0,,,
480000,,,0.0,,,
480019,,,0.0,,,
480028,,,0.0,,,
480037,,,0.0,,,
480091,,,0.83,,,
480125,,,0.77,,,
480134,,,0.32,,,
480143,,,0.0,,,
480152,,,0.46,,,
480170,,,0.61,,,
480189,,,0.68,,,
480198,,,0.54,,,
480310,,,0.59,,,
480338,,,0.75,,,
480347,,,0.45,,,
480356,,,0.82,,,
480499,,,0.0,,,
480514,,,0.23,,,
480523,,,0.84,,,
480532,,,0.92,,,
480569,,,0.61,,,
