uid,year,val
100654,2004,0.3240917782026769
100663,2004,0.3074792243767313
100706,2004,0.5079365079365079
100724,2004,0.2290748898678414
100751,2004,0.5926892950391645
100830,2004,0.2768361581920904
100858,2004,0.501577287066246
100937,2004,0.5833333333333334
101073,2004,0.08196721311475409
101189,2004,0.2962962962962963
101435,2004,0.2857142857142857
101480,2004,0.22162162162162163
101541,2004,0.5
101587,2004,0.23711340206185566
101675,2004,0.6855345911949685
101693,2004,0.2777777777777778
101709,2004,0.410958904109589
101879,2004,0.2828282828282828
101912,2004,0.46439628482972134
102049,2004,0.4166666666666667
102094,2004,0.21052631578947367
102234,2004,0.41935483870967744
102261,2004,1.0
102270,2004,0.5194805194805194
102298,2004,0.425
102368,2004,0.4861878453038674
102377,2004,0.4200298953662182
102553,2004,0.09090909090909091
102614,2004,0.125
102669,2004,1.0
103440,2004,0.0
104151,2004,0.43137254901960786
104179,2004,0.41935483870967744
104531,2004,0.43478260869565216
104586,2004,0.25
104717,2004,0.15384615384615385
105330,2004,0.4444444444444444
105516,2004,0.09090909090909091
105899,2004,0.0
106050,2004,0.3333333333333333
106102,2004,0.0
106245,2004,0.17295597484276728
106306,2004,1.0
106342,2004,0.7142857142857143
106397,2004,0.4673913043478261
106412,2004,0.30495356037151705
106458,2004,0.25539568345323743
106467,2004,0.23076923076923078
106485,2004,0.22142857142857142
106704,2004,0.3181818181818182
107044,2004,0.375
107071,2004,0.28378378378378377
107080,2004,0.5833333333333334
107141,2004,0.0
107512,2004,0.2692307692307692
107558,2004,0.5
107600,2004,0.16666666666666666
107877,2004,0.3333333333333333
107983,2004,0.4112903225806452
108232,2004,0.08333333333333333
109013,2004,0.0
109785,2004,0.7058823529411765
110051,2004,0.8333333333333334
110097,2004,0.4
110361,2004,0.3333333333333333
110370,2004,0.3333333333333333
110413,2004,0.6
110422,2004,0.5
110468,2004,0.5555555555555556
110486,2004,0.2222222222222222
110495,2004,0.25
110510,2004,0.29545454545454547
110529,2004,0.22784810126582278
110538,2004,0.24444444444444444
110547,2004,0.23976608187134502
110556,2004,0.28225806451612906
110565,2004,0.2897196261682243
110574,2004,0.22
110583,2004,0.31100478468899523
110592,2004,0.23
110608,2004,0.21875
110617,2004,0.28187919463087246
110635,2004,0.7
110644,2004,0.7894736842105263
110653,2004,0.7945205479452054
110662,2004,0.7290322580645161
110671,2004,0.5496688741721855
110680,2004,0.78125
110705,2004,0.7073170731707317
110714,2004,0.6923076923076923
110918,2004,1.0
111081,2004,0.2
111188,2004,0.0
111948,2004,0.6666666666666666
111966,2004,1.0
112075,2004,0.4166666666666667
112084,2004,0.6
112260,2004,0.9
112312,2004,0.0
112570,2004,0.0
113582,2004,1.0
113607,2004,0.232
113698,2004,0.5
114813,2004,0.5
115728,2004,0.18181818181818182
115755,2004,0.45161290322580644
115773,2004,1.0
116040,2004,1.0
116846,2004,0.0
117104,2004,0.75
117113,2004,0.0
117140,2004,0.5161290322580645
117627,2004,0.16666666666666666
117751,2004,0.0
117928,2004,0.0
117946,2004,0.7166666666666667
118693,2004,0.25
118888,2004,1.0
119173,2004,0.2
119270,2004,0.1
119605,2004,1.0
120184,2004,0.3076923076923077
120254,2004,0.8421052631578947
120403,2004,0.125
120537,2004,0.2
120865,2004,0.1111111111111111
120883,2004,0.6956521739130435
121150,2004,0.6923076923076923
121257,2004,0.8181818181818182
121309,2004,0.3076923076923077
121345,2004,0.9047619047619048
121691,2004,0.5625
122409,2004,0.2545454545454545
122436,2004,0.5882352941176471
122454,2004,0.6666666666666666
122597,2004,0.29878048780487804
122612,2004,0.6571428571428571
122728,2004,0.0
122755,2004,0.2971014492753623
122931,2004,0.8
123165,2004,1.0
123457,2004,0.5
123554,2004,0.41025641025641024
123572,2004,0.2608695652173913
123651,2004,0.2857142857142857
123952,2004,0.0
123961,2004,0.7297297297297297
124487,2004,1.0
125727,2004,0.5
125763,2004,0.47619047619047616
125897,2004,0.6363636363636364
126182,2004,0.23076923076923078
126562,2004,0.2777777777777778
126580,2004,0.34782608695652173
126614,2004,0.5853658536585366
126669,2004,0.2
126678,2004,0.75
126702,2004,0.2857142857142857
126775,2004,0.5
126818,2004,0.4492753623188406
126827,2004,0.15789473684210525
127060,2004,0.47058823529411764
127185,2004,0.0
127556,2004,0.23076923076923078
127565,2004,0.12790697674418605
127714,2004,1.0
127741,2004,0.4222222222222222
127918,2004,0.5
127945,2004,0.0
128106,2004,0.2608695652173913
128328,2004,0.8275862068965517
128391,2004,0.3333333333333333
128498,2004,0.46153846153846156
128744,2004,0.35714285714285715
128771,2004,0.29591836734693877
128902,2004,0.7692307692307693
129020,2004,0.5668789808917197
129215,2004,0.47560975609756095
129242,2004,0.8235294117647058
129525,2004,0.47619047619047616
129686,2004,0.0
129941,2004,0.06666666666666667
130110,2004,0.0
130183,2004,0.2702702702702703
130226,2004,0.7368421052631579
130253,2004,0.5172413793103449
130314,2004,0.6428571428571429
130493,2004,0.2857142857142857
130590,2004,0.9142857142857143
130624,2004,0.3157894736842105
130697,2004,0.8387096774193549
130776,2004,0.3548387096774194
130794,2004,0.9583333333333334
130934,2004,0.36891385767790263
130943,2004,0.6
130989,2004,0.8
131098,2004,0.2608695652173913
131113,2004,0.1111111111111111
131159,2004,0.6417910447761194
131283,2004,0.39285714285714285
131308,2004,0.75
131399,2004,0.6363636363636364
131450,2004,0.24
131469,2004,0.7065217391304348
131496,2004,0.8598130841121495
131520,2004,0.6655052264808362
131788,2004,0.3181818181818182
131803,2004,0.23529411764705882
131876,2004,0.6610169491525424
132338,2004,0.47761194029850745
132471,2004,0.44285714285714284
132602,2004,0.3624801271860095
132657,2004,0.4166666666666667
132879,2004,0.0
132903,2004,0.4815950920245399
133085,2004,0.0
133465,2004,0.4444444444444444
133492,2004,0.6363636363636364
133526,2004,0.10869565217391304
133553,2004,0.375
133650,2004,0.44644506001846723
133669,2004,0.41935483870967744
133711,2004,0.8
133881,2004,0.35
133951,2004,0.4340836012861736
133979,2004,0.23737373737373738
134079,2004,0.2857142857142857
134097,2004,0.6684587813620072
134130,2004,0.6739864864864865
134149,2004,0.9107142857142857
134510,2004,1.0
134680,2004,0.5
134811,2004,0.5555555555555556
134945,2004,0.4358974358974359
135063,2004,0.0
135364,2004,0.0
135726,2004,0.643979057591623
135939,2004,1.0
136172,2004,0.4778761061946903
136206,2004,0.19230769230769232
136215,2004,0.3333333333333333
136288,2004,0.0
136330,2004,0.22727272727272727
136774,2004,0.5
136950,2004,0.625
137032,2004,0.5
137351,2004,0.49544072948328266
137476,2004,0.2
137546,2004,0.6111111111111112
137564,2004,0.4444444444444444
137847,2004,0.7083333333333334
137953,2004,1.0
137962,2004,0.0
138275,2004,0.3333333333333333
138293,2004,0.3333333333333333
138354,2004,0.125
138600,2004,0.717391304347826
138716,2004,0.4470774091627172
138725,2004,0.16666666666666666
138789,2004,0.21782178217821782
138813,2004,0.3793103448275862
138868,2004,0.25
138877,2004,0.25
138947,2004,0.30453879941434847
138983,2004,0.1506849315068493
139144,2004,0.25
139153,2004,0.75
139199,2004,0.25
139205,2004,0.14893617021276595
139311,2004,0.21739130434782608
139366,2004,0.26717557251908397
139393,2004,0.3333333333333333
139463,2004,0.0
139533,2004,0.2944915254237288
139579,2004,0.0
139630,2004,0.75
139658,2004,0.8943089430894309
139719,2004,0.2537688442211055
139755,2004,0.6148148148148148
139764,2004,0.2676056338028169
139861,2004,0.5357142857142857
139931,2004,0.426264800861141
139940,2004,0.3951310861423221
139959,2004,0.6892430278884463
140164,2004,0.35294117647058826
140234,2004,0.13793103448275862
140252,2004,0.17142857142857143
140322,2004,0.2857142857142857
140340,2004,1.0
140447,2004,0.5180722891566265
140553,2004,0.5978090766823161
140669,2004,0.2727272727272727
140696,2004,0.48148148148148145
140720,2004,0.2777777777777778
140818,2004,0.3333333333333333
140872,2004,0.09090909090909091
140951,2004,0.5510204081632653
140960,2004,0.2950191570881226
140988,2004,0.35
141060,2004,0.7580645161290323
141097,2004,0.3392857142857143
141167,2004,0.25
141185,2004,0.5
141264,2004,0.35294117647058826
141325,2004,0.6333333333333333
141334,2004,0.3317307692307692
141486,2004,0.16666666666666666
141565,2004,0.0
141574,2004,0.4166666666666667
141644,2004,0.3181818181818182
142115,2004,0.2631578947368421
142276,2004,0.1111111111111111
142285,2004,0.3333333333333333
142294,2004,0.0
142328,2004,0.0
142461,2004,0.2
142887,2004,0.3076923076923077
143048,2004,0.7777777777777778
143084,2004,0.6111111111111112
143118,2004,0.34782608695652173
143288,2004,0.2222222222222222
143358,2004,0.5348837209302325
144005,2004,0.15121951219512195
144050,2004,0.7837837837837838
144281,2004,0.16393442622950818
144351,2004,0.3103448275862069
144740,2004,0.5066666666666667
144759,2004,0.19101123595505617
144883,2004,0.0945945945945946
144892,2004,0.45544554455445546
144962,2004,0.375
144971,2004,0.8571428571428571
145372,2004,0.5384615384615384
145600,2004,0.36693548387096775
145619,2004,0.13043478260869565
145637,2004,0.6485943775100401
145646,2004,0.6153846153846154
145691,2004,0.5
145725,2004,0.7857142857142857
145813,2004,0.42660550458715596
146010,2004,0.0975609756097561
146339,2004,0.1111111111111111
146393,2004,0.35294117647058826
146427,2004,0.7058823529411765
146481,2004,0.8214285714285714
146612,2004,0.4
146667,2004,0.3333333333333333
146719,2004,0.5915492957746479
146825,2004,0.14814814814814814
147013,2004,0.5625
147244,2004,0.3333333333333333
147341,2004,0.5714285714285714
147536,2004,0.4444444444444444
147660,2004,0.5
147679,2004,0.36
147703,2004,0.36973180076628354
147767,2004,0.8333333333333334
147776,2004,0.07801418439716312
147828,2004,0.14285714285714285
148016,2004,1.0
148131,2004,0.11764705882352941
148177,2004,0.30357142857142855
148335,2004,0.9222222222222223
148405,2004,0.15789473684210525
148487,2004,0.2542372881355932
148496,2004,0.5
148584,2004,0.7
148627,2004,0.2857142857142857
148849,2004,0.0
149222,2004,0.30022075055187636
149231,2004,0.2590909090909091
149505,2004,0.15789473684210525
149514,2004,0.1
149639,2004,0.0
149772,2004,0.3865546218487395
149781,2004,0.7333333333333333
150066,2004,0.32
150136,2004,0.5344827586206896
150145,2004,0.25
150163,2004,0.6206896551724138
150172,2004,0.15384615384615385
150400,2004,0.6428571428571429
150455,2004,0.6129032258064516
150534,2004,0.42857142857142855
150561,2004,0.3333333333333333
150604,2004,0.3333333333333333
150668,2004,0.5714285714285714
150677,2004,0.25
150756,2004,0.75
150941,2004,0.0
151102,2004,0.18604651162790697
151111,2004,0.1825726141078838
151263,2004,0.3783783783783784
151290,2004,0.40425531914893614
151306,2004,0.21428571428571427
151324,2004,0.3203463203463203
151333,2004,0.25
151342,2004,0.15625
151351,2004,0.4968553459119497
151360,2004,0.20454545454545456
151379,2004,0.08333333333333333
151388,2004,0.2
151777,2004,0.5
151786,2004,0.23529411764705882
151801,2004,0.9333333333333333
151810,2004,0.42424242424242425
152080,2004,0.8253968253968254
152099,2004,0.5434782608695652
152248,2004,0.072
152266,2004,0.0
152318,2004,0.5
152336,2004,0.23529411764705882
152363,2004,0.35714285714285715
152381,2004,0.0
152390,2004,0.4
152530,2004,0.4
152567,2004,0.2857142857142857
152600,2004,0.47368421052631576
152673,2004,0.45454545454545453
152992,2004,0.0
153108,2004,0.0
153126,2004,0.0
153144,2004,0.75
153162,2004,0.875
153241,2004,0.0
153250,2004,0.3333333333333333
153269,2004,0.3
153278,2004,0.1
153302,2004,1.0
153366,2004,0.2222222222222222
153375,2004,0.0
153384,2004,0.9
153603,2004,0.5103448275862069
153621,2004,0.375
153658,2004,0.5054945054945055
153825,2004,0.0
153834,2004,0.5
153861,2004,0.0
154004,2004,0.5
154013,2004,1.0
154022,2004,0.3333333333333333
154095,2004,0.42857142857142855
154235,2004,0.5
154350,2004,0.5
154493,2004,0.3684210526315789
154518,2004,0.5
154527,2004,0.5454545454545454
154590,2004,0.20833333333333334
154688,2004,0.8
154712,2004,0.25
154721,2004,0.15
154749,2004,0.16666666666666666
155025,2004,0.2903225806451613
155061,2004,0.14285714285714285
155089,2004,0.10526315789473684
155317,2004,0.3416666666666667
155335,2004,0.0
155399,2004,0.3711340206185567
155414,2004,0.16666666666666666
155511,2004,0.36363636363636365
155520,2004,0.3
155627,2004,0.25925925925925924
155681,2004,0.4666666666666667
155812,2004,0.3333333333333333
155900,2004,1.0
155937,2004,0.0
155973,2004,0.0
156082,2004,0.1111111111111111
156125,2004,0.18681318681318682
156213,2004,1.0
156286,2004,0.2
156295,2004,0.5797101449275363
156356,2004,0.5
156365,2004,0.15789473684210525
156408,2004,1.0
156541,2004,0.07142857142857142
156620,2004,0.30666666666666664
156745,2004,0.75
157058,2004,0.2177121771217712
157076,2004,0.2857142857142857
157085,2004,0.46153846153846156
157100,2004,0.0
157216,2004,0.18518518518518517
157289,2004,0.3074712643678161
157359,2004,0.0
157377,2004,0.25
157386,2004,0.5
157401,2004,0.5357142857142857
157447,2004,0.2777777777777778
157535,2004,0.0
157748,2004,0.4
157757,2004,0.38461538461538464
157793,2004,0.2727272727272727
157809,2004,0.0
157818,2004,0.625
157863,2004,0.25
157951,2004,0.4166666666666667
158477,2004,0.5333333333333333
158802,2004,0.40925925925925927
159009,2004,0.37370753323485967
159391,2004,0.5212355212355212
159416,2004,0.17164179104477612
159568,2004,0.3157894736842105
159647,2004,0.358974358974359
159656,2004,0.6029411764705882
159717,2004,0.24615384615384617
159939,2004,0.16916488222698073
159966,2004,0.1308016877637131
159993,2004,0.1953781512605042
160038,2004,0.2853598014888337
160065,2004,0.3888888888888889
160612,2004,0.16614420062695925
160621,2004,0.2656126482213439
160630,2004,0.1378299120234604
160658,2004,0.2647702407002188
160755,2004,0.5733333333333334
160904,2004,0.48732394366197185
160977,2004,0.875
161004,2004,0.75
161086,2004,0.7647058823529411
161165,2004,0.25
161226,2004,0.5
161244,2004,1.0
161253,2004,0.4375
161518,2004,0.3333333333333333
161554,2004,0.0
161572,2004,0.5
161882,2004,0.1875
162007,2004,0.38079470198675497
162061,2004,0.18181818181818182
162210,2004,0.2
162283,2004,0.19339622641509435
162584,2004,0.4589041095890411
162654,2004,0.5757575757575758
162760,2004,0.631578947368421
162928,2004,0.9107142857142857
163046,2004,0.84375
163204,2004,0.07142857142857142
163268,2004,0.6
163286,2004,0.6755725190839694
163295,2004,0.6
163338,2004,0.43103448275862066
163453,2004,0.408876298394712
163462,2004,0.6521739130434783
163578,2004,0.6333333333333333
163851,2004,0.6
163912,2004,0.56
163921,2004,0.25316455696202533
163976,2004,0.0
164076,2004,0.546875
164155,2004,0.7215189873417721
164173,2004,0.5357142857142857
164207,2004,0.5
164216,2004,0.4444444444444444
164270,2004,0.7428571428571429
164447,2004,0.4032258064516129
164465,2004,0.9285714285714286
164492,2004,0.0
164562,2004,0.8
164571,2004,0.42857142857142855
164580,2004,0.8333333333333334
164614,2004,1.0
164632,2004,0.46153846153846156
164720,2004,0.3333333333333333
164739,2004,0.5806451612903226
164748,2004,0.34615384615384615
164872,2004,0.16666666666666666
164924,2004,0.8090909090909091
164933,2004,0.0
164988,2004,0.7657657657657657
165015,2004,0.8421052631578947
165024,2004,0.3170731707317073
165334,2004,0.625
165529,2004,0.5625
165644,2004,0.42857142857142855
165662,2004,0.6666666666666666
165671,2004,0.5555555555555556
165820,2004,0.36363636363636365
165866,2004,0.5357142857142857
165936,2004,0.3333333333333333
166018,2004,0.7
166027,2004,0.916030534351145
166124,2004,0.8235294117647058
166391,2004,0.6
166452,2004,0.45454545454545453
166513,2004,0.16666666666666666
166629,2004,0.5642857142857143
166638,2004,0.35
166656,2004,0.6666666666666666
166674,2004,0.5
166683,2004,0.8591549295774648
166692,2004,0.5
166850,2004,0.6666666666666666
166939,2004,0.84
166948,2004,0.1746031746031746
166984,2004,0.0
167057,2004,0.4
167251,2004,0.42857142857142855
167260,2004,0.2727272727272727
167288,2004,0.4375
167358,2004,0.5562130177514792
167394,2004,0.25
167455,2004,0.6086956521739131
167598,2004,0.5555555555555556
167729,2004,0.375
167783,2004,0.5454545454545454
167792,2004,1.0
167835,2004,0.9375
167899,2004,0.5217391304347826
167987,2004,0.3684210526315789
167996,2004,0.8571428571428571
168005,2004,0.2857142857142857
168148,2004,0.7938144329896907
168218,2004,0.9629629629629629
168227,2004,0.29411764705882354
168254,2004,0.3
168263,2004,0.64
168281,2004,0.8666666666666667
168290,2004,0.5
168342,2004,0.9714285714285714
168421,2004,0.5
168430,2004,0.35714285714285715
168528,2004,0.2777777777777778
168546,2004,0.7142857142857143
168591,2004,0.6666666666666666
168740,2004,0.5522388059701493
168786,2004,0.23076923076923078
168847,2004,0.0
169080,2004,0.4444444444444444
169248,2004,0.38095238095238093
169327,2004,1.0
169363,2004,0.0
169442,2004,0.1875
169479,2004,0.1206896551724138
169716,2004,0.4
169798,2004,0.25980392156862747
169910,2004,0.1016949152542373
169983,2004,0.4117647058823529
170000,2004,0.0
170037,2004,1.0
170082,2004,0.4645669291338583
170091,2004,0.0
170301,2004,0.75
170532,2004,0.5
170639,2004,0.0
170675,2004,0.20512820512820512
170806,2004,0.125
170842,2004,0.125
170967,2004,0.17647058823529413
170976,2004,0.7192982456140351
171100,2004,0.563150074294205
171128,2004,0.16129032258064516
171137,2004,0.3125
171146,2004,0.22916666666666666
171456,2004,0.35294117647058826
171492,2004,0.391304347826087
171571,2004,0.30158730158730157
171599,2004,0.4
171881,2004,0.0
172051,2004,0.17105263157894737
172264,2004,0.29411764705882354
172334,2004,0.18181818181818182
172644,2004,0.11045364891518737
172699,2004,0.41379310344827586
172972,2004,0.0
173045,2004,0.36363636363636365
173124,2004,0.0
173160,2004,0.5
173258,2004,0.625
173300,2004,0.5
173328,2004,0.125
173647,2004,0.7
173665,2004,0.8571428571428571
173887,2004,0.3333333333333333
173902,2004,0.8095238095238095
173920,2004,0.21428571428571427
174020,2004,0.14285714285714285
174066,2004,0.4368421052631579
174075,2004,0.5
174127,2004,1.0
174233,2004,0.3333333333333333
174251,2004,0.2857142857142857
174358,2004,0.16666666666666666
174385,2004,0.0
174437,2004,0.0
174491,2004,0.0
174747,2004,0.6666666666666666
174783,2004,0.28
174792,2004,0.0
174817,2004,0.75
174844,2004,0.6666666666666666
174899,2004,0.0
174914,2004,0.42857142857142855
175005,2004,0.3
175078,2004,0.08333333333333333
175272,2004,0.26666666666666666
175342,2004,0.43956043956043955
175421,2004,0.6071428571428571
175430,2004,0.3333333333333333
175616,2004,0.43089430894308944
175856,2004,0.3773809523809524
175980,2004,0.7857142857142857
176017,2004,0.4423963133640553
176035,2004,0.4444444444444444
176044,2004,0.3983739837398374
176053,2004,0.4
176080,2004,0.44685466377440347
176318,2004,0.16111111111111112
176372,2004,0.4398976982097187
176406,2004,0.4166666666666667
176460,2004,0.2
176479,2004,0.1875
176628,2004,0.45454545454545453
176938,2004,0.3333333333333333
176947,2004,0.35
176965,2004,0.4264705882352941
177065,2004,0.6666666666666666
177144,2004,0.6666666666666666
177162,2004,0.2916666666666667
177214,2004,0.5
177339,2004,0.7692307692307693
177418,2004,0.2608695652173913
177542,2004,1.0
177551,2004,0.16071428571428573
177719,2004,1.0
177746,2004,0.6666666666666666
177940,2004,0.281786941580756
177968,2004,0.5555555555555556
178059,2004,0.5217391304347826
178244,2004,0.36363636363636365
178341,2004,0.16129032258064516
178369,2004,0.13432835820895522
178387,2004,0.2032520325203252
178396,2004,0.5748987854251012
178402,2004,0.39622641509433965
178411,2004,0.4230769230769231
178420,2004,0.21666666666666667
178615,2004,0.5490196078431373
178624,2004,0.4
178679,2004,0.0
178697,2004,1.0
178721,2004,0.34375
178989,2004,0.0
179043,2004,0.30434782608695654
179159,2004,0.6138613861386139
179256,2004,0.0
179265,2004,0.7142857142857143
179326,2004,0.3333333333333333
179548,2004,0.6363636363636364
179557,2004,0.3870967741935484
179566,2004,0.4666666666666667
179867,2004,0.9058823529411765
179894,2004,0.43478260869565216
179946,2004,0.6666666666666666
179955,2004,0.16666666666666666
179964,2004,0.5
180179,2004,0.3333333333333333
180461,2004,0.3
180489,2004,0.5
180522,2004,0.5
180595,2004,0.0
180692,2004,0.0
180814,2004,0.25
180832,2004,1.0
180948,2004,0.0
180984,2004,0.3333333333333333
181002,2004,0.4482758620689655
181011,2004,0.2727272727272727
181020,2004,0.7692307692307693
181127,2004,0.0
181215,2004,0.0
181330,2004,0.14285714285714285
181394,2004,0.18055555555555555
181446,2004,0.25
181464,2004,0.4177215189873418
181534,2004,0.3333333333333333
181604,2004,1.0
181738,2004,0.0
181783,2004,0.19047619047619047
181853,2004,0.125
182281,2004,0.2857142857142857
182290,2004,0.3137254901960784
182458,2004,0.0
182661,2004,0.42857142857142855
182670,2004,0.8732394366197183
182795,2004,0.4
182810,2004,0.0
182865,2004,0.7857142857142857
182980,2004,0.6666666666666666
183026,2004,0.5
183044,2004,0.6470588235294118
183062,2004,1.0
183080,2004,0.0
183211,2004,0.6
183239,2004,1.0
183345,2004,0.0
183822,2004,0.2796610169491525
183910,2004,0.4
183974,2004,0.6363636363636364
184269,2004,0.24561403508771928
184348,2004,0.8666666666666667
184603,2004,0.4264705882352941
184612,2004,0.3170731707317073
184694,2004,0.46153846153846156
184773,2004,0.5238095238095238
184782,2004,0.5853658536585366
185129,2004,0.30701754385964913
185262,2004,0.4146341463414634
185572,2004,0.4666666666666667
185590,2004,0.5614973262032086
185828,2004,0.4126984126984127
186131,2004,0.9425287356321839
186201,2004,0.49019607843137253
186283,2004,0.4883720930232558
186371,2004,0.6875
186380,2004,0.6336633663366337
186399,2004,0.5463917525773195
186432,2004,0.3627450980392157
186584,2004,0.4787234042553192
186618,2004,0.42857142857142855
186867,2004,0.55
186876,2004,0.5352112676056338
187134,2004,0.6415094339622641
187444,2004,0.41420118343195267
187648,2004,0.3125
187897,2004,0.0
187967,2004,0.6
187985,2004,0.25609756097560976
188030,2004,0.4074074074074074
188146,2004,0.5
188304,2004,0.2
188340,2004,0.24
188429,2004,0.43243243243243246
188465,2004,0.0
188641,2004,0.6666666666666666
189088,2004,0.5
189097,2004,0.8387096774193549
189228,2004,0.3333333333333333
189413,2004,0.5862068965517241
189705,2004,0.3137254901960784
189848,2004,0.3
190044,2004,0.46153846153846156
190099,2004,0.8823529411764706
190114,2004,0.5443037974683544
190150,2004,0.8333333333333334
190248,2004,0.36363636363636365
190372,2004,0.75
190415,2004,0.831081081081081
190503,2004,1.0
190512,2004,0.5066666666666667
190549,2004,0.2946859903381642
190558,2004,0.2631578947368421
190567,2004,0.3059360730593607
190594,2004,0.3397790055248619
190600,2004,0.3760330578512397
190637,2004,0.3235294117647059
190646,2004,0.14285714285714285
190655,2004,0.07692307692307693
190664,2004,0.4411764705882353
190691,2004,0.33962264150943394
190716,2004,0.125
190725,2004,0.2903225806451613
190761,2004,0.4166666666666667
190770,2004,0.2857142857142857
190983,2004,0.5714285714285714
191205,2004,0.3333333333333333
191241,2004,0.6956521739130435
191515,2004,0.9
191533,2004,0.6
191621,2004,0.0
191630,2004,0.7222222222222222
191649,2004,0.4444444444444444
191676,2004,1.0
191931,2004,0.43137254901960786
191968,2004,0.5483870967741935
192110,2004,0.75
192192,2004,0.5454545454545454
192271,2004,0.29411764705882354
192323,2004,0.4782608695652174
192439,2004,0.1649269311064718
192448,2004,0.47368421052631576
192466,2004,0.1875
192703,2004,0.5789473684210527
192712,2004,0.2
192749,2004,0.625
192819,2004,0.5454545454545454
192855,2004,0.5454545454545454
192864,2004,0.2716049382716049
192925,2004,0.25
193016,2004,0.17452830188679244
193292,2004,0.5
193308,2004,0.9333333333333333
193317,2004,1.0
193353,2004,0.5
193399,2004,0.35714285714285715
193584,2004,0.9090909090909091
193645,2004,0.41133004926108374
193654,2004,0.4827586206896552
193900,2004,0.7142857142857143
193973,2004,0.5217391304347826
194091,2004,0.36585365853658536
194107,2004,0.13513513513513514
194116,2004,0.6666666666666666
194161,2004,0.30303030303030304
194310,2004,0.4411764705882353
194541,2004,0.15384615384615385
194578,2004,0.5161290322580645
194824,2004,0.8048780487804879
194958,2004,0.7
195003,2004,0.3466666666666667
195030,2004,0.75
195128,2004,0.3333333333333333
195164,2004,0.4
195173,2004,0.4788732394366197
195216,2004,0.6666666666666666
195234,2004,0.5
195243,2004,0.5625
195304,2004,0.76
195474,2004,0.5384615384615384
195526,2004,0.7058823529411765
195544,2004,0.5714285714285714
195562,2004,0.2
195720,2004,0.4
195809,2004,0.5156794425087108
196024,2004,0.0
196042,2004,0.125
196060,2004,0.6
196079,2004,0.7047619047619048
196088,2004,0.3741496598639456
196097,2004,0.6470588235294118
196103,2004,0.5
196121,2004,0.4489795918367347
196130,2004,0.2694300518134715
196149,2004,0.5
196158,2004,0.5454545454545454
196167,2004,0.5769230769230769
196176,2004,0.6447368421052632
196185,2004,0.5531914893617021
196194,2004,0.6607142857142857
196200,2004,0.4166666666666667
196219,2004,0.4576271186440678
196237,2004,0.3333333333333333
196246,2004,0.36
196264,2004,0.13793103448275862
196291,2004,0.5555555555555556
196413,2004,0.7298850574712644
196866,2004,0.7727272727272727
197027,2004,0.4
197036,2004,0.8272727272727273
197045,2004,0.5319148936170213
197133,2004,0.8695652173913043
197151,2004,0.7037037037037037
197197,2004,0.6521739130434783
197230,2004,0.625
197869,2004,0.5512820512820513
197911,2004,0.13513513513513514
197984,2004,0.3125
197993,2004,0.3700440528634361
198066,2004,0.2857142857142857
198136,2004,0.3968253968253968
198215,2004,0.5
198242,2004,1.0
198303,2004,0.2
198385,2004,0.7058823529411765
198419,2004,0.8766233766233766
198464,2004,0.6049661399548533
198507,2004,0.5154320987654321
198516,2004,0.8688524590163934
198543,2004,0.4452247191011236
198561,2004,0.2708333333333333
198598,2004,0.2631578947368421
198613,2004,0.2
198677,2004,0.3333333333333333
198695,2004,0.47692307692307695
198747,2004,0.0
198756,2004,0.3645655877342419
198808,2004,0.23076923076923078
198835,2004,0.39285714285714285
198862,2004,0.21904761904761905
198899,2004,0.2765957446808511
198950,2004,0.7777777777777778
198969,2004,0.35294117647058826
199032,2004,0.06666666666666667
199069,2004,0.45454545454545453
199102,2004,0.4062927496580027
199111,2004,0.7142857142857143
199120,2004,0.7604166666666666
199139,2004,0.49038461538461536
199148,2004,0.5672823218997362
199157,2004,0.45193929173693087
199184,2004,1.0
199193,2004,0.5949008498583569
199209,2004,0.31521739130434784
199218,2004,0.5303030303030303
199272,2004,0.5454545454545454
199281,2004,0.25333333333333335
199306,2004,0.5652173913043478
199315,2004,0.5
199412,2004,0.375
199458,2004,0.5
199582,2004,0.35714285714285715
199607,2004,0.5925925925925926
199643,2004,0.2770448548812665
199698,2004,0.38461538461538464
199847,2004,0.8695652173913043
199865,2004,0.25
199962,2004,0.46153846153846156
199971,2004,1.0
199999,2004,0.485838779956427
200004,2004,0.53125
200059,2004,0.0
200217,2004,0.0
200253,2004,0.0
200280,2004,0.23076923076923078
200332,2004,0.5333333333333333
200572,2004,0.0
200800,2004,0.20810810810810812
201007,2004,0.3
201061,2004,0.0
201104,2004,0.17647058823529413
201195,2004,0.5909090909090909
201371,2004,0.375
201441,2004,0.5878378378378378
201548,2004,0.5609756097560976
201645,2004,0.6
201654,2004,0.375
201690,2004,0.30141843971631205
201858,2004,1.0
201885,2004,0.3364485981308411
202046,2004,0.0
202073,2004,1.0
202134,2004,0.17391304347826086
202170,2004,0.23333333333333334
202480,2004,0.6527777777777778
202514,2004,0.3076923076923077
202523,2004,0.5172413793103449
202541,2004,0.25555555555555554
202611,2004,0.17777777777777778
202684,2004,1.0
202763,2004,0.29411764705882354
202806,2004,0.0
203085,2004,0.4
203128,2004,0.5263157894736842
203368,2004,0.6296296296296297
203517,2004,0.3366013071895425
203535,2004,0.8
203580,2004,0.14285714285714285
203757,2004,0.0
203775,2004,0.0
203845,2004,0.3076923076923077
204006,2004,0.05555555555555555
204015,2004,0.14285714285714285
204024,2004,0.609375
204176,2004,0.5
204185,2004,0.5526315789473685
204194,2004,0.16666666666666666
204200,2004,0.38461538461538464
204264,2004,0.5
204468,2004,0.45454545454545453
204501,2004,0.7551020408163265
204617,2004,0.28
204635,2004,0.25
204671,2004,0.16666666666666666
204680,2004,0.38461538461538464
204699,2004,0.6
204705,2004,0.26666666666666666
204796,2004,0.5513698630136986
204802,2004,0.3333333333333333
204820,2004,0.0
204839,2004,0.0
204848,2004,0.0
204857,2004,0.5803571428571429
204866,2004,0.1111111111111111
204909,2004,0.75
204936,2004,0.5
205203,2004,0.25
205443,2004,0.1111111111111111
205957,2004,0.5
206002,2004,0.09090909090909091
206048,2004,0.11363636363636363
206084,2004,0.19195046439628483
206279,2004,0.3
206330,2004,0.1
206349,2004,0.0
206437,2004,0.3684210526315789
206491,2004,0.2857142857142857
206507,2004,0.3793103448275862
206525,2004,0.5142857142857142
206589,2004,0.5172413793103449
206604,2004,0.34591194968553457
206622,2004,0.6122448979591837
206695,2004,0.14084507042253522
206835,2004,0.5
206862,2004,0.23076923076923078
206914,2004,0.25333333333333335
206941,2004,0.288135593220339
207041,2004,0.4166666666666667
207157,2004,0.0
207209,2004,0.3984375
207263,2004,0.25
207306,2004,0.16666666666666666
207324,2004,0.15789473684210525
207388,2004,0.4017857142857143
207403,2004,0.2
207458,2004,0.2857142857142857
207500,2004,0.4396887159533074
207582,2004,0.3522727272727273
207689,2004,0.0
207722,2004,0.0
207847,2004,0.16129032258064516
207856,2004,0.0
207865,2004,0.4117647058823529
207971,2004,0.5306122448979592
208239,2004,0.25
208488,2004,0.0
208646,2004,0.3333333333333333
208725,2004,0.0
209056,2004,0.8333333333333334
209065,2004,0.625
209506,2004,0.5
209542,2004,0.2558139534883721
209551,2004,0.34782608695652173
209603,2004,0.0
209807,2004,0.26666666666666666
209825,2004,0.5555555555555556
209922,2004,0.5
210146,2004,0.25
210304,2004,0.0
210331,2004,0.0
210401,2004,0.4444444444444444
210429,2004,0.25
210571,2004,0.2558139534883721
210669,2004,0.38461538461538464
210739,2004,0.5714285714285714
210775,2004,0.26666666666666666
210942,2004,0.625
210960,2004,1.0
211024,2004,0.0
211088,2004,0.3333333333333333
211158,2004,0.32075471698113206
211273,2004,0.8571428571428571
211291,2004,0.8064516129032258
211352,2004,0.5333333333333333
211361,2004,0.425
211431,2004,0.29411764705882354
211440,2004,0.7073170731707317
211468,2004,0.5652173913043478
211556,2004,0.5
211583,2004,0.375
211608,2004,0.34552845528455284
211644,2004,0.36764705882352944
211893,2004,1.0
211981,2004,0.26666666666666666
212009,2004,0.8
212054,2004,0.44696969696969696
212106,2004,0.6
212115,2004,0.23404255319148937
212133,2004,0.4
212160,2004,0.27848101265822783
212197,2004,0.5
212577,2004,0.7777777777777778
212601,2004,0.3125
212656,2004,0.3125
212674,2004,0.7272727272727273
212805,2004,1.0
212832,2004,0.0
212911,2004,0.8
212984,2004,1.0
213011,2004,0.7
213020,2004,0.29959514170040485
213251,2004,1.0
213303,2004,0.0
213321,2004,0.75
213349,2004,0.4318181818181818
213358,2004,0.3
213367,2004,0.46511627906976744
213385,2004,0.9523809523809523
213400,2004,0.0
213507,2004,0.375
213543,2004,0.6111111111111112
213598,2004,0.3941176470588235
213613,2004,0.18181818181818182
213668,2004,0.5
213783,2004,0.36
213826,2004,1.0
213987,2004,0.2222222222222222
213996,2004,0.6666666666666666
214041,2004,0.5
214069,2004,0.25
214148,2004,0.5714285714285714
214157,2004,0.5714285714285714
214166,2004,0.3333333333333333
214175,2004,0.8181818181818182
214272,2004,0.5348837209302325
214591,2004,0.48717948717948717
214625,2004,0.3333333333333333
214634,2004,0.0
214643,2004,0.25
214652,2004,0.6666666666666666
214670,2004,1.0
214689,2004,0.52
214698,2004,0.16666666666666666
214704,2004,0.5833333333333334
214731,2004,0.2830188679245283
214740,2004,0.0
214759,2004,0.0
214768,2004,0.5833333333333334
214777,2004,0.6617647058823529
214786,2004,0.4473684210526316
214795,2004,0.35714285714285715
214801,2004,0.2602739726027397
214810,2004,0.53125
214829,2004,0.2
214883,2004,0.6428571428571429
215062,2004,0.8731343283582089
215099,2004,0.4074074074074074
215105,2004,0.5263157894736842
215114,2004,0.6
215132,2004,0.35714285714285715
215266,2004,0.4166666666666667
215275,2004,0.25
215284,2004,0.5
215293,2004,0.5784313725490197
215442,2004,0.34615384615384615
215655,2004,0.3888888888888889
215691,2004,0.16666666666666666
215743,2004,0.3333333333333333
215770,2004,0.631578947368421
215798,2004,0.7142857142857143
215929,2004,1.0
215947,2004,0.2631578947368421
216010,2004,0.41818181818181815
216038,2004,0.4
216278,2004,0.6428571428571429
216287,2004,0.9354838709677419
216339,2004,0.5604075691411936
216357,2004,0.35294117647058826
216524,2004,0.64
216542,2004,0.25
216597,2004,0.7678571428571429
216667,2004,0.36363636363636365
216694,2004,0.3333333333333333
216764,2004,0.5244755244755245
216807,2004,1.0
216852,2004,0.3389830508474576
216931,2004,0.6666666666666666
217013,2004,1.0
217059,2004,0.4444444444444444
217156,2004,0.9176470588235294
217165,2004,0.5
217235,2004,0.5747663551401869
217402,2004,0.625
217420,2004,0.2702702702702703
217484,2004,0.42424242424242425
217493,2004,0.875
217518,2004,0.375
217536,2004,0.3333333333333333
217606,2004,0.5454545454545454
217624,2004,0.31343283582089554
217633,2004,0.3333333333333333
217688,2004,0.3333333333333333
217721,2004,0.25206611570247933
217776,2004,0.4
217819,2004,0.5542857142857143
217864,2004,0.6451612903225806
217873,2004,0.6058631921824105
217882,2004,0.7349397590361446
217907,2004,0.4782608695652174
217925,2004,0.2
217934,2004,0.5841584158415841
217961,2004,0.3888888888888889
217998,2004,0.16666666666666666
218061,2004,0.3630952380952381
218070,2004,0.8571428571428571
218168,2004,0.5483870967741935
218229,2004,0.5538461538461539
218238,2004,0.3076923076923077
218399,2004,0.39923954372623577
218414,2004,0.3888888888888889
218441,2004,0.2972972972972973
218539,2004,0.6875
218645,2004,0.4574468085106383
218663,2004,0.5841784989858012
218724,2004,0.5757575757575758
218733,2004,0.4712121212121212
218742,2004,0.38961038961038963
218919,2004,0.36666666666666664
218964,2004,0.658008658008658
218973,2004,0.8709677419354839
219000,2004,0.0
219082,2004,0.0
219091,2004,0.6666666666666666
219204,2004,0.0
219213,2004,0.0
219295,2004,1.0
219347,2004,0.3333333333333333
219356,2004,1.0
219471,2004,0.0
219505,2004,0.68
219578,2004,0.0
219602,2004,0.29357798165137616
219709,2004,0.8
219718,2004,0.45454545454545453
219806,2004,0.3870967741935484
219833,2004,0.5526315789473685
219949,2004,0.34615384615384615
219976,2004,0.4117647058823529
220075,2004,0.2
220181,2004,0.5645933014354066
220215,2004,0.3333333333333333
220473,2004,0.0
220516,2004,0.6666666666666666
220589,2004,0.1111111111111111
220598,2004,0.37623762376237624
220604,2004,0.12101910828025478
220613,2004,0.5294117647058824
220631,2004,0.2857142857142857
220701,2004,0.2
220710,2004,0.35294117647058826
220808,2004,0.14285714285714285
220862,2004,0.2570951585976628
220941,2004,0.2608695652173913
220978,2004,0.3925233644859813
221014,2004,0.6666666666666666
221254,2004,1.0
221351,2004,0.65
221519,2004,0.6666666666666666
221661,2004,0.19047619047619047
221731,2004,0.0
221740,2004,0.4933920704845815
221759,2004,0.5372670807453416
221768,2004,0.26
221838,2004,0.4646302250803859
221847,2004,0.2459016393442623
221856,2004,0.3
221892,2004,0.0
221953,2004,0.34782608695652173
221971,2004,0.6
221999,2004,0.9230769230769231
222178,2004,0.42105263157894735
222831,2004,0.4
222877,2004,0.5
222983,2004,0.7222222222222222
223232,2004,0.6078431372549019
224004,2004,0.0
224147,2004,0.5185185185185185
224226,2004,0.1875
224244,2004,0.0
224323,2004,0.75
224402,2004,0.17857142857142858
224527,2004,0.14285714285714285
224554,2004,0.34285714285714286
224776,2004,1.0
225247,2004,0.36363636363636365
225399,2004,0.4411764705882353
225432,2004,0.06870229007633588
225511,2004,0.343804537521815
225548,2004,0.05555555555555555
225575,2004,0.13333333333333333
225627,2004,0.30434782608695654
225885,2004,0.25
226091,2004,0.2849462365591398
226231,2004,0.6666666666666666
226383,2004,0.14285714285714285
226471,2004,0.25396825396825395
226587,2004,0.55
226806,2004,0.5882352941176471
226833,2004,0.23943661971830985
227216,2004,0.4470284237726098
227243,2004,0.23728813559322035
227331,2004,0.5555555555555556
227368,2004,0.5
227429,2004,0.04293381037567084
227526,2004,0.3137673425827108
227757,2004,0.82
227845,2004,0.5555555555555556
227863,2004,0.5
227881,2004,0.4126506024096386
228042,2004,0.2
228149,2004,0.6666666666666666
228246,2004,0.6931818181818182
228325,2004,0.3157894736842105
228343,2004,0.5
228431,2004,0.3881019830028329
228459,2004,0.543046357615894
228468,2004,0.37037037037037035
228486,2004,0.22033898305084745
228501,2004,0.1111111111111111
228529,2004,0.14285714285714285
228705,2004,0.15789473684210525
228714,2004,0.125
228723,2004,0.6
228769,2004,0.36318407960199006
228778,2004,0.6950354609929078
228787,2004,0.5588235294117647
228796,2004,0.24489795918367346
228802,2004,0.3333333333333333
228875,2004,0.6226415094339622
228884,2004,0.2894736842105263
228981,2004,0.29411764705882354
229027,2004,0.312
229063,2004,0.14930015552099535
229115,2004,0.4485981308411215
229160,2004,0.6052631578947368
229179,2004,0.3364485981308411
229267,2004,0.9333333333333333
229780,2004,0.0
229814,2004,0.1111111111111111
229887,2004,0.22123893805309736
230038,2004,0.5
230047,2004,1.0
230603,2004,0.3333333333333333
230630,2004,0.5
230728,2004,0.0
230764,2004,0.5
230782,2004,0.25
230816,2004,0.5
230898,2004,0.8
230940,2004,1.0
230959,2004,0.75
230995,2004,0.21428571428571427
231059,2004,0.6666666666666666
231077,2004,0.0
231086,2004,0.0
231174,2004,0.75
231420,2004,0.41935483870967744
231554,2004,0.25
231581,2004,0.625
231624,2004,0.8333333333333334
231712,2004,0.40350877192982454
231837,2004,0.3333333333333333
232025,2004,0.35
232043,2004,0.4
232089,2004,0.28846153846153844
232186,2004,0.5
232256,2004,0.5454545454545454
232265,2004,0.5140350877192983
232308,2004,0.7
232423,2004,0.7272727272727273
232469,2004,1.0
232557,2004,0.20155038759689922
232566,2004,0.5774647887323944
232609,2004,0.41379310344827586
232672,2004,0.4444444444444444
232681,2004,0.7857142857142857
232706,2004,0.3684210526315789
232937,2004,0.2964876033057851
232982,2004,0.5
233277,2004,0.5511811023622047
233295,2004,0.46153846153846156
233301,2004,0.5384615384615384
233374,2004,0.7333333333333333
233426,2004,0.7
233499,2004,0.30526315789473685
233541,2004,0.38095238095238093
233718,2004,0.6666666666666666
233897,2004,0.375
233912,2004,0.42857142857142855
233921,2004,0.6477272727272727
234030,2004,0.3801369863013699
234076,2004,0.8626760563380281
234085,2004,0.47058823529411764
234137,2004,1.0
234155,2004,0.40997830802603036
234164,2004,0.31086142322097376
234173,2004,0.34146341463414637
234207,2004,0.6666666666666666
234827,2004,0.35714285714285715
234960,2004,0.0
235024,2004,0.6
235097,2004,0.21875
235167,2004,0.5555555555555556
235316,2004,0.5
235769,2004,0.0
236133,2004,0.2857142857142857
236230,2004,0.6363636363636364
236328,2004,0.7142857142857143
236452,2004,0.0
236577,2004,0.7142857142857143
236595,2004,0.42857142857142855
236896,2004,0.25
236939,2004,0.4927536231884058
236948,2004,0.5180722891566265
237011,2004,0.5675675675675675
237057,2004,0.75
237066,2004,1.0
237118,2004,0.5
237154,2004,0.18181818181818182
237181,2004,0.5
237215,2004,0.0
237312,2004,0.6666666666666666
237330,2004,0.2857142857142857
237358,2004,0.0
237367,2004,0.18181818181818182
237385,2004,0.3333333333333333
237525,2004,0.3854166666666667
237640,2004,1.0
237783,2004,0.25
237792,2004,0.18181818181818182
237899,2004,0.18518518518518517
237932,2004,0.36363636363636365
237950,2004,0.3333333333333333
237969,2004,0.5652173913043478
238032,2004,0.3584905660377358
238078,2004,0.25
238193,2004,0.3793103448275862
238333,2004,0.6111111111111112
238430,2004,0.47619047619047616
238458,2004,0.21428571428571427
238476,2004,0.56
238616,2004,0.8148148148148148
238980,2004,0.18181818181818182
239017,2004,0.5
239071,2004,0.0
239080,2004,0.2222222222222222
239105,2004,0.546875
239309,2004,0.3333333333333333
239318,2004,0.2
239390,2004,0.3333333333333333
239512,2004,1.0
239628,2004,0.75
239716,2004,0.6
240107,2004,0.4
240189,2004,0.16901408450704225
240268,2004,0.6470588235294118
240277,2004,0.16666666666666666
240329,2004,0.42857142857142855
240338,2004,0.5
240365,2004,0.42105263157894735
240374,2004,0.13095238095238096
240392,2004,1.0
240417,2004,0.1
240426,2004,0.3333333333333333
240444,2004,0.5703125
240453,2004,0.18947368421052632
240462,2004,0.09090909090909091
240471,2004,0.18181818181818182
240480,2004,0.4166666666666667
240727,2004,0.4444444444444444
240754,2004,0.0
243665,2004,0.2926829268292683
243744,2004,0.9246575342465754
243780,2004,0.5318181818181819
244190,2004,1.0
245652,2004,0.0
245953,2004,1.0
260293,2004,0.0
262013,2004,0.23809523809523808
363934,2004,0.3333333333333333
365310,2004,1.0
366252,2004,0.5
366535,2004,0.8333333333333334
366711,2004,0.25
367884,2004,0.0
372213,2004,0.02
372222,2004,0.0
372958,2004,0.0
377519,2004,0.9285714285714286
381741,2004,1.0
384254,2004,0.0
384412,2004,0.25
392840,2004,0.0
398130,2004,0.42857142857142855
399869,2004,1.0
405979,2004,0.0
405988,2004,0.13333333333333333
405997,2004,0.0
406006,2004,0.0
406015,2004,0.09803921568627451
409698,2004,0.3
412599,2004,0.5
413723,2004,0.0
414823,2004,0.6086956521739131
416962,2004,0.0
417114,2004,0.5
417752,2004,0.0
419305,2004,1.0
419509,2004,0.125
420042,2004,0.0
420307,2004,0.8333333333333334
421009,2004,0.19298245614035087
421018,2004,0.18421052631578946
425296,2004,1.0
428286,2004,0.0
428444,2004,0.0
430087,2004,0.3333333333333333
432199,2004,0.27710843373493976
432223,2004,0.0
432232,2004,0.05263157894736842
432533,2004,0.0
433660,2004,0.18181818181818182
434946,2004,0.10714285714285714
434955,2004,0.3333333333333333
434964,2004,0.0
434973,2004,0.0
434982,2004,0.0
434991,2004,0.0
436483,2004,0.3333333333333333
436818,2004,0.2916666666666667
436827,2004,0.0
436836,2004,0.46153846153846156
437936,2004,0.0
438382,2004,0.0
438416,2004,0.0
438586,2004,0.4
438610,2004,0.0
439321,2004,0.0
439613,2004,1.0
439701,2004,0.5
441511,2004,1.0
444778,2004,0.5
445355,2004,0.3333333333333333
445717,2004,0.0
446613,2004,1.0
100654,2005,0.33712512926577043
100663,2005,0.31712962962962965
100706,2005,0.4857142857142857
100724,2005,0.2904522613065327
100751,2005,0.6495327102803738
100830,2005,0.233502538071066
100858,2005,0.4542124542124542
100937,2005,0.6875
101073,2005,0.13768115942028986
101189,2005,0.125
101365,2005,1.0
101435,2005,0.75
101480,2005,0.2719298245614035
101541,2005,0.7142857142857143
101587,2005,0.2318840579710145
101675,2005,0.5
101693,2005,0.3157894736842105
101709,2005,0.39759036144578314
101879,2005,0.22580645161290322
101912,2005,0.4970414201183432
102049,2005,0.5757575757575758
102094,2005,0.2848101265822785
102234,2005,0.8823529411764706
102270,2005,0.19805825242718447
102298,2005,0.30434782608695654
102368,2005,0.5414634146341464
102377,2005,0.4982517482517482
102553,2005,0.08333333333333333
102614,2005,0.18181818181818182
102669,2005,0.0
104151,2005,0.42245989304812837
104179,2005,0.45222929936305734
104531,2005,0.13636363636363635
104586,2005,0.5
104717,2005,0.2
104805,2005,0.4166666666666667
105330,2005,0.4
105516,2005,0.0
106245,2005,0.1696969696969697
106306,2005,1.0
106342,2005,0.0
106397,2005,0.44366197183098594
106412,2005,0.29248366013071897
106458,2005,0.33203125
106467,2005,0.1836734693877551
106485,2005,0.11009174311926606
106704,2005,0.38866396761133604
107044,2005,0.3076923076923077
107071,2005,0.24719101123595505
107080,2005,0.5833333333333334
107141,2005,0.5
107512,2005,0.47058823529411764
107558,2005,0.25
107600,2005,0.1702127659574468
107877,2005,0.2
107983,2005,0.3291139240506329
108232,2005,0.38461538461538464
109785,2005,0.2
110051,2005,0.25
110097,2005,0.5
110185,2005,0.0
110361,2005,0.2857142857142857
110370,2005,0.6666666666666666
110404,2005,1.0
110413,2005,0.0
110422,2005,0.45454545454545453
110468,2005,0.25
110486,2005,0.18604651162790697
110495,2005,0.2
110510,2005,0.3464052287581699
110529,2005,0.31521739130434784
110538,2005,0.2702702702702703
110547,2005,0.2822966507177033
110556,2005,0.21830985915492956
110565,2005,0.32710280373831774
110574,2005,0.37142857142857144
110583,2005,0.3943089430894309
110592,2005,0.21839080459770116
110608,2005,0.28307692307692306
110617,2005,0.30434782608695654
110635,2005,0.7315436241610739
110644,2005,0.7
110653,2005,0.6805555555555556
110662,2005,0.7770700636942676
110671,2005,0.6086956521739131
110680,2005,0.75
110705,2005,0.6304347826086957
110714,2005,0.5362318840579711
111081,2005,0.6
111188,2005,0.4
111948,2005,0.4444444444444444
111966,2005,1.0
112075,2005,0.6666666666666666
112084,2005,0.6666666666666666
112260,2005,0.8461538461538461
113607,2005,0.2662337662337662
113698,2005,0.5
114813,2005,0.3333333333333333
115409,2005,0.0
115728,2005,0.2857142857142857
115755,2005,0.4166666666666667
115773,2005,1.0
116040,2005,0.3333333333333333
117104,2005,0.5
117140,2005,0.5625
117168,2005,0.0
117575,2005,1.0
117627,2005,0.3103448275862069
117751,2005,0.3333333333333333
117928,2005,0.0
117946,2005,0.726027397260274
118693,2005,0.14285714285714285
118888,2005,0.7272727272727273
119173,2005,0.625
119605,2005,0.4
119711,2005,0.75
120184,2005,0.5
120254,2005,0.6976744186046512
120403,2005,0.5
120537,2005,0.2
120865,2005,0.5714285714285714
120883,2005,0.25
121071,2005,0.0
121150,2005,0.6296296296296297
121257,2005,1.0
121309,2005,0.1111111111111111
121345,2005,0.8695652173913043
121691,2005,0.4166666666666667
122409,2005,0.4634146341463415
122436,2005,0.4666666666666667
122506,2005,0.0
122597,2005,0.3046875
122612,2005,0.6923076923076923
122728,2005,0.0
122755,2005,0.31343283582089554
122931,2005,0.5625
123165,2005,1.0
123457,2005,0.0
123554,2005,0.55
123572,2005,0.4166666666666667
123651,2005,0.0
123961,2005,0.8484848484848485
124292,2005,1.0
125480,2005,0.5
125727,2005,1.0
125763,2005,0.6666666666666666
125897,2005,0.5333333333333333
126182,2005,0.6363636363636364
126562,2005,0.23809523809523808
126580,2005,0.2
126614,2005,0.43529411764705883
126669,2005,0.42857142857142855
126678,2005,0.631578947368421
126702,2005,0.4
126775,2005,0.75
126818,2005,0.49295774647887325
126827,2005,0.0
127024,2005,0.3333333333333333
127060,2005,0.3333333333333333
127185,2005,0.2222222222222222
127556,2005,0.4117647058823529
127565,2005,0.18421052631578946
127680,2005,0.0
127741,2005,0.5116279069767442
127918,2005,0.8
127945,2005,0.5
128106,2005,0.12
128328,2005,0.7654320987654321
128391,2005,0.0
128498,2005,0.38461538461538464
128744,2005,0.3793103448275862
128771,2005,0.2631578947368421
128902,2005,0.7857142857142857
129020,2005,0.6143790849673203
129215,2005,0.44776119402985076
129242,2005,0.5238095238095238
129525,2005,0.35
129774,2005,0.8
129941,2005,0.4153846153846154
130110,2005,0.0
130183,2005,0.2236842105263158
130226,2005,0.6363636363636364
130253,2005,0.43333333333333335
130314,2005,0.6666666666666666
130493,2005,0.2916666666666667
130590,2005,0.8928571428571429
130624,2005,0.3
130697,2005,0.90625
130776,2005,0.2786885245901639
130794,2005,0.956140350877193
130934,2005,0.3927958833619211
130943,2005,0.6325301204819277
130989,2005,0.5
131098,2005,0.32558139534883723
131113,2005,0.25
131159,2005,0.8
131283,2005,0.25
131308,2005,0.25
131399,2005,0.2446043165467626
131450,2005,0.23076923076923078
131469,2005,0.7319587628865979
131496,2005,0.9090909090909091
131520,2005,0.6933445661331087
131788,2005,0.4583333333333333
131876,2005,0.5138888888888888
132338,2005,0.5643564356435643
132471,2005,0.3088235294117647
132602,2005,0.312
132657,2005,0.7142857142857143
132842,2005,1.0
132879,2005,0.0
132903,2005,0.5261627906976745
133085,2005,0.4
133465,2005,0.45454545454545453
133492,2005,0.5
133526,2005,0.11636363636363636
133553,2005,0.525
133650,2005,0.42714760322733747
133669,2005,0.378839590443686
133711,2005,0.6666666666666666
133881,2005,0.5333333333333333
133951,2005,0.4269340974212034
133979,2005,0.25149700598802394
134079,2005,0.65625
134097,2005,0.715
134130,2005,0.7070457354758962
134149,2005,0.8222222222222222
134237,2005,0.6875
134510,2005,0.0
134680,2005,0.35294117647058826
134811,2005,0.8181818181818182
134945,2005,0.44680851063829785
135063,2005,0.375
135364,2005,1.0
135726,2005,0.6823529411764706
135939,2005,1.0
136172,2005,0.4461538461538462
136206,2005,0.1891891891891892
136215,2005,0.2558139534883721
136288,2005,0.6
136330,2005,0.3888888888888889
136774,2005,0.2857142857142857
136950,2005,0.7333333333333333
137032,2005,0.5
137272,2005,1.0
137351,2005,0.5196629213483146
137476,2005,0.25
137546,2005,0.5263157894736842
137564,2005,0.3076923076923077
137801,2005,0.2
137810,2005,1.0
137847,2005,0.574468085106383
137953,2005,0.3333333333333333
137962,2005,0.0
138275,2005,0.16666666666666666
138293,2005,0.14285714285714285
138354,2005,0.3793103448275862
138600,2005,0.7884615384615384
138716,2005,0.4251968503937008
138725,2005,0.09090909090909091
138789,2005,0.19101123595505617
138813,2005,0.36036036036036034
138868,2005,0.125
138947,2005,0.40226628895184136
138983,2005,0.16428571428571428
139144,2005,0.6
139153,2005,0.2
139199,2005,0.38095238095238093
139205,2005,0.17647058823529413
139311,2005,0.22807017543859648
139366,2005,0.31683168316831684
139393,2005,0.0
139533,2005,0.30969267139479906
139579,2005,0.0
139630,2005,0.28
139658,2005,0.8571428571428571
139719,2005,0.37462235649546827
139755,2005,0.6692913385826772
139764,2005,0.3230769230769231
139861,2005,0.328125
139931,2005,0.4489247311827957
139940,2005,0.45454545454545453
139959,2005,0.6865671641791045
140164,2005,0.27586206896551724
140234,2005,0.6666666666666666
140252,2005,0.1111111111111111
140322,2005,0.36
140340,2005,0.6
140447,2005,0.510752688172043
140553,2005,0.5420098846787479
140669,2005,0.45454545454545453
140696,2005,0.6086956521739131
140720,2005,0.29936305732484075
140818,2005,0.75
140872,2005,0.0
140951,2005,0.38095238095238093
140960,2005,0.3294460641399417
140988,2005,0.3125
141060,2005,0.7943262411347518
141097,2005,0.1794871794871795
141167,2005,0.21428571428571427
141185,2005,0.0
141264,2005,0.36923076923076925
141325,2005,0.6071428571428571
141334,2005,0.3787878787878788
141486,2005,0.5
141565,2005,0.0
141574,2005,0.25
141644,2005,0.36363636363636365
142115,2005,0.3157894736842105
142276,2005,0.125
142285,2005,0.875
142294,2005,0.0
142328,2005,0.0
142461,2005,0.0
142887,2005,0.25
143048,2005,0.5555555555555556
143084,2005,0.6111111111111112
143118,2005,0.5833333333333334
143288,2005,0.4
143297,2005,0.0
143358,2005,0.5
144005,2005,0.18272425249169436
144050,2005,0.8035714285714286
144281,2005,0.15862068965517243
144351,2005,0.22727272727272727
144740,2005,0.45774647887323944
144759,2005,0.25287356321839083
144883,2005,0.09659090909090909
144892,2005,0.45714285714285713
144962,2005,0.6363636363636364
144971,2005,0.21428571428571427
145372,2005,0.30434782608695654
145600,2005,0.358695652173913
145619,2005,0.6428571428571429
145637,2005,0.6848739495798319
145646,2005,0.6666666666666666
145691,2005,0.18181818181818182
145725,2005,0.5714285714285714
145813,2005,0.5336538461538461
146010,2005,0.14942528735632185
146339,2005,0.0
146393,2005,0.0
146427,2005,0.7142857142857143
146481,2005,0.8181818181818182
146612,2005,0.23809523809523808
146719,2005,0.5849056603773585
146825,2005,0.21739130434782608
147013,2005,0.2
147244,2005,0.6774193548387096
147341,2005,0.6923076923076923
147536,2005,0.25
147660,2005,0.375
147679,2005,0.4583333333333333
147703,2005,0.35135135135135137
147767,2005,0.9009009009009009
147776,2005,0.09868421052631579
147828,2005,0.1724137931034483
148016,2005,1.0
148131,2005,0.2777777777777778
148177,2005,0.45714285714285713
148335,2005,0.898876404494382
148405,2005,0.35
148487,2005,0.21311475409836064
148496,2005,0.16666666666666666
148584,2005,0.26666666666666666
148627,2005,0.45652173913043476
148849,2005,0.0
148876,2005,0.25
149222,2005,0.2907216494845361
149231,2005,0.2669683257918552
149505,2005,0.3333333333333333
149514,2005,0.5555555555555556
149639,2005,0.0
149772,2005,0.3925925925925926
149781,2005,0.8
150066,2005,0.36363636363636365
150136,2005,0.5482233502538071
150145,2005,0.6666666666666666
150163,2005,0.6052631578947368
150172,2005,0.1111111111111111
150400,2005,0.8
150455,2005,0.47619047619047616
150534,2005,0.375
150561,2005,0.42857142857142855
150604,2005,0.46153846153846156
150668,2005,0.3333333333333333
150677,2005,0.5
150756,2005,0.25
150941,2005,1.0
151102,2005,0.1
151111,2005,0.18807339449541285
151263,2005,0.3409090909090909
151290,2005,0.2558139534883721
151306,2005,0.1896551724137931
151324,2005,0.3464566929133858
151333,2005,0.0
151342,2005,0.13333333333333333
151351,2005,0.5119453924914675
151360,2005,0.09782608695652174
151379,2005,0.0
151388,2005,0.1
151458,2005,0.0
151777,2005,0.3125
151786,2005,0.3
151801,2005,0.925
151810,2005,0.7368421052631579
152080,2005,0.9041095890410958
152099,2005,0.0
152248,2005,0.17346938775510204
152266,2005,0.16666666666666666
152318,2005,0.8333333333333334
152336,2005,0.5
152363,2005,0.18181818181818182
152381,2005,0.0
152390,2005,0.8
152530,2005,1.0
152567,2005,0.375
152600,2005,0.6086956521739131
152673,2005,0.6111111111111112
152992,2005,0.6666666666666666
153001,2005,0.6
153108,2005,1.0
153126,2005,1.0
153144,2005,0.5
153162,2005,0.5
153250,2005,0.0
153269,2005,0.6296296296296297
153278,2005,0.1724137931034483
153302,2005,1.0
153320,2005,1.0
153366,2005,0.35714285714285715
153375,2005,0.3333333333333333
153384,2005,0.7647058823529411
153409,2005,1.0
153603,2005,0.5096153846153846
153621,2005,0.08823529411764706
153658,2005,0.45454545454545453
153825,2005,0.75
153834,2005,0.75
153861,2005,0.0
154004,2005,0.25
154013,2005,0.0
154022,2005,0.2857142857142857
154095,2005,0.4626865671641791
154101,2005,0.0
154235,2005,0.625
154350,2005,0.25
154493,2005,0.0
154509,2005,0.0
154518,2005,0.14285714285714285
154527,2005,0.2727272727272727
154590,2005,0.2222222222222222
154688,2005,0.25
154712,2005,0.2857142857142857
154721,2005,0.21428571428571427
154749,2005,0.5555555555555556
154855,2005,1.0
155025,2005,0.2962962962962963
155061,2005,0.25
155070,2005,0.0
155089,2005,0.21052631578947367
155317,2005,0.41509433962264153
155335,2005,0.5
155399,2005,0.38144329896907214
155414,2005,0.25
155511,2005,0.058823529411764705
155520,2005,0.125
155627,2005,0.16666666666666666
155681,2005,0.4666666666666667
155812,2005,0.25
155900,2005,0.7142857142857143
155937,2005,0.3333333333333333
155973,2005,0.2857142857142857
156082,2005,0.6666666666666666
156125,2005,0.21428571428571427
156213,2005,0.0
156286,2005,0.3076923076923077
156295,2005,0.639344262295082
156356,2005,0.0
156365,2005,0.14285714285714285
156408,2005,0.8181818181818182
156541,2005,0.36363636363636365
156620,2005,0.19767441860465115
156745,2005,0.3333333333333333
157058,2005,0.3134920634920635
157076,2005,0.375
157085,2005,0.44761904761904764
157216,2005,0.11428571428571428
157289,2005,0.34011627906976744
157359,2005,0.0
157377,2005,0.0
157386,2005,0.2962962962962963
157401,2005,0.3611111111111111
157447,2005,0.25
157535,2005,0.1276595744680851
157748,2005,0.0
157757,2005,0.21052631578947367
157793,2005,0.6783216783216783
157809,2005,0.23529411764705882
157818,2005,0.8181818181818182
157863,2005,0.17647058823529413
157951,2005,0.4567901234567901
158477,2005,0.6111111111111112
158802,2005,0.4741235392320534
159009,2005,0.4018264840182648
159391,2005,0.5178571428571429
159416,2005,0.14545454545454545
159568,2005,0.2857142857142857
159647,2005,0.45041322314049587
159656,2005,0.6578947368421053
159717,2005,0.2972972972972973
159939,2005,0.1949317738791423
159966,2005,0.12371134020618557
159993,2005,0.22128851540616246
160038,2005,0.29802955665024633
160065,2005,0.8333333333333334
160074,2005,0.0
160409,2005,0.0
160612,2005,0.16
160621,2005,0.2787074437391806
160630,2005,0.09623430962343096
160658,2005,0.3275862068965517
160755,2005,0.7164179104477612
160904,2005,0.38354430379746834
160977,2005,1.0
161004,2005,0.6666666666666666
161086,2005,0.6363636363636364
161165,2005,0.6666666666666666
161226,2005,0.5
161253,2005,0.45454545454545453
161299,2005,0.0
161341,2005,0.0
161457,2005,0.0
161554,2005,0.0
161563,2005,0.0
161882,2005,0.4
162007,2005,0.36795252225519287
162061,2005,0.36
162210,2005,0.30434782608695654
162283,2005,0.17929292929292928
162584,2005,0.5
162654,2005,0.7272727272727273
162760,2005,0.8
162928,2005,0.8936170212765957
163046,2005,0.6521739130434783
163204,2005,0.1875
163268,2005,0.5843373493975904
163286,2005,0.693446088794926
163295,2005,0.8
163338,2005,0.3417910447761194
163453,2005,0.37662337662337664
163462,2005,0.631578947368421
163578,2005,0.6041666666666666
163851,2005,0.5625
163912,2005,0.7272727272727273
163921,2005,0.14457831325301204
164076,2005,0.6486486486486487
164155,2005,0.7285714285714285
164173,2005,0.44680851063829785
164207,2005,0.4
164216,2005,0.3684210526315789
164270,2005,0.7222222222222222
164447,2005,0.5306122448979592
164465,2005,0.9166666666666666
164492,2005,0.0
164562,2005,0.7142857142857143
164571,2005,0.38636363636363635
164580,2005,0.75
164614,2005,0.0
164632,2005,0.35714285714285715
164641,2005,1.0
164720,2005,0.3
164739,2005,0.8
164748,2005,0.39285714285714285
164872,2005,0.0
164924,2005,0.8148148148148148
164933,2005,0.0
164988,2005,0.7662337662337663
165015,2005,0.7391304347826086
165024,2005,0.46296296296296297
165334,2005,0.7058823529411765
165529,2005,0.44
165644,2005,0.14285714285714285
165662,2005,0.8571428571428571
165671,2005,0.5
165699,2005,0.0
165820,2005,0.3333333333333333
165866,2005,0.5555555555555556
165936,2005,1.0
166018,2005,0.625
166027,2005,0.9534883720930233
166124,2005,0.72
166391,2005,0.76
166452,2005,0.3333333333333333
166513,2005,0.3888888888888889
166629,2005,0.5433070866141733
166638,2005,0.3076923076923077
166656,2005,0.5
166674,2005,0.45454545454545453
166683,2005,0.8225806451612904
166850,2005,1.0
166911,2005,1.0
166939,2005,0.7222222222222222
166948,2005,0.38095238095238093
166984,2005,0.75
167057,2005,0.6666666666666666
167251,2005,0.5625
167260,2005,0.18181818181818182
167288,2005,0.6363636363636364
167358,2005,0.6627906976744186
167394,2005,1.0
167455,2005,0.7619047619047619
167598,2005,0.8666666666666667
167729,2005,0.1111111111111111
167783,2005,0.5833333333333334
167792,2005,1.0
167835,2005,0.8775510204081632
167899,2005,0.6666666666666666
167987,2005,0.35365853658536583
167996,2005,0.7272727272727273
168005,2005,0.3333333333333333
168148,2005,0.851063829787234
168218,2005,0.8709677419354839
168227,2005,0.1951219512195122
168254,2005,0.9
168263,2005,0.3225806451612903
168281,2005,0.75
168290,2005,0.7272727272727273
168342,2005,0.8571428571428571
168421,2005,0.8571428571428571
168430,2005,0.23809523809523808
168528,2005,0.14814814814814814
168546,2005,0.75
168591,2005,0.3333333333333333
168740,2005,0.47368421052631576
168786,2005,0.1111111111111111
168847,2005,0.0
169080,2005,0.7272727272727273
169248,2005,0.4161849710982659
169327,2005,0.6666666666666666
169363,2005,0.0
169442,2005,0.35294117647058826
169479,2005,0.07228915662650602
169716,2005,0.3333333333333333
169798,2005,0.29981378026070765
169910,2005,0.1276595744680851
169983,2005,0.47368421052631576
170037,2005,0.0
170082,2005,0.4369747899159664
170091,2005,0.0
170301,2005,0.7272727272727273
170532,2005,0.9
170639,2005,0.5
170675,2005,0.25806451612903225
170806,2005,0.25
170842,2005,0.16666666666666666
170967,2005,0.1111111111111111
170976,2005,0.7061310782241015
171100,2005,0.5359195402298851
171128,2005,0.5
171137,2005,0.20689655172413793
171146,2005,0.3333333333333333
171456,2005,0.2727272727272727
171492,2005,0.328125
171571,2005,0.3333333333333333
171599,2005,0.16666666666666666
172051,2005,0.078125
172264,2005,0.5294117647058824
172334,2005,0.0
172644,2005,0.10112359550561797
172699,2005,0.4022346368715084
172972,2005,0.0
173045,2005,0.3125
173124,2005,0.6666666666666666
173142,2005,0.0
173160,2005,0.75
173258,2005,1.0
173300,2005,0.5
173328,2005,0.3125
173452,2005,0.2
173647,2005,0.75
173665,2005,0.5
173887,2005,0.5
173902,2005,0.875
173920,2005,0.2608695652173913
174020,2005,0.0
174066,2005,0.45622119815668205
174075,2005,0.0
174233,2005,0.34615384615384615
174251,2005,0.16666666666666666
174358,2005,0.0
174437,2005,0.0
174491,2005,0.5714285714285714
174525,2005,0.5
174747,2005,0.6666666666666666
174783,2005,0.28
174792,2005,0.0
174817,2005,0.0
174844,2005,0.7142857142857143
174862,2005,0.0
174899,2005,0.0
174914,2005,0.7142857142857143
175005,2005,0.4
175078,2005,0.2
175272,2005,0.4
175342,2005,0.4570230607966457
175421,2005,0.34615384615384615
175430,2005,0.0
175616,2005,0.4140625
175856,2005,0.3546637744034707
175917,2005,0.6666666666666666
175980,2005,0.71875
176017,2005,0.42738589211618255
176035,2005,0.423728813559322
176044,2005,0.3515358361774744
176053,2005,0.46153846153846156
176080,2005,0.4847161572052402
176318,2005,0.1457286432160804
176372,2005,0.43792325056433407
176406,2005,0.4304932735426009
176460,2005,0.14285714285714285
176479,2005,0.21951219512195122
176628,2005,0.3333333333333333
176664,2005,1.0
176789,2005,0.0
176947,2005,0.0967741935483871
176965,2005,0.24528301886792453
177065,2005,0.3333333333333333
177144,2005,0.2
177153,2005,0.0
177162,2005,0.27586206896551724
177214,2005,0.16666666666666666
177339,2005,0.5454545454545454
177418,2005,0.3225806451612903
177542,2005,0.3333333333333333
177551,2005,0.21153846153846154
177719,2005,1.0
177746,2005,1.0
177940,2005,0.23076923076923078
177968,2005,0.425531914893617
178059,2005,0.47058823529411764
178244,2005,0.16666666666666666
178341,2005,0.42105263157894735
178369,2005,0.18556701030927836
178387,2005,0.1417910447761194
178396,2005,0.5466666666666666
178402,2005,0.3372093023255814
178411,2005,0.7222222222222222
178420,2005,0.42857142857142855
178615,2005,0.5666666666666667
178624,2005,0.475
178679,2005,0.25
178697,2005,1.0
178721,2005,0.3181818181818182
178891,2005,0.0
178989,2005,0.5
179043,2005,0.38461538461538464
179070,2005,1.0
179159,2005,0.6785714285714286
179256,2005,0.0
179326,2005,0.23529411764705882
179548,2005,0.6666666666666666
179557,2005,0.36082474226804123
179566,2005,0.45
179867,2005,0.8440366972477065
179894,2005,0.38461538461538464
179946,2005,0.3333333333333333
179955,2005,0.1
179964,2005,0.16666666666666666
180179,2005,0.0
180258,2005,0.0
180461,2005,0.1111111111111111
180489,2005,0.125
180522,2005,0.0
180595,2005,0.0
180692,2005,0.5
180814,2005,0.0
180832,2005,0.7142857142857143
180948,2005,0.0
180984,2005,0.2857142857142857
181002,2005,0.5
181011,2005,0.5714285714285714
181020,2005,0.42857142857142855
181093,2005,0.0
181127,2005,0.5
181215,2005,0.35714285714285715
181330,2005,0.2777777777777778
181376,2005,0.0
181394,2005,0.19
181446,2005,0.5
181464,2005,0.4868421052631579
181534,2005,0.0
181604,2005,0.0
181738,2005,0.25
181783,2005,0.13333333333333333
181853,2005,0.6666666666666666
182281,2005,0.29444444444444445
182290,2005,0.3559322033898305
182634,2005,0.0
182661,2005,1.0
182670,2005,0.9152542372881356
182795,2005,0.3333333333333333
182980,2005,0.3333333333333333
183026,2005,0.1111111111111111
183044,2005,0.5517241379310345
183062,2005,0.5
183080,2005,0.0
183211,2005,0.3333333333333333
183239,2005,0.0
183822,2005,0.3135593220338983
183910,2005,0.35294117647058826
183974,2005,0.07142857142857142
184348,2005,0.46153846153846156
184603,2005,0.34328358208955223
184612,2005,0.1
184694,2005,0.2903225806451613
184773,2005,0.25
184782,2005,0.35514018691588783
185129,2005,0.25688073394495414
185262,2005,0.3824884792626728
185572,2005,0.45714285714285713
185590,2005,0.5352941176470588
185828,2005,0.4117647058823529
186131,2005,0.9204545454545454
186201,2005,0.5454545454545454
186283,2005,0.4927536231884058
186371,2005,0.44155844155844154
186380,2005,0.7078891257995735
186399,2005,0.5376344086021505
186432,2005,0.371900826446281
186584,2005,0.40336134453781514
186618,2005,0.7
186867,2005,0.5
186876,2005,0.6557377049180327
187134,2005,0.5714285714285714
187444,2005,0.41530054644808745
187648,2005,0.13157894736842105
187897,2005,0.0
187967,2005,1.0
187985,2005,0.3
188030,2005,0.36538461538461536
188146,2005,0.14285714285714285
188304,2005,0.0
188340,2005,0.2777777777777778
188429,2005,0.47297297297297297
188465,2005,1.0
188526,2005,0.5
188641,2005,0.6363636363636364
189088,2005,0.6
189097,2005,0.8214285714285714
189228,2005,0.3010752688172043
189413,2005,0.27586206896551724
189705,2005,0.6440677966101694
189848,2005,0.36363636363636365
190044,2005,0.6923076923076923
190099,2005,0.8
190114,2005,0.42528735632183906
190150,2005,0.8404255319148937
190248,2005,0.3333333333333333
190372,2005,0.8
190415,2005,0.8975903614457831
190503,2005,1.0
190512,2005,0.4375
190549,2005,0.3055555555555556
190558,2005,0.1111111111111111
190567,2005,0.26037735849056604
190594,2005,0.34332425068119893
190600,2005,0.489010989010989
190637,2005,0.27380952380952384
190646,2005,0.125
190655,2005,0.0
190664,2005,0.4875
190691,2005,0.2682926829268293
190716,2005,0.4
190725,2005,0.34615384615384615
190761,2005,0.25
190770,2005,0.47368421052631576
190983,2005,0.23076923076923078
191205,2005,0.3684210526315789
191241,2005,0.7065217391304348
191515,2005,0.6956521739130435
191533,2005,0.631578947368421
191621,2005,0.0
191630,2005,0.625
191649,2005,0.41379310344827586
191676,2005,0.3333333333333333
191931,2005,0.48
191968,2005,0.7567567567567568
192110,2005,0.5714285714285714
192192,2005,0.1724137931034483
192271,2005,1.0
192323,2005,0.6111111111111112
192439,2005,0.15815085158150852
192448,2005,0.45454545454545453
192466,2005,0.7142857142857143
192703,2005,0.5526315789473685
192712,2005,0.8333333333333334
192749,2005,0.5185185185185185
192819,2005,0.7391304347826086
192855,2005,0.425
192864,2005,0.40298507462686567
192925,2005,0.13333333333333333
193016,2005,0.23529411764705882
193292,2005,0.3125
193308,2005,0.7857142857142857
193317,2005,0.7272727272727273
193353,2005,0.375
193399,2005,0.36666666666666664
193584,2005,0.5833333333333334
193645,2005,0.4019370460048426
193654,2005,0.56
193900,2005,0.7152317880794702
193973,2005,0.4166666666666667
194091,2005,0.3170731707317073
194107,2005,0.20512820512820512
194161,2005,0.35443037974683544
194310,2005,0.4375
194541,2005,0.2
194569,2005,1.0
194578,2005,0.5098039215686274
194824,2005,0.6833333333333333
194958,2005,0.3333333333333333
195003,2005,0.3626373626373626
195030,2005,0.7924528301886793
195128,2005,0.5454545454545454
195164,2005,0.5
195173,2005,0.5581395348837209
195216,2005,0.8571428571428571
195234,2005,0.375
195243,2005,0.23529411764705882
195304,2005,0.75
195474,2005,0.5
195526,2005,0.6666666666666666
195544,2005,0.5833333333333334
195562,2005,0.3333333333333333
195720,2005,0.631578947368421
195809,2005,0.4896755162241888
196024,2005,1.0
196042,2005,0.3181818181818182
196060,2005,0.6542553191489362
196079,2005,0.7207207207207207
196088,2005,0.4652173913043478
196097,2005,0.6695278969957081
196103,2005,0.2857142857142857
196121,2005,0.4186046511627907
196130,2005,0.42702702702702705
196149,2005,0.5
196158,2005,0.14285714285714285
196167,2005,0.48
196176,2005,0.5545454545454546
196185,2005,0.6341463414634146
196194,2005,0.5
196200,2005,0.36363636363636365
196219,2005,0.42857142857142855
196237,2005,0.44954128440366975
196246,2005,0.4418604651162791
196264,2005,0.07407407407407407
196291,2005,0.1111111111111111
196413,2005,0.7487179487179487
196866,2005,0.8846153846153846
197027,2005,0.4
197036,2005,0.8272727272727273
197045,2005,0.37142857142857144
197133,2005,0.7666666666666667
197151,2005,0.7222222222222222
197197,2005,0.5357142857142857
197230,2005,0.6666666666666666
197869,2005,0.5934065934065934
197911,2005,0.2926829268292683
197984,2005,0.21428571428571427
197993,2005,0.33540372670807456
198066,2005,0.3
198136,2005,0.3764705882352941
198215,2005,0.32142857142857145
198303,2005,0.1864406779661017
198385,2005,0.8928571428571429
198419,2005,0.8703703703703703
198464,2005,0.5602094240837696
198507,2005,0.503957783641161
198516,2005,0.6956521739130435
198543,2005,0.39316239316239315
198561,2005,0.30357142857142855
198598,2005,0.2916666666666667
198613,2005,0.6486486486486487
198695,2005,0.5384615384615384
198747,2005,0.0
198756,2005,0.3971774193548387
198808,2005,0.0
198835,2005,0.25
198862,2005,0.26353790613718414
198899,2005,0.14285714285714285
198950,2005,0.5384615384615384
198969,2005,0.3018867924528302
198978,2005,0.0
199032,2005,0.375
199069,2005,0.36
199102,2005,0.385886840432295
199111,2005,0.2
199120,2005,0.7536945812807881
199139,2005,0.5106382978723404
199148,2005,0.584
199157,2005,0.5080058224163028
199184,2005,0.6666666666666666
199193,2005,0.638961038961039
199209,2005,0.36
199218,2005,0.6438356164383562
199272,2005,0.375
199281,2005,0.4423076923076923
199306,2005,0.48
199315,2005,0.0
199412,2005,0.4782608695652174
199458,2005,0.0
199582,2005,0.31536388140161725
199607,2005,0.6666666666666666
199643,2005,0.24411764705882352
199698,2005,0.35714285714285715
199847,2005,0.9420289855072463
199962,2005,0.35185185185185186
199971,2005,1.0
199999,2005,0.4503171247357294
200004,2005,0.48148148148148145
200059,2005,0.0
200156,2005,1.0
200217,2005,0.5
200253,2005,0.2
200280,2005,0.15384615384615385
200332,2005,0.75
200484,2005,1.0
200572,2005,1.0
200800,2005,0.16076294277929154
201007,2005,0.5
201104,2005,0.3684210526315789
201195,2005,0.6842105263157895
201371,2005,0.3333333333333333
201441,2005,0.5416666666666666
201548,2005,0.6363636363636364
201645,2005,0.631578947368421
201654,2005,1.0
201690,2005,0.2682926829268293
201858,2005,0.5
201885,2005,0.3080168776371308
202046,2005,0.6
202073,2005,1.0
202134,2005,0.16972477064220184
202170,2005,0.46153846153846156
202480,2005,0.7076923076923077
202514,2005,0.125
202523,2005,0.6153846153846154
202541,2005,0.20512820512820512
202611,2005,0.22916666666666666
202763,2005,0.38095238095238093
202806,2005,0.0
203085,2005,0.0
203128,2005,0.6
203368,2005,0.6538461538461539
203517,2005,0.3517915309446254
203535,2005,0.75
203544,2005,0.5
203580,2005,0.42857142857142855
203757,2005,0.3333333333333333
203775,2005,0.3
203845,2005,0.42857142857142855
204006,2005,0.05555555555555555
204015,2005,0.15384615384615385
204024,2005,0.668918918918919
204176,2005,0.3333333333333333
204185,2005,0.34782608695652173
204200,2005,0.21052631578947367
204264,2005,0.4444444444444444
204468,2005,0.18181818181818182
204501,2005,0.8070175438596491
204617,2005,0.34146341463414637
204635,2005,0.3076923076923077
204671,2005,0.0
204680,2005,0.1111111111111111
204699,2005,0.125
204705,2005,0.10526315789473684
204796,2005,0.569620253164557
204802,2005,0.3333333333333333
204820,2005,0.0
204839,2005,0.1
204848,2005,0.3333333333333333
204857,2005,0.6363636363636364
204866,2005,0.0
204909,2005,0.5945945945945946
204936,2005,0.4782608695652174
205203,2005,0.16666666666666666
205443,2005,0.09090909090909091
206002,2005,0.0
206048,2005,0.2631578947368421
206084,2005,0.23796033994334279
206279,2005,0.5454545454545454
206330,2005,0.2571428571428571
206349,2005,0.46153846153846156
206437,2005,0.29411764705882354
206491,2005,0.29015544041450775
206507,2005,0.4642857142857143
206525,2005,0.4666666666666667
206589,2005,0.6521739130434783
206604,2005,0.36231884057971014
206622,2005,0.6792452830188679
206695,2005,0.16546762589928057
206817,2005,0.047619047619047616
206835,2005,0.3333333333333333
206862,2005,0.14285714285714285
206914,2005,0.5510204081632653
206941,2005,0.2727272727272727
207041,2005,0.23809523809523808
207157,2005,0.0
207209,2005,0.46153846153846156
207263,2005,0.41379310344827586
207306,2005,0.125
207324,2005,0.125
207388,2005,0.3963963963963964
207403,2005,0.0
207458,2005,0.2692307692307692
207500,2005,0.51931330472103
207582,2005,0.49504950495049505
207661,2005,0.0
207689,2005,0.375
207722,2005,0.1111111111111111
207847,2005,0.3181818181818182
207856,2005,0.5
207865,2005,0.2631578947368421
207971,2005,0.5333333333333333
208239,2005,0.0
208488,2005,0.375
208646,2005,0.0
208822,2005,0.0
209056,2005,1.0
209065,2005,0.7142857142857143
209409,2005,0.0
209506,2005,0.0
209542,2005,0.32142857142857145
209551,2005,0.5192307692307693
209603,2005,0.0
209612,2005,0.0
209807,2005,0.42105263157894735
209825,2005,0.6666666666666666
209922,2005,0.5
210146,2005,0.0
210304,2005,0.6
210401,2005,0.6875
210429,2005,0.08333333333333333
210492,2005,0.0
210571,2005,0.5
210669,2005,0.36363636363636365
210739,2005,0.0
210775,2005,0.3181818181818182
210942,2005,0.5769230769230769
210960,2005,0.4444444444444444
211024,2005,0.0
211088,2005,0.4722222222222222
211158,2005,0.30612244897959184
211273,2005,0.6666666666666666
211291,2005,0.8076923076923077
211352,2005,0.4
211361,2005,0.5333333333333333
211431,2005,0.47619047619047616
211440,2005,0.8
211468,2005,0.7894736842105263
211556,2005,0.5384615384615384
211583,2005,0.5769230769230769
211608,2005,0.2961672473867596
211644,2005,0.352112676056338
211893,2005,1.0
211981,2005,0.5333333333333333
212009,2005,0.7272727272727273
212054,2005,0.5
212106,2005,0.5217391304347826
212115,2005,0.32432432432432434
212133,2005,0.5333333333333333
212160,2005,0.47126436781609193
212197,2005,0.5714285714285714
212577,2005,0.8
212601,2005,0.3333333333333333
212656,2005,0.3888888888888889
212674,2005,0.7777777777777778
212805,2005,1.0
212832,2005,0.375
212911,2005,0.9090909090909091
212984,2005,0.0
213011,2005,0.7142857142857143
213020,2005,0.25
213251,2005,0.0
213303,2005,0.125
213321,2005,0.45454545454545453
213349,2005,0.34615384615384615
213358,2005,0.3333333333333333
213367,2005,0.6229508196721312
213385,2005,0.9166666666666666
213400,2005,0.0
213507,2005,0.4
213543,2005,0.6216216216216216
213598,2005,0.3653250773993808
213613,2005,0.23809523809523808
213668,2005,0.5
213783,2005,0.23809523809523808
213826,2005,0.0
213987,2005,0.7
213996,2005,0.75
214041,2005,0.5375
214069,2005,0.0
214148,2005,0.8
214157,2005,0.4
214175,2005,0.8181818181818182
214272,2005,0.5111111111111111
214591,2005,0.5
214625,2005,0.0
214634,2005,0.0
214643,2005,0.8
214652,2005,0.25
214670,2005,1.0
214689,2005,0.5131578947368421
214698,2005,0.6666666666666666
214704,2005,0.5853658536585366
214731,2005,0.35555555555555557
214759,2005,0.0
214768,2005,0.6666666666666666
214777,2005,0.720754716981132
214786,2005,0.4146341463414634
214795,2005,0.48
214801,2005,0.37735849056603776
214810,2005,0.5098039215686274
214829,2005,0.125
214883,2005,0.0
214971,2005,1.0
215053,2005,0.0
215062,2005,0.8943661971830986
215099,2005,0.30357142857142855
215105,2005,0.4883720930232558
215114,2005,1.0
215132,2005,0.42857142857142855
215266,2005,0.4
215275,2005,0.2727272727272727
215284,2005,0.6666666666666666
215293,2005,0.6136363636363636
215442,2005,0.36363636363636365
215637,2005,1.0
215655,2005,0.37209302325581395
215691,2005,0.6
215743,2005,0.5925925925925926
215770,2005,0.6153846153846154
215798,2005,0.5454545454545454
215929,2005,0.8333333333333334
215947,2005,0.5
216010,2005,0.4032258064516129
216038,2005,0.37681159420289856
216278,2005,0.75
216287,2005,1.0
216339,2005,0.5808720112517581
216357,2005,0.3125
216524,2005,0.7058823529411765
216542,2005,0.42857142857142855
216597,2005,0.8571428571428571
216667,2005,0.5384615384615384
216694,2005,0.2727272727272727
216764,2005,0.5104895104895105
216807,2005,0.0
216852,2005,0.36585365853658536
216931,2005,0.5
217013,2005,0.6666666666666666
217059,2005,0.5555555555555556
217156,2005,0.8387096774193549
217165,2005,0.44
217235,2005,0.6708860759493671
217402,2005,0.7333333333333333
217420,2005,0.2222222222222222
217484,2005,0.4024390243902439
217493,2005,0.9166666666666666
217518,2005,0.6666666666666666
217536,2005,0.5
217606,2005,0.6
217624,2005,1.0
217633,2005,0.3225806451612903
217688,2005,0.42105263157894735
217721,2005,0.301994301994302
217776,2005,0.16666666666666666
217819,2005,0.6470588235294118
217864,2005,0.5277777777777778
217873,2005,0.5878378378378378
217882,2005,0.6759259259259259
217907,2005,0.5
217934,2005,0.4835164835164835
217961,2005,0.6428571428571429
217998,2005,0.4444444444444444
218061,2005,0.4727272727272727
218070,2005,0.8333333333333334
218229,2005,0.4358974358974359
218238,2005,0.3157894736842105
218399,2005,0.3058823529411765
218414,2005,0.5365853658536586
218441,2005,0.20588235294117646
218539,2005,0.5333333333333333
218645,2005,0.43
218663,2005,0.6102088167053364
218724,2005,0.4
218733,2005,0.5376344086021505
218742,2005,0.3724137931034483
218919,2005,0.4649122807017544
218964,2005,0.6388888888888888
218973,2005,0.7894736842105263
219000,2005,0.0
219046,2005,0.0
219082,2005,0.0
219091,2005,0.21428571428571427
219347,2005,0.3333333333333333
219356,2005,0.2
219383,2005,0.5
219471,2005,0.35714285714285715
219505,2005,0.8888888888888888
219578,2005,0.0
219602,2005,0.3007518796992481
219639,2005,0.0
219709,2005,0.6363636363636364
219718,2005,0.2
219790,2005,1.0
219806,2005,0.4838709677419355
219833,2005,0.5555555555555556
219949,2005,0.15384615384615385
219976,2005,0.35
220075,2005,0.41935483870967744
220181,2005,0.5695652173913044
220215,2005,0.375
220473,2005,0.0
220516,2005,0.0
220589,2005,0.25925925925925924
220598,2005,0.34347826086956523
220604,2005,0.15286624203821655
220613,2005,0.7037037037037037
220631,2005,0.2857142857142857
220701,2005,0.4
220710,2005,0.47058823529411764
220808,2005,0.14285714285714285
220862,2005,0.26949152542372884
220941,2005,0.21428571428571427
220978,2005,0.42857142857142855
221014,2005,0.4
221254,2005,1.0
221351,2005,0.5
221519,2005,0.7692307692307693
221661,2005,0.35555555555555557
221731,2005,0.25
221740,2005,0.46153846153846156
221759,2005,0.5886792452830188
221768,2005,0.3721973094170404
221838,2005,0.4163424124513619
221847,2005,0.3125
221856,2005,0.14285714285714285
221892,2005,0.2
221953,2005,0.22580645161290322
221971,2005,0.25
221999,2005,0.9021739130434783
222178,2005,0.4576271186440678
222831,2005,0.23943661971830985
222938,2005,0.5098039215686274
222983,2005,0.6666666666666666
223117,2005,1.0
223232,2005,0.7171052631578947
224004,2005,0.2
224147,2005,0.3888888888888889
224226,2005,0.5555555555555556
224244,2005,0.0
224323,2005,0.5
224402,2005,0.1836734693877551
224527,2005,0.18867924528301888
224554,2005,0.3076923076923077
224776,2005,0.5
225247,2005,0.4
225399,2005,0.2727272727272727
225432,2005,0.09333333333333334
225511,2005,0.3465160075329567
225548,2005,0.3181818181818182
225575,2005,0.21296296296296297
225627,2005,0.29411764705882354
225885,2005,0.20300751879699247
226091,2005,0.2358974358974359
226152,2005,0.0
226231,2005,0.5714285714285714
226383,2005,0.1
226471,2005,0.3018867924528302
226587,2005,0.3125
226833,2005,0.18181818181818182
227216,2005,0.4807692307692308
227243,2005,0.25
227331,2005,0.4
227368,2005,0.18181818181818182
227429,2005,0.20207253886010362
227526,2005,0.3813131313131313
227757,2005,0.9411764705882353
227845,2005,0.38461538461538464
227863,2005,0.3076923076923077
227881,2005,0.440625
228042,2005,0.5
228149,2005,0.4444444444444444
228246,2005,0.7761194029850746
228325,2005,0.2
228343,2005,1.0
228431,2005,0.2986666666666667
228459,2005,0.5925925925925926
228468,2005,0.6666666666666666
228486,2005,0.2222222222222222
228501,2005,0.045454545454545456
228529,2005,0.4166666666666667
228705,2005,0.12
228714,2005,0.2
228723,2005,0.6235294117647059
228769,2005,0.375
228778,2005,0.7237762237762237
228787,2005,0.4
228796,2005,0.10526315789473684
228802,2005,0.3333333333333333
228875,2005,0.5657894736842105
228884,2005,0.3258426966292135
228981,2005,0.6
229018,2005,0.2
229027,2005,0.225
229063,2005,0.11743772241992882
229115,2005,0.390625
229160,2005,0.22448979591836735
229179,2005,0.3333333333333333
229267,2005,0.625
229780,2005,0.0
229814,2005,0.2571428571428571
229887,2005,0.37349397590361444
230038,2005,0.75
230603,2005,0.0
230728,2005,0.4444444444444444
230737,2005,1.0
230764,2005,0.4
230782,2005,0.35714285714285715
230816,2005,0.0
230852,2005,0.5
230898,2005,0.0
230959,2005,0.7272727272727273
230977,2005,1.0
230995,2005,0.25
231059,2005,0.6666666666666666
231077,2005,0.0
231086,2005,1.0
231174,2005,0.42857142857142855
231420,2005,0.1951219512195122
231554,2005,0.2857142857142857
231581,2005,0.47619047619047616
231624,2005,0.8266666666666667
231712,2005,0.5666666666666667
231785,2005,1.0
231837,2005,1.0
232025,2005,0.6666666666666666
232043,2005,0.4666666666666667
232089,2005,0.3108108108108108
232186,2005,0.5976331360946746
232256,2005,1.0
232265,2005,0.5464824120603015
232308,2005,0.7142857142857143
232423,2005,0.6532258064516129
232557,2005,0.37037037037037035
232566,2005,0.6493506493506493
232609,2005,0.37037037037037035
232672,2005,0.532258064516129
232681,2005,0.75
232706,2005,0.45454545454545453
232797,2005,0.75
232937,2005,0.2990990990990991
232982,2005,0.4975247524752475
233277,2005,0.5752212389380531
233295,2005,0.35294117647058826
233301,2005,0.625
233374,2005,0.8333333333333334
233426,2005,0.625
233499,2005,0.16853932584269662
233541,2005,0.38596491228070173
233611,2005,0.0
233718,2005,0.8571428571428571
233897,2005,0.2857142857142857
233912,2005,0.8333333333333334
233921,2005,0.7431906614785992
234030,2005,0.4258373205741627
234076,2005,0.8790035587188612
234085,2005,0.5
234137,2005,1.0
234155,2005,0.42657342657342656
234164,2005,0.2895927601809955
234173,2005,0.34146341463414637
234207,2005,0.6875
234827,2005,0.4
235024,2005,0.6666666666666666
235097,2005,0.25925925925925924
235167,2005,0.375
235316,2005,0.6
236133,2005,0.0
236230,2005,0.375
236300,2005,0.0
236328,2005,0.6363636363636364
236452,2005,0.16666666666666666
236577,2005,0.0
236595,2005,0.7435897435897436
236896,2005,0.0
236939,2005,0.5529411764705883
236948,2005,0.6581196581196581
237011,2005,0.6346153846153846
237057,2005,0.8333333333333334
237118,2005,0.4
237136,2005,0.0
237154,2005,0.3333333333333333
237181,2005,0.14285714285714285
237215,2005,0.46153846153846156
237312,2005,0.25
237330,2005,0.17142857142857143
237358,2005,0.3333333333333333
237367,2005,0.16666666666666666
237385,2005,0.3333333333333333
237525,2005,0.5
237640,2005,0.0
237783,2005,0.125
237792,2005,0.2903225806451613
237899,2005,0.23529411764705882
237932,2005,0.26666666666666666
237950,2005,0.2
237969,2005,0.4
238032,2005,0.47435897435897434
238078,2005,0.16666666666666666
238193,2005,0.15217391304347827
238333,2005,0.6666666666666666
238430,2005,0.7222222222222222
238458,2005,0.23076923076923078
238476,2005,0.4444444444444444
238616,2005,0.5
238661,2005,0.42857142857142855
238980,2005,0.0625
239017,2005,0.7142857142857143
239071,2005,0.6666666666666666
239080,2005,0.17647058823529413
239105,2005,0.671875
239309,2005,0.0
239318,2005,0.45454545454545453
239390,2005,0.26666666666666666
239512,2005,0.5
239628,2005,0.5
239716,2005,0.8
240107,2005,0.6666666666666666
240189,2005,0.22
240268,2005,0.5
240277,2005,0.5
240329,2005,0.4375
240338,2005,0.0
240365,2005,0.25
240374,2005,0.16883116883116883
240392,2005,0.0
240417,2005,0.0
240426,2005,1.0
240444,2005,0.5714285714285714
240453,2005,0.2132701421800948
240462,2005,0.2857142857142857
240471,2005,0.42857142857142855
240480,2005,0.5555555555555556
240727,2005,0.375
241191,2005,0.6666666666666666
243665,2005,0.3375
243744,2005,0.888
243780,2005,0.585635359116022
245953,2005,0.25
247700,2005,0.0
260293,2005,0.0
262013,2005,0.35714285714285715
363934,2005,1.0
365310,2005,1.0
366252,2005,0.125
366535,2005,1.0
366711,2005,0.3
367884,2005,1.0
367909,2005,0.0
372213,2005,0.053811659192825115
372222,2005,0.09090909090909091
377519,2005,1.0
377546,2005,1.0
384254,2005,1.0
385619,2005,0.2857142857142857
390701,2005,0.3333333333333333
398130,2005,0.3333333333333333
399869,2005,0.5
402633,2005,0.0
405979,2005,0.0
405988,2005,0.0625
405997,2005,0.0
406006,2005,0.25
406015,2005,0.03125
406547,2005,1.0
407665,2005,0.0
409698,2005,0.2857142857142857
412599,2005,1.0
413723,2005,0.3333333333333333
414160,2005,1.0
414823,2005,0.6440677966101694
416962,2005,0.125
419509,2005,0.1111111111111111
420006,2005,1.0
420307,2005,0.0
421009,2005,0.1643835616438356
421018,2005,0.16279069767441862
428286,2005,0.25
428444,2005,1.0
432199,2005,0.264
432223,2005,0.0
432232,2005,0.09523809523809523
432241,2005,0.0
432533,2005,0.4166666666666667
433536,2005,1.0
433660,2005,0.375
434946,2005,0.14285714285714285
434955,2005,0.0
434964,2005,0.25
434973,2005,0.16
434982,2005,0.0
434991,2005,0.16666666666666666
436818,2005,0.32
436827,2005,1.0
436836,2005,0.7
437316,2005,1.0
437927,2005,0.43902439024390244
437936,2005,0.5
438151,2005,0.0
438382,2005,0.0
438416,2005,0.25
438601,2005,1.0
438610,2005,0.023255813953488372
438902,2005,0.06666666666666667
439163,2005,0.22727272727272727
439279,2005,0.0
439288,2005,0.5
439613,2005,0.6666666666666666
440341,2005,0.5
440420,2005,0.0
440758,2005,0.0
440767,2005,0.0
441511,2005,0.5714285714285714
442833,2005,0.3333333333333333
445717,2005,0.0
446613,2005,0.5869565217391305
447458,2005,0.0
448309,2005,0.2222222222222222
100654,2006,0.3363821138211382
100663,2006,0.33404255319148934
100690,2006,0.5
100706,2006,0.4057971014492754
100724,2006,0.2765598650927487
100751,2006,0.568
100830,2006,0.18041237113402062
100858,2006,0.4391691394658754
100937,2006,0.8333333333333334
101073,2006,0.9666666666666667
101189,2006,0.24489795918367346
101365,2006,0.6666666666666666
101435,2006,0.45454545454545453
101480,2006,0.33189655172413796
101541,2006,1.0
101587,2006,0.19327731092436976
101675,2006,0.10978520286396182
101693,2006,0.1875
101709,2006,0.5151515151515151
101879,2006,0.3302752293577982
101912,2006,0.43142857142857144
102049,2006,0.7692307692307693
102094,2006,0.3333333333333333
102234,2006,0.47058823529411764
102261,2006,0.0
102270,2006,0.2826086956521739
102298,2006,0.23655913978494625
102368,2006,0.4236453201970443
102377,2006,0.4897959183673469
102553,2006,0.16666666666666666
102614,2006,0.2
102632,2006,0.0
102669,2006,0.6666666666666666
104151,2006,0.4175257731958763
104179,2006,0.4492753623188406
104531,2006,0.17647058823529413
104586,2006,0.25
104717,2006,0.3333333333333333
105172,2006,1.0
105330,2006,0.4897959183673469
105516,2006,0.0
105589,2006,1.0
105899,2006,0.0
106245,2006,0.1346153846153846
106306,2006,1.0
106342,2006,0.0
106397,2006,0.49166666666666664
106412,2006,0.3304221251819505
106458,2006,0.28125
106467,2006,0.16666666666666666
106485,2006,0.10465116279069768
106704,2006,0.3659305993690852
107044,2006,0.27586206896551724
107071,2006,0.25
107080,2006,0.5714285714285714
107141,2006,1.0
107512,2006,0.46153846153846156
107558,2006,0.0
107600,2006,0.26356589147286824
107877,2006,0.5
107983,2006,0.2695035460992908
108232,2006,0.4
108250,2006,0.5
109013,2006,0.0
109785,2006,0.5263157894736842
110097,2006,0.6111111111111112
110185,2006,0.0
110361,2006,0.2727272727272727
110404,2006,1.0
110413,2006,0.8571428571428571
110422,2006,0.47619047619047616
110468,2006,0.0
110486,2006,0.13953488372093023
110495,2006,0.1875
110510,2006,0.28654970760233917
110529,2006,0.3707865168539326
110538,2006,0.3448275862068966
110547,2006,0.22009569377990432
110556,2006,0.23478260869565218
110565,2006,0.3854166666666667
110574,2006,0.27380952380952384
110583,2006,0.4115755627009646
110592,2006,0.16483516483516483
110608,2006,0.29095354523227385
110617,2006,0.2916666666666667
110635,2006,0.6783216783216783
110644,2006,0.6902654867256637
110653,2006,0.7043478260869566
110662,2006,0.7647058823529411
110671,2006,0.6567164179104478
110680,2006,0.7878787878787878
110705,2006,0.7386363636363636
110714,2006,0.6538461538461539
111081,2006,0.4
111188,2006,0.25
111948,2006,0.6666666666666666
111966,2006,1.0
112075,2006,0.8333333333333334
112260,2006,0.8888888888888888
112312,2006,0.0
112570,2006,0.3333333333333333
113607,2006,0.14782608695652175
113698,2006,0.5833333333333334
114813,2006,0.3333333333333333
115409,2006,1.0
115728,2006,0.6666666666666666
115755,2006,0.23255813953488372
115773,2006,0.75
116040,2006,0.6666666666666666
116466,2006,0.75
116475,2006,0.0
116484,2006,0.6666666666666666
117104,2006,1.0
117113,2006,1.0
117140,2006,0.631578947368421
117575,2006,1.0
117627,2006,0.2222222222222222
117751,2006,0.0
117928,2006,0.3333333333333333
117946,2006,0.7529411764705882
118693,2006,0.16666666666666666
118888,2006,0.8333333333333334
119173,2006,0.26666666666666666
119605,2006,0.5
119775,2006,0.0
120184,2006,0.25
120254,2006,0.8
120403,2006,0.0
120537,2006,0.3333333333333333
120865,2006,0.625
120883,2006,0.5333333333333333
121150,2006,0.8108108108108109
121257,2006,0.6428571428571429
121309,2006,0.7142857142857143
121345,2006,0.8076923076923077
121691,2006,0.6153846153846154
122409,2006,0.5133333333333333
122436,2006,0.42857142857142855
122597,2006,0.23333333333333334
122612,2006,0.6571428571428571
122728,2006,0.0
122755,2006,0.25
122931,2006,0.7333333333333333
123165,2006,0.8
123457,2006,0.0
123554,2006,0.5853658536585366
123572,2006,0.5
123651,2006,0.7777777777777778
123961,2006,0.7634408602150538
124487,2006,0.0
125763,2006,0.2727272727272727
125897,2006,0.6666666666666666
126182,2006,0.6470588235294118
126562,2006,0.23809523809523808
126580,2006,0.2631578947368421
126614,2006,0.5135135135135135
126669,2006,0.6666666666666666
126678,2006,0.5555555555555556
126702,2006,0.5
126775,2006,0.7142857142857143
126818,2006,0.5287356321839081
126827,2006,0.25
127024,2006,0.5714285714285714
127060,2006,0.5652173913043478
127185,2006,0.045454545454545456
127556,2006,0.42857142857142855
127565,2006,0.18292682926829268
127653,2006,0.0
127680,2006,0.0
127714,2006,0.5
127741,2006,0.37142857142857144
127918,2006,0.5
128106,2006,0.1388888888888889
128328,2006,0.7692307692307693
128391,2006,0.16666666666666666
128498,2006,0.5454545454545454
128744,2006,0.3137254901960784
128771,2006,0.3076923076923077
128902,2006,1.0
129020,2006,0.6578947368421053
129215,2006,0.3617021276595745
129242,2006,0.6666666666666666
129525,2006,0.4939759036144578
129686,2006,0.0
129774,2006,1.0
129941,2006,0.328125
130110,2006,0.5
130183,2006,0.325
130226,2006,0.6923076923076923
130253,2006,0.6086956521739131
130314,2006,0.5
130493,2006,0.33157894736842103
130590,2006,0.8636363636363636
130624,2006,0.5882352941176471
130697,2006,0.8412698412698413
130776,2006,0.2786885245901639
130794,2006,0.9313725490196079
130934,2006,0.37976782752902155
130943,2006,0.6575342465753424
130989,2006,0.5555555555555556
131098,2006,0.2361111111111111
131113,2006,0.2
131159,2006,0.7058823529411765
131283,2006,0.625
131308,2006,0.5714285714285714
131399,2006,0.15508021390374332
131450,2006,0.14285714285714285
131469,2006,0.703125
131496,2006,0.8478260869565217
131520,2006,0.6870355078447564
131788,2006,0.47619047619047616
131803,2006,0.05555555555555555
131876,2006,0.4084507042253521
132338,2006,0.37037037037037035
132408,2006,0.0
132471,2006,0.37142857142857144
132602,2006,0.31212121212121213
132657,2006,0.28
132842,2006,0.0
132879,2006,0.0
132903,2006,0.6136919315403423
133085,2006,0.25
133465,2006,0.5
133492,2006,0.5454545454545454
133526,2006,0.09433962264150944
133553,2006,0.45652173913043476
133650,2006,0.3925148334094021
133669,2006,0.38338658146964855
133711,2006,0.0
133881,2006,0.42105263157894735
133951,2006,0.42857142857142855
133979,2006,0.33906633906633904
134079,2006,0.5714285714285714
134097,2006,0.68
134130,2006,0.7075471698113207
134149,2006,0.5348837209302325
134680,2006,0.25
134811,2006,0.40625
134909,2006,0.7
134945,2006,0.7209302325581395
135063,2006,0.0
135081,2006,0.5882352941176471
135364,2006,0.0
135726,2006,0.7808988764044944
135939,2006,0.5454545454545454
136172,2006,0.3656716417910448
136206,2006,0.1875
136215,2006,0.41304347826086957
136288,2006,1.0
136330,2006,0.5555555555555556
136774,2006,0.5
136950,2006,0.6363636363636364
137032,2006,0.22727272727272727
137351,2006,0.49789915966386555
137476,2006,0.3582089552238806
137546,2006,0.65
137564,2006,0.25
137801,2006,0.6666666666666666
137810,2006,1.0
137847,2006,0.5454545454545454
137953,2006,1.0
137962,2006,0.0
138275,2006,0.5454545454545454
138293,2006,0.375
138354,2006,0.509090909090909
138600,2006,0.6976744186046512
138716,2006,0.4222222222222222
138725,2006,0.17391304347826086
138789,2006,0.30434782608695654
138813,2006,0.3709677419354839
138868,2006,0.15384615384615385
138947,2006,0.44081632653061226
138983,2006,0.18902439024390244
139144,2006,0.4
139153,2006,0.5
139199,2006,0.25
139205,2006,0.2765957446808511
139311,2006,0.28
139366,2006,0.2594594594594595
139393,2006,0.6
139463,2006,1.0
139533,2006,0.2569444444444444
139579,2006,0.0
139630,2006,0.4
139658,2006,0.8165137614678899
139719,2006,0.3239795918367347
139755,2006,0.6875
139764,2006,0.2982456140350877
139861,2006,0.3793103448275862
139931,2006,0.49663299663299665
139940,2006,0.5079365079365079
139959,2006,0.7586206896551724
140164,2006,0.3287671232876712
140234,2006,0.47619047619047616
140252,2006,0.023255813953488372
140322,2006,0.16666666666666666
140340,2006,0.26666666666666666
140447,2006,0.3951612903225806
140553,2006,0.6072106261859582
140669,2006,0.23809523809523808
140696,2006,0.3888888888888889
140720,2006,0.32642487046632124
140818,2006,0.5
140872,2006,0.3333333333333333
140951,2006,0.58
140960,2006,0.407673860911271
140988,2006,0.2
141060,2006,0.8116504854368932
141097,2006,0.26785714285714285
141167,2006,0.47058823529411764
141185,2006,0.0
141237,2006,0.07692307692307693
141264,2006,0.43103448275862066
141325,2006,0.42424242424242425
141334,2006,0.35802469135802467
141486,2006,0.5
141565,2006,1.0
141574,2006,0.5
141644,2006,0.1951219512195122
142115,2006,0.29411764705882354
142276,2006,0.15384615384615385
142285,2006,0.25
142294,2006,1.0
142328,2006,0.0
142461,2006,0.0
142522,2006,0.6666666666666666
142887,2006,0.42857142857142855
143048,2006,0.3333333333333333
143084,2006,0.75
143118,2006,0.36
143288,2006,0.22580645161290322
143358,2006,0.5121951219512195
144005,2006,0.1642651296829971
144050,2006,0.8918918918918919
144281,2006,0.2
144351,2006,0.05555555555555555
144740,2006,0.47878787878787876
144759,2006,0.23829787234042554
144883,2006,0.14018691588785046
144892,2006,0.4583333333333333
144962,2006,0.5555555555555556
144971,2006,0.2
145372,2006,0.25
145460,2006,0.08333333333333333
145600,2006,0.2550607287449393
145619,2006,0.1
145637,2006,0.6517509727626459
145646,2006,0.9
145691,2006,0.2
145725,2006,0.5
145813,2006,0.5092592592592593
146010,2006,0.10674157303370786
146339,2006,0.2857142857142857
146393,2006,0.16666666666666666
146427,2006,0.5882352941176471
146481,2006,0.45454545454545453
146612,2006,0.3620689655172414
146667,2006,0.5
146719,2006,0.44
146825,2006,0.5384615384615384
147013,2006,0.4
147244,2006,0.5555555555555556
147341,2006,0.625
147536,2006,0.16666666666666666
147660,2006,0.22727272727272727
147679,2006,0.34210526315789475
147703,2006,0.36779324055666
147767,2006,0.8415841584158416
147776,2006,0.08108108108108109
147828,2006,0.3333333333333333
148131,2006,0.2
148177,2006,0.3835616438356164
148335,2006,0.9393939393939394
148405,2006,0.07692307692307693
148487,2006,0.20454545454545456
148496,2006,0.2222222222222222
148584,2006,0.2857142857142857
148627,2006,0.3939393939393939
148654,2006,0.5
149222,2006,0.3160919540229885
149231,2006,0.2644230769230769
149505,2006,0.5454545454545454
149514,2006,0.0
149639,2006,0.3333333333333333
149772,2006,0.44
149781,2006,0.7692307692307693
150066,2006,0.2857142857142857
150136,2006,0.4972972972972973
150145,2006,0.14285714285714285
150163,2006,0.7307692307692307
150172,2006,0.1111111111111111
150400,2006,0.75
150455,2006,0.6
150534,2006,0.23076923076923078
150561,2006,0.0
150604,2006,0.375
150668,2006,0.0
150677,2006,1.0
150756,2006,0.5
150941,2006,0.5
151102,2006,0.11320754716981132
151111,2006,0.26063829787234044
151263,2006,0.3404255319148936
151290,2006,0.26153846153846155
151306,2006,0.2
151324,2006,0.3620689655172414
151333,2006,0.125
151342,2006,0.1276595744680851
151351,2006,0.49834983498349833
151360,2006,0.16
151379,2006,0.18181818181818182
151388,2006,0.0
151458,2006,0.6
151494,2006,0.7142857142857143
151500,2006,0.75
151519,2006,0.8333333333333334
151777,2006,0.4166666666666667
151786,2006,0.4117647058823529
151801,2006,0.9
151810,2006,0.16666666666666666
152080,2006,0.95
152248,2006,0.07792207792207792
152266,2006,0.2222222222222222
152318,2006,0.75
152336,2006,0.125
152363,2006,0.08333333333333333
152381,2006,0.6666666666666666
152390,2006,0.5
152530,2006,0.7777777777777778
152567,2006,0.07692307692307693
152600,2006,0.5882352941176471
152673,2006,0.6666666666666666
152992,2006,0.1111111111111111
153001,2006,0.0
153108,2006,1.0
153126,2006,1.0
153144,2006,0.75
153162,2006,0.6
153269,2006,0.7777777777777778
153278,2006,0.20512820512820512
153302,2006,0.0
153320,2006,0.0
153366,2006,0.3333333333333333
153375,2006,0.125
153384,2006,0.8235294117647058
153603,2006,0.4726027397260274
153621,2006,0.09090909090909091
153658,2006,0.4375
153825,2006,0.6666666666666666
153834,2006,0.0
153861,2006,0.0
154004,2006,0.14285714285714285
154013,2006,0.5
154022,2006,0.35714285714285715
154095,2006,0.27586206896551724
154101,2006,0.0
154235,2006,0.42857142857142855
154350,2006,0.3333333333333333
154493,2006,0.2727272727272727
154518,2006,0.0
154527,2006,0.3333333333333333
154590,2006,0.13725490196078433
154688,2006,0.6666666666666666
154712,2006,0.14285714285714285
154721,2006,0.3076923076923077
154749,2006,0.36363636363636365
154855,2006,0.1
155025,2006,0.4583333333333333
155061,2006,0.25
155070,2006,0.0
155089,2006,0.2
155317,2006,0.41739130434782606
155335,2006,0.17647058823529413
155399,2006,0.34579439252336447
155414,2006,0.0
155496,2006,0.5
155511,2006,0.391304347826087
155520,2006,0.3333333333333333
155627,2006,0.08695652173913043
155681,2006,0.375
155812,2006,0.6666666666666666
155900,2006,0.42857142857142855
155937,2006,0.16666666666666666
155973,2006,0.0
156082,2006,0.25
156125,2006,0.2777777777777778
156189,2006,0.0
156213,2006,0.3333333333333333
156286,2006,0.5
156295,2006,0.6176470588235294
156356,2006,1.0
156365,2006,0.17647058823529413
156408,2006,0.6
156541,2006,0.18518518518518517
156620,2006,0.3880597014925373
156745,2006,0.6
157058,2006,0.27796610169491526
157076,2006,0.15384615384615385
157085,2006,0.5033112582781457
157100,2006,0.0
157216,2006,0.09090909090909091
157289,2006,0.37920489296636084
157359,2006,0.16666666666666666
157377,2006,0.3333333333333333
157386,2006,0.3409090909090909
157401,2006,0.3333333333333333
157447,2006,0.21359223300970873
157535,2006,0.0967741935483871
157748,2006,0.1111111111111111
157757,2006,0.09090909090909091
157793,2006,0.54
157809,2006,0.25925925925925924
157818,2006,1.0
157863,2006,0.1875
157951,2006,0.46808510638297873
158477,2006,0.6
158802,2006,0.4830917874396135
159009,2006,0.312933025404157
159391,2006,0.4851258581235698
159416,2006,0.1532258064516129
159568,2006,0.2631578947368421
159647,2006,0.3726937269372694
159656,2006,0.6461538461538462
159717,2006,0.22815533980582525
159939,2006,0.16206261510128914
159948,2006,0.2727272727272727
159966,2006,0.20121951219512196
159993,2006,0.22756410256410256
160038,2006,0.3392226148409894
160065,2006,0.09090909090909091
160612,2006,0.2574626865671642
160621,2006,0.2977430555555556
160630,2006,0.07926829268292683
160658,2006,0.335
160755,2006,0.6166666666666667
160904,2006,0.4597156398104265
160977,2006,0.7142857142857143
161004,2006,0.68
161086,2006,0.7
161226,2006,0.0
161235,2006,1.0
161244,2006,0.0
161253,2006,0.42857142857142855
161341,2006,0.0
161457,2006,0.5
161518,2006,1.0
161554,2006,0.5714285714285714
161563,2006,0.0
161572,2006,1.0
161882,2006,0.2692307692307692
162007,2006,0.36607142857142855
162061,2006,0.12
162210,2006,0.40625
162283,2006,0.1821705426356589
162584,2006,0.4051724137931034
162654,2006,0.5789473684210527
162760,2006,0.45454545454545453
162928,2006,0.8064516129032258
163046,2006,0.8333333333333334
163204,2006,0.0
163268,2006,0.6308724832214765
163286,2006,0.6864244741873805
163295,2006,0.6153846153846154
163338,2006,0.37032842582106457
163453,2006,0.37848222862632086
163462,2006,0.8888888888888888
163578,2006,0.5294117647058824
163851,2006,0.5581395348837209
163912,2006,0.696969696969697
163921,2006,0.28703703703703703
163976,2006,1.0
164076,2006,0.6578947368421053
164155,2006,0.6896551724137931
164173,2006,0.5535714285714286
164207,2006,0.3333333333333333
164216,2006,0.7142857142857143
164270,2006,0.6097560975609756
164447,2006,0.35294117647058826
164465,2006,0.9761904761904762
164492,2006,1.0
164562,2006,0.5
164571,2006,1.0
164580,2006,1.0
164632,2006,0.5
164641,2006,1.0
164720,2006,0.2727272727272727
164739,2006,0.8214285714285714
164748,2006,0.5
164872,2006,0.0
164924,2006,0.8292682926829268
164933,2006,0.25
164988,2006,0.7105263157894737
165015,2006,0.8571428571428571
165024,2006,0.3111111111111111
165167,2006,0.0
165334,2006,0.9166666666666666
165529,2006,0.4117647058823529
165574,2006,1.0
165644,2006,0.6666666666666666
165662,2006,0.8333333333333334
165671,2006,0.5454545454545454
165699,2006,0.6
165802,2006,0.0
165820,2006,0.45454545454545453
165866,2006,0.391304347826087
165936,2006,0.5
166018,2006,0.6153846153846154
166027,2006,0.9652173913043478
166124,2006,1.0
166391,2006,0.42105263157894735
166452,2006,0.4375
166513,2006,0.6923076923076923
166629,2006,0.5297297297297298
166638,2006,0.27906976744186046
166656,2006,0.5
166674,2006,0.6666666666666666
166683,2006,0.8688524590163934
166850,2006,0.75
166939,2006,0.625
166948,2006,0.48214285714285715
166984,2006,1.0
167057,2006,0.7142857142857143
167251,2006,0.65
167260,2006,0.5
167288,2006,0.5833333333333334
167358,2006,0.5614035087719298
167394,2006,1.0
167455,2006,0.875
167598,2006,0.3684210526315789
167677,2006,1.0
167729,2006,0.16666666666666666
167783,2006,0.6428571428571429
167792,2006,1.0
167835,2006,0.8064516129032258
167899,2006,0.5294117647058824
167987,2006,0.38028169014084506
167996,2006,0.9411764705882353
168005,2006,0.5
168148,2006,0.8173913043478261
168218,2006,0.875
168227,2006,0.391304347826087
168254,2006,0.3333333333333333
168263,2006,0.6071428571428571
168281,2006,0.7142857142857143
168290,2006,0.4
168342,2006,0.9767441860465116
168421,2006,0.8
168430,2006,0.5294117647058824
168528,2006,0.4375
168546,2006,0.25
168591,2006,0.5
168740,2006,0.48148148148148145
168786,2006,0.2857142857142857
168847,2006,0.14285714285714285
169080,2006,0.42857142857142855
169248,2006,0.40555555555555556
169363,2006,0.3333333333333333
169442,2006,0.3333333333333333
169479,2006,0.12903225806451613
169716,2006,0.3888888888888889
169798,2006,0.2529118136439268
169910,2006,0.19718309859154928
169983,2006,0.4117647058823529
170000,2006,0.0
170037,2006,0.0
170082,2006,0.4748201438848921
170091,2006,0.0
170301,2006,0.875
170532,2006,0.8333333333333334
170675,2006,0.1935483870967742
170806,2006,0.14285714285714285
170842,2006,0.25925925925925924
170967,2006,0.058823529411764705
170976,2006,0.716566866267465
171100,2006,0.5911111111111111
171128,2006,0.5
171137,2006,0.4
171146,2006,0.20512820512820512
171456,2006,0.10526315789473684
171492,2006,0.3018867924528302
171571,2006,0.2570093457943925
171599,2006,0.22580645161290322
172051,2006,0.22950819672131148
172264,2006,0.6153846153846154
172334,2006,0.2857142857142857
172440,2006,1.0
172644,2006,0.09760589318600368
172699,2006,0.405
173045,2006,0.5555555555555556
173124,2006,0.25
173142,2006,0.6666666666666666
173160,2006,0.4
173258,2006,0.7
173300,2006,0.6666666666666666
173328,2006,0.30303030303030304
173452,2006,0.0
173647,2006,0.2
173665,2006,0.6
173887,2006,0.3333333333333333
173902,2006,0.7777777777777778
173920,2006,0.07692307692307693
174020,2006,0.0
174066,2006,0.3891625615763547
174075,2006,0.5
174127,2006,1.0
174233,2006,0.36363636363636365
174251,2006,0.4117647058823529
174279,2006,0.0
174358,2006,0.2
174385,2006,0.16666666666666666
174437,2006,0.625
174491,2006,0.8333333333333334
174561,2006,0.0
174747,2006,1.0
174783,2006,0.3333333333333333
174792,2006,0.3333333333333333
174817,2006,0.3333333333333333
174844,2006,0.6
174862,2006,0.0
174899,2006,0.6
174914,2006,0.8333333333333334
175005,2006,0.14285714285714285
175078,2006,0.23529411764705882
175272,2006,0.2857142857142857
175342,2006,0.42526315789473684
175421,2006,0.17647058823529413
175430,2006,0.3333333333333333
175616,2006,0.31092436974789917
175856,2006,0.36482084690553745
175980,2006,0.59375
176017,2006,0.4199288256227758
176035,2006,0.3333333333333333
176044,2006,0.35802469135802467
176053,2006,0.4444444444444444
176080,2006,0.43597560975609756
176318,2006,0.273972602739726
176372,2006,0.4369565217391304
176406,2006,0.4626865671641791
176460,2006,0.0
176479,2006,0.4482758620689655
176628,2006,0.08
176637,2006,0.0
176789,2006,0.0
176938,2006,1.0
176947,2006,0.2631578947368421
176965,2006,0.35
177065,2006,0.42857142857142855
177083,2006,0.5
177144,2006,0.25
177153,2006,0.0
177162,2006,0.2857142857142857
177214,2006,0.3333333333333333
177339,2006,0.45454545454545453
177418,2006,0.375
177542,2006,0.42857142857142855
177551,2006,0.17073170731707318
177719,2006,1.0
177746,2006,1.0
177940,2006,0.16595744680851063
177968,2006,0.2972972972972973
178059,2006,0.4444444444444444
178244,2006,0.21428571428571427
178341,2006,0.15384615384615385
178369,2006,0.3157894736842105
178387,2006,0.21641791044776118
178396,2006,0.5752212389380531
178402,2006,0.2727272727272727
178411,2006,0.6451612903225806
178420,2006,0.3333333333333333
178615,2006,0.546875
178624,2006,0.2777777777777778
178679,2006,0.0
178721,2006,0.21875
179043,2006,0.631578947368421
179159,2006,0.5194805194805194
179265,2006,0.36363636363636365
179326,2006,0.16666666666666666
179548,2006,0.4666666666666667
179557,2006,0.2857142857142857
179566,2006,0.5319148936170213
179867,2006,0.8571428571428571
179894,2006,0.6206896551724138
179946,2006,0.0
179955,2006,0.5
179964,2006,0.25
180106,2006,1.0
180179,2006,1.0
180461,2006,0.2
180489,2006,0.25
180522,2006,0.0
180814,2006,0.0
180832,2006,0.6666666666666666
180948,2006,0.42857142857142855
180984,2006,0.2
181002,2006,0.65
181011,2006,0.3076923076923077
181020,2006,0.5
181127,2006,0.0
181215,2006,0.25
181330,2006,0.3333333333333333
181394,2006,0.2558139534883721
181446,2006,0.5
181464,2006,0.5142857142857142
181534,2006,0.0
181604,2006,0.3333333333333333
181738,2006,0.5
181783,2006,0.18181818181818182
181853,2006,0.0
182111,2006,0.6
182281,2006,0.324468085106383
182290,2006,0.3333333333333333
182430,2006,1.0
182634,2006,0.0
182661,2006,0.2857142857142857
182670,2006,0.8783783783783784
182795,2006,0.3888888888888889
182980,2006,1.0
183026,2006,0.6
183044,2006,0.6571428571428571
183062,2006,0.0
183080,2006,0.6
183211,2006,0.3333333333333333
183239,2006,0.0
183789,2006,0.4642857142857143
183822,2006,0.4153846153846154
183910,2006,0.3953488372093023
183974,2006,0.5263157894736842
184348,2006,0.7
184603,2006,0.3411764705882353
184612,2006,0.38461538461538464
184694,2006,0.6190476190476191
184773,2006,0.34782608695652173
184782,2006,0.4716981132075472
185129,2006,0.2826086956521739
185262,2006,0.3333333333333333
185572,2006,0.4857142857142857
185590,2006,0.5280898876404494
185828,2006,0.3392857142857143
186131,2006,0.9351851851851852
186201,2006,0.5714285714285714
186283,2006,0.4626865671641791
186371,2006,0.5892857142857143
186380,2006,0.6540084388185654
186399,2006,0.5
186432,2006,0.45918367346938777
186584,2006,0.49612403100775193
186618,2006,0.53125
186867,2006,0.7272727272727273
186876,2006,0.5306122448979592
187134,2006,0.5949367088607594
187444,2006,0.34104046242774566
187648,2006,0.38235294117647056
187897,2006,0.16666666666666666
187985,2006,0.3013698630136986
188030,2006,0.5263157894736842
188146,2006,0.6
188182,2006,0.0
188304,2006,0.0
188340,2006,0.36363636363636365
188429,2006,0.5223880597014925
188465,2006,1.0
188526,2006,0.6666666666666666
188641,2006,0.6538461538461539
189088,2006,0.7058823529411765
189097,2006,0.9411764705882353
189228,2006,0.3669064748201439
189413,2006,0.36
189459,2006,0.0
189705,2006,0.4117647058823529
189848,2006,0.26666666666666666
190044,2006,0.5714285714285714
190099,2006,0.8076923076923077
190114,2006,0.449438202247191
190150,2006,0.8130841121495327
190248,2006,0.7142857142857143
190372,2006,0.9230769230769231
190415,2006,0.8471337579617835
190503,2006,0.5
190512,2006,0.5254237288135594
190549,2006,0.4186046511627907
190558,2006,0.3
190567,2006,0.40487804878048783
190594,2006,0.2845528455284553
190600,2006,0.49282296650717705
190637,2006,0.3516483516483517
190646,2006,0.0851063829787234
190655,2006,0.05
190664,2006,0.44155844155844154
190691,2006,0.25196850393700787
190716,2006,0.2222222222222222
190725,2006,0.36486486486486486
190761,2006,0.19047619047619047
190770,2006,0.09803921568627451
190983,2006,0.5714285714285714
191205,2006,0.47058823529411764
191241,2006,0.8205128205128205
191515,2006,0.7
191533,2006,0.4090909090909091
191621,2006,0.2222222222222222
191630,2006,0.5652173913043478
191649,2006,0.4602272727272727
191676,2006,0.6
191931,2006,0.42857142857142855
191968,2006,0.8333333333333334
192110,2006,0.46153846153846156
192192,2006,0.14285714285714285
192271,2006,0.16666666666666666
192323,2006,0.5
192439,2006,0.17597765363128492
192448,2006,0.6666666666666666
192703,2006,0.6
192712,2006,0.6666666666666666
192749,2006,0.6923076923076923
192819,2006,0.6666666666666666
192855,2006,0.46875
192864,2006,0.37254901960784315
192925,2006,0.32
193016,2006,0.24444444444444444
193292,2006,0.4
193308,2006,0.7027027027027027
193317,2006,0.7285714285714285
193353,2006,0.6956521739130435
193399,2006,0.43243243243243246
193584,2006,0.6
193645,2006,0.3586698337292161
193654,2006,0.52
193900,2006,0.7837837837837838
193973,2006,0.4857142857142857
194091,2006,0.2830188679245283
194107,2006,0.2777777777777778
194161,2006,0.3448275862068966
194310,2006,0.463855421686747
194392,2006,1.0
194541,2006,0.3617021276595745
194569,2006,0.0
194578,2006,0.6666666666666666
194824,2006,0.6764705882352942
194958,2006,0.25
195003,2006,0.6
195030,2006,0.7111111111111111
195128,2006,0.5714285714285714
195164,2006,0.5
195173,2006,0.3333333333333333
195216,2006,0.8571428571428571
195234,2006,0.7272727272727273
195243,2006,0.24
195304,2006,0.5384615384615384
195474,2006,0.7
195526,2006,0.7333333333333333
195544,2006,0.3333333333333333
195562,2006,0.0
195720,2006,0.6666666666666666
195809,2006,0.5294117647058824
196006,2006,0.3333333333333333
196024,2006,0.0
196033,2006,0.0
196042,2006,0.22727272727272727
196051,2006,0.0
196060,2006,0.6548223350253807
196079,2006,0.6810344827586207
196088,2006,0.49795918367346936
196097,2006,0.62
196103,2006,0.42857142857142855
196121,2006,0.45714285714285713
196130,2006,0.43103448275862066
196149,2006,0.5454545454545454
196158,2006,0.36363636363636365
196167,2006,0.5454545454545454
196176,2006,0.5662650602409639
196185,2006,0.4642857142857143
196194,2006,0.4339622641509434
196200,2006,0.1111111111111111
196219,2006,0.41935483870967744
196237,2006,0.4117647058823529
196246,2006,0.6585365853658537
196264,2006,0.05405405405405406
196291,2006,0.2222222222222222
196413,2006,0.7837837837837838
196866,2006,0.7368421052631579
197027,2006,0.25
197036,2006,0.7340425531914894
197045,2006,0.3673469387755102
197133,2006,0.9090909090909091
197151,2006,0.7222222222222222
197197,2006,0.46153846153846156
197230,2006,0.3333333333333333
197869,2006,0.6153846153846154
197911,2006,0.23404255319148937
197984,2006,0.5
197993,2006,0.3488372093023256
198066,2006,0.375
198136,2006,0.2463768115942029
198215,2006,0.40425531914893614
198303,2006,0.15151515151515152
198385,2006,0.9354838709677419
198419,2006,0.9101123595505618
198464,2006,0.5641025641025641
198507,2006,0.5401929260450161
198516,2006,0.6865671641791045
198543,2006,0.3686567164179104
198561,2006,0.425
198598,2006,0.4
198613,2006,0.7391304347826086
198677,2006,1.0
198695,2006,0.5357142857142857
198747,2006,0.0
198756,2006,0.4155844155844156
198808,2006,0.1111111111111111
198835,2006,0.47058823529411764
198862,2006,0.32894736842105265
198899,2006,0.25
198950,2006,1.0
198969,2006,0.26582278481012656
198978,2006,0.0
199032,2006,0.5
199069,2006,0.2857142857142857
199102,2006,0.42433414043583534
199111,2006,0.47058823529411764
199120,2006,0.7582159624413145
199139,2006,0.48297213622291024
199148,2006,0.5035799522673031
199157,2006,0.48599439775910364
199184,2006,0.36363636363636365
199193,2006,0.5855421686746988
199209,2006,0.31868131868131866
199218,2006,0.5571428571428572
199272,2006,0.375
199281,2006,0.3698630136986301
199306,2006,0.3
199315,2006,0.0
199412,2006,0.5806451612903226
199458,2006,1.0
199582,2006,0.3026315789473684
199607,2006,0.6206896551724138
199643,2006,0.3557422969187675
199698,2006,0.6153846153846154
199847,2006,0.8518518518518519
199865,2006,0.2857142857142857
199962,2006,0.3076923076923077
199971,2006,0.5454545454545454
199999,2006,0.4536256323777403
200004,2006,0.4492753623188406
200059,2006,0.0
200156,2006,0.0
200217,2006,0.2
200226,2006,0.0
200253,2006,0.0
200280,2006,0.4
200332,2006,0.2222222222222222
200484,2006,0.0
200572,2006,0.6666666666666666
200800,2006,0.1725067385444744
201007,2006,0.0
201104,2006,0.5
201195,2006,0.6956521739130435
201371,2006,0.5
201441,2006,0.5
201548,2006,0.4
201645,2006,0.65625
201654,2006,0.7142857142857143
201690,2006,0.2113095238095238
201858,2006,0.42857142857142855
201885,2006,0.3076923076923077
201964,2006,0.0
202046,2006,0.5
202134,2006,0.14754098360655737
202170,2006,0.375
202480,2006,0.6111111111111112
202514,2006,0.25
202523,2006,0.84375
202541,2006,0.2018348623853211
202611,2006,0.2962962962962963
202763,2006,0.4782608695652174
202806,2006,0.16666666666666666
203085,2006,0.5882352941176471
203128,2006,0.5357142857142857
203368,2006,0.5416666666666666
203517,2006,0.45528455284552843
203535,2006,0.8333333333333334
203580,2006,0.3333333333333333
203757,2006,0.16666666666666666
203775,2006,0.5714285714285714
203845,2006,0.18181818181818182
203960,2006,0.3333333333333333
204006,2006,0.19047619047619047
204015,2006,0.2
204024,2006,0.6692307692307692
204176,2006,0.0
204185,2006,0.4444444444444444
204194,2006,0.6666666666666666
204200,2006,0.35294117647058826
204264,2006,0.4666666666666667
204468,2006,0.4375
204501,2006,0.7777777777777778
204617,2006,0.23076923076923078
204635,2006,0.16666666666666666
204671,2006,0.0
204680,2006,0.09090909090909091
204699,2006,0.0
204705,2006,0.16666666666666666
204796,2006,0.5187074829931972
204802,2006,0.0
204820,2006,0.0
204839,2006,0.0
204848,2006,0.5
204857,2006,0.6055045871559633
204866,2006,0.0
204909,2006,0.5
204936,2006,0.3235294117647059
205203,2006,0.25
205443,2006,0.1111111111111111
205957,2006,1.0
206002,2006,0.4
206048,2006,0.18604651162790697
206084,2006,0.2302158273381295
206279,2006,0.5555555555555556
206330,2006,0.25
206349,2006,0.19047619047619047
206437,2006,0.4375
206491,2006,0.3134920634920635
206507,2006,0.2903225806451613
206525,2006,0.46938775510204084
206589,2006,0.48484848484848486
206604,2006,0.33476394849785407
206622,2006,0.7719298245614035
206695,2006,0.17575757575757575
206817,2006,0.11764705882352941
206835,2006,0.0
206862,2006,0.125
206914,2006,0.25333333333333335
206941,2006,0.3111111111111111
207041,2006,0.4166666666666667
207157,2006,0.0
207209,2006,0.3984375
207263,2006,0.296875
207306,2006,0.16666666666666666
207324,2006,0.13636363636363635
207351,2006,0.0
207388,2006,0.5043478260869565
207403,2006,0.2857142857142857
207458,2006,0.2727272727272727
207500,2006,0.543010752688172
207564,2006,0.0
207582,2006,0.4657534246575342
207661,2006,1.0
207689,2006,0.0
207722,2006,0.2222222222222222
207847,2006,0.3333333333333333
207856,2006,0.0
207865,2006,0.28125
207971,2006,0.6111111111111112
208239,2006,0.3333333333333333
208488,2006,0.2857142857142857
208725,2006,0.0
208822,2006,0.4
209056,2006,1.0
209065,2006,0.25
209409,2006,0.25
209542,2006,0.3469387755102041
209551,2006,0.7058823529411765
209612,2006,0.0
209807,2006,0.2
209825,2006,0.5
209922,2006,1.0
210146,2006,0.2857142857142857
210304,2006,1.0
210401,2006,0.3333333333333333
210429,2006,0.23076923076923078
210571,2006,0.5142857142857142
210669,2006,0.38461538461538464
210739,2006,0.0
210775,2006,0.26666666666666666
210942,2006,0.3225806451612903
210960,2006,0.3333333333333333
211088,2006,0.38461538461538464
211158,2006,0.4838709677419355
211273,2006,0.8
211291,2006,0.8461538461538461
211352,2006,0.3333333333333333
211361,2006,0.3673469387755102
211431,2006,0.5714285714285714
211440,2006,0.8103448275862069
211468,2006,0.2222222222222222
211477,2006,0.0
211556,2006,0.3684210526315789
211583,2006,0.46875
211608,2006,0.2982456140350877
211644,2006,0.4166666666666667
211981,2006,0.25
212009,2006,0.7333333333333333
212054,2006,0.5470085470085471
212106,2006,0.6
212115,2006,0.40476190476190477
212133,2006,0.5454545454545454
212160,2006,0.3333333333333333
212197,2006,0.5
212577,2006,0.6
212601,2006,0.5238095238095238
212656,2006,0.4782608695652174
212674,2006,0.8571428571428571
212805,2006,0.5
212832,2006,0.3333333333333333
212911,2006,0.7142857142857143
212984,2006,0.25
213011,2006,0.6666666666666666
213020,2006,0.30434782608695654
213251,2006,1.0
213303,2006,0.0
213321,2006,0.4444444444444444
213349,2006,0.42857142857142855
213358,2006,0.5333333333333333
213367,2006,0.543859649122807
213385,2006,0.8
213400,2006,1.0
213507,2006,0.4
213543,2006,0.5813953488372093
213598,2006,0.35698447893569846
213613,2006,0.3793103448275862
213668,2006,0.6153846153846154
213783,2006,0.38461538461538464
213826,2006,0.5
213987,2006,0.7
213996,2006,0.625
214041,2006,0.28169014084507044
214069,2006,0.5
214148,2006,0.6666666666666666
214157,2006,0.25
214166,2006,1.0
214175,2006,0.9166666666666666
214272,2006,0.5531914893617021
214591,2006,0.43478260869565216
214625,2006,0.0
214634,2006,0.0
214643,2006,0.0
214652,2006,1.0
214670,2006,1.0
214689,2006,0.45555555555555555
214698,2006,0.4666666666666667
214704,2006,0.3488372093023256
214731,2006,0.22448979591836735
214740,2006,0.5
214759,2006,0.0
214768,2006,0.5333333333333333
214777,2006,0.6631578947368421
214786,2006,0.37142857142857144
214795,2006,0.5526315789473685
214801,2006,0.3283582089552239
214810,2006,0.42857142857142855
214829,2006,0.42857142857142855
214883,2006,0.5
214971,2006,1.0
215053,2006,0.0
215062,2006,0.9202898550724637
215099,2006,0.4067796610169492
215105,2006,0.6071428571428571
215114,2006,0.75
215132,2006,0.4
215266,2006,0.3076923076923077
215275,2006,0.4
215284,2006,0.45454545454545453
215293,2006,0.60790273556231
215442,2006,0.4117647058823529
215637,2006,1.0
215655,2006,0.29310344827586204
215691,2006,0.8888888888888888
215743,2006,0.3888888888888889
215770,2006,0.6086956521739131
215798,2006,0.8888888888888888
215929,2006,0.8
215947,2006,0.34375
216010,2006,0.3194444444444444
216038,2006,0.37254901960784315
216278,2006,1.0
216287,2006,0.8333333333333334
216339,2006,0.5642135642135642
216357,2006,0.24242424242424243
216524,2006,0.65625
216542,2006,0.16666666666666666
216597,2006,0.7567567567567568
216667,2006,0.46153846153846156
216694,2006,0.3333333333333333
216764,2006,0.5
216807,2006,1.0
216852,2006,0.3269230769230769
216931,2006,0.4444444444444444
217013,2006,0.25
217059,2006,0.42857142857142855
217156,2006,0.9021739130434783
217165,2006,0.7916666666666666
217235,2006,0.6260869565217392
217402,2006,0.7692307692307693
217420,2006,0.4
217484,2006,0.45348837209302323
217493,2006,1.0
217518,2006,0.5384615384615384
217536,2006,0.5
217606,2006,1.0
217624,2006,0.21899736147757257
217633,2006,0.3333333333333333
217688,2006,0.32
217721,2006,0.27257799671592775
217749,2006,0.14285714285714285
217776,2006,0.3333333333333333
217819,2006,0.5528455284552846
217864,2006,0.6190476190476191
217873,2006,0.5317725752508361
217882,2006,0.6682926829268293
217907,2006,0.5714285714285714
217925,2006,0.3333333333333333
217934,2006,0.4639175257731959
217961,2006,0.46153846153846156
217998,2006,0.7333333333333333
218061,2006,0.4494949494949495
218070,2006,0.7916666666666666
218089,2006,0.0
218229,2006,0.43661971830985913
218238,2006,0.72
218399,2006,0.3805970149253731
218414,2006,0.4
218441,2006,0.3055555555555556
218539,2006,0.5
218645,2006,0.3875
218663,2006,0.6019230769230769
218724,2006,0.4090909090909091
218733,2006,0.45187601957585644
218742,2006,0.41711229946524064
218919,2006,0.11888111888111888
218964,2006,0.6144578313253012
218973,2006,0.8695652173913043
219000,2006,1.0
219046,2006,0.0
219082,2006,0.0
219091,2006,0.3333333333333333
219198,2006,0.0
219204,2006,0.0
219213,2006,0.4
219259,2006,0.0
219295,2006,0.0
219347,2006,0.0
219356,2006,0.2
219383,2006,0.0
219471,2006,0.0
219505,2006,0.7419354838709677
219578,2006,0.0
219602,2006,0.2302158273381295
219639,2006,0.14285714285714285
219709,2006,0.6190476190476191
219718,2006,0.14285714285714285
219790,2006,0.0
219806,2006,0.3333333333333333
219833,2006,0.5211267605633803
219949,2006,0.42105263157894735
219976,2006,0.4166666666666667
220075,2006,0.23333333333333334
220181,2006,0.5106382978723404
220206,2006,0.0
220215,2006,0.42857142857142855
220473,2006,0.0
220516,2006,0.8
220589,2006,0.37037037037037035
220598,2006,0.2454212454212454
220604,2006,0.20869565217391303
220613,2006,0.6
220631,2006,0.7142857142857143
220701,2006,0.875
220710,2006,0.45454545454545453
220808,2006,0.5
220862,2006,0.25375626043405675
220941,2006,0.0625
220978,2006,0.3853211009174312
221014,2006,0.6666666666666666
221254,2006,0.0
221351,2006,0.8181818181818182
221519,2006,0.47619047619047616
221661,2006,0.4594594594594595
221731,2006,0.0
221740,2006,0.4153846153846154
221759,2006,0.4652777777777778
221768,2006,0.34615384615384615
221838,2006,0.43119266055045874
221847,2006,0.265625
221856,2006,0.16666666666666666
221892,2006,0.14285714285714285
221953,2006,0.32142857142857145
221971,2006,0.5714285714285714
221999,2006,0.8333333333333334
222178,2006,0.24489795918367346
222831,2006,0.2982456140350877
222877,2006,0.0
222938,2006,0.0
222983,2006,0.8
223232,2006,0.7191780821917808
224004,2006,0.2
224147,2006,0.3
224226,2006,0.25
224244,2006,0.3333333333333333
224323,2006,0.75
224402,2006,0.17592592592592593
224527,2006,0.2
224554,2006,0.42857142857142855
224776,2006,0.6666666666666666
225247,2006,0.3888888888888889
225399,2006,0.5128205128205128
225432,2006,0.0881057268722467
225511,2006,0.3963210702341137
225548,2006,0.10810810810810811
225575,2006,0.18292682926829268
225627,2006,0.3333333333333333
225885,2006,0.0962962962962963
226091,2006,0.24875621890547264
226152,2006,0.0
226231,2006,0.42857142857142855
226383,2006,0.125
226471,2006,0.3235294117647059
226587,2006,0.1724137931034483
226833,2006,0.33766233766233766
227216,2006,0.43558282208588955
227243,2006,0.3090909090909091
227331,2006,0.3333333333333333
227368,2006,0.42857142857142855
227429,2006,0.9664804469273743
227526,2006,0.37650602409638556
227757,2006,0.8979591836734694
227845,2006,0.38461538461538464
227863,2006,0.36363636363636365
227881,2006,0.45896656534954405
228042,2006,0.5
228149,2006,0.5384615384615384
228246,2006,0.5471698113207547
228325,2006,0.09090909090909091
228343,2006,0.75
228431,2006,0.37012987012987014
228459,2006,0.576271186440678
228468,2006,0.23076923076923078
228486,2006,0.2222222222222222
228501,2006,0.0
228529,2006,0.2857142857142857
228705,2006,0.23684210526315788
228714,2006,0.0
228723,2006,0.6455026455026455
228769,2006,0.5411764705882353
228778,2006,0.7130801687763713
228787,2006,0.543859649122807
228796,2006,0.2653061224489796
228802,2006,0.5
228875,2006,0.609375
228884,2006,0.28205128205128205
228981,2006,0.5833333333333334
229018,2006,0.0
229027,2006,0.27692307692307694
229063,2006,0.11582381729200653
229115,2006,0.4722222222222222
229160,2006,0.22448979591836735
229179,2006,0.38285714285714284
229267,2006,0.7647058823529411
229780,2006,0.0
229814,2006,0.3333333333333333
229887,2006,0.1794871794871795
230038,2006,0.5
230047,2006,0.0
230603,2006,1.0
230621,2006,1.0
230728,2006,0.4375
230764,2006,0.47368421052631576
230782,2006,0.11764705882352941
230807,2006,1.0
230816,2006,1.0
230834,2006,0.0
230852,2006,0.5
230898,2006,0.0
230913,2006,0.5
230931,2006,0.0
230940,2006,1.0
230959,2006,0.75
230995,2006,0.23076923076923078
231059,2006,0.8888888888888888
231077,2006,1.0
231086,2006,0.75
231174,2006,0.5263157894736842
231192,2006,1.0
231420,2006,0.37142857142857144
231554,2006,0.47058823529411764
231581,2006,0.45
231624,2006,0.8888888888888888
231712,2006,0.5
231785,2006,0.75
231837,2006,0.8333333333333334
232025,2006,0.23076923076923078
232043,2006,0.7272727272727273
232089,2006,0.24561403508771928
232186,2006,0.6235294117647059
232256,2006,0.5714285714285714
232265,2006,0.5421686746987951
232308,2006,0.9166666666666666
232423,2006,0.6964285714285714
232557,2006,0.4675324675324675
232566,2006,0.647887323943662
232609,2006,0.48484848484848486
232672,2006,0.6181818181818182
232681,2006,0.44
232706,2006,0.4444444444444444
232937,2006,0.3108252947481243
232982,2006,0.4708994708994709
233277,2006,0.6067415730337079
233295,2006,0.45454545454545453
233301,2006,0.8
233374,2006,0.9393939393939394
233426,2006,0.6666666666666666
233499,2006,0.2483221476510067
233541,2006,0.47368421052631576
233611,2006,0.0
233718,2006,0.75
233897,2006,0.4482758620689655
233912,2006,0.6363636363636364
233921,2006,0.6657458563535912
234030,2006,0.432937181663837
234076,2006,0.8917910447761194
234085,2006,0.5862068965517241
234137,2006,0.875
234155,2006,0.42857142857142855
234164,2006,0.2480916030534351
234173,2006,0.45454545454545453
234207,2006,0.625
234827,2006,0.30434782608695654
235024,2006,0.0
235097,2006,0.21212121212121213
235167,2006,0.18181818181818182
235316,2006,0.7777777777777778
235510,2006,0.5
236133,2006,0.0
236230,2006,0.2
236328,2006,0.6
236452,2006,0.25
236577,2006,0.7142857142857143
236595,2006,0.7241379310344828
236896,2006,0.3333333333333333
236939,2006,0.44
236948,2006,0.6833333333333333
237011,2006,0.5135135135135135
237057,2006,0.8333333333333334
237066,2006,0.5
237118,2006,0.6
237154,2006,0.13636363636363635
237181,2006,0.18181818181818182
237215,2006,0.0
237312,2006,0.3333333333333333
237330,2006,0.09523809523809523
237358,2006,0.0
237367,2006,0.46153846153846156
237385,2006,0.25
237525,2006,0.40625
237640,2006,0.0
237783,2006,0.6666666666666666
237792,2006,0.26666666666666666
237899,2006,0.27472527472527475
237932,2006,0.3333333333333333
237950,2006,0.18181818181818182
237969,2006,0.18181818181818182
238032,2006,0.423841059602649
238078,2006,0.1111111111111111
238193,2006,0.14634146341463414
238333,2006,0.8571428571428571
238430,2006,0.30434782608695654
238458,2006,0.4166666666666667
238476,2006,0.34210526315789475
238616,2006,0.48
238661,2006,0.2
238892,2006,1.0
238980,2006,0.23809523809523808
239017,2006,1.0
239071,2006,0.3333333333333333
239080,2006,0.42857142857142855
239105,2006,0.4605263157894737
239309,2006,0.0
239318,2006,0.25
239390,2006,0.18181818181818182
239503,2006,1.0
239512,2006,1.0
239628,2006,0.5
239716,2006,0.4
240107,2006,0.0
240189,2006,0.27848101265822783
240268,2006,0.3888888888888889
240277,2006,0.5
240329,2006,0.5
240338,2006,0.0
240365,2006,0.391304347826087
240374,2006,0.20689655172413793
240392,2006,1.0
240417,2006,0.18181818181818182
240426,2006,0.3333333333333333
240444,2006,0.5594405594405595
240453,2006,0.1511111111111111
240462,2006,0.5
240471,2006,0.2727272727272727
240480,2006,0.5454545454545454
240727,2006,0.5384615384615384
240754,2006,1.0
243665,2006,0.30409356725146197
243744,2006,0.9216867469879518
243780,2006,0.5473684210526316
245342,2006,0.5
245652,2006,1.0
245953,2006,0.0
247700,2006,0.0
251251,2006,0.5
260901,2006,0.0
260974,2006,0.75
262129,2006,1.0
363934,2006,0.0
366252,2006,0.0
366535,2006,1.0
366711,2006,0.3333333333333333
367024,2006,0.0
367884,2006,0.5
367893,2006,0.0
368601,2006,1.0
369084,2006,1.0
369905,2006,1.0
372213,2006,0.05925925925925926
372222,2006,0.14285714285714285
372578,2006,0.8333333333333334
380465,2006,0.0
384254,2006,1.0
385619,2006,0.3548387096774194
390701,2006,0.5
392840,2006,0.0
398130,2006,0.5
399869,2006,1.0
399911,2006,0.7
402615,2006,0.0
405988,2006,0.0
406006,2006,0.09090909090909091
406015,2006,0.06976744186046512
407009,2006,1.0
407063,2006,0.6666666666666666
407285,2006,1.0
407665,2006,0.0
409069,2006,1.0
409698,2006,0.2608695652173913
412599,2006,0.5
413723,2006,0.3333333333333333
413848,2006,0.5
414568,2006,0.75
414823,2006,0.6456692913385826
416962,2006,0.08333333333333333
417752,2006,0.5
419509,2006,0.08333333333333333
420006,2006,0.5
420042,2006,0.25
420307,2006,0.16981132075471697
421009,2006,0.08695652173913043
421018,2006,0.0
428286,2006,1.0
428444,2006,0.6666666666666666
432199,2006,0.2698412698412698
432223,2006,0.0
432232,2006,0.0
432241,2006,1.0
432533,2006,0.4838709677419355
433387,2006,0.0
433660,2006,0.7
434946,2006,0.0
434955,2006,0.5
434964,2006,0.2
434973,2006,0.0
434982,2006,0.0
436483,2006,0.5
436614,2006,0.0
436818,2006,0.36
436827,2006,0.0
436836,2006,0.6875
437060,2006,0.7333333333333333
437316,2006,0.0
437848,2006,0.0
438151,2006,0.0
438382,2006,0.0
438586,2006,0.058823529411764705
438601,2006,0.3333333333333333
438610,2006,0.05555555555555555
438902,2006,1.0
439163,2006,0.32727272727272727
439279,2006,0.0
439288,2006,0.6923076923076923
439297,2006,0.0
439613,2006,1.0
439969,2006,0.6
440147,2006,0.4224137931034483
440341,2006,0.5714285714285714
440420,2006,0.0
440439,2006,0.0
440448,2006,0.0
440457,2006,0.0
440536,2006,0.2962962962962963
440545,2006,0.0625
440590,2006,0.15384615384615385
440767,2006,0.0
441511,2006,0.8
441973,2006,1.0
442143,2006,0.0
442152,2006,0.0
442833,2006,0.0
443410,2006,1.0
445717,2006,0.0
446613,2006,0.375
447458,2006,0.6666666666666666
448309,2006,0.3548387096774194
100654,2007,0.3283283283283283
100663,2007,0.3300395256916996
100690,2007,0.5
100706,2007,0.35
100724,2007,0.21243523316062177
100751,2007,0.58984375
100830,2007,0.18848167539267016
100858,2007,0.445859872611465
100937,2007,0.75
101073,2007,0.6804733727810651
101116,2007,0.0
101189,2007,0.2222222222222222
101365,2007,0.6
101435,2007,0.5
101480,2007,0.2550607287449393
101541,2007,0.6666666666666666
101587,2007,0.24752475247524752
101675,2007,0.17692307692307693
101693,2007,0.2692307692307692
101709,2007,0.6274509803921569
101879,2007,0.26
101912,2007,0.36486486486486486
102049,2007,0.47058823529411764
102058,2007,0.0
102094,2007,0.2892561983471074
102234,2007,0.5454545454545454
102261,2007,0.0
102270,2007,0.1941747572815534
102298,2007,0.8210526315789474
102368,2007,0.3253012048192771
102377,2007,0.4444444444444444
102553,2007,0.32
102614,2007,0.125
102632,2007,0.0
102845,2007,0.3333333333333333
103644,2007,1.0
103787,2007,0.0
104151,2007,0.37823834196891193
104179,2007,0.44919786096256686
104188,2007,1.0
104531,2007,0.2
104586,2007,0.75
104717,2007,0.6
105330,2007,0.5333333333333333
105516,2007,0.06896551724137931
105589,2007,0.0
105899,2007,0.0
106102,2007,0.0
106245,2007,0.09558823529411764
106306,2007,0.2642857142857143
106342,2007,0.4
106397,2007,0.44594594594594594
106412,2007,0.27705627705627706
106458,2007,0.22026431718061673
106467,2007,0.1935483870967742
106485,2007,0.08633093525179857
106704,2007,0.25333333333333335
107044,2007,0.358974358974359
107071,2007,0.3125
107080,2007,0.9166666666666666
107141,2007,0.3333333333333333
107512,2007,0.35
107558,2007,0.625
107600,2007,0.20833333333333334
107877,2007,0.625
107983,2007,0.29770992366412213
108232,2007,0.16666666666666666
108250,2007,0.0
109013,2007,0.0
109651,2007,0.5
109785,2007,0.5333333333333333
110051,2007,1.0
110097,2007,0.5
110185,2007,0.5
110361,2007,0.3
110370,2007,0.75
110404,2007,0.6666666666666666
110413,2007,0.6
110422,2007,0.625
110468,2007,0.09090909090909091
110486,2007,0.25
110495,2007,0.25
110510,2007,0.33121019108280253
110529,2007,0.38235294117647056
110538,2007,0.30952380952380953
110547,2007,0.2843601895734597
110556,2007,0.2702702702702703
110565,2007,0.35555555555555557
110574,2007,0.22988505747126436
110583,2007,0.5192307692307693
110592,2007,0.1532258064516129
110608,2007,0.3161290322580645
110617,2007,0.29545454545454547
110635,2007,0.7676056338028169
110644,2007,0.7311827956989247
110653,2007,0.7228915662650602
110662,2007,0.7272727272727273
110671,2007,0.7420814479638009
110680,2007,0.75
110705,2007,0.7280701754385965
110714,2007,0.6625
110918,2007,0.0
111081,2007,0.47058823529411764
111188,2007,0.2
111948,2007,0.5555555555555556
111966,2007,1.0
112075,2007,0.45454545454545453
112084,2007,0.5
112260,2007,0.9230769230769231
112312,2007,0.5
112394,2007,0.5
112570,2007,0.25
113607,2007,0.1076923076923077
113698,2007,0.3684210526315789
114813,2007,0.5
115083,2007,0.0
115409,2007,0.0
115728,2007,0.21428571428571427
115755,2007,0.3157894736842105
115773,2007,1.0
116466,2007,1.0
116484,2007,0.0
117113,2007,0.2857142857142857
117140,2007,0.5833333333333334
117168,2007,0.5
117627,2007,0.16129032258064516
117751,2007,0.0
117928,2007,0.0
117946,2007,0.7567567567567568
118693,2007,0.15384615384615385
118888,2007,0.36363636363636365
119173,2007,0.5714285714285714
119270,2007,0.0
119544,2007,1.0
119605,2007,0.3
119775,2007,0.0
120184,2007,0.3
120254,2007,0.8181818181818182
120403,2007,0.2
120537,2007,0.0
120865,2007,0.09090909090909091
120883,2007,0.5
121071,2007,0.0
121150,2007,0.8245614035087719
121257,2007,0.3333333333333333
121309,2007,0.8
121345,2007,0.9411764705882353
121691,2007,0.8333333333333334
122409,2007,0.6219512195121951
122436,2007,0.75
122454,2007,0.0
122506,2007,0.0
122597,2007,0.27007299270072993
122612,2007,0.5106382978723404
122728,2007,0.3333333333333333
122755,2007,0.27184466019417475
122843,2007,0.43478260869565216
122931,2007,0.875
123165,2007,0.6666666666666666
123554,2007,0.4883720930232558
123572,2007,0.35294117647058826
123651,2007,0.2857142857142857
123952,2007,0.5
123961,2007,0.8304093567251462
124487,2007,0.0
125727,2007,1.0
125763,2007,0.2727272727272727
125897,2007,0.4444444444444444
126182,2007,0.10526315789473684
126562,2007,0.4166666666666667
126580,2007,0.48
126614,2007,0.5257731958762887
126669,2007,1.0
126678,2007,0.7777777777777778
126702,2007,0.25
126775,2007,0.5714285714285714
126818,2007,0.5697674418604651
126827,2007,0.0
126872,2007,0.8
127024,2007,0.0
127060,2007,0.6071428571428571
127185,2007,0.2
127556,2007,0.375
127565,2007,0.13186813186813187
127714,2007,0.0
127741,2007,0.45454545454545453
127918,2007,0.5
127945,2007,0.0
128106,2007,0.325
128328,2007,0.7
128391,2007,0.0
128498,2007,0.7647058823529411
128744,2007,0.4084507042253521
128771,2007,0.37623762376237624
128902,2007,0.75
129020,2007,0.5878378378378378
129215,2007,0.40384615384615385
129242,2007,0.7
129525,2007,0.6142857142857143
129774,2007,0.19047619047619047
129941,2007,0.3829787234042553
130183,2007,0.2127659574468085
130226,2007,0.6333333333333333
130253,2007,0.5
130314,2007,0.20588235294117646
130493,2007,0.32298136645962733
130590,2007,0.9473684210526315
130624,2007,0.5
130697,2007,0.8679245283018868
130776,2007,0.21311475409836064
130794,2007,0.9545454545454546
130934,2007,0.37065052950075644
130943,2007,0.589041095890411
130989,2007,0.3076923076923077
131098,2007,0.48
131113,2007,0.3055555555555556
131159,2007,0.7166666666666667
131283,2007,0.5625
131308,2007,0.6666666666666666
131399,2007,0.07738095238095238
131450,2007,0.37037037037037035
131469,2007,0.7079646017699115
131496,2007,0.8645833333333334
131520,2007,0.6402877697841727
131788,2007,1.0
131803,2007,0.13043478260869565
131876,2007,0.45098039215686275
132338,2007,0.41304347826086957
132408,2007,0.5
132471,2007,0.2948717948717949
132602,2007,0.38321167883211676
132657,2007,0.5217391304347826
132842,2007,1.0
132879,2007,0.6666666666666666
132903,2007,0.5367647058823529
133085,2007,1.0
133465,2007,0.0
133492,2007,0.8125
133526,2007,0.11355311355311355
133553,2007,0.4411764705882353
133650,2007,0.4085603112840467
133669,2007,0.37943262411347517
133711,2007,0.75
133872,2007,1.0
133881,2007,0.5294117647058824
133951,2007,0.3898809523809524
133979,2007,0.3192389006342495
134079,2007,0.5
134097,2007,0.7414500683994528
134130,2007,0.7323943661971831
134510,2007,1.0
134680,2007,0.16666666666666666
134811,2007,0.5
134945,2007,0.2692307692307692
135063,2007,0.5
135364,2007,0.75
135726,2007,0.7956989247311828
135939,2007,0.5833333333333334
136172,2007,0.40875912408759124
136206,2007,0.25
136215,2007,0.3793103448275862
136330,2007,0.3888888888888889
136774,2007,0.625
136950,2007,0.7777777777777778
137032,2007,0.3333333333333333
137272,2007,0.0
137351,2007,0.4620938628158845
137476,2007,0.38461538461538464
137546,2007,0.6
137564,2007,0.23809523809523808
137801,2007,0.0
137847,2007,0.5964912280701754
137953,2007,0.0
137962,2007,0.0
138275,2007,0.23076923076923078
138293,2007,0.2916666666666667
138336,2007,0.0
138354,2007,0.46296296296296297
138600,2007,0.6842105263157895
138716,2007,0.5043859649122807
138725,2007,0.5
138789,2007,0.30851063829787234
138813,2007,0.32710280373831774
138868,2007,0.25
138947,2007,0.4412094064949608
138983,2007,0.11797752808988764
139144,2007,0.6363636363636364
139153,2007,0.3333333333333333
139199,2007,0.2
139205,2007,0.29411764705882354
139311,2007,0.22549019607843138
139366,2007,0.29699248120300753
139393,2007,0.3333333333333333
139533,2007,0.19666666666666666
139579,2007,0.0
139630,2007,0.4666666666666667
139658,2007,0.8921568627450981
139719,2007,0.34710743801652894
139755,2007,0.6422764227642277
139764,2007,0.2761904761904762
139861,2007,0.4782608695652174
139931,2007,0.4505703422053232
139940,2007,0.444743935309973
139959,2007,0.695852534562212
140164,2007,0.29838709677419356
140234,2007,0.5454545454545454
140252,2007,0.25
140322,2007,0.13157894736842105
140340,2007,1.0
140447,2007,0.5
140553,2007,0.6748251748251748
140669,2007,0.42857142857142855
140696,2007,0.5714285714285714
140720,2007,0.25757575757575757
140818,2007,0.5714285714285714
140872,2007,0.36363636363636365
140951,2007,0.66
140960,2007,0.34285714285714286
140988,2007,0.625
141060,2007,0.8022222222222222
141097,2007,0.2641509433962264
141167,2007,1.0
141185,2007,0.3
141237,2007,0.04
141264,2007,0.41317365269461076
141325,2007,0.5641025641025641
141334,2007,0.3010204081632653
141486,2007,0.2
141565,2007,0.2857142857142857
141574,2007,0.5
141644,2007,0.3103448275862069
142115,2007,0.14285714285714285
142276,2007,0.7142857142857143
142285,2007,0.2857142857142857
142294,2007,1.0
142461,2007,0.0
142522,2007,0.25
142887,2007,0.0
143048,2007,0.7142857142857143
143084,2007,0.7
143118,2007,0.3125
143288,2007,0.3888888888888889
143358,2007,0.65
144005,2007,0.1164021164021164
144050,2007,0.7906976744186046
144281,2007,0.19672131147540983
144351,2007,0.0
144740,2007,0.49074074074074076
144759,2007,0.25609756097560976
144883,2007,0.2425531914893617
144892,2007,0.35294117647058826
144962,2007,0.5882352941176471
144971,2007,0.17391304347826086
145372,2007,0.37037037037037035
145460,2007,0.08333333333333333
145600,2007,0.2807570977917981
145619,2007,0.5555555555555556
145637,2007,0.6477495107632094
145646,2007,0.7727272727272727
145691,2007,0.125
145725,2007,0.5
145813,2007,0.5287356321839081
146010,2007,0.07766990291262135
146393,2007,0.0
146427,2007,0.4444444444444444
146481,2007,0.64
146612,2007,0.3673469387755102
146667,2007,0.0
146719,2007,0.5490196078431373
146825,2007,0.25
147013,2007,0.4117647058823529
147244,2007,0.5277777777777778
147341,2007,0.5
147536,2007,0.0
147660,2007,0.3548387096774194
147679,2007,0.25925925925925924
147703,2007,0.4011627906976744
147767,2007,0.912621359223301
147776,2007,0.043478260869565216
147828,2007,0.23076923076923078
148016,2007,0.5
148131,2007,0.5714285714285714
148177,2007,0.22641509433962265
148335,2007,0.9203539823008849
148405,2007,0.125
148487,2007,0.2692307692307692
148496,2007,0.0
148584,2007,0.34782608695652173
148627,2007,0.42857142857142855
148654,2007,0.3333333333333333
148849,2007,1.0
149222,2007,0.32991803278688525
149231,2007,0.3089887640449438
149505,2007,0.4
149514,2007,0.6153846153846154
149639,2007,0.0
149772,2007,0.44525547445255476
149781,2007,0.625
150066,2007,0.46875
150136,2007,0.5186721991701245
150145,2007,0.0
150163,2007,0.6451612903225806
150172,2007,0.1111111111111111
150400,2007,0.7419354838709677
150455,2007,0.5454545454545454
150534,2007,0.42857142857142855
150561,2007,0.15384615384615385
150604,2007,0.5
150668,2007,0.4
150677,2007,0.0
150756,2007,0.25
150941,2007,0.0
151102,2007,0.1
151111,2007,0.23493975903614459
151263,2007,0.4090909090909091
151290,2007,0.3333333333333333
151306,2007,0.16417910447761194
151324,2007,0.3605769230769231
151333,2007,0.0
151342,2007,0.05714285714285714
151351,2007,0.5020242914979757
151360,2007,0.11627906976744186
151379,2007,0.0
151388,2007,0.2857142857142857
151458,2007,0.625
151494,2007,0.0
151500,2007,0.375
151519,2007,0.6666666666666666
151777,2007,0.09090909090909091
151786,2007,0.11764705882352941
151801,2007,0.2
151810,2007,0.06896551724137931
152080,2007,0.9193548387096774
152099,2007,0.5
152248,2007,0.1276595744680851
152266,2007,0.07692307692307693
152318,2007,0.75
152336,2007,0.3333333333333333
152363,2007,0.3
152381,2007,0.0
152390,2007,1.0
152530,2007,0.7142857142857143
152567,2007,0.25
152600,2007,0.6470588235294118
152673,2007,0.6470588235294118
152992,2007,0.14285714285714285
153001,2007,0.375
153108,2007,0.3333333333333333
153126,2007,0.6666666666666666
153144,2007,0.3333333333333333
153162,2007,0.3333333333333333
153241,2007,0.18181818181818182
153250,2007,0.6666666666666666
153269,2007,0.5
153278,2007,0.2857142857142857
153302,2007,1.0
153366,2007,0.15384615384615385
153375,2007,0.0
153384,2007,1.0
153603,2007,0.5373134328358209
153621,2007,0.045454545454545456
153658,2007,0.4342105263157895
153825,2007,0.5555555555555556
153834,2007,0.5
153861,2007,0.0
154004,2007,0.2
154013,2007,1.0
154022,2007,0.0
154095,2007,0.4375
154235,2007,0.375
154350,2007,0.6666666666666666
154493,2007,0.44
154518,2007,0.0
154527,2007,0.4
154590,2007,0.21951219512195122
154688,2007,0.47058823529411764
154712,2007,0.7142857142857143
154721,2007,0.5
154749,2007,0.35714285714285715
154855,2007,0.23076923076923078
155025,2007,0.09523809523809523
155061,2007,0.08333333333333333
155070,2007,0.0
155089,2007,0.38461538461538464
155317,2007,0.4461538461538462
155335,2007,0.14285714285714285
155399,2007,0.1875
155414,2007,0.0
155511,2007,0.3333333333333333
155520,2007,0.15384615384615385
155627,2007,0.15789473684210525
155681,2007,0.5
155812,2007,0.0
155900,2007,0.6666666666666666
155937,2007,0.2222222222222222
155973,2007,0.5714285714285714
156082,2007,0.16666666666666666
156125,2007,0.19696969696969696
156189,2007,0.5
156286,2007,0.5384615384615384
156295,2007,0.6341463414634146
156356,2007,0.0
156365,2007,0.38461538461538464
156408,2007,0.6666666666666666
156417,2007,0.0
156541,2007,0.25925925925925924
156620,2007,0.24
156745,2007,0.4444444444444444
157058,2007,0.26440677966101694
157076,2007,0.1
157085,2007,0.47560975609756095
157100,2007,0.0
157216,2007,0.09523809523809523
157289,2007,0.4117647058823529
157377,2007,0.8
157386,2007,0.23076923076923078
157401,2007,0.323943661971831
157447,2007,0.13333333333333333
157535,2007,0.2777777777777778
157632,2007,0.2692307692307692
157757,2007,0.16666666666666666
157793,2007,0.6222222222222222
157809,2007,0.14285714285714285
157818,2007,0.3333333333333333
157863,2007,0.2
157951,2007,0.39204545454545453
158477,2007,0.4
158802,2007,0.3860232945091514
159009,2007,0.3658838071693449
159391,2007,0.5138248847926268
159416,2007,0.09090909090909091
159568,2007,0.058823529411764705
159647,2007,0.38095238095238093
159656,2007,0.6515151515151515
159717,2007,0.2727272727272727
159939,2007,0.13657407407407407
159948,2007,0.0
159966,2007,0.1678832116788321
159993,2007,0.2226027397260274
160038,2007,0.30344827586206896
160065,2007,0.0
160074,2007,0.0
160612,2007,0.17015706806282724
160621,2007,0.2963963963963964
160630,2007,0.05241935483870968
160658,2007,0.24107142857142858
160755,2007,0.631578947368421
160904,2007,0.4373134328358209
160977,2007,0.5714285714285714
161004,2007,0.7741935483870968
161086,2007,0.9090909090909091
161165,2007,0.0
161217,2007,0.0
161226,2007,0.0
161235,2007,0.0
161253,2007,0.47619047619047616
161299,2007,1.0
161341,2007,0.5
161457,2007,0.0
161518,2007,0.0
161554,2007,0.4
161563,2007,0.0
161572,2007,1.0
161882,2007,0.6923076923076923
162007,2007,0.41779497098646035
162061,2007,0.3076923076923077
162210,2007,0.2222222222222222
162283,2007,0.1622103386809269
162584,2007,0.3984375
162654,2007,0.8125
162760,2007,0.5833333333333334
162928,2007,0.8333333333333334
163046,2007,0.9047619047619048
163204,2007,0.05
163268,2007,0.5966386554621849
163286,2007,0.6770601336302895
163295,2007,0.8181818181818182
163338,2007,0.391008174386921
163453,2007,0.32960413080895007
163462,2007,0.6296296296296297
163578,2007,0.6666666666666666
163851,2007,0.5714285714285714
163912,2007,0.5151515151515151
163921,2007,0.2
164076,2007,0.6993464052287581
164155,2007,0.8243243243243243
164173,2007,0.4909090909090909
164207,2007,1.0
164216,2007,0.7857142857142857
164270,2007,0.6825396825396826
164447,2007,0.3291139240506329
164465,2007,0.8809523809523809
164492,2007,0.3333333333333333
164562,2007,1.0
164571,2007,0.41304347826086957
164580,2007,0.6666666666666666
164632,2007,0.47619047619047616
164641,2007,1.0
164720,2007,0.4230769230769231
164739,2007,0.7045454545454546
164748,2007,0.3055555555555556
164924,2007,0.8623188405797102
164933,2007,1.0
164988,2007,0.7127659574468085
165015,2007,0.8076923076923077
165024,2007,0.44594594594594594
165334,2007,0.5
165529,2007,0.3870967741935484
165574,2007,0.0
165644,2007,0.23076923076923078
165662,2007,0.7058823529411765
165671,2007,0.6
165699,2007,1.0
165802,2007,0.0
165820,2007,0.1875
165866,2007,0.36
165936,2007,1.0
166018,2007,0.6
166027,2007,0.9285714285714286
166124,2007,0.92
166391,2007,0.6333333333333333
166452,2007,0.7058823529411765
166513,2007,0.3157894736842105
166629,2007,0.562874251497006
166638,2007,0.2857142857142857
166656,2007,0.5
166674,2007,0.4
166683,2007,0.8095238095238095
166692,2007,0.0
166850,2007,0.6666666666666666
166911,2007,1.0
166939,2007,0.75
166948,2007,0.24528301886792453
166984,2007,0.0
167057,2007,1.0
167251,2007,0.4117647058823529
167260,2007,0.2
167288,2007,0.3333333333333333
167321,2007,0.42857142857142855
167358,2007,0.628140703517588
167394,2007,0.8333333333333334
167455,2007,0.5
167598,2007,0.6923076923076923
167729,2007,0.43478260869565216
167783,2007,0.85
167835,2007,0.8620689655172413
167899,2007,0.5
167987,2007,0.38095238095238093
167996,2007,0.7692307692307693
168005,2007,0.25
168148,2007,0.8108108108108109
168218,2007,0.8918918918918919
168227,2007,0.8461538461538461
168254,2007,0.5454545454545454
168263,2007,0.5384615384615384
168281,2007,0.7142857142857143
168290,2007,0.625
168342,2007,0.9019607843137255
168421,2007,0.625
168430,2007,0.4117647058823529
168528,2007,0.25
168546,2007,0.6666666666666666
168591,2007,0.2857142857142857
168740,2007,0.5555555555555556
168786,2007,0.4
168838,2007,0.0
168847,2007,0.02702702702702703
169080,2007,0.14285714285714285
169248,2007,0.4362745098039216
169363,2007,0.2
169442,2007,0.35
169479,2007,0.035398230088495575
169716,2007,0.3617021276595745
169798,2007,0.20458553791887124
169910,2007,0.18181818181818182
169983,2007,0.6521739130434783
170000,2007,0.0
170037,2007,0.25
170082,2007,0.5416666666666666
170301,2007,0.46153846153846156
170532,2007,0.4
170639,2007,0.5
170675,2007,0.15
170806,2007,0.14285714285714285
170842,2007,0.1111111111111111
170967,2007,0.0
170976,2007,0.6966292134831461
171100,2007,0.5457184325108854
171128,2007,0.4782608695652174
171137,2007,0.38095238095238093
171146,2007,0.16129032258064516
171298,2007,0.0
171456,2007,0.28
171492,2007,0.3119266055045872
171571,2007,0.23668639053254437
171599,2007,0.27906976744186046
171881,2007,0.0
172051,2007,0.12631578947368421
172264,2007,0.25
172334,2007,0.0
172440,2007,0.0
172644,2007,0.08741258741258741
172699,2007,0.5103092783505154
173045,2007,0.42857142857142855
173124,2007,0.0
173142,2007,0.5
173160,2007,0.3333333333333333
173258,2007,0.75
173300,2007,0.0
173328,2007,0.16666666666666666
173452,2007,0.5
173629,2007,0.0
173647,2007,1.0
173665,2007,0.4
173887,2007,0.0
173902,2007,0.8
173920,2007,0.4166666666666667
174020,2007,0.0
174066,2007,0.43983402489626555
174075,2007,0.2
174127,2007,1.0
174206,2007,1.0
174233,2007,0.375
174251,2007,0.5384615384615384
174279,2007,0.0
174358,2007,0.07142857142857142
174385,2007,0.3333333333333333
174437,2007,0.2857142857142857
174491,2007,0.0
174747,2007,1.0
174783,2007,0.5161290322580645
174792,2007,0.5
174817,2007,0.6666666666666666
174844,2007,0.46153846153846156
174862,2007,1.0
174899,2007,0.0
174914,2007,0.55
174932,2007,1.0
175005,2007,0.21739130434782608
175078,2007,0.17391304347826086
175272,2007,0.375
175342,2007,0.39641943734015345
175421,2007,0.52
175430,2007,0.0
175616,2007,0.37755102040816324
175856,2007,0.4245472837022133
175917,2007,0.0
175980,2007,0.6086956521739131
176017,2007,0.42857142857142855
176035,2007,0.36363636363636365
176044,2007,0.2918287937743191
176053,2007,0.2571428571428571
176080,2007,0.4666666666666667
176318,2007,0.01702127659574468
176336,2007,0.5
176372,2007,0.3732394366197183
176406,2007,0.46116504854368934
176460,2007,0.0
176479,2007,0.42105263157894735
176628,2007,0.25
176637,2007,0.3333333333333333
176664,2007,0.0
176770,2007,1.0
176910,2007,0.75
176938,2007,0.5
176947,2007,0.043478260869565216
176965,2007,0.36538461538461536
177065,2007,0.18181818181818182
177144,2007,0.375
177153,2007,0.0
177162,2007,0.16
177214,2007,0.8333333333333334
177339,2007,0.46153846153846156
177418,2007,0.4444444444444444
177542,2007,0.0
177551,2007,0.1111111111111111
177746,2007,0.25
177940,2007,0.1981981981981982
177968,2007,0.32432432432432434
178059,2007,0.15384615384615385
178244,2007,0.1
178341,2007,0.125
178369,2007,0.17105263157894737
178387,2007,0.14673913043478262
178396,2007,0.5578947368421052
178402,2007,0.22641509433962265
178411,2007,0.625
178420,2007,0.34782608695652173
178615,2007,0.5806451612903226
178624,2007,0.4418604651162791
178679,2007,0.2
178697,2007,1.0
178721,2007,0.14814814814814814
178891,2007,0.5
178989,2007,0.0
179043,2007,0.45454545454545453
179070,2007,1.0
179159,2007,0.6966292134831461
179201,2007,0.5
179256,2007,0.0
179265,2007,0.5
179326,2007,0.07692307692307693
179548,2007,0.0
179557,2007,0.4444444444444444
179566,2007,0.45614035087719296
179867,2007,0.9133858267716536
179894,2007,0.5714285714285714
179946,2007,0.375
179955,2007,0.6666666666666666
179964,2007,0.0
180179,2007,0.0
180258,2007,0.0
180416,2007,0.0
180461,2007,0.09090909090909091
180489,2007,0.1111111111111111
180522,2007,0.0
180692,2007,0.0
180814,2007,0.0
180832,2007,0.3333333333333333
180948,2007,0.0
180984,2007,0.25
181002,2007,0.6111111111111112
181011,2007,0.23529411764705882
181020,2007,0.2857142857142857
181093,2007,0.5
181127,2007,0.6
181215,2007,0.0
181297,2007,0.0
181330,2007,0.16666666666666666
181394,2007,0.25
181446,2007,0.5
181464,2007,0.4375
181534,2007,0.1
181604,2007,0.75
181738,2007,0.3333333333333333
181783,2007,0.18518518518518517
181853,2007,0.25
182111,2007,0.6666666666666666
182281,2007,0.3217821782178218
182290,2007,0.47692307692307695
182430,2007,0.0
182458,2007,0.0
182634,2007,1.0
182661,2007,0.25
182670,2007,0.8591549295774648
182795,2007,0.5833333333333334
182980,2007,1.0
183026,2007,0.5
183044,2007,0.5
183062,2007,1.0
183080,2007,0.5
183211,2007,0.0
183239,2007,0.5714285714285714
183275,2007,0.0
183789,2007,0.2926829268292683
183822,2007,0.3611111111111111
183910,2007,0.35555555555555557
183974,2007,0.45
184348,2007,0.8823529411764706
184603,2007,0.3411764705882353
184612,2007,0.13157894736842105
184694,2007,0.38235294117647056
184773,2007,0.42105263157894735
184782,2007,0.43902439024390244
185129,2007,0.2807017543859649
185262,2007,0.348993288590604
185572,2007,0.6
185590,2007,0.610062893081761
185828,2007,0.43333333333333335
186131,2007,0.9375
186201,2007,0.7222222222222222
186283,2007,0.5538461538461539
186371,2007,0.5517241379310345
186380,2007,0.6741854636591479
186399,2007,0.568
186432,2007,0.39603960396039606
186584,2007,0.5537190082644629
186618,2007,0.7407407407407407
186867,2007,0.8
186876,2007,0.5102040816326531
187134,2007,0.5957446808510638
187444,2007,0.3953488372093023
187648,2007,0.24390243902439024
187897,2007,0.1
187967,2007,0.5
187985,2007,0.36
188030,2007,0.25806451612903225
188146,2007,1.0
188182,2007,1.0
188304,2007,0.2857142857142857
188340,2007,0.4
188429,2007,0.5
188465,2007,1.0
188641,2007,0.7272727272727273
188854,2007,0.8571428571428571
189088,2007,0.5454545454545454
189097,2007,0.7727272727272727
189228,2007,0.3025210084033613
189413,2007,0.3333333333333333
189459,2007,0.3333333333333333
189705,2007,0.4375
189848,2007,0.08333333333333333
190044,2007,0.625
190099,2007,0.7647058823529411
190114,2007,0.44360902255639095
190150,2007,0.8979591836734694
190248,2007,0.3125
190372,2007,0.7777777777777778
190415,2007,0.8782051282051282
190503,2007,1.0
190512,2007,0.5695364238410596
190549,2007,0.31983805668016196
190558,2007,0.4
190567,2007,0.3492063492063492
190594,2007,0.4009216589861751
190600,2007,0.40625
190637,2007,0.33201581027667987
190646,2007,0.2692307692307692
190655,2007,0.1566265060240964
190664,2007,0.45555555555555555
190691,2007,0.20132013201320131
190716,2007,0.34782608695652173
190725,2007,0.30612244897959184
190761,2007,0.28125
190770,2007,0.33766233766233766
190983,2007,0.4
191205,2007,0.3939393939393939
191241,2007,0.7628865979381443
191515,2007,0.8823529411764706
191533,2007,0.47058823529411764
191621,2007,0.3333333333333333
191630,2007,0.5
191649,2007,0.38323353293413176
191676,2007,0.5
191931,2007,0.49019607843137253
191968,2007,0.5
192110,2007,0.6153846153846154
192192,2007,0.25
192271,2007,0.5
192323,2007,0.6428571428571429
192439,2007,0.15702479338842976
192448,2007,0.5
192703,2007,0.6666666666666666
192712,2007,0.16666666666666666
192749,2007,0.6551724137931034
192819,2007,0.55
192864,2007,0.40625
192925,2007,0.20454545454545456
193016,2007,0.19607843137254902
193292,2007,0.3
193308,2007,0.85
193317,2007,0.717948717948718
193353,2007,0.3939393939393939
193399,2007,0.64
193584,2007,0.7142857142857143
193645,2007,0.3458149779735683
193654,2007,0.46875
193900,2007,0.7724867724867724
193973,2007,0.44680851063829785
194091,2007,0.26153846153846155
194107,2007,0.24242424242424243
194116,2007,1.0
194161,2007,0.3924050632911392
194310,2007,0.46153846153846156
194392,2007,0.0
194541,2007,0.4
194569,2007,1.0
194578,2007,0.4
194824,2007,0.6739130434782609
194958,2007,0.23529411764705882
195003,2007,0.5346534653465347
195030,2007,0.8604651162790697
195128,2007,0.0
195137,2007,0.09090909090909091
195164,2007,0.375
195173,2007,0.4482758620689655
195216,2007,0.14285714285714285
195234,2007,0.875
195243,2007,0.4
195304,2007,0.5384615384615384
195474,2007,0.6666666666666666
195526,2007,0.8333333333333334
195544,2007,0.5833333333333334
195562,2007,0.6666666666666666
195720,2007,0.5625
195809,2007,0.5171717171717172
196006,2007,0.3333333333333333
196015,2007,0.0
196024,2007,0.0
196042,2007,0.21052631578947367
196051,2007,0.5
196060,2007,0.6764705882352942
196079,2007,0.7093023255813954
196088,2007,0.5931372549019608
196097,2007,0.7142857142857143
196103,2007,0.0
196121,2007,0.5806451612903226
196130,2007,0.3602941176470588
196149,2007,0.391304347826087
196158,2007,0.2
196167,2007,0.5
196176,2007,0.6212121212121212
196185,2007,0.6818181818181818
196194,2007,0.47368421052631576
196200,2007,0.5625
196219,2007,0.6
196237,2007,0.52
196246,2007,0.48
196264,2007,0.022222222222222223
196291,2007,0.4666666666666667
196413,2007,0.697986577181208
196866,2007,0.9090909090909091
197027,2007,0.5
197036,2007,0.7352941176470589
197045,2007,0.4782608695652174
197133,2007,0.9333333333333333
197151,2007,0.5714285714285714
197197,2007,0.5161290322580645
197230,2007,0.16666666666666666
197869,2007,0.49514563106796117
197911,2007,0.2692307692307692
197984,2007,0.2413793103448276
197993,2007,0.37037037037037035
198066,2007,0.2
198136,2007,0.3611111111111111
198215,2007,0.32653061224489793
198303,2007,0.21739130434782608
198385,2007,0.8571428571428571
198419,2007,0.9122807017543859
198464,2007,0.5613577023498695
198507,2007,0.4524421593830334
198516,2007,0.78
198543,2007,0.38975155279503104
198561,2007,0.28888888888888886
198598,2007,0.35135135135135137
198613,2007,0.4666666666666667
198677,2007,0.5
198695,2007,0.5223880597014925
198756,2007,0.38826185101580135
198808,2007,0.041666666666666664
198835,2007,0.56
198862,2007,0.2708333333333333
198899,2007,0.15789473684210525
198950,2007,0.625
198969,2007,0.30864197530864196
198978,2007,0.12
199032,2007,0.5454545454545454
199069,2007,0.3783783783783784
199102,2007,0.3863399374348279
199111,2007,0.6
199120,2007,0.7576470588235295
199139,2007,0.5083056478405316
199148,2007,0.5759036144578313
199157,2007,0.4888304862023653
199184,2007,0.8
199193,2007,0.5975
199209,2007,0.5606060606060606
199218,2007,0.5517241379310345
199272,2007,0.4166666666666667
199281,2007,0.48091603053435117
199306,2007,0.5
199412,2007,0.5555555555555556
199582,2007,0.07990867579908675
199607,2007,0.30303030303030304
199643,2007,0.2703962703962704
199698,2007,0.5
199847,2007,0.7972972972972973
199865,2007,1.0
199962,2007,0.5405405405405406
199999,2007,0.3940345368916798
200004,2007,0.45454545454545453
200059,2007,0.5
200156,2007,0.16666666666666666
200217,2007,0.3333333333333333
200253,2007,0.14285714285714285
200280,2007,0.4
200332,2007,0.4
200484,2007,0.0
200572,2007,0.0
200800,2007,0.07875894988066826
201061,2007,0.0
201104,2007,0.25925925925925924
201195,2007,0.7142857142857143
201371,2007,0.3888888888888889
201441,2007,0.5154185022026432
201548,2007,0.5111111111111111
201645,2007,0.6923076923076923
201654,2007,0.5714285714285714
201690,2007,0.2996941896024465
201858,2007,0.0
201885,2007,0.3257918552036199
201964,2007,1.0
202046,2007,0.5
202134,2007,0.12133891213389121
202170,2007,0.43478260869565216
202480,2007,0.6597938144329897
202514,2007,0.5
202523,2007,0.6451612903225806
202541,2007,0.26153846153846155
202611,2007,0.13636363636363635
202763,2007,0.375
202806,2007,0.3
203085,2007,0.14285714285714285
203128,2007,0.6896551724137931
203368,2007,0.5161290322580645
203492,2007,0.0
203517,2007,0.3507692307692308
203535,2007,0.7777777777777778
203580,2007,0.09090909090909091
203757,2007,0.3
203775,2007,0.16666666666666666
203845,2007,0.4
204006,2007,0.13793103448275862
204015,2007,0.0
204024,2007,0.6691176470588235
204176,2007,0.5
204185,2007,0.5769230769230769
204194,2007,0.4
204200,2007,0.21739130434782608
204264,2007,0.3157894736842105
204468,2007,0.5
204501,2007,0.8235294117647058
204617,2007,0.16666666666666666
204635,2007,0.4444444444444444
204671,2007,0.14285714285714285
204680,2007,0.05263157894736842
204699,2007,0.16666666666666666
204705,2007,0.24324324324324326
204796,2007,0.5968586387434555
204802,2007,0.0
204820,2007,0.25
204839,2007,0.0
204848,2007,0.0
204857,2007,0.5423728813559322
204866,2007,0.2222222222222222
204909,2007,0.6
204936,2007,0.24324324324324326
205443,2007,0.09090909090909091
205957,2007,0.0
206002,2007,0.14285714285714285
206048,2007,0.2765957446808511
206084,2007,0.24945295404814005
206279,2007,0.42857142857142855
206330,2007,0.35294117647058826
206349,2007,0.15789473684210525
206437,2007,0.4117647058823529
206491,2007,0.32524271844660196
206507,2007,0.42857142857142855
206525,2007,0.4444444444444444
206589,2007,0.65
206604,2007,0.29069767441860467
206622,2007,0.6538461538461539
206695,2007,0.12849162011173185
206817,2007,0.045454545454545456
206835,2007,0.0
206862,2007,0.4
206914,2007,0.2413793103448276
206941,2007,0.25735294117647056
207041,2007,0.20689655172413793
207209,2007,0.3194444444444444
207254,2007,0.4
207263,2007,0.16666666666666666
207306,2007,0.09090909090909091
207324,2007,0.022222222222222223
207351,2007,0.5
207388,2007,0.47
207403,2007,0.25
207458,2007,0.6
207500,2007,0.5371428571428571
207564,2007,0.3333333333333333
207582,2007,0.5432098765432098
207661,2007,1.0
207689,2007,0.3333333333333333
207722,2007,0.4
207847,2007,0.2962962962962963
207856,2007,1.0
207865,2007,0.3125
207971,2007,0.48148148148148145
208239,2007,0.0
208488,2007,0.4
208646,2007,0.5
208725,2007,0.5
208822,2007,0.0
209056,2007,0.3333333333333333
209065,2007,0.4
209287,2007,0.3333333333333333
209409,2007,0.3333333333333333
209506,2007,0.0
209542,2007,0.425
209551,2007,0.6428571428571429
209612,2007,1.0
209807,2007,0.3333333333333333
209825,2007,0.42857142857142855
209922,2007,0.75
210146,2007,0.2
210304,2007,0.0
210331,2007,0.0
210401,2007,0.7777777777777778
210429,2007,0.2
210571,2007,0.47540983606557374
210669,2007,0.5
210739,2007,0.4
210775,2007,0.3181818181818182
210942,2007,0.417910447761194
210960,2007,0.17391304347826086
211024,2007,0.5
211088,2007,0.3953488372093023
211158,2007,0.5119047619047619
211273,2007,1.0
211291,2007,1.0
211352,2007,0.3448275862068966
211361,2007,0.46938775510204084
211431,2007,0.2682926829268293
211440,2007,0.7710843373493976
211468,2007,0.2727272727272727
211477,2007,0.5
211556,2007,0.3333333333333333
211583,2007,0.30434782608695654
211608,2007,0.22727272727272727
211644,2007,0.3815789473684211
211893,2007,1.0
211981,2007,0.3333333333333333
212009,2007,0.8235294117647058
212054,2007,0.44594594594594594
212106,2007,0.5909090909090909
212115,2007,0.4857142857142857
212133,2007,0.72
212160,2007,0.3235294117647059
212197,2007,0.2727272727272727
212577,2007,0.7692307692307693
212601,2007,0.5217391304347826
212656,2007,0.2857142857142857
212674,2007,0.7352941176470589
212805,2007,0.0
212832,2007,0.625
212911,2007,0.6875
212984,2007,0.5
213011,2007,0.38461538461538464
213020,2007,0.23204419889502761
213251,2007,0.8333333333333334
213303,2007,0.4444444444444444
213321,2007,0.4666666666666667
213349,2007,0.3081395348837209
213358,2007,0.42105263157894735
213367,2007,0.49230769230769234
213385,2007,0.7777777777777778
213507,2007,0.42857142857142855
213543,2007,0.7333333333333333
213598,2007,0.35091743119266056
213613,2007,0.39473684210526316
213668,2007,0.5555555555555556
213783,2007,0.3125
213826,2007,0.4
213987,2007,0.5555555555555556
213996,2007,0.65
214041,2007,0.38333333333333336
214069,2007,0.6
214148,2007,0.7142857142857143
214157,2007,0.4444444444444444
214166,2007,1.0
214175,2007,0.7
214272,2007,0.475
214591,2007,0.4
214625,2007,1.0
214634,2007,1.0
214643,2007,0.0
214652,2007,0.5
214670,2007,0.0
214689,2007,0.4868421052631579
214698,2007,0.14285714285714285
214704,2007,0.5
214713,2007,0.0
214731,2007,0.25
214740,2007,0.0
214759,2007,0.0
214768,2007,0.46153846153846156
214777,2007,0.7058823529411765
214786,2007,0.5
214795,2007,0.43333333333333335
214801,2007,0.2727272727272727
214810,2007,0.4888888888888889
214829,2007,0.3333333333333333
214883,2007,1.0
215053,2007,0.0
215062,2007,0.8955223880597015
215099,2007,0.5660377358490566
215105,2007,0.6571428571428571
215114,2007,0.1111111111111111
215132,2007,0.7058823529411765
215266,2007,0.42857142857142855
215275,2007,0.3125
215284,2007,0.6666666666666666
215293,2007,0.6270718232044199
215442,2007,0.4444444444444444
215637,2007,0.2
215655,2007,0.25
215691,2007,0.47058823529411764
215743,2007,0.41379310344827586
215770,2007,0.5416666666666666
215798,2007,0.3
215929,2007,0.9230769230769231
215947,2007,0.2777777777777778
216010,2007,0.3563218390804598
216038,2007,0.36363636363636365
216278,2007,0.75
216287,2007,0.8
216339,2007,0.6391752577319587
216357,2007,0.2727272727272727
216524,2007,0.6097560975609756
216542,2007,0.25
216597,2007,1.0
216667,2007,0.25
216694,2007,0.13043478260869565
216764,2007,0.5352112676056338
216807,2007,0.625
216852,2007,0.4166666666666667
216931,2007,0.2222222222222222
217013,2007,0.3333333333333333
217059,2007,0.42857142857142855
217156,2007,0.900990099009901
217165,2007,0.48
217235,2007,0.5591836734693878
217402,2007,0.7272727272727273
217420,2007,0.3225806451612903
217484,2007,0.44954128440366975
217493,2007,0.8181818181818182
217518,2007,0.7
217536,2007,0.75
217606,2007,0.6666666666666666
217624,2007,0.061224489795918366
217633,2007,0.37142857142857144
217688,2007,0.45652173913043476
217721,2007,0.2953020134228188
217749,2007,0.375
217776,2007,0.3684210526315789
217819,2007,0.5837837837837838
217864,2007,0.6739130434782609
217873,2007,0.48231511254019294
217882,2007,0.6848484848484848
217907,2007,0.7142857142857143
217925,2007,0.0
217934,2007,0.4
217961,2007,0.7857142857142857
217998,2007,0.5
218061,2007,0.4641350210970464
218070,2007,0.9090909090909091
218229,2007,0.4473684210526316
218238,2007,0.3448275862068966
218399,2007,0.314878892733564
218414,2007,0.30985915492957744
218441,2007,0.36363636363636365
218539,2007,0.6923076923076923
218645,2007,0.29
218663,2007,0.6515513126491647
218724,2007,0.5494505494505495
218733,2007,0.45147679324894513
218742,2007,0.44
218919,2007,0.2751677852348993
218964,2007,0.6159420289855072
218973,2007,0.8421052631578947
219000,2007,0.6666666666666666
219046,2007,0.0
219082,2007,0.0
219091,2007,0.4444444444444444
219198,2007,1.0
219204,2007,0.0
219259,2007,1.0
219295,2007,0.0
219347,2007,0.0
219356,2007,0.3
219383,2007,0.0
219471,2007,0.125
219505,2007,1.0
219578,2007,0.0
219602,2007,0.25
219639,2007,0.3333333333333333
219709,2007,0.7368421052631579
219718,2007,0.20930232558139536
219790,2007,0.3333333333333333
219806,2007,0.3939393939393939
219833,2007,0.4583333333333333
219949,2007,0.26666666666666666
219976,2007,0.5294117647058824
220075,2007,0.3253012048192771
220181,2007,0.5443786982248521
220215,2007,0.3888888888888889
220473,2007,0.0
220516,2007,0.6
220589,2007,0.28
220598,2007,0.32441471571906355
220604,2007,0.2604166666666667
220613,2007,0.5294117647058824
220631,2007,0.5
220701,2007,0.75
220710,2007,0.3333333333333333
220808,2007,0.625
220862,2007,0.29740518962075846
220941,2007,0.06666666666666667
220978,2007,0.4353932584269663
221014,2007,0.0
221254,2007,1.0
221351,2007,0.6086956521739131
221519,2007,0.65
221661,2007,0.4117647058823529
221731,2007,0.16666666666666666
221740,2007,0.3757062146892655
221759,2007,0.584375
221768,2007,0.36507936507936506
221795,2007,1.0
221838,2007,0.37092511013215856
221847,2007,0.3163265306122449
221856,2007,0.16666666666666666
221892,2007,0.125
221953,2007,0.3269230769230769
221971,2007,0.2857142857142857
221999,2007,0.84
222178,2007,0.3108108108108108
222831,2007,0.17721518987341772
222938,2007,1.0
222983,2007,0.7692307692307693
223232,2007,0.616
224004,2007,0.3333333333333333
224147,2007,0.6538461538461539
224226,2007,0.3
224244,2007,0.3333333333333333
224323,2007,0.25
224402,2007,0.2054794520547945
224527,2007,0.1346153846153846
224554,2007,0.4108527131782946
224776,2007,0.0
225247,2007,0.18181818181818182
225399,2007,0.2765957446808511
225432,2007,0.09205020920502092
225511,2007,0.3302238805970149
225548,2007,0.08
225575,2007,0.16037735849056603
225627,2007,0.3103448275862069
225885,2007,0.09821428571428571
226091,2007,0.24921135646687698
226152,2007,0.0
226231,2007,0.125
226383,2007,0.17391304347826086
226471,2007,0.21621621621621623
226587,2007,0.2222222222222222
226833,2007,0.24615384615384617
227216,2007,0.3882978723404255
227243,2007,0.20408163265306123
227331,2007,0.375
227377,2007,0.0
227429,2007,0.16083916083916083
227526,2007,0.3725202057310801
227757,2007,0.94
227845,2007,0.6666666666666666
227863,2007,0.5384615384615384
227881,2007,0.44879518072289154
228042,2007,0.42857142857142855
228149,2007,0.6
228246,2007,0.6037735849056604
228325,2007,0.3333333333333333
228343,2007,0.7857142857142857
228431,2007,0.3682795698924731
228459,2007,0.6014492753623188
228468,2007,0.4
228486,2007,0.8923076923076924
228501,2007,0.14285714285714285
228529,2007,0.2682926829268293
228705,2007,0.24074074074074073
228714,2007,0.5714285714285714
228723,2007,0.6292134831460674
228769,2007,0.38321167883211676
228778,2007,0.6716981132075471
228787,2007,0.5081967213114754
228796,2007,0.2711864406779661
228802,2007,0.5625
228875,2007,0.611764705882353
228884,2007,0.12195121951219512
228981,2007,0.4230769230769231
229018,2007,0.0
229027,2007,0.29714285714285715
229063,2007,0.12272089761570827
229115,2007,0.42142857142857143
229160,2007,0.45
229179,2007,0.36046511627906974
229267,2007,0.875
229780,2007,0.0
229814,2007,0.2619047619047619
229887,2007,0.2689655172413793
230038,2007,0.5
230603,2007,0.0
230621,2007,1.0
230728,2007,0.75
230737,2007,0.0
230764,2007,0.3333333333333333
230782,2007,0.2
230807,2007,0.0
230816,2007,0.5
230834,2007,0.3333333333333333
230898,2007,0.0
230913,2007,1.0
230931,2007,0.0
230959,2007,0.7857142857142857
230995,2007,0.22727272727272727
231059,2007,0.8
231077,2007,0.0
231086,2007,0.2857142857142857
231174,2007,0.65
231420,2007,0.40476190476190477
231554,2007,0.3333333333333333
231581,2007,0.5909090909090909
231624,2007,0.8860759493670886
231712,2007,0.5970149253731343
231785,2007,0.3333333333333333
231828,2007,0.6666666666666666
231837,2007,0.0
232025,2007,0.36363636363636365
232043,2007,0.36363636363636365
232089,2007,0.0967741935483871
232186,2007,0.6571428571428571
232256,2007,0.5833333333333334
232265,2007,0.518
232308,2007,0.5625
232423,2007,0.6637168141592921
232557,2007,0.1813186813186813
232566,2007,0.5319148936170213
232609,2007,0.5
232672,2007,0.7796610169491526
232681,2007,0.7428571428571429
232706,2007,0.4864864864864865
232937,2007,0.329153605015674
232982,2007,0.5592417061611374
233277,2007,0.6126126126126126
233295,2007,0.7727272727272727
233301,2007,0.5333333333333333
233374,2007,0.7941176470588235
233426,2007,0.5
233499,2007,0.12547528517110265
233541,2007,0.32142857142857145
233611,2007,1.0
233718,2007,0.5
233897,2007,0.26666666666666666
233912,2007,0.46153846153846156
233921,2007,0.6656976744186046
234030,2007,0.458528951486698
234076,2007,0.8491228070175438
234085,2007,0.6842105263157895
234137,2007,0.30434782608695654
234155,2007,0.3954954954954955
234164,2007,0.3136792452830189
234173,2007,0.4090909090909091
234207,2007,0.8571428571428571
234492,2007,1.0
234827,2007,0.20833333333333334
234915,2007,1.0
235024,2007,0.25
235097,2007,0.4117647058823529
235167,2007,0.6363636363636364
235316,2007,0.6666666666666666
235510,2007,0.5
236133,2007,0.0
236230,2007,0.2727272727272727
236328,2007,0.7692307692307693
236452,2007,0.42857142857142855
236577,2007,0.1111111111111111
236595,2007,0.8666666666666667
236896,2007,0.42857142857142855
236939,2007,0.532608695652174
236948,2007,0.6762589928057554
237011,2007,0.47540983606557374
237057,2007,0.6666666666666666
237066,2007,0.75
237118,2007,0.4
237154,2007,0.125
237181,2007,0.6666666666666666
237215,2007,0.0
237312,2007,0.375
237330,2007,0.21428571428571427
237358,2007,0.25
237367,2007,0.38461538461538464
237385,2007,0.2692307692307692
237525,2007,0.42045454545454547
237640,2007,0.3333333333333333
237686,2007,0.0
237783,2007,0.0
237792,2007,0.1875
237899,2007,0.2916666666666667
237932,2007,0.15384615384615385
237950,2007,0.0625
237969,2007,0.36363636363636365
238032,2007,0.46153846153846156
238078,2007,0.35714285714285715
238193,2007,0.1346153846153846
238333,2007,0.625
238430,2007,0.6428571428571429
238458,2007,0.13333333333333333
238476,2007,0.5483870967741935
238616,2007,0.25925925925925924
238661,2007,0.3333333333333333
238892,2007,0.8
238980,2007,0.20833333333333334
239017,2007,0.45454545454545453
239071,2007,0.5
239080,2007,0.38235294117647056
239105,2007,0.627906976744186
239309,2007,0.5
239318,2007,0.6363636363636364
239390,2007,0.15789473684210525
239503,2007,1.0
239512,2007,1.0
239628,2007,0.6666666666666666
239716,2007,0.3333333333333333
239929,2007,0.3157894736842105
240107,2007,0.4
240189,2007,0.3333333333333333
240268,2007,0.5
240277,2007,0.45454545454545453
240329,2007,0.4444444444444444
240338,2007,0.2
240365,2007,0.23529411764705882
240374,2007,0.16923076923076924
240417,2007,0.5
240426,2007,0.0
240444,2007,0.5971223021582733
240453,2007,0.17254901960784313
240462,2007,0.3333333333333333
240471,2007,0.3125
240480,2007,0.6
240727,2007,0.3333333333333333
240754,2007,0.3333333333333333
241191,2007,1.0
243665,2007,0.36809815950920244
243744,2007,0.9210526315789473
243780,2007,0.6018099547511312
244154,2007,0.5
244190,2007,0.5
245652,2007,0.6666666666666666
245953,2007,0.0
247700,2007,0.0
251312,2007,0.3333333333333333
260293,2007,0.0
260974,2007,0.5
262129,2007,1.0
363934,2007,0.25
366252,2007,0.18181818181818182
366535,2007,0.5
366711,2007,0.42105263157894735
367884,2007,0.0
368452,2007,0.375
368601,2007,0.8
369084,2007,0.0
372213,2007,0.0283960092095165
372222,2007,0.09523809523809523
372578,2007,0.3333333333333333
373827,2007,1.0
377546,2007,1.0
380465,2007,0.3333333333333333
381741,2007,0.0
381787,2007,0.0
384254,2007,0.0
384412,2007,0.6666666666666666
385619,2007,0.75
390701,2007,0.2
392840,2007,1.0
398130,2007,0.0
399911,2007,1.0
402633,2007,0.0
402776,2007,1.0
404073,2007,0.0
404082,2007,0.0
404949,2007,0.6268656716417911
405979,2007,0.0
405988,2007,0.0
405997,2007,0.0
406006,2007,0.10638297872340426
406015,2007,0.0873015873015873
407063,2007,0.6666666666666666
407285,2007,0.6666666666666666
409069,2007,0.6666666666666666
409698,2007,0.3157894736842105
412599,2007,1.0
413723,2007,0.0
413866,2007,0.6666666666666666
414568,2007,0.3333333333333333
414823,2007,0.6742857142857143
416962,2007,0.1
417752,2007,0.0
419509,2007,0.17391304347826086
420042,2007,0.5
420307,2007,0.625
421009,2007,0.1780821917808219
421018,2007,0.06190476190476191
425296,2007,0.4
428286,2007,0.14285714285714285
428444,2007,0.6
432199,2007,0.225
432223,2007,0.08333333333333333
432232,2007,0.07142857142857142
432241,2007,0.25
432533,2007,0.3888888888888889
433004,2007,1.0
433660,2007,0.48936170212765956
434946,2007,0.20689655172413793
434955,2007,0.12244897959183673
434964,2007,0.10810810810810811
434973,2007,0.03125
434982,2007,0.25925925925925924
434991,2007,0.3333333333333333
436818,2007,0.5319148936170213
436827,2007,0.16666666666666666
436836,2007,0.5714285714285714
437848,2007,0.0
438151,2007,0.5
438382,2007,0.125
438416,2007,0.0
438586,2007,0.2857142857142857
438601,2007,0.25
438610,2007,0.06944444444444445
438629,2007,0.0
438902,2007,0.6666666666666666
439163,2007,0.35294117647058826
439279,2007,0.07407407407407407
439288,2007,0.6
439297,2007,0.0
439701,2007,1.0
440147,2007,0.35795454545454547
440341,2007,0.18518518518518517
440420,2007,0.0625
440439,2007,0.14285714285714285
440448,2007,0.42857142857142855
440457,2007,0.0
440484,2007,0.09090909090909091
440536,2007,0.20634920634920634
440545,2007,0.14285714285714285
440590,2007,0.3
440767,2007,0.0
441061,2007,0.4
441399,2007,0.6666666666666666
441511,2007,0.9230769230769231
441900,2007,0.0
441973,2007,0.0
441982,2007,1.0
442143,2007,0.0
442152,2007,0.11538461538461539
442161,2007,0.0
442170,2007,0.13793103448275862
442189,2007,0.0
442833,2007,0.0
443465,2007,1.0
443474,2007,0.0
444723,2007,0.1875
444778,2007,0.0
446613,2007,0.5
447458,2007,0.0
448309,2007,0.8333333333333334
448752,2007,1.0
448761,2007,1.0
100654,2008,0.29079159935379645
100663,2008,0.33771929824561403
100706,2008,0.49411764705882355
100724,2008,0.22107081174438686
100751,2008,0.5724137931034483
100830,2008,0.23404255319148937
100858,2008,0.43050847457627117
100937,2008,0.4
101073,2008,0.17419354838709677
101116,2008,0.5
101189,2008,0.34328358208955223
101365,2008,0.20833333333333334
101435,2008,0.5625
101480,2008,0.30303030303030304
101541,2008,0.2857142857142857
101587,2008,0.3235294117647059
101675,2008,0.207492795389049
101693,2008,0.4583333333333333
101709,2008,0.4090909090909091
101879,2008,0.2857142857142857
101912,2008,0.3819628647214854
102049,2008,0.7419354838709677
102094,2008,0.20809248554913296
102234,2008,0.3125
102261,2008,0.0
102270,2008,0.19855595667870035
102298,2008,0.22377622377622378
102368,2008,0.24496644295302014
102377,2008,0.38873239436619716
102553,2008,0.2
102614,2008,0.14285714285714285
102632,2008,0.5
102669,2008,1.0
103723,2008,0.0
103787,2008,0.0
104151,2008,0.41304347826086957
104179,2008,0.40384615384615385
104188,2008,1.0
104531,2008,0.16666666666666666
104586,2008,0.7142857142857143
104717,2008,0.125
104805,2008,0.7
105330,2008,0.4166666666666667
105516,2008,0.2
105899,2008,0.0
106102,2008,0.037037037037037035
106245,2008,0.08424908424908426
106306,2008,0.03409090909090909
106342,2008,0.3333333333333333
106397,2008,0.42452830188679247
106412,2008,0.24613220815752462
106458,2008,0.2966101694915254
106467,2008,0.2608695652173913
106485,2008,0.13157894736842105
106704,2008,0.2689075630252101
106713,2008,1.0
107044,2008,0.45714285714285713
107071,2008,0.2318840579710145
107080,2008,0.4666666666666667
107141,2008,0.0
107512,2008,0.21052631578947367
107558,2008,0.1111111111111111
107600,2008,0.21804511278195488
107877,2008,1.0
107983,2008,0.2426470588235294
108092,2008,0.1
108232,2008,0.3333333333333333
108250,2008,0.0
109651,2008,1.0
109785,2008,0.5555555555555556
110051,2008,0.3333333333333333
110097,2008,0.3333333333333333
110185,2008,0.5
110361,2008,0.5555555555555556
110370,2008,0.42857142857142855
110413,2008,0.3333333333333333
110422,2008,0.55
110468,2008,0.2222222222222222
110486,2008,0.25396825396825395
110495,2008,0.5
110510,2008,0.3475609756097561
110529,2008,0.39344262295081966
110538,2008,0.5588235294117647
110547,2008,0.2908366533864542
110556,2008,0.3391812865497076
110565,2008,0.39655172413793105
110574,2008,0.3617021276595745
110583,2008,0.4738955823293173
110592,2008,0.23809523809523808
110608,2008,0.31042128603104213
110617,2008,0.36764705882352944
110635,2008,0.7333333333333333
110644,2008,0.7049180327868853
110653,2008,0.7840909090909091
110662,2008,0.8076923076923077
110671,2008,0.6642335766423357
110680,2008,0.7021276595744681
110705,2008,0.75
110714,2008,0.6888888888888889
110945,2008,0.0
111081,2008,0.6363636363636364
111188,2008,0.5
111948,2008,0.75
111966,2008,0.3333333333333333
112075,2008,0.36363636363636365
112084,2008,0.3333333333333333
112260,2008,0.9
112312,2008,0.0
112570,2008,0.4
113607,2008,0.1794871794871795
113698,2008,0.5483870967741935
114354,2008,1.0
114813,2008,0.6666666666666666
115409,2008,1.0
115728,2008,0.29411764705882354
115755,2008,0.2857142857142857
115773,2008,0.0
116040,2008,1.0
117104,2008,0.3333333333333333
117113,2008,0.5
117140,2008,0.6818181818181818
117168,2008,0.3333333333333333
117627,2008,0.1951219512195122
117751,2008,1.0
117928,2008,0.15
117946,2008,0.6610169491525424
118693,2008,0.35714285714285715
118888,2008,0.5384615384615384
119173,2008,0.7142857142857143
119605,2008,0.0
120184,2008,0.5
120254,2008,0.7307692307692307
120403,2008,0.25
120537,2008,0.1111111111111111
120865,2008,0.5
120883,2008,0.6190476190476191
121071,2008,0.0
121150,2008,0.8253968253968254
121257,2008,0.8125
121309,2008,0.6363636363636364
121345,2008,0.9166666666666666
121691,2008,0.6666666666666666
122296,2008,1.0
122409,2008,0.5785123966942148
122436,2008,0.5238095238095238
122454,2008,0.0
122506,2008,0.0
122597,2008,0.3464052287581699
122612,2008,0.6078431372549019
122728,2008,0.0
122755,2008,0.3684210526315789
122843,2008,0.0
122931,2008,0.75
123165,2008,0.6666666666666666
123457,2008,0.3333333333333333
123554,2008,0.4883720930232558
123572,2008,0.36363636363636365
123651,2008,0.45454545454545453
123952,2008,0.0
123961,2008,0.7829787234042553
125727,2008,0.6666666666666666
125763,2008,0.6
125897,2008,0.125
126182,2008,0.375
126562,2008,0.5263157894736842
126580,2008,0.5
126614,2008,0.4943820224719101
126669,2008,0.2857142857142857
126678,2008,0.8181818181818182
126702,2008,0.0
126775,2008,1.0
126818,2008,0.5671641791044776
126827,2008,1.0
126872,2008,0.37037037037037035
127024,2008,0.0
127060,2008,0.5333333333333333
127185,2008,0.5
127556,2008,0.23076923076923078
127565,2008,0.10204081632653061
127741,2008,0.3404255319148936
127918,2008,0.5
127945,2008,1.0
128106,2008,0.2571428571428571
128328,2008,0.7692307692307693
128391,2008,0.6666666666666666
128498,2008,0.4339622641509434
128744,2008,0.32575757575757575
128771,2008,0.3707865168539326
128902,2008,0.8461538461538461
129020,2008,0.5925925925925926
129215,2008,0.4117647058823529
129242,2008,0.7272727272727273
129525,2008,0.7425742574257426
129774,2008,0.21428571428571427
129941,2008,0.41509433962264153
130110,2008,0.0
130183,2008,0.3125
130226,2008,0.43478260869565216
130253,2008,0.6206896551724138
130314,2008,0.36
130493,2008,0.3141025641025641
130590,2008,0.8235294117647058
130624,2008,1.0
130697,2008,0.9019607843137255
130776,2008,0.36
130794,2008,0.9560439560439561
130934,2008,0.3507751937984496
130943,2008,0.6161616161616161
130989,2008,0.39285714285714285
131098,2008,0.28888888888888886
131113,2008,0.3888888888888889
131159,2008,0.746268656716418
131283,2008,0.52
131308,2008,1.0
131399,2008,0.10285714285714286
131450,2008,0.2647058823529412
131469,2008,0.7866666666666666
131496,2008,0.8828828828828829
131520,2008,0.6303030303030303
131803,2008,0.09090909090909091
131876,2008,0.30526315789473685
132338,2008,0.3157894736842105
132408,2008,1.0
132471,2008,0.2920353982300885
132602,2008,0.3581514762516046
132657,2008,0.3333333333333333
132842,2008,0.0
132879,2008,0.25
132903,2008,0.5797413793103449
133085,2008,0.42857142857142855
133465,2008,0.5714285714285714
133492,2008,0.8
133526,2008,0.12452830188679245
133553,2008,0.5
133650,2008,0.39369407754580316
133669,2008,0.38333333333333336
133711,2008,0.5384615384615384
133809,2008,0.0
133881,2008,0.3888888888888889
133951,2008,0.4111111111111111
133979,2008,0.33698030634573306
134079,2008,0.5416666666666666
134097,2008,0.6906354515050167
134130,2008,0.7545180722891566
134149,2008,0.2261904761904762
134510,2008,1.0
134680,2008,0.0
134811,2008,0.7142857142857143
134945,2008,0.15384615384615385
135063,2008,0.36363636363636365
135364,2008,0.1111111111111111
135726,2008,0.768361581920904
135939,2008,0.25
136066,2008,1.0
136172,2008,0.4307692307692308
136206,2008,0.38095238095238093
136215,2008,0.20253164556962025
136288,2008,0.3157894736842105
136330,2008,0.5454545454545454
136774,2008,0.4
136950,2008,0.8333333333333334
137032,2008,0.375
137351,2008,0.4576523031203566
137476,2008,0.3783783783783784
137546,2008,0.5454545454545454
137564,2008,0.38461538461538464
137801,2008,0.23529411764705882
137810,2008,0.5
137847,2008,0.5833333333333334
137953,2008,0.5714285714285714
137962,2008,0.0
138275,2008,0.5555555555555556
138293,2008,0.15625
138309,2008,0.5
138354,2008,0.36
138600,2008,0.8611111111111112
138716,2008,0.42337164750957856
138789,2008,0.2777777777777778
138813,2008,0.30434782608695654
138868,2008,0.21052631578947367
138947,2008,0.4287305122494432
138983,2008,0.11976047904191617
139074,2008,0.5
139144,2008,0.7619047619047619
139153,2008,0.25
139199,2008,0.5
139205,2008,0.26666666666666666
139311,2008,0.2119205298013245
139366,2008,0.3343108504398827
139393,2008,0.3333333333333333
139463,2008,0.0
139533,2008,0.23921568627450981
139579,2008,0.375
139630,2008,0.20833333333333334
139658,2008,0.8762886597938144
139719,2008,0.30416666666666664
139755,2008,0.6991869918699187
139764,2008,0.3233082706766917
139861,2008,0.42857142857142855
139931,2008,0.4607142857142857
139940,2008,0.5242070116861436
139959,2008,0.7445255474452555
140164,2008,0.33663366336633666
140234,2008,0.625
140252,2008,1.0
140322,2008,0.10810810810810811
140340,2008,0.19047619047619047
140447,2008,0.5932203389830508
140553,2008,0.5988779803646563
140669,2008,0.7142857142857143
140696,2008,0.46875
140720,2008,0.27906976744186046
140818,2008,0.25
140872,2008,0.11764705882352941
140951,2008,0.6140350877192983
140960,2008,0.29124579124579125
140988,2008,0.5
141060,2008,0.8281573498964804
141097,2008,0.14492753623188406
141167,2008,0.7777777777777778
141185,2008,0.4
141237,2008,0.03571428571428571
141264,2008,0.39058171745152354
141325,2008,0.36666666666666664
141334,2008,0.34192037470725994
141486,2008,0.26666666666666666
141565,2008,0.0
141574,2008,0.25
141644,2008,0.30434782608695654
142115,2008,0.34615384615384615
142276,2008,0.16666666666666666
142285,2008,0.3
142294,2008,1.0
142328,2008,0.0
142461,2008,0.6666666666666666
142522,2008,0.42857142857142855
142887,2008,0.2857142857142857
143048,2008,1.0
143084,2008,0.6875
143118,2008,0.29508196721311475
143288,2008,0.4666666666666667
143358,2008,0.6388888888888888
144005,2008,0.13942307692307693
144050,2008,0.8518518518518519
144281,2008,0.23278688524590163
144351,2008,0.15
144740,2008,0.5360824742268041
144759,2008,0.21428571428571427
144883,2008,0.19306930693069307
144892,2008,0.37209302325581395
144962,2008,0.4117647058823529
144971,2008,0.1111111111111111
145372,2008,0.35714285714285715
145460,2008,0.0
145600,2008,0.3968871595330739
145619,2008,0.38461538461538464
145637,2008,0.6727574750830565
145646,2008,0.8235294117647058
145691,2008,0.4166666666666667
145725,2008,0.4444444444444444
145813,2008,0.4534412955465587
146010,2008,0.08064516129032258
146339,2008,0.6666666666666666
146393,2008,0.0
146427,2008,0.6
146481,2008,0.3684210526315789
146612,2008,0.4716981132075472
146621,2008,0.2
146667,2008,0.0
146719,2008,0.5365853658536586
146825,2008,0.2962962962962963
147013,2008,0.5357142857142857
147244,2008,0.45
147341,2008,0.8571428571428571
147369,2008,0.8333333333333334
147536,2008,0.375
147660,2008,0.21052631578947367
147679,2008,0.16071428571428573
147703,2008,0.2983606557377049
147767,2008,0.8666666666666667
147776,2008,0.125
147828,2008,0.2857142857142857
148131,2008,0.11764705882352941
148177,2008,0.20454545454545456
148335,2008,0.989247311827957
148405,2008,0.3076923076923077
148487,2008,0.19444444444444445
148496,2008,0.3333333333333333
148584,2008,0.35
148627,2008,0.3225806451612903
148654,2008,0.2
148849,2008,0.0
149222,2008,0.32755298651252407
149231,2008,0.29064039408866993
149505,2008,0.3
149514,2008,0.375
149772,2008,0.4074074074074074
149781,2008,0.8461538461538461
150066,2008,0.38095238095238093
150136,2008,0.5280373831775701
150145,2008,0.375
150163,2008,0.5581395348837209
150172,2008,0.2
150400,2008,0.6888888888888889
150455,2008,0.55
150534,2008,0.5555555555555556
150604,2008,0.5333333333333333
150668,2008,0.5
150677,2008,1.0
150756,2008,0.5
150774,2008,0.25
150941,2008,0.0
151102,2008,0.13559322033898305
151111,2008,0.24705882352941178
151209,2008,0.25
151263,2008,0.2857142857142857
151290,2008,0.25
151306,2008,0.21839080459770116
151324,2008,0.2764976958525346
151333,2008,0.0
151342,2008,0.16
151351,2008,0.49823321554770317
151360,2008,0.125
151379,2008,0.19230769230769232
151388,2008,0.1111111111111111
151458,2008,0.625
151777,2008,0.375
151786,2008,0.25
151801,2008,0.6
151810,2008,0.16666666666666666
152080,2008,0.9120879120879121
152099,2008,0.2857142857142857
152248,2008,0.21518987341772153
152266,2008,0.25
152318,2008,0.8571428571428571
152336,2008,0.375
152363,2008,0.3888888888888889
152381,2008,0.5
152390,2008,0.3333333333333333
152530,2008,0.8
152567,2008,0.15384615384615385
152600,2008,0.5
152673,2008,0.47619047619047616
152992,2008,0.3333333333333333
153001,2008,0.6666666666666666
153108,2008,0.3333333333333333
153126,2008,0.4
153144,2008,0.25
153162,2008,0.5384615384615384
153241,2008,0.0
153269,2008,0.391304347826087
153278,2008,0.2682926829268293
153320,2008,0.0
153366,2008,0.08333333333333333
153375,2008,0.5
153384,2008,0.9473684210526315
153603,2008,0.5346534653465347
153621,2008,0.07142857142857142
153658,2008,0.5
153825,2008,0.3333333333333333
153834,2008,0.25
153861,2008,1.0
154004,2008,0.125
154013,2008,0.0
154022,2008,0.2857142857142857
154095,2008,0.3877551020408163
154101,2008,0.5
154235,2008,0.6
154350,2008,0.5
154493,2008,0.20689655172413793
154518,2008,0.125
154527,2008,0.3684210526315789
154590,2008,0.2962962962962963
154688,2008,0.2857142857142857
154712,2008,0.5
154721,2008,0.1111111111111111
154749,2008,0.25
154855,2008,0.058823529411764705
155007,2008,0.08
155025,2008,0.2222222222222222
155061,2008,0.16666666666666666
155070,2008,0.0
155089,2008,0.1
155317,2008,0.35374149659863946
155335,2008,0.3076923076923077
155399,2008,0.4225352112676056
155414,2008,0.6
155496,2008,1.0
155511,2008,0.0
155520,2008,0.42105263157894735
155627,2008,0.08333333333333333
155681,2008,0.2727272727272727
155812,2008,0.16666666666666666
155900,2008,0.35714285714285715
155937,2008,0.04
155973,2008,0.3333333333333333
156082,2008,0.14814814814814814
156125,2008,0.34285714285714286
156189,2008,0.3333333333333333
156213,2008,0.3333333333333333
156286,2008,0.5333333333333333
156295,2008,0.6417910447761194
156365,2008,0.047619047619047616
156408,2008,0.8
156541,2008,0.3793103448275862
156620,2008,0.24545454545454545
156745,2008,0.42857142857142855
157030,2008,0.0
157058,2008,0.2559241706161137
157076,2008,0.3333333333333333
157085,2008,0.4264705882352941
157216,2008,0.2413793103448276
157289,2008,0.3824561403508772
157359,2008,0.0
157377,2008,0.6666666666666666
157386,2008,0.25
157401,2008,0.36666666666666664
157447,2008,0.11009174311926606
157535,2008,0.08333333333333333
157757,2008,0.3333333333333333
157793,2008,0.5652173913043478
157809,2008,0.15384615384615385
157818,2008,0.875
157863,2008,0.11764705882352941
157951,2008,0.42857142857142855
158477,2008,0.5217391304347826
158802,2008,0.27993527508090615
159009,2008,0.3023983315954119
159382,2008,0.07692307692307693
159391,2008,0.4777777777777778
159416,2008,0.11180124223602485
159568,2008,0.35
159647,2008,0.3675496688741722
159656,2008,0.6081081081081081
159717,2008,0.2103825136612022
159939,2008,0.13345195729537365
159948,2008,0.4
159966,2008,0.17964071856287425
159993,2008,0.1815068493150685
160038,2008,0.3116279069767442
160065,2008,0.0
160612,2008,0.22129436325678498
160621,2008,0.3041509433962264
160630,2008,0.07874015748031496
160658,2008,0.2598752598752599
160755,2008,0.5
160904,2008,0.44660194174757284
160977,2008,0.8095238095238095
161004,2008,0.88
161086,2008,0.6666666666666666
161165,2008,0.3333333333333333
161235,2008,0.25
161244,2008,0.5
161253,2008,0.4117647058823529
161299,2008,1.0
161341,2008,0.5
161509,2008,1.0
161518,2008,1.0
161554,2008,0.4
161563,2008,0.0
161572,2008,1.0
161882,2008,0.15217391304347827
162007,2008,0.40365682137834036
162061,2008,0.3333333333333333
162210,2008,0.29906542056074764
162283,2008,0.1400359066427289
162584,2008,0.4453125
162654,2008,0.75
162760,2008,0.7
162928,2008,0.8450704225352113
163046,2008,0.875
163204,2008,0.0
163268,2008,0.6538461538461539
163286,2008,0.7040618955512572
163295,2008,0.65
163338,2008,0.3249370277078086
163453,2008,0.3269565217391304
163462,2008,0.64
163578,2008,0.64
163851,2008,0.620253164556962
163912,2008,0.78125
163921,2008,0.1746031746031746
163976,2008,1.0
164076,2008,0.7345679012345679
164155,2008,0.7835051546391752
164173,2008,0.4444444444444444
164207,2008,0.125
164216,2008,0.9
164270,2008,0.5925925925925926
164447,2008,0.31521739130434784
164465,2008,0.9791666666666666
164492,2008,0.5
164562,2008,0.2222222222222222
164571,2008,0.4827586206896552
164580,2008,1.0
164632,2008,0.625
164641,2008,0.8470588235294118
164720,2008,0.14285714285714285
164739,2008,0.8620689655172413
164748,2008,0.35294117647058826
164872,2008,0.0
164924,2008,0.8428571428571429
164933,2008,0.6666666666666666
164988,2008,0.7333333333333333
165015,2008,0.8181818181818182
165024,2008,0.42592592592592593
165334,2008,0.8
165529,2008,0.34146341463414637
165574,2008,0.8
165644,2008,0.2727272727272727
165662,2008,0.7058823529411765
165671,2008,0.6666666666666666
165699,2008,0.8
165802,2008,0.3
165820,2008,0.5
165866,2008,0.29411764705882354
165936,2008,0.6666666666666666
166018,2008,0.8181818181818182
166027,2008,0.9661016949152542
166124,2008,0.8421052631578947
166391,2008,0.4090909090909091
166452,2008,0.7777777777777778
166513,2008,0.5625
166629,2008,0.551948051948052
166638,2008,0.4050632911392405
166656,2008,0.5
166674,2008,0.75
166683,2008,0.7213114754098361
166692,2008,0.0
166850,2008,0.6666666666666666
166911,2008,1.0
166939,2008,1.0
166948,2008,0.2765957446808511
166984,2008,0.0
167057,2008,1.0
167251,2008,0.42857142857142855
167260,2008,0.35714285714285715
167288,2008,0.3
167321,2008,0.4
167358,2008,0.6844660194174758
167394,2008,0.14285714285714285
167455,2008,0.5370370370370371
167598,2008,0.5757575757575758
167729,2008,0.4098360655737705
167783,2008,0.5625
167835,2008,0.8
167899,2008,0.4666666666666667
167987,2008,0.38095238095238093
167996,2008,0.8421052631578947
168005,2008,0.42857142857142855
168148,2008,0.7978723404255319
168218,2008,0.8529411764705882
168227,2008,0.3333333333333333
168254,2008,0.47368421052631576
168263,2008,0.5185185185185185
168281,2008,0.8125
168290,2008,1.0
168342,2008,0.875
168421,2008,0.7
168430,2008,0.4375
168528,2008,0.375
168546,2008,0.46153846153846156
168591,2008,0.13333333333333333
168740,2008,0.6842105263157895
168786,2008,0.0
168838,2008,0.0
168847,2008,0.02857142857142857
169080,2008,0.4
169248,2008,0.45226130653266333
169363,2008,0.25
169442,2008,0.2727272727272727
169479,2008,0.12962962962962962
169716,2008,0.3230769230769231
169798,2008,0.25139664804469275
169910,2008,0.21621621621621623
169983,2008,0.3235294117647059
170037,2008,0.5
170082,2008,0.5532994923857868
170091,2008,0.0
170301,2008,0.5
170532,2008,0.7
170675,2008,0.09090909090909091
170806,2008,0.13333333333333333
170842,2008,0.14285714285714285
170967,2008,0.3
170976,2008,0.7886977886977887
171100,2008,0.5874015748031496
171128,2008,0.7142857142857143
171137,2008,0.41379310344827586
171146,2008,0.2727272727272727
171298,2008,0.0
171456,2008,0.3333333333333333
171492,2008,0.30357142857142855
171571,2008,0.15384615384615385
171599,2008,0.19672131147540983
172051,2008,0.11688311688311688
172264,2008,0.3181818181818182
172334,2008,0.375
172644,2008,0.08616504854368932
172699,2008,0.39748953974895396
173045,2008,0.17647058823529413
173124,2008,0.16666666666666666
173142,2008,0.0
173160,2008,0.5
173258,2008,0.8857142857142857
173300,2008,0.42857142857142855
173328,2008,0.2
173647,2008,0.9
173665,2008,0.42857142857142855
173887,2008,0.5
173902,2008,0.8
173920,2008,0.3157894736842105
174020,2008,0.0
174066,2008,0.47686832740213525
174075,2008,0.25
174127,2008,1.0
174233,2008,0.375
174251,2008,0.2857142857142857
174279,2008,0.0
174358,2008,0.35
174385,2008,0.0
174394,2008,0.0
174437,2008,0.2857142857142857
174491,2008,0.2857142857142857
174747,2008,0.0
174783,2008,0.35714285714285715
174792,2008,0.4
174817,2008,0.3333333333333333
174844,2008,0.7857142857142857
174899,2008,0.3333333333333333
174914,2008,0.8125
174932,2008,0.0
175005,2008,0.45454545454545453
175078,2008,0.20833333333333334
175272,2008,0.2
175342,2008,0.3849462365591398
175421,2008,0.3783783783783784
175430,2008,0.2
175616,2008,0.3391304347826087
175856,2008,0.47586206896551725
175980,2008,0.6521739130434783
176017,2008,0.5141955835962145
176035,2008,0.32075471698113206
176044,2008,0.3344262295081967
176053,2008,0.3125
176080,2008,0.45182724252491696
176318,2008,0.21071428571428572
176372,2008,0.35797665369649806
176406,2008,0.41363636363636364
176460,2008,0.3333333333333333
176479,2008,0.36666666666666664
176628,2008,0.28
176637,2008,0.0
176938,2008,0.5
176947,2008,0.2777777777777778
176965,2008,0.4675324675324675
177065,2008,0.0
177144,2008,0.5384615384615384
177153,2008,0.4
177162,2008,0.3
177214,2008,0.6666666666666666
177339,2008,0.5833333333333334
177418,2008,0.1935483870967742
177542,2008,0.0
177551,2008,0.20930232558139536
177746,2008,0.4444444444444444
177940,2008,0.15444015444015444
177968,2008,0.4
178059,2008,0.35294117647058826
178226,2008,0.0
178244,2008,0.3076923076923077
178341,2008,0.07142857142857142
178350,2008,0.5
178369,2008,0.2786885245901639
178387,2008,0.13333333333333333
178396,2008,0.6006944444444444
178402,2008,0.3389830508474576
178411,2008,0.6086956521739131
178420,2008,0.2830188679245283
178615,2008,0.5769230769230769
178624,2008,0.32558139534883723
178679,2008,0.3333333333333333
178697,2008,1.0
178721,2008,0.05
178891,2008,0.25
178989,2008,0.6
179043,2008,0.4166666666666667
179159,2008,0.5473684210526316
179201,2008,0.0
179256,2008,0.5
179326,2008,0.3333333333333333
179548,2008,0.13333333333333333
179557,2008,0.3515625
179566,2008,0.5535714285714286
179867,2008,0.8913043478260869
179894,2008,0.5675675675675675
179946,2008,0.5294117647058824
179955,2008,0.3333333333333333
179964,2008,0.25
180106,2008,1.0
180179,2008,0.5
180258,2008,0.0
180416,2008,0.0
180461,2008,0.2
180489,2008,0.25
180522,2008,1.0
180595,2008,0.0
180692,2008,1.0
180814,2008,0.25
180832,2008,1.0
180948,2008,0.0
180984,2008,0.2
181002,2008,0.8636363636363636
181011,2008,0.25
181020,2008,0.11764705882352941
181093,2008,0.26666666666666666
181127,2008,0.38461538461538464
181215,2008,0.1
181330,2008,0.14285714285714285
181394,2008,0.25862068965517243
181446,2008,0.75
181464,2008,0.4625
181534,2008,0.09090909090909091
181543,2008,0.0
181604,2008,0.4
181738,2008,0.3333333333333333
181783,2008,0.4074074074074074
181853,2008,0.5
182111,2008,0.6666666666666666
182281,2008,0.3438914027149321
182290,2008,0.4117647058823529
182430,2008,0.5
182458,2008,0.0
182634,2008,1.0
182661,2008,0.0
182670,2008,0.9259259259259259
182795,2008,0.5714285714285714
182865,2008,0.0
182980,2008,0.0
183026,2008,0.3333333333333333
183044,2008,0.525
183062,2008,0.0
183080,2008,0.3333333333333333
183211,2008,0.0
183239,2008,1.0
183345,2008,0.0
183789,2008,0.275
183822,2008,0.2613065326633166
183910,2008,0.30434782608695654
183974,2008,0.5
184348,2008,0.6666666666666666
184603,2008,0.3023255813953488
184612,2008,0.2222222222222222
184694,2008,0.46938775510204084
184773,2008,0.4
184782,2008,0.47058823529411764
185129,2008,0.3113207547169811
185262,2008,0.28888888888888886
185572,2008,0.5483870967741935
185590,2008,0.5730337078651685
185828,2008,0.36666666666666664
186131,2008,0.9354838709677419
186201,2008,0.5957446808510638
186283,2008,0.5428571428571428
186371,2008,0.6571428571428571
186380,2008,0.68
186399,2008,0.6370967741935484
186432,2008,0.42857142857142855
186584,2008,0.504
186618,2008,0.5806451612903226
186867,2008,0.625
186876,2008,0.6521739130434783
187134,2008,0.6865671641791045
187444,2008,0.5232558139534884
187648,2008,0.23809523809523808
187897,2008,0.1111111111111111
187967,2008,0.5
187985,2008,0.38461538461538464
188030,2008,0.42592592592592593
188146,2008,0.75
188182,2008,0.0
188304,2008,0.0
188340,2008,0.45454545454545453
188429,2008,0.5494505494505495
188465,2008,0.25
188526,2008,0.5
188641,2008,0.6785714285714286
189088,2008,0.5555555555555556
189097,2008,0.8846153846153846
189228,2008,0.3805970149253731
189413,2008,0.23529411764705882
189459,2008,0.125
189705,2008,0.39705882352941174
189848,2008,0.1
190044,2008,0.5652173913043478
190099,2008,0.8571428571428571
190114,2008,0.4777777777777778
190150,2008,0.9
190248,2008,0.4
190372,2008,0.7272727272727273
190415,2008,0.86
190503,2008,1.0
190512,2008,0.5269461077844312
190549,2008,0.3931297709923664
190558,2008,0.3076923076923077
190567,2008,0.2744360902255639
190594,2008,0.3446808510638298
190600,2008,0.40606060606060607
190637,2008,0.28761061946902655
190646,2008,0.08333333333333333
190655,2008,0.16037735849056603
190664,2008,0.38461538461538464
190691,2008,0.26148409893992935
190716,2008,0.35714285714285715
190725,2008,0.34375
190761,2008,0.21052631578947367
190770,2008,0.22807017543859648
190983,2008,0.3333333333333333
191205,2008,0.375
191241,2008,0.6923076923076923
191515,2008,0.7692307692307693
191533,2008,0.2857142857142857
191621,2008,0.0
191630,2008,0.8571428571428571
191649,2008,0.4523809523809524
191676,2008,0.0
191931,2008,0.5636363636363636
191968,2008,0.7446808510638298
192110,2008,0.7333333333333333
192192,2008,0.75
192271,2008,0.2777777777777778
192323,2008,0.46153846153846156
192439,2008,0.16095890410958905
192448,2008,0.3058823529411765
192703,2008,0.8571428571428571
192712,2008,0.5
192749,2008,0.4583333333333333
192819,2008,0.6785714285714286
192864,2008,0.36363636363636365
192925,2008,0.7083333333333334
193016,2008,0.1968503937007874
193292,2008,0.3611111111111111
193308,2008,0.9620253164556962
193317,2008,0.8076923076923077
193353,2008,0.4
193399,2008,0.4722222222222222
193584,2008,0.6428571428571429
193645,2008,0.3378076062639821
193654,2008,0.625
193900,2008,0.7730496453900709
193973,2008,0.45161290322580644
194091,2008,0.4393939393939394
194107,2008,0.5151515151515151
194161,2008,0.29310344827586204
194310,2008,0.5752212389380531
194392,2008,0.0
194541,2008,0.34782608695652173
194569,2008,0.0
194578,2008,0.46153846153846156
194824,2008,0.7213114754098361
194958,2008,0.2857142857142857
195003,2008,0.6197183098591549
195030,2008,0.7454545454545455
195128,2008,1.0
195137,2008,0.4444444444444444
195164,2008,0.45454545454545453
195173,2008,0.3253012048192771
195216,2008,0.8333333333333334
195234,2008,0.7272727272727273
195243,2008,0.23809523809523808
195304,2008,0.9444444444444444
195474,2008,0.38095238095238093
195526,2008,0.8333333333333334
195544,2008,0.45454545454545453
195562,2008,0.6666666666666666
195720,2008,0.6875
195809,2008,0.5277777777777778
196006,2008,0.6666666666666666
196015,2008,0.0
196042,2008,0.3793103448275862
196051,2008,0.4
196060,2008,0.6975308641975309
196079,2008,0.801980198019802
196088,2008,0.5743589743589743
196097,2008,0.7006802721088435
196103,2008,0.0
196112,2008,0.75
196121,2008,0.6388888888888888
196130,2008,0.44021739130434784
196149,2008,0.6666666666666666
196158,2008,0.25
196167,2008,0.5
196176,2008,0.6395348837209303
196185,2008,0.6333333333333333
196194,2008,0.5178571428571429
196200,2008,0.5
196219,2008,0.4107142857142857
196237,2008,0.3828125
196246,2008,0.54
196264,2008,0.024390243902439025
196291,2008,0.375
196413,2008,0.7777777777777778
196866,2008,0.7619047619047619
197027,2008,0.5
197036,2008,0.7619047619047619
197045,2008,0.5
197133,2008,0.9166666666666666
197151,2008,0.7
197197,2008,0.5555555555555556
197230,2008,0.6
197869,2008,0.49523809523809526
197911,2008,0.35135135135135137
197984,2008,0.2222222222222222
197993,2008,0.49523809523809526
198066,2008,0.2
198136,2008,0.4772727272727273
198215,2008,0.6153846153846154
198303,2008,0.12987012987012986
198385,2008,0.8571428571428571
198419,2008,0.8980891719745223
198464,2008,0.5442477876106194
198507,2008,0.49343832020997375
198516,2008,0.7227722772277227
198543,2008,0.3193033381712627
198561,2008,0.38181818181818183
198598,2008,0.3235294117647059
198613,2008,0.6363636363636364
198677,2008,0.375
198695,2008,0.55
198747,2008,0.3333333333333333
198756,2008,0.3839479392624729
198808,2008,0.5555555555555556
198835,2008,0.5384615384615384
198862,2008,0.2831541218637993
198899,2008,0.20754716981132076
198950,2008,0.35714285714285715
198969,2008,0.2328767123287671
198978,2008,0.17647058823529413
199032,2008,0.8666666666666667
199069,2008,0.3387096774193548
199102,2008,0.3807471264367816
199111,2008,0.5
199120,2008,0.7305825242718447
199139,2008,0.5485074626865671
199148,2008,0.535175879396985
199157,2008,0.45005149330587024
199184,2008,0.6
199193,2008,0.6243386243386243
199209,2008,0.18518518518518517
199218,2008,0.5977011494252874
199272,2008,0.20689655172413793
199281,2008,0.33766233766233766
199306,2008,0.4
199412,2008,0.4117647058823529
199582,2008,0.4722753346080306
199607,2008,0.5454545454545454
199643,2008,0.337468982630273
199698,2008,0.3076923076923077
199847,2008,0.7833333333333333
199865,2008,0.0
199962,2008,0.4666666666666667
199999,2008,0.36427732079905994
200004,2008,0.4794520547945205
200059,2008,0.5
200156,2008,0.2
200217,2008,0.14285714285714285
200226,2008,0.0
200253,2008,0.2
200280,2008,0.7
200332,2008,0.4375
200484,2008,0.0
200572,2008,0.2
200800,2008,0.12224448897795591
201061,2008,0.0
201104,2008,0.3333333333333333
201195,2008,0.375
201371,2008,0.14285714285714285
201441,2008,0.5128205128205128
201548,2008,0.4146341463414634
201645,2008,0.75
201654,2008,0.5714285714285714
201690,2008,0.18468468468468469
201858,2008,0.0
201885,2008,0.3041825095057034
201964,2008,0.5
202046,2008,0.75
202134,2008,0.08823529411764706
202170,2008,0.4883720930232558
202480,2008,0.6219512195121951
202514,2008,0.25
202523,2008,0.92
202541,2008,0.15714285714285714
202611,2008,0.2222222222222222
202684,2008,1.0
202763,2008,0.4074074074074074
202806,2008,0.2727272727272727
202903,2008,0.0
203085,2008,0.26666666666666666
203128,2008,0.47619047619047616
203368,2008,0.48484848484848486
203447,2008,0.0
203456,2008,0.0
203465,2008,0.17391304347826086
203474,2008,0.08695652173913043
203483,2008,0.3333333333333333
203517,2008,0.34332425068119893
203526,2008,0.14285714285714285
203535,2008,0.8888888888888888
203580,2008,0.4375
203757,2008,0.0
203775,2008,0.3076923076923077
203845,2008,0.2857142857142857
203960,2008,0.0
204006,2008,0.1
204015,2008,0.029411764705882353
204024,2008,0.6914893617021277
204176,2008,0.3333333333333333
204185,2008,0.3076923076923077
204194,2008,0.0
204200,2008,0.17391304347826086
204264,2008,0.06896551724137931
204468,2008,0.15384615384615385
204501,2008,0.7551020408163265
204617,2008,0.2698412698412698
204635,2008,0.2857142857142857
204671,2008,0.25
204680,2008,0.03225806451612903
204699,2008,0.2727272727272727
204705,2008,0.15217391304347827
204796,2008,0.6118067978533095
204802,2008,0.3333333333333333
204820,2008,0.0
204839,2008,0.0
204848,2008,0.0
204857,2008,0.5714285714285714
204866,2008,0.14285714285714285
204909,2008,0.5416666666666666
204936,2008,0.2916666666666667
205203,2008,0.25
205443,2008,0.10344827586206896
205957,2008,0.0
206002,2008,0.0
206048,2008,0.3508771929824561
206084,2008,0.20098039215686275
206279,2008,0.14285714285714285
206330,2008,0.225
206349,2008,0.16666666666666666
206437,2008,0.35714285714285715
206491,2008,0.2988505747126437
206507,2008,0.30303030303030304
206525,2008,0.5454545454545454
206589,2008,0.68
206604,2008,0.33236994219653176
206613,2008,0.0
206622,2008,0.711864406779661
206695,2008,0.13930348258706468
206817,2008,0.23809523809523808
206835,2008,0.0
206862,2008,0.15
206914,2008,0.2111111111111111
206941,2008,0.3241758241758242
207041,2008,0.2916666666666667
207157,2008,0.1
207209,2008,0.28125
207254,2008,1.0
207263,2008,0.273972602739726
207306,2008,0.4
207324,2008,0.34615384615384615
207351,2008,0.4
207388,2008,0.5398230088495575
207403,2008,0.07692307692307693
207458,2008,0.6206896551724138
207500,2008,0.5051020408163265
207582,2008,0.4044943820224719
207661,2008,0.0
207689,2008,0.1
207722,2008,0.13333333333333333
207847,2008,0.35135135135135137
207856,2008,0.0
207865,2008,0.16393442622950818
207971,2008,0.4791666666666667
208239,2008,0.3333333333333333
208488,2008,0.6
208646,2008,0.3333333333333333
208725,2008,0.0
208822,2008,0.5
209056,2008,0.8
209065,2008,0.5
209287,2008,0.6666666666666666
209506,2008,0.0
209542,2008,0.36585365853658536
209551,2008,0.5862068965517241
209612,2008,0.5
209807,2008,0.21568627450980393
209825,2008,0.7333333333333333
209922,2008,0.75
210146,2008,0.3333333333333333
210304,2008,0.3333333333333333
210331,2008,0.0
210401,2008,0.4444444444444444
210429,2008,0.15384615384615385
210571,2008,0.5238095238095238
210669,2008,0.3333333333333333
210739,2008,0.5
210775,2008,0.5384615384615384
210942,2008,0.3055555555555556
210960,2008,0.4375
211024,2008,0.0
211088,2008,0.37777777777777777
211158,2008,0.39805825242718446
211273,2008,0.7368421052631579
211291,2008,0.8823529411764706
211352,2008,0.5
211361,2008,0.4444444444444444
211431,2008,0.391304347826087
211440,2008,0.8513513513513513
211468,2008,0.5454545454545454
211477,2008,0.5
211556,2008,0.6
211583,2008,0.4444444444444444
211608,2008,0.23142857142857143
211644,2008,0.31343283582089554
211981,2008,0.25
212009,2008,0.7307692307692307
212054,2008,0.5213675213675214
212106,2008,0.525
212115,2008,0.5405405405405406
212133,2008,0.5666666666666667
212160,2008,0.3333333333333333
212197,2008,0.2857142857142857
212577,2008,0.7857142857142857
212601,2008,0.26666666666666666
212656,2008,0.1
212674,2008,0.7586206896551724
212805,2008,0.0
212832,2008,0.6363636363636364
212911,2008,0.8571428571428571
212984,2008,0.2857142857142857
213011,2008,0.3333333333333333
213020,2008,0.33540372670807456
213251,2008,1.0
213303,2008,0.5
213321,2008,0.5454545454545454
213349,2008,0.3202247191011236
213358,2008,0.16666666666666666
213367,2008,0.6078431372549019
213385,2008,0.8518518518518519
213400,2008,1.0
213507,2008,0.75
213543,2008,0.71875
213598,2008,0.3615023474178404
213613,2008,0.3090909090909091
213668,2008,0.6666666666666666
213783,2008,0.23076923076923078
213826,2008,0.0
213987,2008,0.2857142857142857
213996,2008,0.6190476190476191
214041,2008,0.3492063492063492
214069,2008,0.8571428571428571
214148,2008,0.3333333333333333
214157,2008,0.6666666666666666
214166,2008,0.3333333333333333
214175,2008,0.6923076923076923
214272,2008,0.3783783783783784
214591,2008,0.6451612903225806
214625,2008,0.4
214643,2008,0.3333333333333333
214652,2008,0.0
214670,2008,0.5
214689,2008,0.5753424657534246
214698,2008,0.4
214704,2008,0.6
214713,2008,0.5
214731,2008,0.22950819672131148
214740,2008,0.5
214759,2008,0.3333333333333333
214768,2008,0.5405405405405406
214777,2008,0.7018181818181818
214786,2008,0.2894736842105263
214795,2008,0.5217391304347826
214801,2008,0.325
214810,2008,0.42105263157894735
214829,2008,0.42857142857142855
214883,2008,0.0
214971,2008,0.0
215053,2008,0.5
215062,2008,0.9101796407185628
215099,2008,0.48148148148148145
215105,2008,0.8095238095238095
215114,2008,0.6666666666666666
215132,2008,0.6363636363636364
215266,2008,0.375
215275,2008,0.3333333333333333
215284,2008,0.3333333333333333
215293,2008,0.6550724637681159
215442,2008,0.42857142857142855
215655,2008,0.4074074074074074
215691,2008,0.75
215743,2008,0.6
215770,2008,0.76
215798,2008,0.7142857142857143
215929,2008,0.5833333333333334
215947,2008,0.45454545454545453
216010,2008,0.5172413793103449
216038,2008,0.5232558139534884
216278,2008,0.8333333333333334
216287,2008,0.8857142857142857
216339,2008,0.6227758007117438
216357,2008,0.24444444444444444
216524,2008,0.6896551724137931
216542,2008,0.2857142857142857
216597,2008,0.8157894736842105
216667,2008,0.75
216694,2008,0.21428571428571427
216764,2008,0.5414364640883977
216807,2008,0.5
216852,2008,0.36363636363636365
216931,2008,0.1111111111111111
217013,2008,1.0
217059,2008,0.42857142857142855
217156,2008,0.9405940594059405
217165,2008,0.6666666666666666
217235,2008,0.5754189944134078
217402,2008,0.7272727272727273
217420,2008,0.3611111111111111
217484,2008,0.3541666666666667
217493,2008,1.0
217518,2008,0.2857142857142857
217536,2008,0.75
217606,2008,1.0
217624,2008,0.19014084507042253
217633,2008,0.41935483870967744
217688,2008,0.3067484662576687
217721,2008,0.31092436974789917
217749,2008,0.2
217776,2008,0.14285714285714285
217819,2008,0.56
217864,2008,0.4745762711864407
217873,2008,0.4603658536585366
217882,2008,0.6359223300970874
217907,2008,0.4444444444444444
217925,2008,0.0
217934,2008,0.38202247191011235
217961,2008,0.7272727272727273
217998,2008,0.6153846153846154
218061,2008,0.3962962962962963
218070,2008,0.8648648648648649
218229,2008,0.4946236559139785
218238,2008,0.32075471698113206
218399,2008,0.3007246376811594
218414,2008,0.32727272727272727
218441,2008,0.25
218539,2008,0.5
218645,2008,0.30327868852459017
218663,2008,0.7002801120448179
218724,2008,0.5147058823529411
218733,2008,0.35841836734693877
218742,2008,0.4174757281553398
218919,2008,0.24899598393574296
218964,2008,0.6666666666666666
218973,2008,0.8275862068965517
219000,2008,0.5
219046,2008,1.0
219082,2008,1.0
219091,2008,0.13636363636363635
219198,2008,0.0
219204,2008,0.2
219259,2008,0.0
219295,2008,0.0
219347,2008,0.0
219356,2008,0.0
219383,2008,0.5
219471,2008,0.42857142857142855
219505,2008,1.0
219578,2008,0.0
219602,2008,0.18055555555555555
219639,2008,0.3125
219709,2008,0.9090909090909091
219718,2008,0.25
219806,2008,0.2571428571428571
219833,2008,0.45121951219512196
219949,2008,0.23076923076923078
219976,2008,0.4
220075,2008,0.2923076923076923
220181,2008,0.5684210526315789
220206,2008,0.0
220215,2008,0.2727272727272727
220473,2008,0.25
220516,2008,0.3333333333333333
220589,2008,0.3076923076923077
220598,2008,0.23529411764705882
220604,2008,0.1694915254237288
220613,2008,0.22727272727272727
220631,2008,0.0
220701,2008,0.7142857142857143
220710,2008,0.23076923076923078
220808,2008,0.2857142857142857
220862,2008,0.2683923705722071
220941,2008,0.20588235294117646
220978,2008,0.42138364779874216
221014,2008,1.0
221254,2008,1.0
221351,2008,0.7272727272727273
221519,2008,0.8333333333333334
221661,2008,0.3170731707317073
221731,2008,0.25
221740,2008,0.3744186046511628
221759,2008,0.5488958990536278
221768,2008,0.4
221838,2008,0.4100378787878788
221847,2008,0.5737704918032787
221856,2008,0.3333333333333333
221892,2008,0.1111111111111111
221953,2008,0.16363636363636364
221971,2008,0.5833333333333334
221999,2008,0.8677685950413223
222178,2008,0.32
222831,2008,0.1744186046511628
222877,2008,1.0
222938,2008,0.16666666666666666
222983,2008,0.7
223232,2008,0.5840336134453782
224004,2008,0.2727272727272727
224147,2008,0.5
224226,2008,0.25
224244,2008,0.0
224323,2008,0.5
224402,2008,0.1643835616438356
224527,2008,0.21739130434782608
224554,2008,0.45
225247,2008,0.39285714285714285
225399,2008,0.35714285714285715
225432,2008,0.06374501992031872
225511,2008,0.2992957746478873
225548,2008,0.13333333333333333
225575,2008,0.2949640287769784
225627,2008,0.5833333333333334
225885,2008,0.12048192771084337
226091,2008,0.17902813299232737
226152,2008,0.3333333333333333
226231,2008,0.4666666666666667
226383,2008,0.23529411764705882
226471,2008,0.2857142857142857
226587,2008,0.4482758620689655
226833,2008,0.22727272727272727
227216,2008,0.39906103286384975
227243,2008,0.18867924528301888
227331,2008,0.45454545454545453
227368,2008,0.0
227377,2008,0.0
227429,2008,0.11851851851851852
227526,2008,0.3205902079141516
227757,2008,1.0
227845,2008,0.7142857142857143
227863,2008,0.5909090909090909
227881,2008,0.4054878048780488
228042,2008,0.6
228149,2008,0.5555555555555556
228246,2008,0.7558139534883721
228325,2008,0.4444444444444444
228343,2008,0.6666666666666666
228431,2008,0.4272151898734177
228459,2008,0.4838709677419355
228468,2008,0.25
228486,2008,0.47619047619047616
228501,2008,0.16129032258064516
228529,2008,0.2765957446808511
228705,2008,0.11290322580645161
228714,2008,0.07142857142857142
228723,2008,0.5923566878980892
228769,2008,0.43109540636042404
228778,2008,0.671875
228787,2008,0.6
228796,2008,0.21428571428571427
228802,2008,0.25806451612903225
228875,2008,0.6794871794871795
228884,2008,0.07911392405063292
228981,2008,0.45454545454545453
229018,2008,0.4666666666666667
229027,2008,0.24369747899159663
229063,2008,0.11271102284011916
229115,2008,0.5576923076923077
229160,2008,0.24242424242424243
229179,2008,0.39263803680981596
229267,2008,0.625
229780,2008,0.3
229814,2008,0.18518518518518517
229887,2008,0.2536231884057971
230038,2008,0.6363636363636364
230603,2008,0.4
230621,2008,1.0
230630,2008,1.0
230728,2008,0.3125
230737,2008,0.0
230764,2008,0.4
230782,2008,0.125
230807,2008,0.0
230816,2008,0.6666666666666666
230834,2008,0.0
230852,2008,0.0
230898,2008,0.3333333333333333
230913,2008,0.6666666666666666
230931,2008,1.0
230959,2008,0.6666666666666666
230995,2008,0.375
231059,2008,0.6666666666666666
231077,2008,0.0
231086,2008,0.3333333333333333
231095,2008,0.0
231174,2008,0.5517241379310345
231420,2008,0.35
231554,2008,0.375
231581,2008,0.38235294117647056
231624,2008,0.8555555555555555
231712,2008,0.515625
232016,2008,0.5
232025,2008,0.3333333333333333
232043,2008,0.5
232089,2008,0.3088235294117647
232186,2008,0.5793650793650794
232256,2008,0.7272727272727273
232265,2008,0.5284552845528455
232308,2008,0.75
232423,2008,0.7936507936507936
232557,2008,0.17672413793103448
232566,2008,0.4782608695652174
232609,2008,0.7241379310344828
232672,2008,0.423728813559322
232681,2008,0.8333333333333334
232706,2008,0.5
232797,2008,0.6666666666666666
232937,2008,0.3306997742663657
232982,2008,0.5501022494887525
233277,2008,0.6219512195121951
233295,2008,0.5
233301,2008,0.3333333333333333
233374,2008,0.8125
233426,2008,0.5714285714285714
233499,2008,0.1643835616438356
233611,2008,0.0
233718,2008,0.75
233897,2008,0.5833333333333334
233912,2008,0.4
233921,2008,0.6819672131147541
234030,2008,0.5144596651445966
234076,2008,0.8339483394833949
234085,2008,0.5714285714285714
234137,2008,0.5
234155,2008,0.43710021321961623
234164,2008,0.3473895582329317
234173,2008,0.4318181818181818
234207,2008,0.84
234492,2008,0.0
234827,2008,0.6111111111111112
234915,2008,0.0
235024,2008,0.4
235097,2008,0.3783783783783784
235167,2008,0.5
235316,2008,0.875
235769,2008,0.0
236133,2008,0.3333333333333333
236230,2008,0.2222222222222222
236328,2008,0.4666666666666667
236452,2008,0.4166666666666667
236577,2008,0.7777777777777778
236595,2008,0.7777777777777778
236896,2008,0.18181818181818182
236939,2008,0.6901408450704225
236948,2008,0.7482517482517482
237011,2008,0.6744186046511628
237057,2008,0.9
237066,2008,0.75
237118,2008,0.0
237154,2008,0.0
237181,2008,0.4
237215,2008,0.0
237312,2008,0.3076923076923077
237330,2008,0.1891891891891892
237358,2008,1.0
237367,2008,0.1875
237385,2008,0.15
237525,2008,0.3473684210526316
237640,2008,0.3333333333333333
237686,2008,0.0
237783,2008,0.3333333333333333
237792,2008,0.3333333333333333
237899,2008,0.2727272727272727
237932,2008,0.25
237950,2008,0.07692307692307693
237969,2008,0.42857142857142855
238032,2008,0.4263565891472868
238078,2008,0.7142857142857143
238193,2008,0.09433962264150944
238333,2008,0.8571428571428571
238430,2008,0.43478260869565216
238458,2008,1.0
238476,2008,0.38461538461538464
238616,2008,0.47619047619047616
238661,2008,0.375
238892,2008,1.0
238980,2008,0.36363636363636365
239017,2008,0.875
239071,2008,1.0
239080,2008,0.23076923076923078
239105,2008,0.6
239309,2008,0.0
239318,2008,0.2222222222222222
239390,2008,0.25925925925925924
239512,2008,0.0
239628,2008,0.6666666666666666
239716,2008,1.0
240107,2008,0.3333333333333333
240189,2008,0.29411764705882354
240268,2008,0.5714285714285714
240277,2008,0.375
240329,2008,0.5454545454545454
240338,2008,0.0
240365,2008,0.25806451612903225
240374,2008,0.1794871794871795
240392,2008,0.0
240417,2008,0.15384615384615385
240426,2008,1.0
240444,2008,0.5637583892617449
240453,2008,0.15546218487394958
240462,2008,0.25
240471,2008,0.2
240480,2008,0.375
240727,2008,0.25
241191,2008,0.0
243665,2008,0.25
243744,2008,0.900497512437811
243780,2008,0.5546875
244190,2008,0.0
245652,2008,0.0
245953,2008,1.0
247700,2008,0.4
260293,2008,0.21428571428571427
260789,2008,0.9
260901,2008,0.3333333333333333
262129,2008,0.25
363934,2008,0.25
366252,2008,0.125
366535,2008,0.5
366711,2008,0.4117647058823529
367024,2008,0.0
367884,2008,0.0
367909,2008,0.6666666666666666
368601,2008,1.0
372213,2008,0.03550640279394645
372222,2008,0.1111111111111111
372578,2008,0.0
372958,2008,0.5
377546,2008,0.0
380465,2008,0.0
381741,2008,1.0
384254,2008,0.3333333333333333
385619,2008,0.2682926829268293
390701,2008,0.2413793103448276
398130,2008,0.0
399869,2008,0.3333333333333333
399911,2008,0.5
402615,2008,0.0
402633,2008,0.5
402776,2008,0.0
404073,2008,0.0
404082,2008,0.0625
405979,2008,0.14285714285714285
405988,2008,0.2
405997,2008,0.3333333333333333
406006,2008,0.08108108108108109
406015,2008,0.1553398058252427
406194,2008,0.0
407285,2008,0.5
409069,2008,0.25
409698,2008,0.19047619047619047
412599,2008,0.5
414568,2008,0.5
414823,2008,0.5581395348837209
416962,2008,0.2
417752,2008,0.0
419509,2008,0.14285714285714285
420006,2008,0.4166666666666667
420042,2008,0.3333333333333333
420307,2008,0.72
421009,2008,0.25396825396825395
421018,2008,0.10756972111553785
423670,2008,0.42857142857142855
428286,2008,0.2
428444,2008,0.0
430087,2008,1.0
430263,2008,0.5
432199,2008,0.21176470588235294
432223,2008,0.15384615384615385
432232,2008,0.17647058823529413
432241,2008,0.0
432384,2008,0.8888888888888888
432533,2008,0.21739130434782608
433004,2008,0.8181818181818182
433387,2008,0.11764705882352941
433536,2008,0.0
433660,2008,0.4782608695652174
434946,2008,0.21568627450980393
434955,2008,0.3
434964,2008,0.16176470588235295
434973,2008,0.09333333333333334
434982,2008,0.3333333333333333
434991,2008,0.0
436483,2008,0.0
436818,2008,0.5454545454545454
436827,2008,0.2222222222222222
436836,2008,0.5909090909090909
437510,2008,0.0
437848,2008,1.0
438151,2008,1.0
438382,2008,0.0
438416,2008,0.05263157894736842
438586,2008,0.3142857142857143
438601,2008,0.21428571428571427
438610,2008,0.0875
438629,2008,0.0
438902,2008,0.0
439163,2008,0.2702702702702703
439279,2008,0.07692307692307693
439288,2008,0.6666666666666666
439297,2008,0.0
439613,2008,0.4
440147,2008,0.09302325581395349
440341,2008,0.30357142857142855
440420,2008,0.16666666666666666
440439,2008,0.18181818181818182
440448,2008,0.271523178807947
440457,2008,0.02564102564102564
440484,2008,0.25
440536,2008,0.14545454545454545
440545,2008,0.375
440590,2008,1.0
440767,2008,0.2
441900,2008,0.0
441937,2008,0.3333333333333333
441973,2008,0.0
441982,2008,1.0
442143,2008,0.22580645161290322
442152,2008,0.2111111111111111
442161,2008,0.046153846153846156
442170,2008,0.08823529411764706
442189,2008,0.04878048780487805
442578,2008,0.0
442718,2008,0.25
442824,2008,0.3023255813953488
443049,2008,1.0
443331,2008,0.0
443456,2008,0.0
443465,2008,0.0
443474,2008,0.2727272727272727
443544,2008,0.1111111111111111
443687,2008,0.0
443881,2008,0.045454545454545456
443890,2008,0.12962962962962962
443915,2008,0.0
443924,2008,0.0
444723,2008,0.0
444778,2008,1.0
445133,2008,0.1724137931034483
445300,2008,0.0
446394,2008,1.0
446677,2008,1.0
447458,2008,0.5
448309,2008,0.5833333333333334
448752,2008,0.3333333333333333
448761,2008,0.0
448840,2008,0.3333333333333333
451060,2008,0.0
454184,2008,0.0
100654,2009,0.32536293766011953
100663,2009,0.34172661870503596
100690,2009,0.14285714285714285
100706,2009,0.313953488372093
100724,2009,0.2449725776965265
100751,2009,0.576271186440678
100830,2009,0.16877637130801687
100858,2009,0.438953488372093
100937,2009,0.5333333333333333
101073,2009,0.036036036036036036
101116,2009,0.2
101189,2009,0.36363636363636365
101365,2009,0.2
101435,2009,0.375
101453,2009,1.0
101480,2009,0.2375886524822695
101541,2009,0.14285714285714285
101587,2009,0.27
101675,2009,0.2524752475247525
101693,2009,0.42105263157894735
101709,2009,0.417910447761194
101879,2009,0.10526315789473684
101912,2009,0.41262135922330095
102049,2009,0.6
102094,2009,0.25773195876288657
102234,2009,0.675
102261,2009,0.0
102270,2009,0.23976608187134502
102298,2009,0.19318181818181818
102368,2009,0.24860335195530725
102377,2009,0.4654205607476635
102553,2009,0.14285714285714285
102614,2009,0.35714285714285715
102632,2009,0.0
102669,2009,0.0
102845,2009,0.6666666666666666
103644,2009,0.5
104090,2009,0.0
104151,2009,0.42971887550200805
104179,2009,0.44886363636363635
104531,2009,0.2
104586,2009,0.4666666666666667
104717,2009,0.0
104805,2009,0.5961538461538461
105172,2009,0.0
105330,2009,0.23255813953488372
105516,2009,0.034482758620689655
106102,2009,0.037037037037037035
106245,2009,0.08637873754152824
106306,2009,0.02127659574468085
106342,2009,0.5
106397,2009,0.39473684210526316
106412,2009,0.23511904761904762
106458,2009,0.18770226537216828
106467,2009,0.1917808219178082
106485,2009,0.15736040609137056
106704,2009,0.2554347826086957
106713,2009,0.0
107044,2009,0.3448275862068966
107071,2009,0.27884615384615385
107080,2009,0.6666666666666666
107141,2009,0.5714285714285714
107512,2009,0.2631578947368421
107558,2009,1.0
107600,2009,0.16049382716049382
107877,2009,0.5
107983,2009,0.2721518987341772
108092,2009,0.25
108232,2009,0.23076923076923078
108250,2009,0.0
109651,2009,1.0
109785,2009,0.5238095238095238
110051,2009,0.5
110097,2009,0.3
110185,2009,0.2857142857142857
110361,2009,0.5
110370,2009,0.3333333333333333
110404,2009,1.0
110413,2009,0.42857142857142855
110422,2009,0.59375
110468,2009,0.2
110486,2009,0.36363636363636365
110495,2009,0.3611111111111111
110510,2009,0.37254901960784315
110529,2009,0.5393258426966292
110538,2009,0.2702702702702703
110547,2009,0.20270270270270271
110556,2009,0.3712121212121212
110565,2009,0.4463276836158192
110574,2009,0.2972972972972973
110583,2009,0.5066666666666667
110592,2009,0.22549019607843138
110608,2009,0.38095238095238093
110617,2009,0.2760416666666667
110635,2009,0.7567567567567568
110644,2009,0.75
110653,2009,0.8059701492537313
110662,2009,0.7685185185185185
110671,2009,0.7215189873417721
110680,2009,0.8214285714285714
110705,2009,0.7425742574257426
110714,2009,0.7564102564102564
110945,2009,0.4444444444444444
111081,2009,0.6666666666666666
111188,2009,0.5
111948,2009,0.5833333333333334
111966,2009,0.9090909090909091
112075,2009,0.46153846153846156
112084,2009,0.6666666666666666
112260,2009,0.8823529411764706
112570,2009,0.5
113607,2009,0.21428571428571427
113698,2009,0.39285714285714285
114354,2009,1.0
114813,2009,0.4444444444444444
115409,2009,0.75
115728,2009,0.42105263157894735
115755,2009,0.25
115773,2009,0.88
116466,2009,0.0
116475,2009,0.0
116846,2009,1.0
117104,2009,0.3333333333333333
117113,2009,0.14285714285714285
117140,2009,0.6129032258064516
117168,2009,1.0
117627,2009,0.38461538461538464
117751,2009,1.0
117928,2009,0.25
117946,2009,0.7767857142857143
118693,2009,0.1875
118888,2009,0.4444444444444444
119173,2009,0.2222222222222222
119605,2009,0.0
120184,2009,0.5555555555555556
120254,2009,0.8837209302325582
120403,2009,0.6
120537,2009,0.5
120865,2009,0.2
120883,2009,0.5789473684210527
121071,2009,0.0
121150,2009,0.8064516129032258
121257,2009,0.7692307692307693
121309,2009,0.7857142857142857
121345,2009,0.95
121381,2009,0.5714285714285714
121691,2009,0.7
122409,2009,0.6339285714285714
122436,2009,0.5294117647058824
122506,2009,0.5
122597,2009,0.418848167539267
122612,2009,0.6111111111111112
122728,2009,0.0
122755,2009,0.43537414965986393
122843,2009,0.06060606060606061
122931,2009,0.7575757575757576
123165,2009,1.0
123457,2009,0.3333333333333333
123554,2009,0.47619047619047616
123572,2009,0.44
123651,2009,0.26666666666666666
123952,2009,1.0
123961,2009,0.875
124487,2009,0.0
125727,2009,0.5384615384615384
125763,2009,0.5384615384615384
125897,2009,0.3333333333333333
126182,2009,0.3333333333333333
126562,2009,0.3225806451612903
126580,2009,0.16216216216216217
126614,2009,0.6428571428571429
126669,2009,0.5
126678,2009,0.6666666666666666
126702,2009,0.25
126775,2009,0.6666666666666666
126818,2009,0.5679012345679012
126827,2009,0.0
126872,2009,0.2916666666666667
127024,2009,0.0
127060,2009,0.75
127185,2009,0.0
127556,2009,0.36363636363636365
127565,2009,0.15789473684210525
127680,2009,0.0
127741,2009,0.25
127918,2009,0.2857142857142857
127945,2009,0.25
128106,2009,0.30612244897959184
128328,2009,0.75
128391,2009,0.0
128498,2009,0.5161290322580645
128744,2009,0.19767441860465115
128771,2009,0.40963855421686746
128902,2009,0.75
129020,2009,0.6091954022988506
129215,2009,0.4142857142857143
129242,2009,1.0
129525,2009,0.4927536231884058
129774,2009,0.42857142857142855
129941,2009,0.48484848484848486
130110,2009,0.0
130183,2009,0.1896551724137931
130226,2009,0.6875
130253,2009,0.6333333333333333
130314,2009,0.38461538461538464
130493,2009,0.2903225806451613
130590,2009,0.8108108108108109
130624,2009,0.7142857142857143
130697,2009,0.8974358974358975
130776,2009,0.3783783783783784
130794,2009,0.9145299145299145
130934,2009,0.3969335604770017
130943,2009,0.5628140703517588
130989,2009,0.5
131098,2009,0.22641509433962265
131113,2009,0.2972972972972973
131159,2009,0.7457627118644068
131283,2009,0.43333333333333335
131308,2009,0.6
131399,2009,0.07547169811320754
131450,2009,0.2727272727272727
131469,2009,0.7857142857142857
131496,2009,0.84
131520,2009,0.9148618371919343
131803,2009,0.0
131876,2009,0.3333333333333333
132338,2009,0.17857142857142858
132408,2009,0.0
132471,2009,0.3776223776223776
132602,2009,0.3669250645994832
132657,2009,0.3333333333333333
132842,2009,0.0
132879,2009,0.16666666666666666
132903,2009,0.6281179138321995
133085,2009,0.3333333333333333
133465,2009,0.2727272727272727
133492,2009,0.5
133526,2009,0.15181518151815182
133553,2009,0.4186046511627907
133650,2009,0.40711462450592883
133669,2009,0.4186746987951807
133711,2009,0.4
133809,2009,0.375
133872,2009,1.0
133881,2009,0.45161290322580644
133951,2009,0.35509138381201044
133979,2009,0.3404255319148936
134079,2009,0.2894736842105263
134097,2009,0.726998491704374
134130,2009,0.7302533532041728
134149,2009,0.2857142857142857
134237,2009,0.8214285714285714
134510,2009,0.3333333333333333
134680,2009,0.0
134811,2009,0.3076923076923077
134909,2009,0.0
134945,2009,0.36046511627906974
135081,2009,0.6875
135364,2009,0.0
135726,2009,0.7801047120418848
135939,2009,0.375
136066,2009,1.0
136172,2009,0.45365853658536587
136206,2009,0.23076923076923078
136215,2009,0.2602739726027397
136288,2009,0.0
136330,2009,0.6428571428571429
136774,2009,0.3333333333333333
136950,2009,0.7083333333333334
137032,2009,0.3548387096774194
137351,2009,0.5653206650831354
137476,2009,0.34
137546,2009,0.7647058823529411
137564,2009,0.28
137801,2009,0.5
137847,2009,0.54
137953,2009,0.5
137962,2009,0.3333333333333333
138275,2009,0.3333333333333333
138293,2009,1.0
138354,2009,0.47368421052631576
138600,2009,0.6461538461538462
138716,2009,0.44368600682593856
138789,2009,0.31007751937984496
138813,2009,0.31092436974789917
138868,2009,0.25
138947,2009,0.4427934621099554
138983,2009,0.15492957746478872
139074,2009,0.3333333333333333
139144,2009,0.5625
139153,2009,0.23076923076923078
139199,2009,0.2978723404255319
139205,2009,0.11627906976744186
139287,2009,0.10256410256410256
139311,2009,0.1724137931034483
139366,2009,0.3219178082191781
139393,2009,0.25
139533,2009,0.29333333333333333
139579,2009,0.0
139630,2009,0.28
139658,2009,0.8170731707317073
139719,2009,0.3472222222222222
139755,2009,0.7414965986394558
139764,2009,0.27611940298507465
139861,2009,0.5384615384615384
139931,2009,0.4367816091954023
139940,2009,0.5092989985693849
139959,2009,0.8073394495412844
140164,2009,0.43529411764705883
140234,2009,0.5675675675675675
140322,2009,0.2564102564102564
140340,2009,0.23076923076923078
140447,2009,0.5206611570247934
140553,2009,0.5632716049382716
140669,2009,0.2
140696,2009,0.47368421052631576
140720,2009,0.25668449197860965
140818,2009,0.14285714285714285
140872,2009,0.5
140951,2009,0.6125
140960,2009,0.35583941605839414
140988,2009,0.5
141060,2009,0.7390510948905109
141097,2009,0.3275862068965517
141167,2009,0.17647058823529413
141185,2009,0.0
141264,2009,0.3700564971751412
141325,2009,0.5
141334,2009,0.37272727272727274
141486,2009,0.4
141565,2009,0.125
141574,2009,0.5555555555555556
141644,2009,0.22580645161290322
142115,2009,0.32
142276,2009,0.3333333333333333
142285,2009,0.2777777777777778
142294,2009,0.5
142328,2009,0.0
142337,2009,0.0
142522,2009,0.3333333333333333
142887,2009,0.5
143048,2009,0.3333333333333333
143084,2009,0.6923076923076923
143118,2009,0.4594594594594595
143288,2009,0.2857142857142857
143358,2009,0.5614035087719298
144005,2009,0.12734864300626306
144050,2009,0.8235294117647058
144281,2009,0.2442528735632184
144351,2009,0.4666666666666667
144740,2009,0.5508982035928144
144759,2009,0.2909090909090909
144883,2009,0.25
144892,2009,0.4423076923076923
144962,2009,0.2727272727272727
144971,2009,0.0625
145372,2009,0.5
145460,2009,0.0
145600,2009,0.38345864661654133
145619,2009,0.46153846153846156
145637,2009,0.7652811735941321
145646,2009,0.6521739130434783
145691,2009,0.875
145725,2009,0.45
145813,2009,0.5207373271889401
146010,2009,0.08532423208191127
146339,2009,1.0
146393,2009,0.375
146427,2009,0.5789473684210527
146481,2009,0.42857142857142855
146612,2009,0.3880597014925373
146621,2009,0.25
146667,2009,0.1111111111111111
146719,2009,0.4742268041237113
146825,2009,0.23333333333333334
147013,2009,0.35135135135135137
147165,2009,0.5
147244,2009,0.41379310344827586
147341,2009,0.4444444444444444
147369,2009,0.2222222222222222
147536,2009,0.4
147660,2009,0.625
147679,2009,0.3333333333333333
147703,2009,0.3755274261603376
147767,2009,0.9056603773584906
147776,2009,0.045454545454545456
147828,2009,0.23255813953488372
148016,2009,0.5
148131,2009,0.24
148177,2009,0.2786885245901639
148335,2009,0.9887640449438202
148405,2009,0.15384615384615385
148487,2009,0.30434782608695654
148496,2009,0.47058823529411764
148584,2009,0.5
148627,2009,0.390625
148654,2009,0.5714285714285714
149222,2009,0.3579136690647482
149231,2009,0.32903225806451614
149505,2009,0.13333333333333333
149514,2009,0.3333333333333333
149639,2009,0.0
149772,2009,0.4178082191780822
149781,2009,0.75
150066,2009,0.26666666666666666
150136,2009,0.5263157894736842
150145,2009,0.42857142857142855
150163,2009,0.5862068965517241
150172,2009,0.16666666666666666
150400,2009,0.6410256410256411
150455,2009,0.7142857142857143
150534,2009,0.26666666666666666
150604,2009,0.2
150668,2009,0.6666666666666666
150677,2009,0.3333333333333333
150756,2009,0.42857142857142855
150774,2009,0.75
150941,2009,0.0
151102,2009,0.09090909090909091
151111,2009,0.28846153846153844
151263,2009,0.25
151290,2009,0.22448979591836735
151306,2009,0.13725490196078433
151324,2009,0.2814070351758794
151333,2009,0.125
151342,2009,0.1891891891891892
151351,2009,0.5185185185185185
151360,2009,0.09090909090909091
151379,2009,0.0
151388,2009,0.2222222222222222
151458,2009,1.0
151494,2009,0.2727272727272727
151519,2009,0.08333333333333333
151777,2009,0.6666666666666666
151786,2009,0.2
151801,2009,0.6363636363636364
151810,2009,0.21052631578947367
152080,2009,0.8505747126436781
152099,2009,0.7857142857142857
152248,2009,0.09219858156028368
152266,2009,0.45454545454545453
152318,2009,0.8666666666666667
152336,2009,0.2
152363,2009,0.625
152381,2009,0.14285714285714285
152390,2009,0.5
152530,2009,0.6666666666666666
152567,2009,0.21428571428571427
152600,2009,0.45161290322580644
152673,2009,0.5384615384615384
152992,2009,0.3
153001,2009,0.5
153108,2009,0.0
153126,2009,0.4
153144,2009,0.5
153162,2009,0.75
153241,2009,0.0
153250,2009,0.0
153269,2009,0.6521739130434783
153278,2009,0.3023255813953488
153302,2009,0.0
153320,2009,0.0
153366,2009,0.20754716981132076
153375,2009,0.4
153384,2009,0.7058823529411765
153427,2009,1.0
153603,2009,0.5238095238095238
153621,2009,0.0
153658,2009,0.5697674418604651
153825,2009,0.0
153834,2009,0.42857142857142855
153861,2009,0.0
154004,2009,0.25
154022,2009,0.125
154095,2009,0.43137254901960786
154101,2009,0.5
154235,2009,0.2
154350,2009,0.8333333333333334
154493,2009,0.05555555555555555
154518,2009,0.1875
154527,2009,0.3333333333333333
154590,2009,0.1111111111111111
154688,2009,0.42857142857142855
154712,2009,0.3
154721,2009,0.15384615384615385
154749,2009,0.2
154855,2009,0.3333333333333333
155025,2009,0.2903225806451613
155061,2009,0.0
155070,2009,0.0
155089,2009,0.20689655172413793
155317,2009,0.4918032786885246
155335,2009,0.06666666666666667
155399,2009,0.32673267326732675
155414,2009,0.5
155511,2009,0.125
155520,2009,0.23529411764705882
155627,2009,0.4
155681,2009,0.34615384615384615
155812,2009,0.07142857142857142
155900,2009,0.46153846153846156
155937,2009,0.21428571428571427
155973,2009,0.0
156082,2009,0.5
156125,2009,0.25
156189,2009,1.0
156213,2009,1.0
156286,2009,0.4444444444444444
156295,2009,0.6823529411764706
156356,2009,0.3333333333333333
156365,2009,0.3333333333333333
156408,2009,0.6
156541,2009,0.25
156620,2009,0.26
156745,2009,0.5454545454545454
157058,2009,0.25116279069767444
157076,2009,0.34782608695652173
157085,2009,0.38697318007662834
157100,2009,1.0
157216,2009,0.09615384615384616
157289,2009,0.4105960264900662
157359,2009,0.0
157377,2009,0.3333333333333333
157386,2009,0.3333333333333333
157401,2009,0.44155844155844154
157447,2009,0.2966101694915254
157535,2009,0.14285714285714285
157632,2009,0.6666666666666666
157748,2009,0.5
157757,2009,0.375
157809,2009,0.25
157818,2009,0.2857142857142857
157863,2009,0.13333333333333333
157951,2009,0.38666666666666666
158477,2009,0.2631578947368421
158802,2009,0.27530364372469635
159009,2009,0.27887323943661974
159382,2009,0.0
159391,2009,0.526
159416,2009,0.1111111111111111
159568,2009,0.42857142857142855
159647,2009,0.35064935064935066
159656,2009,0.5362318840579711
159717,2009,0.23123123123123124
159939,2009,0.112
159948,2009,0.3333333333333333
159966,2009,0.18292682926829268
159993,2009,0.1804733727810651
160038,2009,0.2886297376093295
160065,2009,0.0
160612,2009,0.2532894736842105
160621,2009,0.2974392646093237
160630,2009,0.038461538461538464
160658,2009,0.2908366533864542
160755,2009,0.6901408450704225
160904,2009,0.3509272467902996
160977,2009,0.8181818181818182
161004,2009,0.8461538461538461
161086,2009,0.8888888888888888
161165,2009,0.3333333333333333
161226,2009,0.0
161235,2009,0.0
161253,2009,0.4166666666666667
161341,2009,0.5
161518,2009,0.3333333333333333
161554,2009,0.0
161563,2009,0.0
161572,2009,1.0
161882,2009,0.3333333333333333
162007,2009,0.36915077989601386
162061,2009,0.13043478260869565
162210,2009,0.28205128205128205
162283,2009,0.15343915343915343
162584,2009,0.423841059602649
162654,2009,0.6923076923076923
162760,2009,0.6551724137931034
162928,2009,0.835820895522388
163046,2009,0.78
163204,2009,0.03333333333333333
163268,2009,0.5954198473282443
163286,2009,0.6908023483365949
163295,2009,0.9090909090909091
163338,2009,0.30278884462151395
163453,2009,0.31587301587301586
163462,2009,0.7407407407407407
163578,2009,0.5714285714285714
163851,2009,0.5333333333333333
163912,2009,0.7741935483870968
163921,2009,0.2903225806451613
163976,2009,1.0
164076,2009,0.7396449704142012
164155,2009,0.8529411764705882
164173,2009,0.5492957746478874
164207,2009,0.0
164216,2009,0.8823529411764706
164270,2009,0.6666666666666666
164447,2009,0.32558139534883723
164465,2009,1.0
164492,2009,0.3333333333333333
164562,2009,0.625
164571,2009,0.34375
164580,2009,0.9
164614,2009,0.0
164632,2009,0.6923076923076923
164720,2009,0.3333333333333333
164739,2009,0.8214285714285714
164748,2009,0.3076923076923077
164872,2009,0.25
164924,2009,0.8013698630136986
164933,2009,0.8888888888888888
164988,2009,0.7297297297297297
165015,2009,0.8888888888888888
165024,2009,0.3880597014925373
165334,2009,0.625
165529,2009,0.4594594594594595
165644,2009,0.3333333333333333
165662,2009,0.7142857142857143
165671,2009,0.47368421052631576
165699,2009,0.5555555555555556
165802,2009,0.6666666666666666
165820,2009,0.34782608695652173
165866,2009,0.55
165936,2009,0.5714285714285714
166018,2009,0.5
166027,2009,0.9689922480620154
166054,2009,1.0
166124,2009,1.0
166391,2009,0.5789473684210527
166452,2009,0.42857142857142855
166489,2009,0.0
166513,2009,0.30434782608695654
166629,2009,0.5414012738853503
166638,2009,0.36363636363636365
166656,2009,0.75
166674,2009,1.0
166683,2009,0.8360655737704918
166692,2009,0.5
166850,2009,1.0
166939,2009,0.8421052631578947
166948,2009,0.25
166984,2009,0.3333333333333333
167057,2009,1.0
167251,2009,0.4492753623188406
167260,2009,0.07142857142857142
167288,2009,0.09090909090909091
167358,2009,0.6470588235294118
167394,2009,0.75
167455,2009,0.4084507042253521
167598,2009,0.5
167729,2009,0.3595505617977528
167783,2009,0.5333333333333333
167835,2009,0.8936170212765957
167899,2009,0.5882352941176471
167987,2009,0.2553191489361702
167996,2009,0.9230769230769231
168005,2009,0.47368421052631576
168148,2009,0.8409090909090909
168218,2009,0.9230769230769231
168227,2009,0.4666666666666667
168254,2009,0.7333333333333333
168263,2009,0.56
168281,2009,0.7058823529411765
168290,2009,0.5714285714285714
168342,2009,0.9298245614035088
168421,2009,0.7407407407407407
168430,2009,0.45
168528,2009,0.25
168546,2009,0.5151515151515151
168591,2009,0.2
168740,2009,0.65
168786,2009,0.38461538461538464
168838,2009,0.0
168847,2009,0.0
169080,2009,0.8095238095238095
169248,2009,0.3654618473895582
169327,2009,0.0
169363,2009,0.0
169442,2009,0.3125
169479,2009,0.1724137931034483
169716,2009,0.34782608695652173
169798,2009,0.21564885496183206
169910,2009,0.2692307692307692
169983,2009,0.42857142857142855
170000,2009,0.0
170037,2009,0.3333333333333333
170082,2009,0.4840764331210191
170091,2009,0.0
170301,2009,0.5789473684210527
170532,2009,0.7272727272727273
170639,2009,0.2
170675,2009,0.043478260869565216
170806,2009,0.14285714285714285
170842,2009,0.3888888888888889
170967,2009,0.6
170976,2009,0.782608695652174
171100,2009,0.584375
171128,2009,0.3684210526315789
171137,2009,0.3235294117647059
171146,2009,0.1875
171298,2009,0.0
171456,2009,0.38095238095238093
171492,2009,0.4375
171571,2009,0.11705685618729098
171599,2009,0.21052631578947367
172051,2009,0.2191780821917808
172264,2009,0.6153846153846154
172334,2009,0.35294117647058826
172440,2009,0.0
172644,2009,0.09989258861439312
172699,2009,0.4566929133858268
172972,2009,1.0
173045,2009,0.375
173124,2009,0.2857142857142857
173142,2009,0.2857142857142857
173160,2009,0.35714285714285715
173258,2009,0.8888888888888888
173300,2009,0.0
173328,2009,0.25
173452,2009,0.0
173647,2009,0.9090909090909091
173665,2009,0.7391304347826086
173887,2009,0.0
173902,2009,0.8709677419354839
173920,2009,0.3448275862068966
174020,2009,0.14285714285714285
174066,2009,0.45112781954887216
174075,2009,0.2222222222222222
174127,2009,0.0
174206,2009,0.5
174233,2009,0.27586206896551724
174251,2009,0.5
174358,2009,0.30434782608695654
174394,2009,0.2
174437,2009,0.25
174491,2009,0.75
174525,2009,0.0
174747,2009,1.0
174783,2009,0.3409090909090909
174792,2009,0.3333333333333333
174817,2009,0.25
174844,2009,0.8333333333333334
174862,2009,0.3333333333333333
174899,2009,1.0
174914,2009,0.7169811320754716
175005,2009,0.7777777777777778
175078,2009,0.15789473684210525
175272,2009,0.1111111111111111
175342,2009,0.36742424242424243
175421,2009,0.40816326530612246
175430,2009,0.5
175616,2009,0.42735042735042733
175856,2009,0.4078674948240166
175980,2009,0.6190476190476191
176017,2009,0.40969162995594716
176035,2009,0.3188405797101449
176044,2009,0.25297619047619047
176053,2009,0.27450980392156865
176080,2009,0.4199475065616798
176318,2009,0.2744360902255639
176336,2009,1.0
176372,2009,0.39855072463768115
176406,2009,0.39928057553956836
176479,2009,0.47058823529411764
176628,2009,0.1111111111111111
176637,2009,0.14285714285714285
176664,2009,0.0
176910,2009,0.5
176947,2009,0.46153846153846156
176965,2009,0.34065934065934067
177065,2009,0.0
177144,2009,0.125
177153,2009,0.0
177162,2009,0.2
177214,2009,0.5
177339,2009,0.5
177418,2009,0.2
177542,2009,0.0
177551,2009,0.10967741935483871
177746,2009,0.3333333333333333
177940,2009,0.18064516129032257
177968,2009,0.3492063492063492
178059,2009,0.4117647058823529
178226,2009,0.08333333333333333
178244,2009,0.32
178341,2009,0.35294117647058826
178369,2009,0.10416666666666667
178387,2009,0.09826589595375723
178396,2009,0.5816326530612245
178402,2009,0.2857142857142857
178411,2009,0.52
178420,2009,0.27419354838709675
178615,2009,0.6041666666666666
178624,2009,0.25
178679,2009,0.0
178697,2009,0.5
178721,2009,0.34615384615384615
178891,2009,0.16666666666666666
178989,2009,0.5
179043,2009,0.7368421052631579
179159,2009,0.6020408163265306
179326,2009,0.125
179548,2009,0.375
179557,2009,0.3722627737226277
179566,2009,0.4090909090909091
179867,2009,0.8923076923076924
179894,2009,0.46153846153846156
179946,2009,0.7777777777777778
179955,2009,0.5384615384615384
179964,2009,0.5
180106,2009,0.0
180179,2009,0.0
180258,2009,0.0
180416,2009,0.0
180461,2009,0.16666666666666666
180489,2009,0.18181818181818182
180522,2009,0.3333333333333333
180595,2009,0.0
180814,2009,0.0
180832,2009,0.5
180948,2009,0.0
180984,2009,0.3333333333333333
181002,2009,0.5384615384615384
181020,2009,0.3181818181818182
181093,2009,0.6666666666666666
181127,2009,0.1
181215,2009,0.25
181297,2009,0.5
181330,2009,0.25
181394,2009,0.23333333333333334
181446,2009,0.5
181464,2009,0.4268292682926829
181534,2009,0.0
181604,2009,0.0
181738,2009,0.5
181783,2009,0.34615384615384615
181853,2009,0.0
182111,2009,0.25
182281,2009,0.32727272727272727
182290,2009,0.4
182306,2009,0.5
182458,2009,0.0
182634,2009,0.0
182661,2009,0.25
182670,2009,0.8860759493670886
182795,2009,0.2631578947368421
182865,2009,0.0
182917,2009,1.0
182980,2009,0.16666666666666666
183026,2009,0.0
183044,2009,0.6176470588235294
183062,2009,0.5714285714285714
183071,2009,0.0
183080,2009,0.3076923076923077
183211,2009,1.0
183239,2009,0.6666666666666666
183345,2009,1.0
183789,2009,0.17647058823529413
183822,2009,0.2914572864321608
183910,2009,0.4
183974,2009,0.5416666666666666
184269,2009,1.0
184348,2009,0.5
184603,2009,0.4166666666666667
184612,2009,0.24324324324324326
184694,2009,0.5106382978723404
184773,2009,0.42857142857142855
184782,2009,0.514018691588785
185129,2009,0.3048780487804878
185262,2009,0.35018050541516244
185572,2009,0.5675675675675675
185590,2009,0.5692307692307692
185828,2009,0.36666666666666664
186131,2009,0.9310344827586207
186201,2009,0.46511627906976744
186283,2009,0.5769230769230769
186371,2009,0.582089552238806
186380,2009,0.7435294117647059
186399,2009,0.5428571428571428
186432,2009,0.391304347826087
186584,2009,0.5488721804511278
186618,2009,0.48148148148148145
186867,2009,0.4444444444444444
186876,2009,0.5333333333333333
187134,2009,0.6447368421052632
187444,2009,0.37435897435897436
187648,2009,0.08695652173913043
187897,2009,0.08333333333333333
187967,2009,0.0
187985,2009,0.4174757281553398
188030,2009,0.391304347826087
188146,2009,1.0
188182,2009,0.75
188304,2009,0.3333333333333333
188340,2009,0.0
188429,2009,0.578125
188465,2009,0.2
188641,2009,0.6551724137931034
189088,2009,0.875
189097,2009,0.84
189228,2009,0.3151515151515151
189413,2009,0.3333333333333333
189459,2009,0.23809523809523808
189705,2009,0.4
189848,2009,0.5
190044,2009,0.2727272727272727
190099,2009,0.8717948717948718
190114,2009,0.4457831325301205
190150,2009,0.8910891089108911
190248,2009,0.4
190372,2009,0.8888888888888888
190415,2009,0.88
190503,2009,0.6363636363636364
190512,2009,0.5606060606060606
190549,2009,0.413953488372093
190558,2009,0.25
190567,2009,0.3296296296296296
190594,2009,0.403921568627451
190600,2009,0.3905579399141631
190637,2009,0.2562814070351759
190646,2009,0.2727272727272727
190655,2009,0.25217391304347825
190664,2009,0.42718446601941745
190691,2009,0.18528610354223432
190716,2009,0.2549019607843137
190725,2009,0.25
190761,2009,0.5333333333333333
190770,2009,0.40789473684210525
190983,2009,0.3333333333333333
191205,2009,0.34782608695652173
191241,2009,0.7926829268292683
191515,2009,0.7647058823529411
191533,2009,0.48
191621,2009,0.14285714285714285
191630,2009,0.7058823529411765
191649,2009,0.4444444444444444
191676,2009,0.6666666666666666
191931,2009,0.5901639344262295
191968,2009,0.7692307692307693
192110,2009,0.7272727272727273
192192,2009,0.3076923076923077
192271,2009,0.3076923076923077
192323,2009,0.6153846153846154
192439,2009,0.11212121212121212
192448,2009,0.35398230088495575
192703,2009,0.5
192712,2009,0.6666666666666666
192749,2009,0.5666666666666667
192819,2009,0.5909090909090909
192864,2009,0.3469387755102041
192925,2009,0.26666666666666666
193016,2009,0.18584070796460178
193292,2009,0.45454545454545453
193308,2009,1.0
193317,2009,0.7006802721088435
193353,2009,0.3793103448275862
193399,2009,0.6666666666666666
193584,2009,0.5416666666666666
193645,2009,0.3137254901960784
193654,2009,0.5128205128205128
193900,2009,0.7611940298507462
193973,2009,0.38235294117647056
194091,2009,0.3627450980392157
194161,2009,0.34545454545454546
194310,2009,0.45054945054945056
194392,2009,0.0
194541,2009,0.3235294117647059
194578,2009,0.4576271186440678
194824,2009,0.8695652173913043
194958,2009,0.0
195003,2009,0.5606060606060606
195030,2009,0.75
195128,2009,0.3125
195164,2009,0.6521739130434783
195173,2009,0.36470588235294116
195216,2009,0.7
195234,2009,0.5714285714285714
195243,2009,0.4444444444444444
195304,2009,0.75
195474,2009,0.5
195526,2009,0.8
195544,2009,0.42857142857142855
195720,2009,0.8
195809,2009,0.5019762845849802
196006,2009,0.0
196024,2009,0.5
196033,2009,0.5
196042,2009,0.3333333333333333
196051,2009,0.0
196060,2009,0.7098765432098766
196079,2009,0.7102803738317757
196088,2009,0.616504854368932
196097,2009,0.7237569060773481
196103,2009,0.3333333333333333
196112,2009,0.2857142857142857
196121,2009,0.5806451612903226
196130,2009,0.4607329842931937
196149,2009,0.5
196158,2009,0.6111111111111112
196167,2009,0.4375
196176,2009,0.65
196185,2009,0.5652173913043478
196194,2009,0.41333333333333333
196200,2009,0.3125
196219,2009,0.5
196237,2009,0.47586206896551725
196246,2009,0.6
196264,2009,0.08333333333333333
196291,2009,0.42105263157894735
196413,2009,0.781021897810219
196866,2009,0.8
197027,2009,1.0
197036,2009,0.8840579710144928
197045,2009,0.35
197133,2009,0.9459459459459459
197151,2009,0.7
197197,2009,0.6
197230,2009,0.375
197869,2009,0.6464646464646465
197911,2009,0.2727272727272727
197984,2009,0.23529411764705882
197993,2009,0.46060606060606063
198066,2009,0.0
198136,2009,0.3058823529411765
198215,2009,0.4583333333333333
198303,2009,0.21359223300970873
198385,2009,1.0
198419,2009,0.9090909090909091
198464,2009,0.5639412997903563
198507,2009,0.4319654427645788
198516,2009,0.7263157894736842
198543,2009,0.3440366972477064
198561,2009,0.36507936507936506
198598,2009,0.3023255813953488
198613,2009,0.3404255319148936
198677,2009,0.0
198695,2009,0.4090909090909091
198747,2009,0.0
198756,2009,0.3952941176470588
198808,2009,0.08695652173913043
198835,2009,0.42105263157894735
198862,2009,0.3492063492063492
198899,2009,0.2641509433962264
198950,2009,0.5526315789473685
198969,2009,0.23170731707317074
199032,2009,0.19047619047619047
199069,2009,0.41025641025641024
199102,2009,0.3870967741935484
199111,2009,0.5263157894736842
199120,2009,0.8065326633165829
199139,2009,0.5333333333333333
199148,2009,0.522673031026253
199157,2009,0.38353601496725914
199184,2009,0.7777777777777778
199193,2009,0.6157635467980296
199209,2009,0.11510791366906475
199218,2009,0.6144578313253012
199272,2009,0.3684210526315789
199281,2009,0.365
199306,2009,0.3181818181818182
199412,2009,0.5454545454545454
199458,2009,0.0
199582,2009,0.22185430463576158
199607,2009,0.56
199643,2009,0.2887139107611549
199698,2009,0.3333333333333333
199847,2009,0.8666666666666667
199865,2009,0.3
199962,2009,0.25806451612903225
199971,2009,1.0
199999,2009,0.36233611442193087
200004,2009,0.42105263157894735
200059,2009,0.2222222222222222
200156,2009,0.25
200217,2009,0.16666666666666666
200226,2009,0.0
200253,2009,0.16666666666666666
200280,2009,0.25
200332,2009,0.2608695652173913
200484,2009,0.25
200572,2009,0.16666666666666666
200800,2009,0.15889830508474576
201104,2009,0.37037037037037035
201195,2009,0.5
201371,2009,0.09090909090909091
201441,2009,0.4901315789473684
201469,2009,1.0
201548,2009,0.4878048780487805
201645,2009,0.6956521739130435
201654,2009,0.5555555555555556
201690,2009,0.19175257731958764
201858,2009,0.375
201885,2009,0.358600583090379
201964,2009,0.5
202046,2009,0.2222222222222222
202073,2009,1.0
202134,2009,0.12663755458515283
202170,2009,0.4
202480,2009,0.5423728813559322
202514,2009,0.2631578947368421
202523,2009,0.6857142857142857
202541,2009,0.10526315789473684
202611,2009,0.06521739130434782
202684,2009,0.14285714285714285
202763,2009,0.38095238095238093
202806,2009,0.1111111111111111
203085,2009,0.13636363636363635
203128,2009,0.5454545454545454
203368,2009,0.5
203447,2009,1.0
203465,2009,0.1111111111111111
203474,2009,0.06896551724137931
203483,2009,0.0
203517,2009,0.3416149068322981
203526,2009,0.0
203535,2009,0.75
203580,2009,0.18181818181818182
203757,2009,0.36363636363636365
203775,2009,0.375
203818,2009,0.0
203845,2009,0.3333333333333333
203960,2009,0.0
204006,2009,0.05
204015,2009,0.041666666666666664
204024,2009,0.7142857142857143
204176,2009,1.0
204185,2009,0.5238095238095238
204200,2009,0.35714285714285715
204264,2009,0.22727272727272727
204468,2009,0.29411764705882354
204501,2009,0.918918918918919
204617,2009,0.21818181818181817
204635,2009,0.4444444444444444
204671,2009,0.3333333333333333
204680,2009,0.1111111111111111
204699,2009,0.375
204705,2009,0.35384615384615387
204796,2009,0.6882793017456359
204802,2009,0.5
204820,2009,0.0
204839,2009,0.0
204848,2009,0.0
204857,2009,0.4645669291338583
204866,2009,0.0
204909,2009,0.45454545454545453
204936,2009,0.3181818181818182
205203,2009,0.23076923076923078
205443,2009,0.1875
205957,2009,0.5
206002,2009,0.0
206048,2009,0.34782608695652173
206084,2009,0.24249422632794457
206279,2009,0.0
206330,2009,0.21739130434782608
206349,2009,0.17857142857142858
206437,2009,0.4782608695652174
206491,2009,0.26126126126126126
206507,2009,0.21212121212121213
206525,2009,0.4666666666666667
206589,2009,0.5294117647058824
206604,2009,0.2925
206622,2009,0.7228915662650602
206695,2009,0.12334801762114538
206817,2009,0.35714285714285715
206835,2009,0.0
206862,2009,0.1111111111111111
206914,2009,0.11538461538461539
206941,2009,0.3236994219653179
207041,2009,0.13793103448275862
207157,2009,0.0
207209,2009,0.26881720430107525
207254,2009,0.7142857142857143
207263,2009,0.3176470588235294
207306,2009,0.2857142857142857
207324,2009,0.15151515151515152
207351,2009,0.0
207388,2009,0.4566929133858268
207403,2009,0.6666666666666666
207458,2009,0.48148148148148145
207500,2009,0.5764705882352941
207582,2009,0.5416666666666666
207661,2009,0.0
207689,2009,0.375
207722,2009,0.23076923076923078
207847,2009,0.36
207856,2009,0.125
207865,2009,0.2037037037037037
207971,2009,0.5
208239,2009,0.0
208488,2009,0.25
208646,2009,0.0
208725,2009,1.0
208822,2009,0.6
209056,2009,1.0
209065,2009,0.5
209409,2009,1.0
209506,2009,0.0
209542,2009,0.42105263157894735
209551,2009,0.5178571428571429
209612,2009,0.3333333333333333
209807,2009,0.2777777777777778
209825,2009,0.5333333333333333
209922,2009,0.5555555555555556
210146,2009,0.1111111111111111
210331,2009,1.0
210401,2009,0.75
210429,2009,0.23076923076923078
210571,2009,0.46551724137931033
210669,2009,0.875
210739,2009,1.0
210775,2009,0.2962962962962963
210942,2009,0.25742574257425743
210960,2009,0.375
211024,2009,0.0
211088,2009,0.46153846153846156
211158,2009,0.39166666666666666
211273,2009,0.8421052631578947
211291,2009,0.875
211352,2009,0.34375
211361,2009,0.6052631578947368
211431,2009,0.34782608695652173
211440,2009,0.7916666666666666
211468,2009,0.5
211477,2009,0.375
211556,2009,0.8
211583,2009,0.2962962962962963
211608,2009,0.23383084577114427
211644,2009,0.3220338983050847
211981,2009,0.15789473684210525
212009,2009,0.7575757575757576
212054,2009,0.45977011494252873
212106,2009,0.6571428571428571
212115,2009,0.3611111111111111
212133,2009,0.5789473684210527
212160,2009,0.3418803418803419
212197,2009,0.8
212577,2009,0.6875
212601,2009,0.4117647058823529
212656,2009,0.3125
212674,2009,0.6818181818181818
212805,2009,0.5
212832,2009,0.8333333333333334
212911,2009,0.8333333333333334
212984,2009,0.9
213011,2009,0.5
213020,2009,0.4
213251,2009,0.8
213303,2009,0.45454545454545453
213321,2009,0.45454545454545453
213349,2009,0.3401015228426396
213358,2009,0.13333333333333333
213367,2009,0.6338028169014085
213385,2009,0.9523809523809523
213400,2009,0.0
213507,2009,0.6666666666666666
213543,2009,0.8148148148148148
213598,2009,0.3701149425287356
213613,2009,0.37681159420289856
213668,2009,0.7777777777777778
213783,2009,0.3709677419354839
213826,2009,0.45454545454545453
213987,2009,0.6
213996,2009,0.8421052631578947
214041,2009,0.3387096774193548
214069,2009,0.25
214148,2009,0.42857142857142855
214157,2009,0.5714285714285714
214166,2009,0.75
214175,2009,0.7777777777777778
214272,2009,0.42
214591,2009,0.5769230769230769
214625,2009,0.75
214634,2009,0.0
214643,2009,0.0
214652,2009,0.25
214670,2009,0.5
214689,2009,0.5111111111111111
214698,2009,0.2857142857142857
214704,2009,0.5106382978723404
214713,2009,0.29411764705882354
214731,2009,0.18461538461538463
214759,2009,0.0
214768,2009,0.35
214777,2009,0.75
214786,2009,0.5185185185185185
214795,2009,0.5238095238095238
214801,2009,0.2777777777777778
214810,2009,0.4146341463414634
214829,2009,0.0
214883,2009,0.7142857142857143
214971,2009,1.0
215053,2009,1.0
215062,2009,0.9079754601226994
215099,2009,0.5555555555555556
215105,2009,0.7058823529411765
215114,2009,0.2222222222222222
215132,2009,0.5588235294117647
215266,2009,0.20833333333333334
215275,2009,0.5555555555555556
215284,2009,0.23076923076923078
215293,2009,0.5874125874125874
215442,2009,0.4482758620689655
215637,2009,1.0
215655,2009,0.47058823529411764
215691,2009,0.47619047619047616
215743,2009,0.3333333333333333
215770,2009,0.75
215798,2009,0.8333333333333334
215929,2009,0.5833333333333334
215947,2009,0.36666666666666664
216010,2009,0.3411764705882353
216038,2009,0.44086021505376344
216278,2009,0.6666666666666666
216287,2009,0.96
216339,2009,0.6221837088388215
216357,2009,0.16666666666666666
216524,2009,0.65
216542,2009,1.0
216597,2009,0.8524590163934426
216667,2009,0.7272727272727273
216694,2009,0.3333333333333333
216764,2009,0.524390243902439
216807,2009,0.46153846153846156
216852,2009,0.3047619047619048
216931,2009,0.4375
217013,2009,0.0
217059,2009,0.5333333333333333
217156,2009,0.8865979381443299
217165,2009,0.7916666666666666
217235,2009,0.582089552238806
217402,2009,0.7272727272727273
217420,2009,0.2916666666666667
217484,2009,0.51
217493,2009,0.5
217518,2009,1.0
217536,2009,0.75
217606,2009,0.0
217624,2009,0.07857142857142857
217633,2009,0.2962962962962963
217688,2009,0.26666666666666666
217721,2009,0.26976744186046514
217749,2009,0.3333333333333333
217776,2009,0.15384615384615385
217819,2009,0.6666666666666666
217864,2009,0.7560975609756098
217873,2009,0.44314868804664725
217882,2009,0.6349206349206349
217907,2009,0.43478260869565216
217934,2009,0.42857142857142855
217961,2009,0.47058823529411764
217998,2009,0.5454545454545454
218061,2009,0.42857142857142855
218070,2009,0.875
218229,2009,0.3790849673202614
218238,2009,0.4489795918367347
218399,2009,0.25
218414,2009,0.4
218441,2009,0.34146341463414637
218539,2009,0.4375
218645,2009,0.4470588235294118
218654,2009,0.29411764705882354
218663,2009,0.6746031746031746
218724,2009,0.43609022556390975
218733,2009,0.39037433155080214
218742,2009,0.3742690058479532
218919,2009,0.28191489361702127
218964,2009,0.5444839857651246
218973,2009,0.6153846153846154
219000,2009,0.5
219082,2009,0.25
219091,2009,0.0
219198,2009,0.3333333333333333
219204,2009,0.0
219259,2009,0.0
219277,2009,0.0
219356,2009,0.21428571428571427
219383,2009,0.3333333333333333
219471,2009,0.5
219505,2009,1.0
219602,2009,0.2857142857142857
219639,2009,0.5
219709,2009,0.7647058823529411
219718,2009,0.13793103448275862
219790,2009,0.25
219806,2009,0.23214285714285715
219833,2009,0.4393939393939394
219949,2009,0.125
219976,2009,0.14814814814814814
220075,2009,0.15151515151515152
220181,2009,0.5818181818181818
220206,2009,0.0
220215,2009,0.2727272727272727
220516,2009,0.0
220552,2009,0.0
220589,2009,0.32
220598,2009,0.32303370786516855
220604,2009,0.17424242424242425
220613,2009,0.43478260869565216
220631,2009,0.0
220701,2009,0.9375
220710,2009,0.46153846153846156
220808,2009,0.7272727272727273
220862,2009,0.2471042471042471
220941,2009,0.10344827586206896
220978,2009,0.39622641509433965
221014,2009,0.3333333333333333
221254,2009,0.8333333333333334
221351,2009,0.75
221519,2009,0.9090909090909091
221661,2009,0.30612244897959184
221731,2009,0.0
221740,2009,0.23095823095823095
221759,2009,0.5545454545454546
221768,2009,0.3125
221795,2009,1.0
221838,2009,0.3448905109489051
221847,2009,0.3548387096774194
221856,2009,0.0
221892,2009,0.4444444444444444
221953,2009,0.2375
221971,2009,0.4
221999,2009,0.8478260869565217
222178,2009,0.32857142857142857
222831,2009,0.20833333333333334
222877,2009,0.0
222938,2009,0.3870967741935484
222983,2009,0.8888888888888888
223117,2009,0.0
223232,2009,0.5670995670995671
224004,2009,0.2727272727272727
224147,2009,0.5
224226,2009,0.09090909090909091
224244,2009,0.4
224323,2009,0.5
224402,2009,0.12903225806451613
224527,2009,0.20512820512820512
224554,2009,0.27906976744186046
224776,2009,0.3333333333333333
225247,2009,0.2857142857142857
225399,2009,0.30952380952380953
225432,2009,0.09349593495934959
225511,2009,0.37209302325581395
225548,2009,0.11627906976744186
225575,2009,0.2348993288590604
225627,2009,0.3125
225885,2009,0.2857142857142857
226091,2009,0.21467889908256882
226231,2009,0.2222222222222222
226383,2009,0.06666666666666667
226471,2009,0.35135135135135137
226587,2009,0.2962962962962963
226833,2009,0.26126126126126126
227216,2009,0.47721822541966424
227243,2009,0.4
227331,2009,0.5714285714285714
227368,2009,0.5
227429,2009,0.05128205128205128
227526,2009,0.31730126920507684
227757,2009,0.8823529411764706
227845,2009,0.7142857142857143
227863,2009,0.35714285714285715
227881,2009,0.5291005291005291
228042,2009,0.5
228149,2009,0.5833333333333334
228246,2009,0.7377049180327869
228325,2009,0.1111111111111111
228343,2009,0.875
228431,2009,0.3626373626373626
228459,2009,0.5121951219512195
228468,2009,0.2962962962962963
228501,2009,0.05555555555555555
228529,2009,0.2777777777777778
228705,2009,0.1590909090909091
228714,2009,0.5
228723,2009,0.6886792452830188
228769,2009,0.41568627450980394
228778,2009,0.6601307189542484
228787,2009,0.609375
228796,2009,0.26229508196721313
228802,2009,0.46875
228875,2009,0.515625
228884,2009,0.11555555555555555
228981,2009,0.391304347826087
229018,2009,0.4
229027,2009,0.3148148148148148
229063,2009,0.12938596491228072
229115,2009,0.6535433070866141
229160,2009,0.25
229179,2009,0.4012345679012346
229267,2009,0.8095238095238095
229780,2009,0.25
229814,2009,0.13333333333333333
229887,2009,0.19254658385093168
230038,2009,0.5625
230047,2009,0.0
230384,2009,0.0
230603,2009,0.42857142857142855
230621,2009,0.0
230630,2009,1.0
230728,2009,0.6363636363636364
230737,2009,0.0
230764,2009,0.6153846153846154
230782,2009,0.5454545454545454
230807,2009,0.6666666666666666
230816,2009,1.0
230852,2009,0.0
230898,2009,0.25
230913,2009,0.25
230931,2009,0.2
230959,2009,0.9444444444444444
230995,2009,0.38461538461538464
231059,2009,1.0
231077,2009,0.4
231086,2009,0.16666666666666666
231174,2009,0.7894736842105263
231420,2009,0.2653061224489796
231554,2009,0.4
231581,2009,0.6511627906976745
231624,2009,0.8875
231712,2009,0.7213114754098361
231837,2009,1.0
232016,2009,0.9047619047619048
232025,2009,0.3333333333333333
232043,2009,0.5
232089,2009,0.19117647058823528
232186,2009,0.6060606060606061
232256,2009,0.47368421052631576
232265,2009,0.5440729483282675
232308,2009,0.47058823529411764
232423,2009,0.8032786885245902
232557,2009,0.20647773279352227
232566,2009,0.5964912280701754
232609,2009,0.66
232672,2009,0.5161290322580645
232681,2009,0.8571428571428571
232706,2009,0.6153846153846154
232797,2009,1.0
232937,2009,0.3561643835616438
232982,2009,0.5284552845528455
233277,2009,0.6371681415929203
233295,2009,0.6666666666666666
233301,2009,0.6470588235294118
233374,2009,0.84375
233426,2009,0.8
233499,2009,0.1134453781512605
233541,2009,0.25
233611,2009,0.5
233684,2009,0.09090909090909091
233718,2009,0.5
233897,2009,0.4230769230769231
233912,2009,0.19047619047619047
233921,2009,0.6379310344827587
234030,2009,0.4977578475336323
234076,2009,0.8257839721254355
234085,2009,0.29411764705882354
234155,2009,0.4155844155844156
234164,2009,0.3148614609571788
234173,2009,0.4318181818181818
234207,2009,0.9333333333333333
234492,2009,0.2
234827,2009,0.5263157894736842
235024,2009,0.2
235097,2009,0.24074074074074073
235167,2009,0.42105263157894735
235316,2009,0.5833333333333334
236133,2009,0.6666666666666666
236230,2009,0.2222222222222222
236328,2009,1.0
236452,2009,0.5555555555555556
236577,2009,0.375
236595,2009,0.7666666666666667
236896,2009,0.3076923076923077
236939,2009,0.5942028985507246
236948,2009,0.6981132075471698
237011,2009,0.559322033898305
237057,2009,0.625
237066,2009,0.7272727272727273
237118,2009,0.42857142857142855
237154,2009,0.2
237181,2009,0.4
237215,2009,0.1
237312,2009,0.2
237330,2009,0.25
237358,2009,0.75
237367,2009,0.23529411764705882
237385,2009,0.0
237525,2009,0.375
237640,2009,0.25
237686,2009,0.0
237783,2009,0.3333333333333333
237792,2009,0.41379310344827586
237899,2009,0.19402985074626866
237932,2009,0.23809523809523808
237950,2009,0.0
237969,2009,0.39285714285714285
238032,2009,0.47540983606557374
238078,2009,0.5
238193,2009,0.19642857142857142
238333,2009,0.75
238430,2009,0.4583333333333333
238458,2009,0.2
238476,2009,0.3181818181818182
238616,2009,0.2857142857142857
238661,2009,0.3333333333333333
238892,2009,1.0
238935,2009,1.0
238980,2009,0.25
239017,2009,0.25
239071,2009,0.4
239080,2009,0.15
239105,2009,0.6885245901639344
239309,2009,0.6
239318,2009,0.10526315789473684
239390,2009,0.23333333333333334
239503,2009,0.5
239512,2009,0.5
239628,2009,0.6666666666666666
239716,2009,0.4
240107,2009,0.25
240189,2009,0.34782608695652173
240268,2009,0.14285714285714285
240277,2009,0.2727272727272727
240329,2009,0.5
240338,2009,0.5
240365,2009,0.35714285714285715
240374,2009,0.2184873949579832
240392,2009,1.0
240417,2009,0.5333333333333333
240426,2009,0.3333333333333333
240444,2009,0.6143790849673203
240453,2009,0.14583333333333334
240462,2009,0.09090909090909091
240471,2009,0.5625
240480,2009,0.4117647058823529
240727,2009,0.4666666666666667
240754,2009,0.0
241191,2009,0.0
241720,2009,1.0
243665,2009,0.32432432432432434
243744,2009,0.9280575539568345
243780,2009,0.6317991631799164
244011,2009,0.0
244154,2009,0.0
245652,2009,0.0
245953,2009,0.0
247700,2009,0.3333333333333333
248934,2009,0.25
248943,2009,0.3333333333333333
260293,2009,0.125
260789,2009,0.0
260813,2009,0.0
260910,2009,1.0
260974,2009,0.0
262129,2009,0.6666666666666666
262332,2009,0.25
363934,2009,0.14285714285714285
366252,2009,0.3888888888888889
366711,2009,0.38095238095238093
368601,2009,0.08108108108108109
369084,2009,0.0
372213,2009,0.0341726618705036
372222,2009,0.08
372578,2009,1.0
372958,2009,1.0
378406,2009,0.1
380465,2009,0.3333333333333333
381741,2009,1.0
381787,2009,0.0
381909,2009,0.0
384254,2009,1.0
384412,2009,0.25
385619,2009,0.5238095238095238
390701,2009,0.16666666666666666
398130,2009,0.0
399869,2009,0.5
399911,2009,0.5
404073,2009,0.0
404082,2009,0.0
405979,2009,0.0
405988,2009,0.09090909090909091
405997,2009,0.0
406006,2009,0.1282051282051282
406015,2009,0.1553398058252427
406194,2009,0.0
407285,2009,0.0
409069,2009,1.0
409698,2009,0.2777777777777778
410502,2009,0.5
412599,2009,0.3333333333333333
413848,2009,0.0
413866,2009,0.6666666666666666
413884,2009,0.0
414531,2009,1.0
414568,2009,0.07142857142857142
414586,2009,0.5
414708,2009,0.0
414823,2009,0.5743243243243243
416962,2009,0.1111111111111111
419509,2009,0.06666666666666667
420006,2009,1.0
420042,2009,0.0
420307,2009,0.773109243697479
420316,2009,0.0
421009,2009,0.16216216216216217
421018,2009,0.12195121951219512
426314,2009,0.16666666666666666
428286,2009,0.6
428444,2009,0.3333333333333333
429599,2009,0.3333333333333333
430087,2009,0.3333333333333333
430184,2009,0.08333333333333333
432199,2009,0.14035087719298245
432223,2009,0.19047619047619047
432232,2009,0.12195121951219512
432241,2009,0.0
432384,2009,0.8333333333333334
432533,2009,0.16666666666666666
433387,2009,0.0759493670886076
433536,2009,0.125
433660,2009,0.45161290322580644
434548,2009,0.0
434946,2009,0.24285714285714285
434955,2009,0.225
434964,2009,0.10606060606060606
434973,2009,0.11711711711711711
434982,2009,0.029411764705882353
434991,2009,0.125
436483,2009,0.5
436818,2009,0.32558139534883723
436827,2009,0.0
436836,2009,0.46153846153846156
437042,2009,0.25
437219,2009,0.0
438151,2009,1.0
438382,2009,0.3333333333333333
438416,2009,0.0
438498,2009,1.0
438586,2009,0.2934131736526946
438601,2009,0.21951219512195122
438610,2009,0.06976744186046512
438629,2009,0.08333333333333333
438902,2009,0.25
439163,2009,0.2909090909090909
439279,2009,0.05357142857142857
439288,2009,0.4583333333333333
439297,2009,0.05
439613,2009,0.6666666666666666
439862,2009,1.0
440147,2009,0.16176470588235295
440341,2009,0.18181818181818182
440420,2009,0.0
440439,2009,0.0875
440448,2009,0.21693121693121692
440457,2009,0.05454545454545454
440466,2009,0.0
440484,2009,0.375
440536,2009,0.0
440545,2009,0.4
440590,2009,0.5
440925,2009,0.23529411764705882
441511,2009,1.0
441900,2009,0.0
441937,2009,0.6
441973,2009,0.3076923076923077
441982,2009,1.0
442143,2009,0.10344827586206896
442152,2009,0.13609467455621302
442161,2009,0.12903225806451613
442170,2009,0.08108108108108109
442189,2009,0.12
442365,2009,1.0
442569,2009,0.05263157894736842
442824,2009,0.0
443049,2009,1.0
443058,2009,1.0
443331,2009,0.5
443410,2009,0.0
443456,2009,0.0
443465,2009,0.0
443474,2009,0.07692307692307693
443544,2009,0.22857142857142856
443687,2009,0.038461538461538464
443784,2009,0.0
443881,2009,0.13846153846153847
443890,2009,0.16666666666666666
443906,2009,0.13636363636363635
443915,2009,0.5
443924,2009,0.14814814814814814
444158,2009,0.045454545454545456
444167,2009,0.0
445027,2009,0.3333333333333333
445072,2009,0.3333333333333333
445124,2009,0.14285714285714285
445133,2009,0.13333333333333333
445276,2009,0.6666666666666666
445300,2009,0.11538461538461539
445319,2009,0.0
445391,2009,0.25
445434,2009,0.25
445692,2009,0.0
445708,2009,0.7323943661971831
445717,2009,0.21428571428571427
446677,2009,0.0
446710,2009,0.0
446729,2009,0.0
446738,2009,0.0
446747,2009,0.0
446756,2009,0.125
446765,2009,0.0
447458,2009,0.0
448309,2009,0.3225806451612903
448761,2009,0.0
448840,2009,0.5
450933,2009,0.5555555555555556
451060,2009,0.5
451750,2009,0.0
454184,2009,0.0
458113,2009,1.0
459994,2009,0.0
100654,2010,0.31788079470198677
100663,2010,0.3890063424947146
100706,2010,0.29850746268656714
100724,2010,0.2641509433962264
100751,2010,0.589041095890411
100830,2010,0.18681318681318682
100858,2010,0.41878172588832485
100937,2010,0.47619047619047616
101073,2010,0.04245283018867924
101116,2010,0.0
101189,2010,0.3333333333333333
101365,2010,0.09090909090909091
101435,2010,0.05555555555555555
101480,2010,0.22448979591836735
101541,2010,0.42857142857142855
101587,2010,0.2847682119205298
101675,2010,0.20320855614973263
101693,2010,0.2857142857142857
101709,2010,0.34782608695652173
101879,2010,0.11864406779661017
101912,2010,0.3469945355191257
102049,2010,0.5526315789473685
102058,2010,0.4785276073619632
102094,2010,0.27692307692307694
102234,2010,0.5365853658536586
102261,2010,0.2
102270,2010,0.33181818181818185
102298,2010,0.1415929203539823
102368,2010,0.266025641025641
102377,2010,0.42028985507246375
102553,2010,0.1111111111111111
102614,2010,0.16666666666666666
103644,2010,0.0
103723,2010,0.3076923076923077
104090,2010,1.0
104151,2010,0.3877551020408163
104179,2010,0.4972375690607735
104531,2010,0.6666666666666666
104586,2010,0.4
104717,2010,0.2857142857142857
104805,2010,0.22413793103448276
105163,2010,0.0
105172,2010,0.0
105330,2010,0.3023255813953488
105516,2010,0.041666666666666664
105589,2010,0.0
106102,2010,0.0
106245,2010,0.13559322033898305
106306,2010,0.056818181818181816
106342,2010,0.25
106397,2010,0.45454545454545453
106412,2010,0.22844827586206898
106458,2010,0.24848484848484848
106467,2010,0.2682926829268293
106485,2010,0.11442786069651742
106704,2010,0.2196652719665272
106713,2010,0.2
107044,2010,0.34782608695652173
107071,2010,0.24
107080,2010,0.5
107141,2010,0.6666666666666666
107512,2010,0.29411764705882354
107558,2010,0.23076923076923078
107600,2010,0.3114754098360656
107877,2010,0.25
107983,2010,0.2578125
108092,2010,0.0625
108232,2010,0.1724137931034483
108250,2010,0.0
109651,2010,0.0
109785,2010,0.375
110097,2010,0.5
110185,2010,0.6
110361,2010,0.41379310344827586
110370,2010,0.14285714285714285
110404,2010,1.0
110413,2010,0.45454545454545453
110422,2010,0.7142857142857143
110468,2010,0.0
110486,2010,0.2558139534883721
110495,2010,0.375
110510,2010,0.3383084577114428
110529,2010,0.4482758620689655
110538,2010,0.35
110547,2010,0.17054263565891473
110556,2010,0.4034090909090909
110565,2010,0.4142857142857143
110574,2010,0.33636363636363636
110583,2010,0.4522058823529412
110592,2010,0.21551724137931033
110608,2010,0.3271604938271605
110617,2010,0.25630252100840334
110635,2010,0.7111111111111111
110644,2010,0.7079646017699115
110653,2010,0.77
110662,2010,0.7627118644067796
110671,2010,0.60625
110680,2010,0.8604651162790697
110705,2010,0.7155963302752294
110714,2010,0.6470588235294118
110945,2010,0.7368421052631579
111081,2010,0.7333333333333333
111188,2010,0.3333333333333333
111948,2010,0.5714285714285714
112075,2010,0.42857142857142855
112084,2010,0.0
112260,2010,1.0
112394,2010,0.0
113607,2010,0.18181818181818182
113698,2010,0.3888888888888889
114354,2010,1.0
114813,2010,0.2
115409,2010,0.6666666666666666
115728,2010,0.45
115755,2010,0.36
115773,2010,0.8823529411764706
116466,2010,0.1111111111111111
116475,2010,0.0
117104,2010,0.0
117113,2010,0.36363636363636365
117140,2010,0.4
117168,2010,0.0
117557,2010,1.0
117627,2010,0.37037037037037035
117751,2010,1.0
117928,2010,0.2631578947368421
117946,2010,0.7570093457943925
118693,2010,0.3125
118888,2010,0.6153846153846154
119173,2010,0.5
119605,2010,0.2857142857142857
120184,2010,0.4
120254,2010,0.6190476190476191
120403,2010,0.0
120537,2010,0.14285714285714285
120865,2010,0.25
120883,2010,0.64
121071,2010,0.5
121150,2010,0.8846153846153846
121257,2010,0.7692307692307693
121309,2010,0.6
121345,2010,0.9047619047619048
121381,2010,0.0
121691,2010,0.7692307692307693
122409,2010,0.5576923076923077
122436,2010,0.782608695652174
122454,2010,1.0
122597,2010,0.373134328358209
122612,2010,0.5581395348837209
122755,2010,0.3717277486910995
122843,2010,0.08
122931,2010,0.6785714285714286
123165,2010,1.0
123457,2010,0.2
123554,2010,0.4444444444444444
123572,2010,0.43333333333333335
123651,2010,0.25
123961,2010,0.8351648351648352
125727,2010,0.6
125763,2010,0.35714285714285715
125897,2010,0.2727272727272727
126182,2010,0.21428571428571427
126562,2010,0.20833333333333334
126580,2010,0.35714285714285715
126614,2010,0.4722222222222222
126669,2010,0.2
126678,2010,0.631578947368421
126702,2010,0.08333333333333333
126775,2010,0.5384615384615384
126818,2010,0.4897959183673469
126827,2010,0.2
126872,2010,0.2571428571428571
127024,2010,0.0
127060,2010,0.7333333333333333
127185,2010,0.0
127556,2010,0.2631578947368421
127565,2010,0.1794871794871795
127699,2010,0.0
127741,2010,0.32857142857142857
127918,2010,0.625
127945,2010,0.0
128106,2010,0.2631578947368421
128328,2010,0.8275862068965517
128391,2010,0.3125
128498,2010,0.35294117647058826
128683,2010,0.0
128744,2010,0.18248175182481752
128771,2010,0.2765957446808511
128902,2010,0.8461538461538461
129020,2010,0.6458333333333334
129215,2010,0.3870967741935484
129242,2010,0.5454545454545454
129525,2010,0.5
129774,2010,0.35
129941,2010,0.4772727272727273
130110,2010,0.0
130183,2010,0.3125
130226,2010,0.7317073170731707
130253,2010,0.5714285714285714
130314,2010,0.38095238095238093
130493,2010,0.3973509933774834
130590,2010,0.8
130624,2010,0.8
130697,2010,0.9387755102040817
130776,2010,0.44680851063829785
130794,2010,0.9504950495049505
130934,2010,0.35286284953395475
130943,2010,0.6428571428571429
130989,2010,0.47058823529411764
131098,2010,0.1953125
131113,2010,0.25925925925925924
131159,2010,0.7301587301587301
131283,2010,0.5151515151515151
131308,2010,0.75
131399,2010,0.17391304347826086
131450,2010,0.14285714285714285
131469,2010,0.6888888888888889
131496,2010,0.8677685950413223
131520,2010,0.6071152358855375
131803,2010,0.35714285714285715
131876,2010,0.4523809523809524
132338,2010,0.45454545454545453
132408,2010,0.0
132471,2010,0.3228346456692913
132602,2010,0.37706855791962174
132657,2010,0.5333333333333333
132842,2010,1.0
132879,2010,0.0
132903,2010,0.610337972166998
133085,2010,0.0
133465,2010,0.1111111111111111
133492,2010,0.5
133526,2010,0.17289719626168223
133553,2010,0.44642857142857145
133650,2010,0.4008951406649616
133669,2010,0.397212543554007
133711,2010,0.5
133809,2010,0.3333333333333333
133872,2010,0.1111111111111111
133881,2010,0.42857142857142855
133951,2010,0.3131115459882583
133979,2010,0.38819875776397517
134079,2010,0.6
134097,2010,0.7408585055643879
134130,2010,0.7682020802377415
134149,2010,0.5
134237,2010,0.7125
134510,2010,0.5
134680,2010,0.0
134811,2010,0.34782608695652173
134909,2010,0.4
134945,2010,0.34710743801652894
135063,2010,0.5
135081,2010,0.6595744680851063
135364,2010,0.3333333333333333
135726,2010,0.7267441860465116
135939,2010,0.5
136172,2010,0.44298245614035087
136206,2010,0.3333333333333333
136215,2010,0.32857142857142857
136288,2010,0.8
136330,2010,0.11764705882352941
136774,2010,0.5
136950,2010,0.7272727272727273
137032,2010,0.4594594594594595
137272,2010,1.0
137351,2010,0.5345744680851063
137476,2010,0.2923076923076923
137546,2010,0.625
137564,2010,0.3
137801,2010,0.3333333333333333
137847,2010,0.6041666666666666
137953,2010,0.2857142857142857
137962,2010,0.0
138275,2010,0.42105263157894735
138293,2010,0.34285714285714286
138309,2010,0.0
138354,2010,0.4772727272727273
138600,2010,0.5757575757575758
138716,2010,0.4075342465753425
138789,2010,0.3252032520325203
138813,2010,0.3939393939393939
138868,2010,0.2727272727272727
138947,2010,0.40825035561877665
138983,2010,0.13333333333333333
139074,2010,0.3333333333333333
139144,2010,0.5714285714285714
139153,2010,0.3125
139199,2010,0.36666666666666664
139205,2010,0.2682926829268293
139287,2010,0.047619047619047616
139311,2010,0.27941176470588236
139366,2010,0.2711864406779661
139393,2010,0.2
139463,2010,0.0
139533,2010,0.2578125
139579,2010,0.2
139630,2010,0.1875
139658,2010,0.9108910891089109
139719,2010,0.3355048859934853
139755,2010,0.6233766233766234
139764,2010,0.23333333333333334
139861,2010,0.6666666666666666
139931,2010,0.495114006514658
139940,2010,0.504774897680764
139959,2010,0.7944444444444444
140164,2010,0.4140625
140234,2010,0.39285714285714285
140322,2010,0.19047619047619047
140340,2010,0.2857142857142857
140447,2010,0.56
140553,2010,0.5439137134052389
140669,2010,0.2
140696,2010,0.2830188679245283
140720,2010,0.27835051546391754
140818,2010,0.3333333333333333
140872,2010,0.2222222222222222
140951,2010,0.5194805194805194
140960,2010,0.30256410256410254
140988,2010,0.35714285714285715
141060,2010,0.7823408624229979
141097,2010,0.358974358974359
141167,2010,0.0
141185,2010,0.3333333333333333
141237,2010,0.12
141264,2010,0.42823529411764705
141325,2010,0.5185185185185185
141334,2010,0.4494949494949495
141486,2010,0.42857142857142855
141565,2010,0.5
141574,2010,0.4666666666666667
141644,2010,0.3333333333333333
142115,2010,0.18181818181818182
142276,2010,0.09090909090909091
142285,2010,0.3125
142328,2010,0.3333333333333333
142461,2010,0.0
142522,2010,0.25
142887,2010,0.5
143048,2010,0.4166666666666667
143084,2010,0.5714285714285714
143118,2010,0.2413793103448276
143288,2010,0.45454545454545453
143358,2010,0.6133333333333333
144005,2010,0.18840579710144928
144050,2010,0.8048780487804879
144281,2010,0.23102310231023102
144351,2010,0.26666666666666666
144740,2010,0.5657142857142857
144759,2010,0.2079207920792079
144883,2010,0.21686746987951808
144892,2010,0.39896373056994816
144962,2010,0.40625
144971,2010,0.5454545454545454
145372,2010,0.2571428571428571
145460,2010,0.4
145600,2010,0.3344594594594595
145619,2010,0.375
145637,2010,0.6942675159235668
145646,2010,0.6
145691,2010,0.25
145725,2010,0.35714285714285715
145813,2010,0.4217391304347826
146010,2010,0.12682926829268293
146339,2010,0.0
146393,2010,0.5
146427,2010,1.0
146481,2010,0.7391304347826086
146612,2010,0.38235294117647056
146621,2010,0.14285714285714285
146667,2010,0.3333333333333333
146719,2010,0.4731182795698925
146825,2010,0.28
147013,2010,0.34375
147165,2010,0.0
147244,2010,0.4423076923076923
147341,2010,0.375
147369,2010,0.6
147536,2010,0.0
147660,2010,0.35
147679,2010,0.3157894736842105
147703,2010,0.34552102376599636
147767,2010,0.8852459016393442
147776,2010,0.08620689655172414
147828,2010,0.2786885245901639
148131,2010,0.3888888888888889
148177,2010,0.23076923076923078
148335,2010,0.9836065573770492
148405,2010,0.058823529411764705
148487,2010,0.22580645161290322
148496,2010,0.4
148584,2010,0.3333333333333333
148627,2010,0.26744186046511625
148654,2010,0.5714285714285714
148849,2010,0.0
149222,2010,0.27380952380952384
149231,2010,0.3563218390804598
149505,2010,0.5
149514,2010,0.7142857142857143
149639,2010,0.6
149772,2010,0.4397163120567376
149781,2010,0.8666666666666667
150066,2010,0.4444444444444444
150136,2010,0.3916083916083916
150145,2010,0.6666666666666666
150163,2010,0.631578947368421
150172,2010,0.0
150400,2010,0.7894736842105263
150455,2010,0.5
150534,2010,0.48
150604,2010,0.3333333333333333
150668,2010,0.6666666666666666
150677,2010,1.0
150756,2010,1.0
150774,2010,0.0
150941,2010,0.0
151102,2010,0.11864406779661017
151111,2010,0.23529411764705882
151263,2010,0.2714285714285714
151290,2010,0.4
151306,2010,0.10476190476190476
151324,2010,0.2647058823529412
151333,2010,0.0
151342,2010,0.06521739130434782
151351,2010,0.46454767726161367
151360,2010,0.1267605633802817
151379,2010,0.2777777777777778
151388,2010,0.0
151458,2010,0.6666666666666666
151494,2010,0.0
151500,2010,0.5
151519,2010,0.08333333333333333
151777,2010,0.23076923076923078
151786,2010,0.35714285714285715
151801,2010,0.4
151810,2010,0.08695652173913043
152080,2010,0.9354838709677419
152099,2010,0.4
152248,2010,0.15950920245398773
152266,2010,0.23809523809523808
152318,2010,0.7142857142857143
152336,2010,0.21052631578947367
152363,2010,0.14285714285714285
152381,2010,0.0
152390,2010,1.0
152530,2010,0.6666666666666666
152567,2010,0.0
152600,2010,0.4583333333333333
152673,2010,0.7333333333333333
152992,2010,0.0
153001,2010,0.38461538461538464
153108,2010,0.25
153126,2010,0.25
153144,2010,0.42857142857142855
153162,2010,0.6111111111111112
153250,2010,0.0
153269,2010,0.5
153278,2010,0.34545454545454546
153366,2010,0.47368421052631576
153375,2010,0.0
153384,2010,0.9090909090909091
153603,2010,0.5238095238095238
153621,2010,0.12121212121212122
153658,2010,0.5662650602409639
153825,2010,0.42857142857142855
153834,2010,0.45454545454545453
153861,2010,0.0
154004,2010,0.3333333333333333
154013,2010,0.2
154022,2010,0.0625
154095,2010,0.3958333333333333
154101,2010,0.0
154235,2010,0.0
154350,2010,0.25
154493,2010,0.16666666666666666
154518,2010,0.07142857142857142
154527,2010,0.45454545454545453
154590,2010,0.27586206896551724
154688,2010,0.47619047619047616
154712,2010,0.5555555555555556
154721,2010,0.25
154749,2010,0.3333333333333333
154855,2010,0.2727272727272727
155025,2010,0.21951219512195122
155061,2010,0.15384615384615385
155070,2010,0.0
155089,2010,0.23076923076923078
155317,2010,0.3933333333333333
155335,2010,0.14285714285714285
155399,2010,0.22123893805309736
155414,2010,0.2857142857142857
155496,2010,0.0
155511,2010,0.5
155520,2010,0.15
155627,2010,0.5
155681,2010,0.2777777777777778
155812,2010,0.17647058823529413
155900,2010,0.46153846153846156
155937,2010,0.0
155973,2010,0.14285714285714285
156082,2010,0.25
156125,2010,0.23684210526315788
156189,2010,0.0
156213,2010,0.5
156286,2010,0.6666666666666666
156295,2010,0.5333333333333333
156356,2010,0.0
156365,2010,0.4
156408,2010,0.8
156541,2010,0.18181818181818182
156620,2010,0.25
156745,2010,0.6
157021,2010,1.0
157030,2010,1.0
157058,2010,0.22727272727272727
157076,2010,0.32142857142857145
157085,2010,0.4676258992805755
157100,2010,1.0
157216,2010,0.21212121212121213
157289,2010,0.4414715719063545
157359,2010,0.038461538461538464
157377,2010,1.0
157386,2010,0.35555555555555557
157401,2010,0.3875
157447,2010,0.3191489361702128
157535,2010,0.0
157757,2010,0.35
157809,2010,0.23076923076923078
157818,2010,0.3333333333333333
157863,2010,0.3333333333333333
157951,2010,0.3161764705882353
158477,2010,0.6363636363636364
158802,2010,0.24329896907216494
159009,2010,0.27178030303030304
159382,2010,0.047619047619047616
159391,2010,0.5440528634361234
159416,2010,0.17699115044247787
159568,2010,0.13333333333333333
159647,2010,0.36771300448430494
159717,2010,0.24609375
159939,2010,0.12121212121212122
159948,2010,0.0
159966,2010,0.25943396226415094
159993,2010,0.22604422604422605
160038,2010,0.2918781725888325
160074,2010,0.5
160612,2010,0.24043715846994534
160621,2010,0.3050847457627119
160658,2010,0.3425414364640884
160904,2010,0.5780487804878048
160977,2010,0.9090909090909091
161004,2010,0.8928571428571429
161086,2010,1.0
161165,2010,0.19230769230769232
161217,2010,0.5
161235,2010,0.3333333333333333
161244,2010,0.5
161253,2010,0.6521739130434783
161341,2010,0.0
161457,2010,0.0
161509,2010,0.3333333333333333
161518,2010,0.25
161554,2010,0.3333333333333333
161563,2010,0.0
162007,2010,0.40442890442890445
162061,2010,0.32432432432432434
162210,2010,0.2621359223300971
162283,2010,0.14691943127962084
162584,2010,0.43010752688172044
162654,2010,0.8181818181818182
162760,2010,0.6129032258064516
162928,2010,0.875
163046,2010,0.8333333333333334
163204,2010,0.04878048780487805
163268,2010,0.6433566433566433
163286,2010,0.7318840579710145
163295,2010,0.5333333333333333
163338,2010,0.3102652825836217
163453,2010,0.2752562225475842
163462,2010,0.696969696969697
163578,2010,0.3611111111111111
163851,2010,0.5957446808510638
163912,2010,0.803921568627451
163921,2010,0.275
163976,2010,1.0
164076,2010,0.5464684014869888
164155,2010,0.7741935483870968
164173,2010,0.5294117647058824
164207,2010,0.2
164216,2010,0.6666666666666666
164270,2010,0.7391304347826086
164447,2010,0.3516483516483517
164465,2010,0.95
164492,2010,0.2222222222222222
164562,2010,0.25
164580,2010,1.0
164614,2010,0.0
164632,2010,0.6666666666666666
164641,2010,0.0
164720,2010,0.24489795918367346
164739,2010,0.8666666666666667
164748,2010,0.34782608695652173
164872,2010,0.2
164924,2010,0.8378378378378378
164933,2010,0.09090909090909091
164988,2010,0.8108108108108109
165015,2010,0.8695652173913043
165024,2010,0.4024390243902439
165167,2010,0.0
165334,2010,0.8888888888888888
165529,2010,0.3333333333333333
165574,2010,1.0
165644,2010,0.0
165662,2010,1.0
165671,2010,0.38461538461538464
165699,2010,0.0
165802,2010,0.625
165820,2010,0.3333333333333333
165866,2010,0.45
165936,2010,0.8
166018,2010,0.6153846153846154
166027,2010,0.9398496240601504
166124,2010,0.78125
166391,2010,0.47368421052631576
166452,2010,0.45454545454545453
166513,2010,0.47058823529411764
166629,2010,0.5797872340425532
166638,2010,0.26881720430107525
166656,2010,0.7142857142857143
166674,2010,0.625
166683,2010,0.8333333333333334
166692,2010,0.3333333333333333
166850,2010,0.8333333333333334
166911,2010,1.0
166939,2010,0.5714285714285714
166948,2010,0.3684210526315789
167057,2010,1.0
167251,2010,0.29310344827586204
167260,2010,0.25
167288,2010,0.25
167358,2010,0.6954022988505747
167394,2010,0.5555555555555556
167455,2010,0.36585365853658536
167598,2010,0.5454545454545454
167729,2010,0.32926829268292684
167783,2010,0.52
167835,2010,0.84375
167899,2010,0.23076923076923078
167987,2010,0.29464285714285715
167996,2010,0.47058823529411764
168005,2010,0.3548387096774194
168148,2010,0.8765432098765432
168218,2010,0.9666666666666667
168227,2010,0.4
168254,2010,0.32
168263,2010,0.5161290322580645
168281,2010,0.7391304347826086
168290,2010,0.5
168342,2010,0.9411764705882353
168421,2010,0.6666666666666666
168430,2010,0.4444444444444444
168528,2010,0.4
168546,2010,0.5238095238095238
168591,2010,0.5
168740,2010,0.696969696969697
168786,2010,0.21428571428571427
168838,2010,0.0
168847,2010,0.030303030303030304
169080,2010,0.42857142857142855
169248,2010,0.3282051282051282
169327,2010,0.5714285714285714
169363,2010,0.0
169442,2010,0.3333333333333333
169479,2010,0.08333333333333333
169716,2010,0.319672131147541
169798,2010,0.2622309197651663
169910,2010,0.34615384615384615
169983,2010,0.36
170037,2010,0.4
170082,2010,0.5641025641025641
170091,2010,0.0
170301,2010,0.8125
170532,2010,0.7692307692307693
170639,2010,0.2857142857142857
170675,2010,0.1111111111111111
170806,2010,0.15
170842,2010,0.16216216216216217
170967,2010,0.36363636363636365
170976,2010,0.7759562841530054
171100,2010,0.5543964232488823
171128,2010,0.5882352941176471
171137,2010,0.45454545454545453
171146,2010,0.2698412698412698
171298,2010,0.0
171456,2010,0.08
171492,2010,0.3333333333333333
171571,2010,0.1786833855799373
171599,2010,0.2
171881,2010,0.0
172051,2010,0.16822429906542055
172264,2010,0.20689655172413793
172334,2010,0.35714285714285715
172440,2010,0.0
172644,2010,0.07547169811320754
172699,2010,0.4430379746835443
172866,2010,0.0
173045,2010,0.35714285714285715
173124,2010,0.0
173142,2010,0.16666666666666666
173160,2010,0.6666666666666666
173258,2010,0.75
173300,2010,0.42857142857142855
173328,2010,0.2727272727272727
173647,2010,0.8888888888888888
173665,2010,0.7142857142857143
173887,2010,0.2
173902,2010,0.75
173920,2010,0.32608695652173914
174020,2010,0.25
174066,2010,0.41365461847389556
174075,2010,0.125
174206,2010,0.0
174233,2010,0.23809523809523808
174251,2010,0.14285714285714285
174358,2010,0.45454545454545453
174385,2010,0.0
174394,2010,0.1111111111111111
174437,2010,0.36363636363636365
174491,2010,0.5454545454545454
174525,2010,0.0
174747,2010,0.625
174783,2010,0.2894736842105263
174792,2010,0.5
174817,2010,0.3333333333333333
174844,2010,0.8181818181818182
174862,2010,0.3333333333333333
174899,2010,0.5
174914,2010,0.6875
175005,2010,0.6086956521739131
175078,2010,0.11538461538461539
175272,2010,0.3157894736842105
175342,2010,0.3148148148148148
175421,2010,0.25806451612903225
175430,2010,0.16666666666666666
175616,2010,0.2571428571428571
175856,2010,0.4071363220494053
175980,2010,0.6052631578947368
176017,2010,0.4364406779661017
176035,2010,0.2857142857142857
176044,2010,0.23055555555555557
176053,2010,0.273972602739726
176080,2010,0.4192825112107623
176318,2010,0.2661290322580645
176372,2010,0.34814814814814815
176406,2010,0.4830917874396135
176479,2010,0.38235294117647056
176628,2010,0.23529411764705882
176637,2010,0.12195121951219512
176664,2010,0.0
176770,2010,1.0
176910,2010,0.25
176938,2010,0.5
176947,2010,0.5454545454545454
176965,2010,0.35185185185185186
177065,2010,0.2857142857142857
177144,2010,0.0
177162,2010,0.1
177214,2010,0.7
177339,2010,0.5
177418,2010,0.21621621621621623
177542,2010,0.0
177551,2010,0.20512820512820512
177719,2010,1.0
177746,2010,0.75
177940,2010,0.15789473684210525
177968,2010,0.3684210526315789
178059,2010,0.5454545454545454
178226,2010,0.2857142857142857
178244,2010,0.14285714285714285
178305,2010,0.5
178341,2010,0.25925925925925924
178369,2010,0.18867924528301888
178387,2010,0.09268292682926829
178396,2010,0.5956112852664577
178402,2010,0.3068181818181818
178411,2010,0.40625
178420,2010,0.35135135135135137
178615,2010,0.7205882352941176
178624,2010,0.3037974683544304
178679,2010,0.0
178697,2010,0.5
178721,2010,0.13333333333333333
178891,2010,1.0
179043,2010,0.3333333333333333
179159,2010,0.4536082474226804
179256,2010,0.0
179326,2010,0.3076923076923077
179548,2010,0.5
179557,2010,0.3526570048309179
179566,2010,0.4444444444444444
179867,2010,0.881578947368421
179894,2010,0.5121951219512195
179946,2010,0.6666666666666666
179955,2010,0.6923076923076923
179964,2010,0.4
180179,2010,0.0
180258,2010,0.0
180461,2010,0.16666666666666666
180489,2010,0.3333333333333333
180522,2010,0.0
180814,2010,0.2857142857142857
180832,2010,0.3333333333333333
180948,2010,0.0
180984,2010,0.16666666666666666
181002,2010,0.6571428571428571
181020,2010,0.3076923076923077
181093,2010,1.0
181127,2010,0.375
181215,2010,0.5
181242,2010,1.0
181330,2010,0.3333333333333333
181394,2010,0.2604166666666667
181446,2010,0.5
181464,2010,0.46808510638297873
181534,2010,0.14285714285714285
181604,2010,0.7142857142857143
181738,2010,0.2857142857142857
181783,2010,0.5384615384615384
181853,2010,0.4
182111,2010,1.0
182281,2010,0.31985294117647056
182290,2010,0.5076923076923077
182306,2010,0.0
182430,2010,1.0
182458,2010,0.0
182634,2010,0.0
182661,2010,0.3333333333333333
182670,2010,0.8518518518518519
182795,2010,0.2631578947368421
182980,2010,0.36363636363636365
183026,2010,0.3
183044,2010,0.6875
183062,2010,0.5714285714285714
183071,2010,0.5
183080,2010,0.42857142857142855
183211,2010,0.6
183239,2010,0.75
183345,2010,1.0
183789,2010,0.26666666666666666
183822,2010,0.27918781725888325
183910,2010,0.47058823529411764
183974,2010,0.5185185185185185
184269,2010,0.0
184348,2010,0.7272727272727273
184603,2010,0.3516483516483517
184612,2010,0.24324324324324326
184694,2010,0.39285714285714285
184773,2010,0.41379310344827586
184782,2010,0.4631578947368421
185129,2010,0.3020833333333333
185262,2010,0.3715277777777778
185572,2010,0.5588235294117647
185590,2010,0.5024875621890548
185828,2010,0.38461538461538464
186131,2010,0.9375
186201,2010,0.5081967213114754
186283,2010,0.352112676056338
186371,2010,0.6326530612244898
186380,2010,0.7015250544662309
186399,2010,0.6888888888888889
186432,2010,0.3333333333333333
186584,2010,0.5277777777777778
186618,2010,0.4666666666666667
186867,2010,0.34615384615384615
186876,2010,0.6101694915254238
187134,2010,0.6222222222222222
187444,2010,0.4226190476190476
187648,2010,0.08695652173913043
187897,2010,0.14285714285714285
187967,2010,0.0
187985,2010,0.37333333333333335
188030,2010,0.3541666666666667
188146,2010,0.5
188182,2010,0.0
188304,2010,0.0
188340,2010,0.0
188429,2010,0.5454545454545454
188465,2010,0.3
188526,2010,0.5
188641,2010,0.3157894736842105
189088,2010,0.5
189097,2010,0.84375
189228,2010,0.21367521367521367
189413,2010,0.22727272727272727
189459,2010,0.35714285714285715
189705,2010,0.40625
189848,2010,0.47368421052631576
190044,2010,0.38461538461538464
190099,2010,1.0
190114,2010,0.2692307692307692
190150,2010,0.9056603773584906
190248,2010,0.3125
190372,2010,0.8333333333333334
190415,2010,0.8484848484848485
190512,2010,0.49324324324324326
190549,2010,0.4444444444444444
190558,2010,0.0
190567,2010,0.35251798561151076
190594,2010,0.416289592760181
190600,2010,0.415
190637,2010,0.372972972972973
190646,2010,0.42857142857142855
190655,2010,0.2830188679245283
190664,2010,0.4897959183673469
190691,2010,0.195
190716,2010,0.26666666666666666
190725,2010,0.1875
190761,2010,0.34545454545454546
190770,2010,0.20754716981132076
190983,2010,0.42857142857142855
191205,2010,0.2727272727272727
191241,2010,0.7349397590361446
191515,2010,0.782608695652174
191533,2010,0.5217391304347826
191621,2010,0.3333333333333333
191630,2010,0.56
191649,2010,0.49404761904761907
191676,2010,0.5
191931,2010,0.4528301886792453
191968,2010,0.7551020408163265
192110,2010,0.8571428571428571
192192,2010,0.17391304347826086
192271,2010,0.42857142857142855
192323,2010,0.6190476190476191
192439,2010,0.1595744680851064
192448,2010,0.2608695652173913
192703,2010,0.5384615384615384
192712,2010,0.6666666666666666
192749,2010,0.4411764705882353
192819,2010,0.5
192864,2010,0.2647058823529412
192925,2010,0.2
193016,2010,0.23655913978494625
193292,2010,0.45454545454545453
193308,2010,0.7127659574468085
193317,2010,0.7657657657657657
193353,2010,0.36
193399,2010,0.3448275862068966
193584,2010,0.55
193645,2010,0.2807971014492754
193654,2010,0.4482758620689655
193900,2010,0.781021897810219
193973,2010,0.4666666666666667
194091,2010,0.42391304347826086
194161,2010,0.22413793103448276
194310,2010,0.4489795918367347
194392,2010,0.5
194541,2010,0.46511627906976744
194569,2010,0.0
194578,2010,0.6176470588235294
194824,2010,0.8297872340425532
194958,2010,0.2857142857142857
195003,2010,0.4673913043478261
195030,2010,0.75
195128,2010,0.4444444444444444
195164,2010,0.4482758620689655
195173,2010,0.35526315789473684
195216,2010,0.6666666666666666
195234,2010,0.5
195243,2010,0.5714285714285714
195304,2010,0.9
195474,2010,0.7368421052631579
195526,2010,0.7692307692307693
195544,2010,0.6129032258064516
195720,2010,0.7368421052631579
195809,2010,0.514792899408284
196006,2010,1.0
196033,2010,0.2
196042,2010,0.4166666666666667
196051,2010,0.25
196060,2010,0.693069306930693
196079,2010,0.7251908396946565
196088,2010,0.6029411764705882
196097,2010,0.7015706806282722
196103,2010,1.0
196112,2010,0.3333333333333333
196121,2010,0.4883720930232558
196130,2010,0.42201834862385323
196149,2010,0.6296296296296297
196158,2010,0.42857142857142855
196167,2010,0.46875
196176,2010,0.7164179104477612
196185,2010,0.5909090909090909
196194,2010,0.5466666666666666
196200,2010,0.45161290322580644
196219,2010,0.46774193548387094
196237,2010,0.4230769230769231
196246,2010,0.6
196264,2010,0.13953488372093023
196291,2010,0.3333333333333333
196413,2010,0.7359307359307359
196866,2010,0.9166666666666666
197027,2010,0.7142857142857143
197036,2010,0.7411764705882353
197045,2010,0.38596491228070173
197133,2010,0.8421052631578947
197151,2010,0.5357142857142857
197197,2010,0.7391304347826086
197230,2010,0.7692307692307693
197832,2010,0.16666666666666666
197869,2010,0.4375
197911,2010,0.22727272727272727
197984,2010,0.1875
197993,2010,0.3888888888888889
198066,2010,0.2
198109,2010,0.0
198136,2010,0.40625
198215,2010,0.3611111111111111
198303,2010,0.2706766917293233
198385,2010,0.7096774193548387
198419,2010,0.9044585987261147
198464,2010,0.5316742081447964
198507,2010,0.452431289640592
198516,2010,0.7837837837837838
198543,2010,0.3113342898134864
198561,2010,0.41935483870967744
198598,2010,0.3235294117647059
198613,2010,0.5
198677,2010,0.6666666666666666
198695,2010,0.5882352941176471
198747,2010,0.5
198756,2010,0.3704545454545455
198808,2010,0.05263157894736842
198835,2010,0.1724137931034483
198862,2010,0.29714285714285715
198899,2010,0.2857142857142857
198950,2010,0.48717948717948717
198969,2010,0.14492753623188406
199032,2010,0.5
199069,2010,0.38095238095238093
199102,2010,0.40892193308550184
199111,2010,0.5454545454545454
199120,2010,0.8087167070217918
199139,2010,0.5391566265060241
199148,2010,0.6007905138339921
199157,2010,0.3876040703052729
199184,2010,0.7
199193,2010,0.5960099750623441
199209,2010,0.2421875
199218,2010,0.6752136752136753
199272,2010,0.36363636363636365
199281,2010,0.33739837398373984
199306,2010,0.14285714285714285
199315,2010,0.0
199412,2010,0.55
199582,2010,0.22310756972111553
199607,2010,0.5238095238095238
199643,2010,0.2729083665338645
199698,2010,0.29411764705882354
199847,2010,0.8068181818181818
199865,2010,0.25
199962,2010,0.45714285714285713
199999,2010,0.4195804195804196
200004,2010,0.4787234042553192
200059,2010,0.0
200217,2010,0.125
200226,2010,0.2
200253,2010,0.0
200280,2010,0.5454545454545454
200332,2010,0.32
200484,2010,0.5
200527,2010,1.0
200572,2010,0.2
200800,2010,0.12090163934426229
201061,2010,0.0
201104,2010,0.4444444444444444
201195,2010,0.42857142857142855
201371,2010,0.375
201441,2010,0.5011441647597255
201548,2010,0.38461538461538464
201645,2010,0.6666666666666666
201654,2010,0.7777777777777778
201690,2010,0.22857142857142856
201858,2010,0.5
201885,2010,0.3561643835616438
201964,2010,0.6666666666666666
202046,2010,0.2
202073,2010,1.0
202134,2010,0.13127413127413126
202170,2010,0.5294117647058824
202480,2010,0.5925925925925926
202514,2010,0.6666666666666666
202523,2010,0.7954545454545454
202541,2010,0.12195121951219512
202611,2010,0.0
202684,2010,1.0
202763,2010,0.2777777777777778
202806,2010,0.13793103448275862
202903,2010,0.0
203085,2010,0.44
203128,2010,0.65
203368,2010,0.4482758620689655
203447,2010,0.0
203465,2010,0.06451612903225806
203474,2010,0.0
203483,2010,0.5
203492,2010,0.0
203517,2010,0.3987341772151899
203526,2010,0.09090909090909091
203535,2010,0.8571428571428571
203580,2010,0.625
203757,2010,0.14285714285714285
203775,2010,0.23809523809523808
203845,2010,0.18181818181818182
203960,2010,1.0
204006,2010,0.18518518518518517
204015,2010,0.0
204024,2010,0.6428571428571429
204176,2010,0.4
204185,2010,0.5909090909090909
204194,2010,0.5555555555555556
204200,2010,0.13043478260869565
204264,2010,0.18181818181818182
204468,2010,0.1935483870967742
204501,2010,0.8125
204617,2010,0.36666666666666664
204635,2010,0.36363636363636365
204671,2010,0.375
204680,2010,0.22727272727272727
204699,2010,0.2857142857142857
204705,2010,0.2807017543859649
204796,2010,0.7289719626168224
204820,2010,0.0
204839,2010,0.125
204848,2010,0.0
204857,2010,0.5497630331753555
204866,2010,1.0
204909,2010,0.47058823529411764
204936,2010,0.37037037037037035
205203,2010,0.0
205443,2010,0.14285714285714285
205957,2010,0.6666666666666666
206002,2010,0.07692307692307693
206048,2010,0.2619047619047619
206084,2010,0.19642857142857142
206279,2010,0.0
206330,2010,0.16666666666666666
206349,2010,0.32142857142857145
206437,2010,0.36666666666666664
206491,2010,0.29714285714285715
206507,2010,0.16326530612244897
206525,2010,0.5454545454545454
206589,2010,0.5714285714285714
206604,2010,0.20689655172413793
206613,2010,0.0
206622,2010,0.6144578313253012
206695,2010,0.12946428571428573
206817,2010,0.08333333333333333
206835,2010,0.6666666666666666
206862,2010,0.09090909090909091
206914,2010,0.2127659574468085
206941,2010,0.29508196721311475
207041,2010,0.2857142857142857
207157,2010,0.0
207209,2010,0.19230769230769232
207254,2010,1.0
207263,2010,0.20930232558139536
207306,2010,0.13636363636363635
207324,2010,0.2413793103448276
207388,2010,0.47863247863247865
207403,2010,0.08333333333333333
207458,2010,0.6451612903225806
207500,2010,0.5209580838323353
207564,2010,0.0
207582,2010,0.4691358024691358
207689,2010,0.2
207722,2010,0.3
207847,2010,0.2857142857142857
207856,2010,0.2
207865,2010,0.22916666666666666
207971,2010,0.6285714285714286
208239,2010,0.4
208488,2010,0.4444444444444444
208646,2010,0.25
208822,2010,0.4
208965,2010,0.0
209056,2010,0.8
209065,2010,0.75
209409,2010,1.0
209542,2010,0.4117647058823529
209551,2010,0.576271186440678
209612,2010,0.4
209807,2010,0.1794871794871795
209825,2010,0.5294117647058824
209922,2010,0.7777777777777778
210146,2010,0.14285714285714285
210304,2010,0.2
210331,2010,0.0
210401,2010,0.5
210429,2010,0.21739130434782608
210571,2010,0.46153846153846156
210669,2010,0.5454545454545454
210739,2010,0.42857142857142855
210775,2010,0.21052631578947367
210942,2010,0.40789473684210525
210960,2010,0.40625
211024,2010,0.0
211088,2010,0.47058823529411764
211158,2010,0.4028776978417266
211273,2010,0.8947368421052632
211291,2010,0.8636363636363636
211352,2010,0.6666666666666666
211361,2010,0.5740740740740741
211431,2010,0.18181818181818182
211440,2010,0.7051282051282052
211468,2010,0.2
211477,2010,0.8095238095238095
211556,2010,0.5384615384615384
211583,2010,0.3225806451612903
211608,2010,0.24274406332453827
211644,2010,0.2647058823529412
211893,2010,0.0
211981,2010,0.10526315789473684
212009,2010,0.7857142857142857
212054,2010,0.45132743362831856
212106,2010,0.475
212115,2010,0.3225806451612903
212133,2010,0.40540540540540543
212160,2010,0.4631578947368421
212197,2010,0.625
212577,2010,0.7894736842105263
212601,2010,0.1724137931034483
212656,2010,0.36363636363636365
212674,2010,0.88
212805,2010,0.6
212832,2010,0.6666666666666666
212911,2010,0.8947368421052632
212984,2010,0.4166666666666667
213011,2010,0.5
213020,2010,0.3970037453183521
213251,2010,0.6363636363636364
213303,2010,0.5
213321,2010,0.3684210526315789
213349,2010,0.2988505747126437
213358,2010,0.2777777777777778
213367,2010,0.5063291139240507
213385,2010,0.7419354838709677
213400,2010,1.0
213507,2010,0.3333333333333333
213543,2010,0.6111111111111112
213598,2010,0.4019607843137255
213613,2010,0.25984251968503935
213668,2010,0.625
213783,2010,0.42857142857142855
213826,2010,1.0
213987,2010,0.3
213996,2010,0.5833333333333334
214041,2010,0.36220472440944884
214069,2010,0.42857142857142855
214148,2010,0.1111111111111111
214157,2010,0.3333333333333333
214166,2010,0.0
214175,2010,0.5714285714285714
214272,2010,0.40963855421686746
214591,2010,0.45454545454545453
214634,2010,1.0
214643,2010,0.25
214652,2010,0.0
214670,2010,0.2
214689,2010,0.5
214698,2010,0.42857142857142855
214704,2010,0.5283018867924528
214713,2010,0.5833333333333334
214731,2010,0.18840579710144928
214759,2010,0.0
214768,2010,0.3142857142857143
214777,2010,0.708
214786,2010,0.4117647058823529
214795,2010,0.3333333333333333
214801,2010,0.35802469135802467
214810,2010,0.5
214829,2010,0.5714285714285714
214883,2010,0.42857142857142855
214971,2010,1.0
215053,2010,0.0
215062,2010,0.9550561797752809
215099,2010,0.44
215105,2010,0.5471698113207547
215114,2010,0.5
215132,2010,0.5789473684210527
215266,2010,0.2727272727272727
215275,2010,0.42857142857142855
215284,2010,0.5
215293,2010,0.630718954248366
215442,2010,0.34375
215637,2010,0.6666666666666666
215655,2010,0.4107142857142857
215691,2010,0.4883720930232558
215743,2010,0.37037037037037035
215770,2010,0.5
215798,2010,0.5384615384615384
215929,2010,0.7333333333333333
215947,2010,0.38461538461538464
216010,2010,0.45161290322580644
216038,2010,0.47435897435897434
216278,2010,0.7333333333333333
216287,2010,1.0
216339,2010,0.6218905472636815
216357,2010,0.35714285714285715
216524,2010,0.6153846153846154
216542,2010,0.38461538461538464
216597,2010,0.8392857142857143
216667,2010,0.7
216694,2010,0.42857142857142855
216764,2010,0.5764705882352941
216807,2010,0.5
216852,2010,0.2692307692307692
216931,2010,0.42857142857142855
217013,2010,0.3333333333333333
217059,2010,0.4
217156,2010,0.9058823529411765
217165,2010,0.8461538461538461
217235,2010,0.5277777777777778
217402,2010,0.875
217420,2010,0.27906976744186046
217484,2010,0.54
217493,2010,1.0
217518,2010,0.8
217536,2010,0.5
217606,2010,0.0
217624,2010,0.10270270270270271
217633,2010,0.16666666666666666
217688,2010,0.38095238095238093
217721,2010,0.2629558541266795
217749,2010,0.3076923076923077
217776,2010,0.43478260869565216
217819,2010,0.4690265486725664
217864,2010,0.47368421052631576
217873,2010,0.38268156424581007
217882,2010,0.6118143459915611
217907,2010,0.5909090909090909
217925,2010,1.0
217934,2010,0.43023255813953487
217961,2010,0.6
217998,2010,0.21428571428571427
218061,2010,0.4447592067988669
218070,2010,0.8095238095238095
218229,2010,0.34782608695652173
218238,2010,0.47619047619047616
218399,2010,0.3285024154589372
218414,2010,0.20512820512820512
218441,2010,0.46153846153846156
218539,2010,0.8235294117647058
218645,2010,0.37579617834394907
218654,2010,0.25
218663,2010,0.6544502617801047
218724,2010,0.5106382978723404
218733,2010,0.34545454545454546
218742,2010,0.4
218919,2010,0.3333333333333333
218964,2010,0.6007751937984496
218973,2010,0.6666666666666666
219000,2010,0.5
219046,2010,0.0
219082,2010,0.0
219091,2010,0.5
219198,2010,0.6666666666666666
219204,2010,0.3333333333333333
219213,2010,0.0
219259,2010,1.0
219277,2010,1.0
219347,2010,0.6666666666666666
219356,2010,0.4
219383,2010,0.3333333333333333
219471,2010,0.4
219505,2010,1.0
219602,2010,0.2654320987654321
219639,2010,1.0
219709,2010,0.75
219718,2010,0.2962962962962963
219790,2010,0.3333333333333333
219806,2010,0.2619047619047619
219833,2010,0.5111111111111111
219949,2010,0.23529411764705882
219976,2010,0.5238095238095238
220075,2010,0.31666666666666665
220181,2010,0.45544554455445546
220206,2010,0.0
220215,2010,0.15384615384615385
220473,2010,1.0
220516,2010,0.26666666666666666
220552,2010,1.0
220598,2010,0.3364485981308411
220604,2010,0.14893617021276595
220613,2010,0.22727272727272727
220631,2010,0.4
220701,2010,0.5806451612903226
220710,2010,0.3333333333333333
220808,2010,0.1111111111111111
220862,2010,0.27692307692307694
220941,2010,0.07142857142857142
220978,2010,0.43103448275862066
221014,2010,0.0
221254,2010,0.6
221351,2010,0.7241379310344828
221519,2010,0.9
221661,2010,0.4588235294117647
221731,2010,0.14285714285714285
221740,2010,0.25705329153605017
221759,2010,0.5588235294117647
221768,2010,0.36363636363636365
221795,2010,1.0
221838,2010,0.35174953959484345
221847,2010,0.5333333333333333
221856,2010,0.125
221892,2010,0.4666666666666667
221953,2010,0.26785714285714285
221971,2010,0.5714285714285714
221999,2010,0.8863636363636364
222178,2010,0.4117647058823529
222831,2010,0.21348314606741572
222877,2010,1.0
222938,2010,0.375
222983,2010,0.5
223117,2010,0.0
223232,2010,0.5842696629213483
224004,2010,0.25
224147,2010,0.375
224226,2010,0.36363636363636365
224244,2010,0.0
224323,2010,1.0
224402,2010,0.19444444444444445
224527,2010,0.21212121212121213
224554,2010,0.30434782608695654
224776,2010,1.0
225247,2010,0.23529411764705882
225399,2010,0.3076923076923077
225432,2010,0.10424710424710425
225511,2010,0.37720706260032105
225548,2010,0.13793103448275862
225575,2010,0.17094017094017094
225627,2010,0.19230769230769232
225885,2010,0.13541666666666666
226091,2010,0.2408026755852843
226152,2010,0.0
226231,2010,0.38461538461538464
226383,2010,0.1
226471,2010,0.26666666666666666
226587,2010,0.3125
226833,2010,0.2792207792207792
227216,2010,0.4613899613899614
227243,2010,0.13333333333333333
227331,2010,0.4
227368,2010,0.5833333333333334
227377,2010,0.0
227429,2010,0.037037037037037035
227526,2010,0.3375912408759124
227757,2010,0.9
227845,2010,0.68
227863,2010,0.2727272727272727
227881,2010,0.4946236559139785
228042,2010,0.125
228149,2010,0.47619047619047616
228246,2010,0.6851851851851852
228325,2010,0.20833333333333334
228343,2010,0.5714285714285714
228431,2010,0.35342465753424657
228459,2010,0.4855072463768116
228468,2010,0.45454545454545453
228501,2010,0.03571428571428571
228529,2010,0.2391304347826087
228705,2010,0.2413793103448276
228714,2010,0.18181818181818182
228723,2010,0.6
228769,2010,0.36245954692556637
228778,2010,0.661849710982659
228787,2010,0.42592592592592593
228796,2010,0.2903225806451613
228802,2010,0.40540540540540543
228875,2010,0.6835443037974683
228884,2010,0.18292682926829268
228981,2010,0.4482758620689655
229018,2010,0.15384615384615385
229027,2010,0.2722222222222222
229063,2010,0.11503347534996956
229115,2010,0.5338345864661654
229160,2010,0.24
229179,2010,0.3401015228426396
229267,2010,0.8947368421052632
229780,2010,0.25
229814,2010,0.21212121212121213
229887,2010,0.16911764705882354
230038,2010,0.75
230047,2010,0.0
230603,2010,0.2857142857142857
230621,2010,0.25
230728,2010,0.38095238095238093
230737,2010,0.5
230764,2010,0.43478260869565216
230782,2010,0.0
230807,2010,0.3333333333333333
230816,2010,0.5
230834,2010,0.75
230889,2010,0.0
230898,2010,0.2857142857142857
230913,2010,0.0
230931,2010,0.3333333333333333
230959,2010,0.6875
230995,2010,0.35714285714285715
231059,2010,1.0
231077,2010,0.0
231174,2010,0.6666666666666666
231420,2010,0.32727272727272727
231554,2010,0.25
231581,2010,0.21739130434782608
231624,2010,0.8043478260869565
231651,2010,0.0
231712,2010,0.15384615384615385
232016,2010,1.0
232025,2010,0.6
232043,2010,0.3333333333333333
232089,2010,0.17045454545454544
232186,2010,0.6079545454545454
232256,2010,0.6923076923076923
232265,2010,0.5563041385948027
232308,2010,0.6
232423,2010,0.7687074829931972
232557,2010,0.20077220077220076
232566,2010,0.5285714285714286
232609,2010,0.34146341463414637
232672,2010,0.6
232681,2010,0.6842105263157895
232706,2010,0.4888888888888889
232937,2010,0.3244803695150115
232982,2010,0.47368421052631576
233277,2010,0.5775862068965517
233295,2010,0.7419354838709677
233301,2010,0.5
233374,2010,0.9111111111111111
233426,2010,0.5625
233499,2010,0.2072072072072072
233541,2010,0.25
233611,2010,0.0
233684,2010,0.0
233718,2010,0.5
233897,2010,0.06451612903225806
233912,2010,0.13333333333333333
233921,2010,0.6703296703296703
234030,2010,0.5228276877761414
234076,2010,0.8488745980707395
234085,2010,0.5
234137,2010,1.0
234155,2010,0.41723800195886385
234164,2010,0.29394812680115273
234173,2010,0.4186046511627907
234207,2010,0.9444444444444444
234216,2010,0.5
234492,2010,0.6
234827,2010,0.36666666666666664
235024,2010,0.5
235097,2010,0.3076923076923077
235167,2010,0.15384615384615385
235316,2010,0.9
235422,2010,0.0
235510,2010,0.0
235529,2010,0.0
235769,2010,0.0
236133,2010,0.4
236230,2010,0.7777777777777778
236328,2010,0.8333333333333334
236452,2010,0.25
236577,2010,0.75
236595,2010,0.8
236896,2010,0.6363636363636364
236939,2010,0.5254237288135594
236948,2010,0.680672268907563
237011,2010,0.5833333333333334
237057,2010,0.9
237066,2010,0.8571428571428571
237118,2010,0.0
237136,2010,0.0
237154,2010,0.16666666666666666
237181,2010,0.09090909090909091
237215,2010,0.30434782608695654
237312,2010,0.4117647058823529
237330,2010,0.14285714285714285
237358,2010,0.3333333333333333
237367,2010,0.2857142857142857
237385,2010,0.058823529411764705
237525,2010,0.37272727272727274
237640,2010,0.0
237686,2010,0.3333333333333333
237792,2010,0.3548387096774194
237899,2010,0.18571428571428572
237932,2010,0.2
237950,2010,0.15384615384615385
237969,2010,0.25
238032,2010,0.32432432432432434
238078,2010,0.4
238193,2010,0.21311475409836064
238333,2010,0.6363636363636364
238430,2010,0.46153846153846156
238458,2010,0.3076923076923077
238476,2010,0.3333333333333333
238616,2010,0.15384615384615385
238661,2010,0.6666666666666666
238892,2010,0.05263157894736842
238935,2010,0.0
238980,2010,0.2727272727272727
239017,2010,0.4444444444444444
239071,2010,0.0
239080,2010,0.3333333333333333
239105,2010,0.7066666666666667
239309,2010,0.2857142857142857
239318,2010,0.5
239390,2010,0.2857142857142857
239503,2010,0.0
239512,2010,0.6
239628,2010,0.5
239716,2010,0.75
240107,2010,0.0
240189,2010,0.27380952380952384
240268,2010,0.4
240277,2010,0.3333333333333333
240329,2010,0.5
240338,2010,0.5
240365,2010,0.3157894736842105
240374,2010,0.14285714285714285
240392,2010,0.0
240417,2010,0.4166666666666667
240426,2010,0.0
240444,2010,0.6184971098265896
240453,2010,0.1879432624113475
240462,2010,0.3333333333333333
240471,2010,0.38461538461538464
240480,2010,0.4166666666666667
240727,2010,0.3333333333333333
240754,2010,0.2
241191,2010,0.2
243142,2010,1.0
243665,2010,0.3181818181818182
243744,2010,0.93
243780,2010,0.47410358565737054
244011,2010,0.4
244154,2010,0.0
245342,2010,1.0
245652,2010,1.0
245953,2010,0.2857142857142857
247700,2010,0.0
248934,2010,0.3333333333333333
260293,2010,0.2222222222222222
260789,2010,0.3333333333333333
260901,2010,0.0
262129,2010,0.5
262332,2010,0.6666666666666666
363934,2010,0.0
366252,2010,0.09090909090909091
366650,2010,0.6666666666666666
366711,2010,0.4444444444444444
367884,2010,0.2
368452,2010,0.5
368601,2010,0.10714285714285714
369084,2010,0.0
372213,2010,0.03333333333333333
372222,2010,0.10526315789473684
372578,2010,0.0
378406,2010,0.2857142857142857
380465,2010,0.0
381741,2010,1.0
381787,2010,0.0
381909,2010,0.09090909090909091
384254,2010,1.0
384412,2010,0.2
385619,2010,0.5652173913043478
388520,2010,0.3333333333333333
390701,2010,0.16666666666666666
398130,2010,0.2
399869,2010,0.6666666666666666
399911,2010,0.0
402776,2010,1.0
404073,2010,0.0
404082,2010,0.0
404338,2010,1.0
405979,2010,0.5
405988,2010,0.25
405997,2010,0.0
406006,2010,0.09375
406015,2010,0.128
406194,2010,0.0
407285,2010,1.0
407319,2010,0.0
409698,2010,0.47368421052631576
409838,2010,0.5
410502,2010,0.25
413839,2010,0.0
413848,2010,0.0
413857,2010,0.125
413884,2010,0.12121212121212122
414160,2010,0.0
414531,2010,0.0
414568,2010,0.05555555555555555
414823,2010,0.5412844036697247
416962,2010,0.18
417752,2010,0.0
419509,2010,0.07142857142857142
420006,2010,0.3333333333333333
420042,2010,0.5
420316,2010,0.5
421009,2010,0.15
421018,2010,0.1305732484076433
426314,2010,0.5
428286,2010,1.0
428444,2010,0.6
429599,2010,0.0
430087,2010,0.0
430184,2010,0.16666666666666666
430263,2010,0.18181818181818182
432199,2010,0.09375
432214,2010,0.0
432223,2010,0.2222222222222222
432232,2010,0.09090909090909091
432241,2010,0.3333333333333333
432384,2010,0.5555555555555556
432533,2010,0.2
433387,2010,0.072
433660,2010,0.391304347826087
434548,2010,0.5
434946,2010,0.2753623188405797
434955,2010,0.10810810810810811
434964,2010,0.2037037037037037
434973,2010,0.15
434982,2010,0.2727272727272727
434991,2010,0.06896551724137931
436191,2010,1.0
436483,2010,0.14285714285714285
436818,2010,0.3684210526315789
436827,2010,0.0
436836,2010,0.52
437051,2010,0.1
437219,2010,0.0
437848,2010,0.0
438151,2010,0.16666666666666666
438382,2010,0.5
438416,2010,0.047619047619047616
438586,2010,0.1774193548387097
438601,2010,0.24390243902439024
438610,2010,0.10526315789473684
438629,2010,0.2857142857142857
438902,2010,0.3333333333333333
439163,2010,0.3191489361702128
439279,2010,0.046511627906976744
439288,2010,0.4
439297,2010,0.16666666666666666
440147,2010,0.0
440341,2010,0.14285714285714285
440420,2010,0.3
440439,2010,0.07608695652173914
440448,2010,0.1893491124260355
440457,2010,0.10526315789473684
440484,2010,0.3333333333333333
440536,2010,0.23529411764705882
440545,2010,0.16666666666666666
440590,2010,0.2
440925,2010,0.18181818181818182
441511,2010,1.0
441900,2010,0.3333333333333333
441937,2010,0.42857142857142855
441955,2010,0.1111111111111111
441964,2010,0.0
441973,2010,0.375
442143,2010,0.16666666666666666
442152,2010,0.11764705882352941
442161,2010,0.17777777777777778
442170,2010,0.1
442189,2010,0.038461538461538464
442365,2010,0.5
442569,2010,0.11494252873563218
442639,2010,0.25
442718,2010,0.0
442824,2010,0.125
443049,2010,0.6666666666666666
443331,2010,0.0
443410,2010,0.6666666666666666
443456,2010,0.07142857142857142
443465,2010,0.21428571428571427
443474,2010,0.08108108108108109
443544,2010,0.06060606060606061
443687,2010,0.1
443784,2010,0.16666666666666666
443881,2010,0.16129032258064516
443890,2010,0.14545454545454545
443906,2010,0.125
443924,2010,0.04
444158,2010,0.0379746835443038
444723,2010,1.0
445072,2010,0.0
445124,2010,0.3076923076923077
445133,2010,0.1
445188,2010,0.5918367346938775
445276,2010,0.2857142857142857
445300,2010,0.125
445319,2010,0.0
445391,2010,0.0
445434,2010,1.0
445692,2010,0.0
445708,2010,0.5301204819277109
445717,2010,0.07692307692307693
446048,2010,0.0
446394,2010,1.0
446613,2010,0.45454545454545453
446640,2010,0.0
446710,2010,0.0
446729,2010,0.0
446738,2010,0.16666666666666666
446747,2010,0.1
446756,2010,0.0
446765,2010,0.05555555555555555
446792,2010,0.0
446808,2010,0.0
446817,2010,1.0
446899,2010,0.0
447458,2010,0.08333333333333333
447652,2010,0.1111111111111111
447661,2010,0.0
447953,2010,1.0
448309,2010,0.3418803418803419
448530,2010,0.0
448567,2010,0.08333333333333333
448752,2010,0.5555555555555556
448761,2010,0.0
448840,2010,0.0
449931,2010,0.8
450933,2010,1.0
450979,2010,0.18181818181818182
451060,2010,0.2857142857142857
454184,2010,0.75
455770,2010,0.0
457484,2010,1.0
459994,2010,0.0
466921,2010,0.5
475121,2010,0.0
475291,2010,0.16666666666666666
100654,2011,0.3254759746146872
100663,2011,0.35279805352798055
100706,2011,0.3269230769230769
100724,2011,0.26360808709175737
100751,2011,0.5876010781671159
100830,2011,0.24719101123595505
100858,2011,0.43524416135881105
100937,2011,0.425
101073,2011,0.07575757575757576
101116,2011,0.0
101189,2011,0.16326530612244897
101365,2011,0.2777777777777778
101435,2011,0.36363636363636365
101480,2011,0.20308483290488433
101541,2011,0.5625
101587,2011,0.2857142857142857
101675,2011,0.14285714285714285
101693,2011,0.47368421052631576
101709,2011,0.484375
101879,2011,0.21014492753623187
101912,2011,0.3699421965317919
102049,2011,0.4482758620689655
102058,2011,0.50920245398773
102094,2011,0.2786885245901639
102234,2011,0.6363636363636364
102261,2011,0.0
102270,2011,0.25925925925925924
102298,2011,0.25443786982248523
102368,2011,0.24475524475524477
102377,2011,0.47627118644067795
102553,2011,0.13333333333333333
102614,2011,0.09090909090909091
102669,2011,0.5
102845,2011,0.3333333333333333
103644,2011,0.0
103723,2011,0.17647058823529413
104090,2011,0.25
104151,2011,0.3934010152284264
104179,2011,0.5082872928176796
104531,2011,0.18181818181818182
104586,2011,0.375
104717,2011,1.0
104805,2011,0.36507936507936506
105172,2011,0.0
105330,2011,0.22580645161290322
105516,2011,0.10526315789473684
105899,2011,0.0
106102,2011,0.0
106245,2011,0.09821428571428571
106306,2011,0.075
106342,2011,0.16666666666666666
106397,2011,0.49
106412,2011,0.2768777614138439
106458,2011,0.25348189415041783
106467,2011,0.2631578947368421
106485,2011,0.07386363636363637
106704,2011,0.24222222222222223
106713,2011,0.25
107044,2011,0.20454545454545456
107071,2011,0.3018867924528302
107080,2011,0.7
107141,2011,1.0
107512,2011,0.3157894736842105
107558,2011,0.16666666666666666
107600,2011,0.30666666666666664
107877,2011,0.0
107983,2011,0.302158273381295
108092,2011,0.07142857142857142
108232,2011,0.14705882352941177
108250,2011,0.0
109785,2011,0.41379310344827586
110097,2011,0.4
110185,2011,0.5
110361,2011,0.53125
110370,2011,0.6666666666666666
110404,2011,1.0
110413,2011,0.35294117647058826
110422,2011,0.6666666666666666
110486,2011,0.1590909090909091
110495,2011,0.29411764705882354
110510,2011,0.36585365853658536
110529,2011,0.5419847328244275
110538,2011,0.4383561643835616
110547,2011,0.21568627450980393
110556,2011,0.33980582524271846
110565,2011,0.41284403669724773
110574,2011,0.2356687898089172
110583,2011,0.504
110592,2011,0.2647058823529412
110608,2011,0.3159041394335512
110617,2011,0.26229508196721313
110635,2011,0.7697368421052632
110644,2011,0.6436781609195402
110653,2011,0.7592592592592593
110662,2011,0.78125
110671,2011,0.6784452296819788
110680,2011,0.7272727272727273
110705,2011,0.7192982456140351
110714,2011,0.6829268292682927
110918,2011,0.0
110945,2011,0.3953488372093023
111081,2011,0.4117647058823529
111188,2011,0.6
111948,2011,0.72
112075,2011,0.3333333333333333
112084,2011,0.5
112260,2011,0.9
112570,2011,0.16666666666666666
113607,2011,0.1794871794871795
113698,2011,0.5
114354,2011,0.6666666666666666
114813,2011,0.2857142857142857
115409,2011,0.5
115728,2011,0.38461538461538464
115755,2011,0.08823529411764706
115773,2011,0.75
116466,2011,0.125
116475,2011,0.0
116484,2011,0.0
117104,2011,0.0
117113,2011,0.2857142857142857
117140,2011,0.6363636363636364
117168,2011,0.25
117627,2011,0.30303030303030304
117751,2011,0.0
117928,2011,0.4
117946,2011,0.6666666666666666
118693,2011,0.3125
118888,2011,0.7222222222222222
119173,2011,0.625
119605,2011,0.5
120184,2011,0.6666666666666666
120254,2011,0.7857142857142857
120403,2011,0.0
120537,2011,0.3333333333333333
120865,2011,0.3333333333333333
120883,2011,0.4666666666666667
121150,2011,0.6956521739130435
121257,2011,0.85
121309,2011,0.4166666666666667
121345,2011,0.9
121381,2011,0.4444444444444444
121691,2011,0.8
122409,2011,0.6333333333333333
122436,2011,0.6
122454,2011,1.0
122597,2011,0.3333333333333333
122612,2011,0.6571428571428571
122728,2011,0.25
122755,2011,0.35714285714285715
122843,2011,0.13333333333333333
122931,2011,0.7428571428571429
123165,2011,1.0
123457,2011,0.1111111111111111
123554,2011,0.5333333333333333
123572,2011,0.42857142857142855
123651,2011,0.375
123961,2011,0.7589285714285714
124487,2011,1.0
125727,2011,0.8888888888888888
125763,2011,0.5
125897,2011,0.5714285714285714
126182,2011,0.19047619047619047
126562,2011,0.36363636363636365
126580,2011,0.35714285714285715
126614,2011,0.6428571428571429
126669,2011,0.3333333333333333
126678,2011,0.7777777777777778
126702,2011,0.36363636363636365
126775,2011,0.6
126818,2011,0.5052631578947369
126827,2011,0.0
126872,2011,0.28
127024,2011,0.0
127060,2011,0.7096774193548387
127185,2011,0.375
127556,2011,0.125
127565,2011,0.16883116883116883
127680,2011,0.0
127741,2011,0.35365853658536583
127918,2011,0.6666666666666666
127945,2011,0.6666666666666666
128106,2011,0.21428571428571427
128328,2011,0.7659574468085106
128391,2011,0.21428571428571427
128498,2011,0.6285714285714286
128683,2011,0.0
128744,2011,0.21551724137931033
128771,2011,0.358974358974359
128902,2011,0.8666666666666667
129020,2011,0.7134146341463414
129215,2011,0.5
129242,2011,0.78125
129525,2011,0.40186915887850466
129686,2011,1.0
129774,2011,0.4444444444444444
129941,2011,0.4489795918367347
130183,2011,0.22857142857142856
130226,2011,0.5833333333333334
130253,2011,0.37037037037037035
130314,2011,0.4444444444444444
130493,2011,0.3727810650887574
130590,2011,0.7142857142857143
130624,2011,0.8333333333333334
130697,2011,0.7941176470588235
130776,2011,0.3684210526315789
130794,2011,0.9325842696629213
130934,2011,0.3473684210526316
130943,2011,0.726027397260274
130989,2011,0.4230769230769231
131098,2011,0.226890756302521
131113,2011,0.2413793103448276
131159,2011,0.7027027027027027
131283,2011,0.375
131308,2011,0.5
131399,2011,0.136986301369863
131450,2011,0.16666666666666666
131469,2011,0.722972972972973
131496,2011,0.896
131520,2011,0.6271656271656272
131803,2011,0.375
131876,2011,0.30578512396694213
132338,2011,0.4444444444444444
132408,2011,0.0
132471,2011,0.4065040650406504
132602,2011,0.40567200986436497
132657,2011,0.26666666666666666
132879,2011,0.5714285714285714
132903,2011,0.597457627118644
133085,2011,0.8
133465,2011,0.23076923076923078
133492,2011,0.3888888888888889
133526,2011,0.23353293413173654
133553,2011,0.4714285714285714
133650,2011,0.3958468526930565
133669,2011,0.3867595818815331
133711,2011,1.0
133809,2011,0.0
133872,2011,1.0
133881,2011,0.5333333333333333
133951,2011,0.3695150115473441
133979,2011,0.3819628647214854
133997,2011,1.0
134079,2011,0.3125
134097,2011,0.7243150684931506
134130,2011,0.7461263408820024
134149,2011,0.42857142857142855
134237,2011,0.7552742616033755
134680,2011,0.1794871794871795
134811,2011,0.47619047619047616
134909,2011,0.5
134945,2011,0.3939393939393939
135063,2011,0.25
135081,2011,0.5072463768115942
135364,2011,0.0
135726,2011,0.7515151515151515
135939,2011,1.0
136172,2011,0.40594059405940597
136206,2011,0.125
136215,2011,0.20689655172413793
136288,2011,0.6666666666666666
136330,2011,0.21428571428571427
136774,2011,0.5454545454545454
136950,2011,0.6875
137032,2011,0.34210526315789475
137351,2011,0.6324582338902148
137476,2011,0.2647058823529412
137546,2011,0.6666666666666666
137564,2011,0.17647058823529413
137801,2011,0.0
137847,2011,0.6031746031746031
137953,2011,1.0
138275,2011,0.20833333333333334
138293,2011,0.3829787234042553
138309,2011,1.0
138354,2011,0.48148148148148145
138600,2011,0.6341463414634146
138716,2011,0.39098837209302323
138789,2011,0.3770491803278688
138813,2011,0.3465346534653465
138868,2011,0.42857142857142855
138947,2011,0.3915211970074813
138983,2011,0.21052631578947367
139074,2011,0.4
139144,2011,0.4
139153,2011,0.17857142857142858
139199,2011,0.39622641509433965
139205,2011,0.17391304347826086
139287,2011,0.5789473684210527
139311,2011,0.26582278481012656
139366,2011,0.23893805309734514
139393,2011,0.3
139463,2011,0.0
139533,2011,0.22429906542056074
139579,2011,0.25
139630,2011,0.2727272727272727
139658,2011,0.8828828828828829
139719,2011,0.29535864978902954
139755,2011,0.6821192052980133
139764,2011,0.23943661971830985
139861,2011,0.5961538461538461
139931,2011,0.5169491525423728
139940,2011,0.5341426403641881
139959,2011,0.7792553191489362
140164,2011,0.35333333333333333
140234,2011,0.3137254901960784
140322,2011,0.16666666666666666
140340,2011,0.375
140447,2011,0.5520833333333334
140553,2011,0.5426229508196722
140669,2011,0.29411764705882354
140696,2011,0.4318181818181818
140720,2011,0.221875
140818,2011,0.3076923076923077
140872,2011,0.13043478260869565
140951,2011,0.46
140960,2011,0.32296296296296295
140988,2011,0.43243243243243246
141060,2011,0.7397003745318352
141097,2011,0.37037037037037035
141167,2011,0.1
141185,2011,0.1111111111111111
141237,2011,0.11538461538461539
141264,2011,0.40834845735027225
141325,2011,0.5882352941176471
141334,2011,0.38611713665943603
141486,2011,0.0
141565,2011,0.2
141574,2011,0.55
141644,2011,0.21739130434782608
142115,2011,0.18604651162790697
142276,2011,0.42857142857142855
142285,2011,0.25
142294,2011,0.2
142328,2011,0.0
142461,2011,0.6666666666666666
142887,2011,0.2222222222222222
143048,2011,0.29411764705882354
143084,2011,0.46153846153846156
143118,2011,0.36
143288,2011,0.3076923076923077
143358,2011,0.5441176470588235
144005,2011,0.19931271477663232
144050,2011,0.8840579710144928
144281,2011,0.27439024390243905
144351,2011,0.17142857142857143
144740,2011,0.6265822784810127
144759,2011,0.16260162601626016
144883,2011,0.05405405405405406
144892,2011,0.484375
144962,2011,0.4444444444444444
144971,2011,0.2222222222222222
145372,2011,0.5
145460,2011,0.5
145600,2011,0.3880597014925373
145619,2011,0.4583333333333333
145637,2011,0.7129629629629629
145646,2011,0.6666666666666666
145691,2011,0.5454545454545454
145725,2011,0.46153846153846156
145813,2011,0.41904761904761906
146010,2011,0.09
146339,2011,1.0
146393,2011,0.5
146427,2011,0.7894736842105263
146481,2011,0.75
146612,2011,0.5660377358490566
146621,2011,0.16666666666666666
146667,2011,0.5
146719,2011,0.5263157894736842
146825,2011,0.3333333333333333
147013,2011,0.4166666666666667
147244,2011,0.4
147341,2011,0.38461538461538464
147369,2011,0.5714285714285714
147536,2011,0.375
147660,2011,0.5333333333333333
147679,2011,0.25925925925925924
147703,2011,0.2702265372168285
147767,2011,0.8782608695652174
147776,2011,0.09090909090909091
147828,2011,0.32608695652173914
148131,2011,0.38461538461538464
148177,2011,0.2727272727272727
148335,2011,0.9883720930232558
148405,2011,0.14285714285714285
148487,2011,0.12698412698412698
148496,2011,0.625
148584,2011,0.22727272727272727
148627,2011,0.2857142857142857
148654,2011,0.21621621621621623
148849,2011,0.0
149222,2011,0.30330882352941174
149231,2011,0.3333333333333333
149505,2011,0.4
149514,2011,0.5
149639,2011,0.5
149772,2011,0.4
149781,2011,0.95
150066,2011,0.4090909090909091
150136,2011,0.4514285714285714
150145,2011,0.18181818181818182
150163,2011,0.625
150172,2011,0.16666666666666666
150400,2011,0.5277777777777778
150455,2011,0.8095238095238095
150534,2011,0.375
150604,2011,0.18181818181818182
150668,2011,0.3333333333333333
150677,2011,0.5
150756,2011,0.5
150774,2011,0.3333333333333333
150941,2011,0.5
151102,2011,0.11594202898550725
151111,2011,0.27884615384615385
151263,2011,0.2982456140350877
151290,2011,0.4
151306,2011,0.13675213675213677
151324,2011,0.26506024096385544
151333,2011,0.25
151342,2011,0.08333333333333333
151351,2011,0.5148809523809523
151360,2011,0.013333333333333334
151379,2011,0.038461538461538464
151388,2011,0.2
151458,2011,0.6
151494,2011,0.08333333333333333
151500,2011,0.0
151519,2011,0.07692307692307693
151777,2011,0.5
151786,2011,0.2777777777777778
151801,2011,0.2727272727272727
151810,2011,0.1111111111111111
152080,2011,0.9139784946236559
152099,2011,0.8333333333333334
152248,2011,0.192
152266,2011,0.48484848484848486
152318,2011,0.4
152336,2011,0.10344827586206896
152363,2011,0.32142857142857145
152381,2011,1.0
152390,2011,0.4444444444444444
152530,2011,0.2
152567,2011,0.29411764705882354
152600,2011,0.5384615384615384
152673,2011,0.5714285714285714
152992,2011,0.1111111111111111
153001,2011,0.4
153108,2011,0.625
153126,2011,0.0
153144,2011,0.5
153162,2011,0.25
153241,2011,0.0
153250,2011,0.0
153269,2011,0.6818181818181818
153278,2011,0.16279069767441862
153366,2011,0.35294117647058826
153375,2011,0.36363636363636365
153384,2011,0.625
153603,2011,0.5
153621,2011,0.06666666666666667
153658,2011,0.4691358024691358
153825,2011,0.625
153834,2011,1.0
154004,2011,0.25
154013,2011,0.0
154022,2011,0.2
154095,2011,0.5
154101,2011,0.2
154235,2011,0.3076923076923077
154350,2011,0.8333333333333334
154493,2011,0.14285714285714285
154518,2011,0.125
154527,2011,0.3103448275862069
154590,2011,0.225
154688,2011,0.4782608695652174
154712,2011,0.15
154721,2011,0.2
154749,2011,0.6666666666666666
154855,2011,0.35714285714285715
155025,2011,0.2608695652173913
155061,2011,0.2857142857142857
155089,2011,0.15789473684210525
155317,2011,0.4632352941176471
155335,2011,0.2
155399,2011,0.30927835051546393
155414,2011,0.14285714285714285
155511,2011,0.7142857142857143
155520,2011,0.0
155627,2011,0.5
155681,2011,0.4
155812,2011,0.125
155900,2011,0.3125
155937,2011,0.14285714285714285
155973,2011,0.16666666666666666
156082,2011,0.125
156125,2011,0.2564102564102564
156213,2011,0.3333333333333333
156286,2011,0.21428571428571427
156295,2011,0.6666666666666666
156356,2011,0.3333333333333333
156365,2011,0.21052631578947367
156408,2011,0.6363636363636364
156417,2011,0.0
156541,2011,0.2916666666666667
156620,2011,0.20168067226890757
156745,2011,0.4166666666666667
157058,2011,0.13777777777777778
157076,2011,0.15
157085,2011,0.5017543859649123
157100,2011,0.2
157216,2011,0.09375
157289,2011,0.4412811387900356
157359,2011,0.23076923076923078
157377,2011,0.5714285714285714
157386,2011,0.2127659574468085
157401,2011,0.4482758620689655
157447,2011,0.24761904761904763
157535,2011,0.21621621621621623
157632,2011,0.0
157757,2011,0.45
157809,2011,0.16666666666666666
157818,2011,0.5454545454545454
157863,2011,0.03571428571428571
157951,2011,0.3333333333333333
158477,2011,0.375
158802,2011,0.3130841121495327
159009,2011,0.26995073891625615
159382,2011,0.07692307692307693
159391,2011,0.5959079283887468
159416,2011,0.16470588235294117
159568,2011,0.2682926829268293
159647,2011,0.3547297297297297
159656,2011,0.46875
159717,2011,0.2828282828282828
159939,2011,0.22142857142857142
159966,2011,0.22289156626506024
159993,2011,0.2516703786191537
160038,2011,0.31117021276595747
160065,2011,0.03571428571428571
160074,2011,0.0
160409,2011,1.0
160612,2011,0.296969696969697
160621,2011,0.2801094890510949
160630,2011,0.1839080459770115
160658,2011,0.32321428571428573
160755,2011,0.6792452830188679
160904,2011,0.5203252032520326
160959,2011,1.0
160977,2011,0.8571428571428571
161004,2011,0.9166666666666666
161086,2011,1.0
161165,2011,0.20833333333333334
161217,2011,0.3333333333333333
161226,2011,1.0
161235,2011,0.0
161253,2011,0.6
161299,2011,0.0
161341,2011,0.5
161457,2011,0.0
161509,2011,0.0
161518,2011,0.3333333333333333
161554,2011,0.21428571428571427
161563,2011,0.0
161572,2011,1.0
162007,2011,0.3500697350069735
162061,2011,0.25925925925925924
162210,2011,0.3
162283,2011,0.1638655462184874
162584,2011,0.40930232558139534
162654,2011,0.8
162760,2011,0.5
162928,2011,0.863013698630137
163046,2011,0.813953488372093
163204,2011,0.023529411764705882
163268,2011,0.6265060240963856
163286,2011,0.7406779661016949
163295,2011,0.9166666666666666
163338,2011,0.31840796019900497
163453,2011,0.27626459143968873
163462,2011,0.5757575757575758
163578,2011,0.3157894736842105
163851,2011,0.664
163912,2011,0.6285714285714286
163921,2011,0.22448979591836735
163976,2011,1.0
164076,2011,0.6032786885245902
164155,2011,0.7272727272727273
164173,2011,0.4492753623188406
164207,2011,0.4
164216,2011,0.5625
164270,2011,0.7307692307692307
164447,2011,0.4044943820224719
164465,2011,0.8809523809523809
164492,2011,0.5
164562,2011,0.625
164580,2011,0.9285714285714286
164632,2011,0.23076923076923078
164641,2011,1.0
164720,2011,0.07407407407407407
164739,2011,0.7647058823529411
164748,2011,0.4594594594594595
164872,2011,0.0
164924,2011,0.8267716535433071
164933,2011,0.6666666666666666
164988,2011,0.7959183673469388
165015,2011,0.7333333333333333
165024,2011,0.4057971014492754
165334,2011,0.8181818181818182
165529,2011,0.38235294117647056
165574,2011,0.5
165644,2011,0.8
165662,2011,0.7692307692307693
165671,2011,0.5652173913043478
165699,2011,0.6666666666666666
165802,2011,0.625
165820,2011,0.3225806451612903
165866,2011,0.3870967741935484
165936,2011,0.8333333333333334
166018,2011,0.8571428571428571
166027,2011,0.9710144927536232
166124,2011,0.8709677419354839
166391,2011,0.4583333333333333
166452,2011,0.4
166513,2011,0.4666666666666667
166629,2011,0.5891089108910891
166638,2011,0.358974358974359
166656,2011,0.5555555555555556
166674,2011,0.3333333333333333
166683,2011,0.8441558441558441
166692,2011,0.6666666666666666
166850,2011,0.45454545454545453
166939,2011,0.8888888888888888
166948,2011,0.2653061224489796
167057,2011,0.0
167251,2011,0.45901639344262296
167260,2011,0.21052631578947367
167288,2011,0.5
167358,2011,0.6229508196721312
167394,2011,0.5
167455,2011,0.3191489361702128
167598,2011,0.5757575757575758
167729,2011,0.3786407766990291
167783,2011,0.5652173913043478
167835,2011,0.8043478260869565
167899,2011,0.8846153846153846
167987,2011,0.3412698412698413
167996,2011,0.7058823529411765
168005,2011,0.5714285714285714
168148,2011,0.8409090909090909
168218,2011,0.9375
168227,2011,0.2727272727272727
168254,2011,0.56
168263,2011,0.4838709677419355
168281,2011,0.7058823529411765
168290,2011,0.2857142857142857
168342,2011,0.8333333333333334
168421,2011,0.8
168430,2011,0.5263157894736842
168528,2011,0.47058823529411764
168546,2011,0.5
168591,2011,0.5
168740,2011,0.5873015873015873
168786,2011,0.25
168838,2011,0.0
168847,2011,0.0
169080,2011,0.6363636363636364
169248,2011,0.3974358974358974
169327,2011,0.3333333333333333
169363,2011,0.1111111111111111
169442,2011,0.13333333333333333
169479,2011,0.04
169716,2011,0.3020833333333333
169798,2011,0.18425760286225404
169910,2011,0.3333333333333333
169983,2011,0.3333333333333333
170000,2011,0.16666666666666666
170037,2011,0.16666666666666666
170082,2011,0.5485232067510548
170091,2011,0.3333333333333333
170301,2011,0.8
170532,2011,0.6923076923076923
170639,2011,0.4
170675,2011,0.2
170806,2011,0.18181818181818182
170842,2011,0.09803921568627451
170967,2011,0.15789473684210525
170976,2011,0.8014981273408239
171100,2011,0.6
171128,2011,0.5714285714285714
171137,2011,0.38235294117647056
171146,2011,0.2073170731707317
171298,2011,0.0
171456,2011,0.3076923076923077
171492,2011,0.39655172413793105
171571,2011,0.2198581560283688
171599,2011,0.3076923076923077
171881,2011,0.5
172051,2011,0.21739130434782608
172264,2011,0.3125
172334,2011,0.2413793103448276
172440,2011,0.3333333333333333
172644,2011,0.09227467811158799
172699,2011,0.4325581395348837
173045,2011,0.4642857142857143
173124,2011,0.0
173142,2011,0.5
173160,2011,0.3333333333333333
173258,2011,0.9444444444444444
173300,2011,0.5
173328,2011,0.30434782608695654
173629,2011,0.0
173647,2011,0.8125
173665,2011,0.4166666666666667
173902,2011,0.9545454545454546
173920,2011,0.36363636363636365
173984,2011,0.0
174020,2011,0.25
174066,2011,0.4964788732394366
174075,2011,0.5714285714285714
174127,2011,1.0
174233,2011,0.4
174251,2011,0.42857142857142855
174358,2011,0.17647058823529413
174394,2011,0.5
174437,2011,0.2857142857142857
174491,2011,0.5
174747,2011,0.25
174783,2011,0.4
174792,2011,0.8
174817,2011,0.2222222222222222
174844,2011,0.875
174862,2011,0.3333333333333333
174899,2011,0.42857142857142855
174914,2011,0.7209302325581395
174932,2011,0.0
175005,2011,0.42857142857142855
175078,2011,0.375
175272,2011,0.3076923076923077
175342,2011,0.3187855787476281
175421,2011,0.35294117647058826
175430,2011,0.0
175616,2011,0.27044025157232704
175856,2011,0.45104895104895104
175980,2011,0.5
176017,2011,0.47928994082840237
176035,2011,0.2876712328767123
176044,2011,0.22580645161290322
176053,2011,0.46153846153846156
176080,2011,0.4155844155844156
176318,2011,0.3093220338983051
176372,2011,0.4283121597096189
176406,2011,0.5165289256198347
176479,2011,0.44
176628,2011,0.125
176637,2011,0.041666666666666664
176664,2011,0.5
176770,2011,1.0
176789,2011,0.0
176910,2011,0.3333333333333333
176947,2011,0.4444444444444444
176965,2011,0.32710280373831774
177065,2011,0.0
177144,2011,0.2857142857142857
177162,2011,0.125
177214,2011,0.3333333333333333
177339,2011,0.2631578947368421
177418,2011,0.17142857142857143
177551,2011,0.359375
177746,2011,0.3333333333333333
177940,2011,0.17770034843205576
177968,2011,0.2916666666666667
178059,2011,0.3333333333333333
178226,2011,0.6666666666666666
178244,2011,0.2
178305,2011,0.35714285714285715
178341,2011,0.2857142857142857
178369,2011,0.35714285714285715
178387,2011,0.11176470588235295
178396,2011,0.5681818181818182
178402,2011,0.28
178411,2011,0.5227272727272727
178420,2011,0.3516483516483517
178615,2011,0.5974025974025974
178624,2011,0.3055555555555556
178697,2011,0.0
178721,2011,0.125
179043,2011,0.25
179159,2011,0.49473684210526314
179201,2011,1.0
179256,2011,0.3333333333333333
179326,2011,0.15384615384615385
179548,2011,0.4117647058823529
179557,2011,0.2714285714285714
179566,2011,0.4
179867,2011,0.9555555555555556
179894,2011,0.42857142857142855
179946,2011,0.625
179955,2011,0.4666666666666667
179964,2011,0.0
180106,2011,0.0
180179,2011,1.0
180258,2011,0.25
180416,2011,0.0
180461,2011,0.14285714285714285
180489,2011,0.18181818181818182
180522,2011,0.0
180595,2011,0.0
180692,2011,0.0
180814,2011,0.0
180832,2011,0.0
180948,2011,0.0
180984,2011,0.6666666666666666
181002,2011,0.6666666666666666
181020,2011,0.2727272727272727
181127,2011,1.0
181215,2011,0.1111111111111111
181330,2011,0.2857142857142857
181394,2011,0.2823529411764706
181446,2011,0.7777777777777778
181464,2011,0.5980392156862745
181534,2011,0.14285714285714285
181604,2011,0.125
181738,2011,0.5
181783,2011,0.42857142857142855
181853,2011,0.0
182111,2011,0.5
182281,2011,0.2926829268292683
182290,2011,0.38636363636363635
182430,2011,0.0
182634,2011,0.3333333333333333
182661,2011,0.45454545454545453
182670,2011,0.948051948051948
182795,2011,0.47619047619047616
182865,2011,0.0
182980,2011,0.4166666666666667
183026,2011,0.5714285714285714
183044,2011,0.7368421052631579
183062,2011,0.8333333333333334
183080,2011,0.0
183211,2011,0.2
183239,2011,1.0
183789,2011,0.3225806451612903
183822,2011,0.3096774193548387
183910,2011,0.3783783783783784
183974,2011,0.41935483870967744
184348,2011,0.6666666666666666
184603,2011,0.39436619718309857
184612,2011,0.22727272727272727
184694,2011,0.509090909090909
184773,2011,0.3333333333333333
184782,2011,0.509090909090909
185129,2011,0.2713178294573643
185262,2011,0.4139072847682119
185572,2011,0.5142857142857142
185590,2011,0.5471698113207547
185828,2011,0.3835616438356164
186131,2011,0.9
186201,2011,0.5373134328358209
186283,2011,0.6031746031746031
186371,2011,0.6730769230769231
186380,2011,0.7566462167689162
186399,2011,0.5826771653543307
186432,2011,0.3684210526315789
186584,2011,0.6259541984732825
186618,2011,0.38461538461538464
186867,2011,0.7222222222222222
186876,2011,0.5737704918032787
187134,2011,0.6593406593406593
187444,2011,0.3951219512195122
187648,2011,0.18604651162790697
187897,2011,0.14814814814814814
187967,2011,0.2
187985,2011,0.3584905660377358
188030,2011,0.27586206896551724
188146,2011,0.5
188182,2011,0.0
188304,2011,0.0
188340,2011,0.7142857142857143
188429,2011,0.5204081632653061
188465,2011,0.0
188526,2011,0.6666666666666666
188641,2011,0.5
189088,2011,0.7142857142857143
189097,2011,0.8421052631578947
189228,2011,0.3888888888888889
189413,2011,0.5294117647058824
189459,2011,0.26666666666666666
189705,2011,0.47540983606557374
189848,2011,0.3333333333333333
190044,2011,0.6190476190476191
190099,2011,0.8918918918918919
190114,2011,0.21428571428571427
190150,2011,0.9047619047619048
190248,2011,0.375
190372,2011,0.5
190415,2011,0.8974358974358975
190512,2011,0.45390070921985815
190549,2011,0.5425101214574899
190558,2011,0.3125
190567,2011,0.44224422442244227
190594,2011,0.3640776699029126
190600,2011,0.5027322404371585
190637,2011,0.3179916317991632
190646,2011,0.1791044776119403
190655,2011,0.23076923076923078
190664,2011,0.46788990825688076
190691,2011,0.28289473684210525
190716,2011,0.2647058823529412
190725,2011,0.4
190761,2011,0.2647058823529412
190770,2011,0.24324324324324326
190983,2011,0.6
191205,2011,0.30357142857142855
191241,2011,0.7236842105263158
191515,2011,0.92
191533,2011,0.6
191621,2011,0.6666666666666666
191630,2011,0.875
191649,2011,0.5259259259259259
191676,2011,0.0
191931,2011,0.6170212765957447
191968,2011,0.6122448979591837
192110,2011,1.0
192192,2011,0.5714285714285714
192271,2011,0.375
192323,2011,0.5
192439,2011,0.17884130982367757
192448,2011,0.2677165354330709
192703,2011,0.7222222222222222
192712,2011,0.5
192749,2011,0.5625
192819,2011,0.5217391304347826
192864,2011,0.21428571428571427
192925,2011,0.18518518518518517
193016,2011,0.29411764705882354
193292,2011,0.40540540540540543
193308,2011,0.6436170212765957
193353,2011,0.3333333333333333
193399,2011,0.5555555555555556
193584,2011,0.5384615384615384
193645,2011,0.2877030162412993
193654,2011,0.6923076923076923
193900,2011,0.7580645161290323
193973,2011,0.3181818181818182
194091,2011,0.2976190476190476
194161,2011,0.3333333333333333
194310,2011,0.45045045045045046
194392,2011,0.0
194541,2011,0.5277777777777778
194569,2011,0.0
194578,2011,0.59375
194824,2011,0.6216216216216216
194958,2011,0.36363636363636365
195003,2011,0.5232558139534884
195030,2011,0.64
195128,2011,0.125
195164,2011,0.38095238095238093
195173,2011,0.3176470588235294
195216,2011,0.782608695652174
195234,2011,0.42857142857142855
195243,2011,0.23809523809523808
195304,2011,0.7142857142857143
195474,2011,0.6875
195526,2011,0.8947368421052632
195544,2011,0.574468085106383
195720,2011,0.75
195809,2011,0.4625267665952891
196015,2011,0.0
196024,2011,0.5
196033,2011,0.0
196042,2011,0.4090909090909091
196051,2011,1.0
196060,2011,0.6625
196079,2011,0.7569444444444444
196088,2011,0.601123595505618
196097,2011,0.7333333333333333
196103,2011,0.0
196112,2011,0.3076923076923077
196121,2011,0.627906976744186
196130,2011,0.5648535564853556
196149,2011,0.4418604651162791
196158,2011,0.3235294117647059
196167,2011,0.5185185185185185
196176,2011,0.6493506493506493
196185,2011,0.5666666666666667
196194,2011,0.4444444444444444
196200,2011,0.5
196219,2011,0.5303030303030303
196237,2011,0.41843971631205673
196246,2011,0.5517241379310345
196264,2011,0.21951219512195122
196291,2011,0.36363636363636365
196413,2011,0.7548076923076923
196866,2011,0.8947368421052632
197027,2011,0.6
197036,2011,0.7183098591549296
197045,2011,0.323943661971831
197133,2011,0.92
197151,2011,0.6538461538461539
197197,2011,0.5454545454545454
197230,2011,0.5454545454545454
197708,2011,0.0
197832,2011,0.6190476190476191
197869,2011,0.6213592233009708
197911,2011,0.375
197984,2011,0.25
197993,2011,0.3675675675675676
198066,2011,0.3333333333333333
198109,2011,0.0
198136,2011,0.37362637362637363
198215,2011,0.5
198303,2011,0.19886363636363635
198385,2011,0.8888888888888888
198419,2011,0.9536423841059603
198464,2011,0.569377990430622
198507,2011,0.4344086021505376
198516,2011,0.8
198543,2011,0.3253731343283582
198561,2011,0.35384615384615387
198598,2011,0.34285714285714286
198613,2011,0.46511627906976744
198677,2011,0.3333333333333333
198695,2011,0.5384615384615384
198747,2011,0.2
198756,2011,0.4194831013916501
198808,2011,0.1875
198835,2011,0.3783783783783784
198862,2011,0.22857142857142856
198899,2011,0.23076923076923078
198950,2011,0.4166666666666667
198969,2011,0.14864864864864866
199032,2011,0.3684210526315789
199069,2011,0.44
199102,2011,0.43418367346938774
199111,2011,0.6
199120,2011,0.8257080610021786
199139,2011,0.5121212121212121
199148,2011,0.5914972273567468
199157,2011,0.43847072879330945
199184,2011,0.7272727272727273
199193,2011,0.6483790523690773
199209,2011,0.24489795918367346
199218,2011,0.6346153846153846
199272,2011,0.5714285714285714
199281,2011,0.3486590038314176
199306,2011,0.18181818181818182
199315,2011,1.0
199412,2011,0.3023255813953488
199458,2011,1.0
199582,2011,0.3418803418803419
199607,2011,0.5
199643,2011,0.23117338003502627
199698,2011,0.3125
199847,2011,0.8028169014084507
199865,2011,0.5
199962,2011,0.43243243243243246
199999,2011,0.40704070407040704
200004,2011,0.48936170212765956
200059,2011,0.0
200156,2011,1.0
200217,2011,0.4
200226,2011,0.0
200253,2011,0.1875
200280,2011,0.5555555555555556
200332,2011,0.35
200484,2011,0.0
200572,2011,0.2857142857142857
200800,2011,0.18882466281310212
201061,2011,0.3333333333333333
201104,2011,0.2
201195,2011,0.5423728813559322
201371,2011,0.21428571428571427
201441,2011,0.48975409836065575
201548,2011,0.625
201645,2011,0.696969696969697
201654,2011,0.5
201690,2011,0.26990291262135924
201858,2011,0.2857142857142857
201885,2011,0.4024896265560166
201964,2011,0.16666666666666666
202046,2011,0.4
202073,2011,1.0
202134,2011,0.16666666666666666
202170,2011,0.25
202480,2011,0.5957446808510638
202514,2011,0.5
202523,2011,0.6190476190476191
202541,2011,0.15555555555555556
202611,2011,0.05555555555555555
202763,2011,0.32142857142857145
202806,2011,0.03125
202903,2011,0.0
203085,2011,0.36
203128,2011,0.5806451612903226
203368,2011,0.6428571428571429
203447,2011,0.0
203465,2011,0.027777777777777776
203474,2011,0.05263157894736842
203517,2011,0.3792134831460674
203526,2011,0.0
203535,2011,0.9545454545454546
203580,2011,0.625
203757,2011,0.0
203775,2011,0.45454545454545453
203845,2011,0.4
204006,2011,0.07692307692307693
204015,2011,0.1
204024,2011,0.6991869918699187
204176,2011,0.5
204185,2011,0.2777777777777778
204194,2011,0.5
204200,2011,0.3333333333333333
204264,2011,0.36363636363636365
204468,2011,0.29411764705882354
204486,2011,0.0
204501,2011,0.8285714285714286
204617,2011,0.2911392405063291
204635,2011,0.375
204671,2011,0.1
204680,2011,0.20588235294117646
204699,2011,0.3684210526315789
204705,2011,0.19047619047619047
204796,2011,0.73
204802,2011,0.5
204820,2011,0.3333333333333333
204839,2011,0.5
204848,2011,0.0
204857,2011,0.5333333333333333
204866,2011,0.14285714285714285
204909,2011,0.65625
204936,2011,0.5555555555555556
205203,2011,0.26666666666666666
205443,2011,0.13043478260869565
205957,2011,0.6666666666666666
206048,2011,0.20754716981132076
206084,2011,0.2028301886792453
206154,2011,1.0
206279,2011,0.3333333333333333
206330,2011,0.14285714285714285
206349,2011,0.38461538461538464
206437,2011,0.4090909090909091
206491,2011,0.8045112781954887
206507,2011,0.2765957446808511
206525,2011,0.4444444444444444
206589,2011,0.5769230769230769
206604,2011,0.26704545454545453
206622,2011,0.6744186046511628
206695,2011,0.08582089552238806
206817,2011,0.06060606060606061
206835,2011,0.14285714285714285
206862,2011,0.0
206914,2011,0.11392405063291139
206941,2011,0.26903553299492383
207041,2011,0.34375
207157,2011,0.0
207209,2011,0.2534562211981567
207254,2011,0.0
207263,2011,0.15625
207306,2011,0.0
207324,2011,0.125
207351,2011,0.0
207388,2011,0.49606299212598426
207403,2011,0.3125
207458,2011,0.5
207500,2011,0.592964824120603
207564,2011,0.05555555555555555
207582,2011,0.3763440860215054
207661,2011,0.25
207689,2011,0.14285714285714285
207722,2011,0.35714285714285715
207847,2011,0.3
207856,2011,0.6666666666666666
207865,2011,0.2692307692307692
207971,2011,0.4222222222222222
208239,2011,0.3333333333333333
208488,2011,0.3076923076923077
208646,2011,0.25
208725,2011,0.0
208822,2011,0.5
208965,2011,0.0
209056,2011,0.75
209065,2011,0.5
209409,2011,0.0
209506,2011,1.0
209542,2011,0.5111111111111111
209551,2011,0.5645161290322581
209603,2011,0.0
209612,2011,0.0
209807,2011,0.391304347826087
209825,2011,0.3333333333333333
209922,2011,0.5454545454545454
210146,2011,0.14285714285714285
210304,2011,0.0
210401,2011,0.3333333333333333
210429,2011,0.35714285714285715
210492,2011,0.5
210571,2011,0.5263157894736842
210669,2011,0.7272727272727273
210739,2011,0.6666666666666666
210775,2011,0.30434782608695654
210942,2011,0.35398230088495575
210960,2011,0.2222222222222222
211024,2011,0.0
211088,2011,0.5588235294117647
211158,2011,0.4533333333333333
211273,2011,0.9473684210526315
211291,2011,1.0
211352,2011,0.16
211361,2011,0.4
211431,2011,0.25
211440,2011,0.7704918032786885
211468,2011,0.5
211477,2011,0.32142857142857145
211556,2011,0.45454545454545453
211583,2011,0.45454545454545453
211608,2011,0.22705314009661837
211644,2011,0.23880597014925373
211981,2011,0.4666666666666667
212009,2011,0.8666666666666667
212054,2011,0.4788732394366197
212106,2011,0.4782608695652174
212115,2011,0.5344827586206896
212133,2011,0.37209302325581395
212160,2011,0.3163265306122449
212197,2011,0.7142857142857143
212577,2011,0.75
212601,2011,0.47619047619047616
212656,2011,0.6363636363636364
212674,2011,0.8125
212805,2011,0.75
212832,2011,0.6
212911,2011,0.8461538461538461
212984,2011,0.3333333333333333
213011,2011,0.2222222222222222
213020,2011,0.3735294117647059
213251,2011,0.5714285714285714
213303,2011,0.42857142857142855
213321,2011,0.6
213349,2011,0.35947712418300654
213358,2011,0.30303030303030304
213367,2011,0.625
213385,2011,0.8787878787878788
213507,2011,0.2857142857142857
213543,2011,0.7142857142857143
213598,2011,0.37816455696202533
213613,2011,0.34579439252336447
213668,2011,0.5
213783,2011,0.3023255813953488
213826,2011,0.42857142857142855
213987,2011,0.8888888888888888
213996,2011,0.5625
214041,2011,0.37962962962962965
214069,2011,0.2857142857142857
214148,2011,0.7142857142857143
214157,2011,0.5714285714285714
214166,2011,0.1111111111111111
214175,2011,0.8888888888888888
214272,2011,0.49295774647887325
214591,2011,0.5384615384615384
214625,2011,0.2
214634,2011,0.4
214643,2011,1.0
214652,2011,0.3333333333333333
214670,2011,0.5
214689,2011,0.5317460317460317
214698,2011,0.36363636363636365
214704,2011,0.3142857142857143
214713,2011,0.5869565217391305
214731,2011,0.18292682926829268
214740,2011,0.3333333333333333
214759,2011,0.3333333333333333
214768,2011,0.3958333333333333
214777,2011,0.6920529801324503
214786,2011,0.375
214795,2011,0.38571428571428573
214801,2011,0.3431372549019608
214810,2011,0.32142857142857145
214829,2011,0.26666666666666666
214883,2011,0.75
214971,2011,0.5
215053,2011,0.6666666666666666
215062,2011,0.9312169312169312
215099,2011,0.4444444444444444
215105,2011,0.48333333333333334
215114,2011,0.3
215132,2011,0.5625
215266,2011,0.631578947368421
215275,2011,0.29411764705882354
215284,2011,0.06666666666666667
215293,2011,0.6577380952380952
215442,2011,0.3103448275862069
215637,2011,0.7777777777777778
215655,2011,0.25806451612903225
215691,2011,0.5666666666666667
215743,2011,0.32142857142857145
215770,2011,0.6097560975609756
215798,2011,0.5
215929,2011,0.9166666666666666
215947,2011,0.9230769230769231
216010,2011,0.32673267326732675
216038,2011,0.4807692307692308
216278,2011,0.6363636363636364
216287,2011,0.9375
216339,2011,0.6224188790560472
216357,2011,0.2692307692307692
216524,2011,0.5142857142857142
216542,2011,0.42857142857142855
216597,2011,0.8666666666666667
216667,2011,0.75
216694,2011,0.375
216764,2011,0.5722543352601156
216807,2011,0.5
216852,2011,0.4235294117647059
216931,2011,0.36363636363636365
217013,2011,0.0
217059,2011,0.39285714285714285
217156,2011,0.9175257731958762
217165,2011,0.7931034482758621
217235,2011,0.5568181818181818
217402,2011,0.75
217420,2011,0.37254901960784315
217484,2011,0.4315068493150685
217493,2011,0.875
217518,2011,0.25
217536,2011,0.5555555555555556
217606,2011,0.25
217624,2011,0.25396825396825395
217633,2011,0.4594594594594595
217688,2011,0.2631578947368421
217721,2011,0.28662420382165604
217749,2011,0.3076923076923077
217776,2011,0.46153846153846156
217819,2011,0.6041666666666666
217864,2011,0.5238095238095238
217873,2011,0.42036553524804177
217882,2011,0.7816593886462883
217907,2011,0.5128205128205128
217925,2011,0.25
217934,2011,0.44954128440366975
217961,2011,0.5333333333333333
217998,2011,0.65
218061,2011,0.44242424242424244
218070,2011,0.82
218229,2011,0.32653061224489793
218238,2011,0.3157894736842105
218399,2011,0.3132530120481928
218414,2011,0.27941176470588236
218441,2011,0.43243243243243246
218539,2011,0.5625
218645,2011,0.4715909090909091
218654,2011,0.22580645161290322
218663,2011,0.6731843575418994
218724,2011,0.4788732394366197
218733,2011,0.33801169590643276
218742,2011,0.37209302325581395
218919,2011,0.27350427350427353
218964,2011,0.5794392523364486
218973,2011,0.7916666666666666
219000,2011,0.5714285714285714
219046,2011,0.0
219091,2011,0.5
219198,2011,0.6666666666666666
219204,2011,0.3333333333333333
219213,2011,0.0
219259,2011,0.5
219347,2011,0.0
219356,2011,0.25
219383,2011,0.6
219471,2011,0.23076923076923078
219505,2011,0.42857142857142855
219578,2011,1.0
219602,2011,0.29310344827586204
219639,2011,0.3333333333333333
219709,2011,0.9230769230769231
219718,2011,0.15384615384615385
219790,2011,0.5
219806,2011,0.4146341463414634
219833,2011,0.46808510638297873
219949,2011,0.10344827586206896
219976,2011,0.2857142857142857
220075,2011,0.2682926829268293
220181,2011,0.49760765550239233
220206,2011,1.0
220215,2011,0.23076923076923078
220473,2011,0.0
220516,2011,0.5714285714285714
220552,2011,0.0
220598,2011,0.3493150684931507
220604,2011,0.08139534883720931
220613,2011,0.36666666666666664
220631,2011,0.25
220701,2011,0.4782608695652174
220710,2011,0.6428571428571429
220808,2011,0.45454545454545453
220862,2011,0.2716688227684347
220941,2011,0.15476190476190477
220978,2011,0.38926174496644295
221014,2011,0.0
221254,2011,0.7
221351,2011,0.7878787878787878
221519,2011,0.5
221661,2011,0.41025641025641024
221731,2011,0.5
221740,2011,0.2857142857142857
221759,2011,0.5362318840579711
221768,2011,0.38974358974358975
221795,2011,1.0
221838,2011,0.35422602089268757
221847,2011,0.35384615384615387
221856,2011,0.13333333333333333
221892,2011,0.18181818181818182
221953,2011,0.13953488372093023
221971,2011,0.3333333333333333
221999,2011,0.8424657534246576
222178,2011,0.323943661971831
222831,2011,0.1875
222877,2011,0.0
222938,2011,1.0
222983,2011,0.6666666666666666
223232,2011,0.6036585365853658
224004,2011,0.15
224147,2011,0.4915254237288136
224226,2011,0.2222222222222222
224244,2011,0.0
224323,2011,0.2857142857142857
224402,2011,0.14545454545454545
224527,2011,0.13157894736842105
224554,2011,0.25165562913907286
224776,2011,0.125
225247,2011,0.20689655172413793
225399,2011,0.20512820512820512
225432,2011,0.06696428571428571
225511,2011,0.3338607594936709
225548,2011,0.16666666666666666
225575,2011,0.25
225627,2011,0.4074074074074074
225885,2011,0.13333333333333333
226091,2011,0.21699819168173598
226152,2011,0.25
226231,2011,0.42857142857142855
226383,2011,0.38461538461538464
226471,2011,0.35555555555555557
226587,2011,0.1111111111111111
226833,2011,0.22388059701492538
227216,2011,0.45134575569358176
227243,2011,0.3333333333333333
227331,2011,0.3
227368,2011,0.21428571428571427
227377,2011,0.3333333333333333
227429,2011,0.007518796992481203
227526,2011,0.35658914728682173
227757,2011,0.8648648648648649
227845,2011,0.6363636363636364
227863,2011,0.47619047619047616
227881,2011,0.46511627906976744
228042,2011,0.2857142857142857
228149,2011,0.3333333333333333
228246,2011,0.6964285714285714
228325,2011,0.5454545454545454
228343,2011,0.8
228431,2011,0.3825910931174089
228459,2011,0.5131578947368421
228468,2011,0.2857142857142857
228501,2011,0.0625
228529,2011,0.2978723404255319
228705,2011,0.2777777777777778
228714,2011,0.1111111111111111
228723,2011,0.6468401486988847
228769,2011,0.4595959595959596
228778,2011,0.6963350785340314
228787,2011,0.673469387755102
228796,2011,0.28703703703703703
228802,2011,0.16666666666666666
228875,2011,0.6351351351351351
228884,2011,0.17532467532467533
228981,2011,0.3125
229018,2011,0.2608695652173913
229027,2011,0.3371824480369515
229063,2011,0.11862160371106693
229115,2011,0.47058823529411764
229160,2011,0.1891891891891892
229179,2011,0.34536082474226804
229267,2011,1.0
229780,2011,0.25
229814,2011,0.20634920634920634
229887,2011,0.25833333333333336
230038,2011,1.0
230047,2011,0.5
230384,2011,0.0
230603,2011,0.3333333333333333
230621,2011,0.25
230630,2011,0.6666666666666666
230728,2011,0.5925925925925926
230737,2011,0.6666666666666666
230764,2011,0.4782608695652174
230782,2011,0.2
230807,2011,0.4
230816,2011,0.6666666666666666
230834,2011,1.0
230852,2011,0.0
230898,2011,0.1111111111111111
230913,2011,0.75
230931,2011,0.375
230959,2011,0.7777777777777778
230995,2011,0.125
231059,2011,0.6666666666666666
231077,2011,1.0
231086,2011,0.0
231095,2011,0.0
231174,2011,0.8181818181818182
231420,2011,0.2903225806451613
231554,2011,0.5454545454545454
231581,2011,0.34210526315789475
231624,2011,0.8191489361702128
231651,2011,0.16666666666666666
231712,2011,0.56
231837,2011,0.0
232025,2011,0.2916666666666667
232043,2011,0.35714285714285715
232089,2011,0.21705426356589147
232186,2011,0.6538461538461539
232256,2011,0.68
232265,2011,0.6493775933609959
232308,2011,0.3888888888888889
232423,2011,0.7542857142857143
232557,2011,0.22393822393822393
232566,2011,0.5740740740740741
232609,2011,0.4523809523809524
232672,2011,0.40350877192982454
232681,2011,0.72
232706,2011,0.5102040816326531
232937,2011,0.38944723618090454
232982,2011,0.6639004149377593
233277,2011,0.6236559139784946
233295,2011,0.38461538461538464
233301,2011,0.6153846153846154
233374,2011,0.7413793103448276
233426,2011,0.875
233499,2011,0.1676300578034682
233541,2011,0.21428571428571427
233611,2011,0.3333333333333333
233684,2011,0.1
233718,2011,0.5714285714285714
233897,2011,0.38235294117647056
233912,2011,0.25
233921,2011,0.7068965517241379
234030,2011,0.540920716112532
234076,2011,0.8565400843881856
234085,2011,0.6
234137,2011,0.8181818181818182
234155,2011,0.4524714828897338
234164,2011,0.30128205128205127
234173,2011,0.49295774647887325
234207,2011,0.8181818181818182
234216,2011,0.5
234492,2011,0.3333333333333333
234827,2011,0.3448275862068966
235024,2011,0.125
235097,2011,0.22857142857142856
235167,2011,0.35294117647058826
235316,2011,0.8
235769,2011,0.3333333333333333
236133,2011,0.0
236230,2011,0.5454545454545454
236328,2011,0.5263157894736842
236452,2011,0.42857142857142855
236577,2011,0.6
236595,2011,0.84
236896,2011,0.42857142857142855
236939,2011,0.5272727272727272
236948,2011,0.7254901960784313
237011,2011,0.44
237057,2011,0.7142857142857143
237066,2011,0.5
237118,2011,0.6666666666666666
237181,2011,0.16666666666666666
237215,2011,0.13157894736842105
237312,2011,0.2857142857142857
237330,2011,0.25
237358,2011,0.0
237367,2011,0.1111111111111111
237385,2011,0.13043478260869565
237525,2011,0.36666666666666664
237640,2011,0.5
237686,2011,0.0
237783,2011,0.4
237792,2011,0.20833333333333334
237899,2011,0.1595744680851064
237932,2011,0.44
237950,2011,0.03225806451612903
237969,2011,0.3076923076923077
238032,2011,0.3841059602649007
238078,2011,0.3333333333333333
238193,2011,0.2391304347826087
238333,2011,0.8333333333333334
238430,2011,0.18518518518518517
238458,2011,0.08333333333333333
238476,2011,0.3333333333333333
238616,2011,0.21739130434782608
238661,2011,0.14285714285714285
238892,2011,0.0
238935,2011,0.3333333333333333
238980,2011,0.35
239017,2011,0.36363636363636365
239071,2011,0.0
239080,2011,0.23076923076923078
239105,2011,0.5978260869565217
239309,2011,0.5
239318,2011,0.23076923076923078
239390,2011,0.275
239512,2011,0.3333333333333333
239628,2011,0.2
239716,2011,0.0
239743,2011,0.0
240107,2011,0.2
240189,2011,0.3939393939393939
240268,2011,0.75
240277,2011,0.2727272727272727
240329,2011,0.4166666666666667
240338,2011,0.3333333333333333
240365,2011,0.17391304347826086
240374,2011,0.13821138211382114
240392,2011,0.1111111111111111
240417,2011,0.17647058823529413
240426,2011,0.2
240444,2011,0.6054054054054054
240453,2011,0.18442622950819673
240462,2011,0.20408163265306123
240471,2011,0.3888888888888889
240480,2011,0.3125
240727,2011,0.25
240754,2011,0.5
241191,2011,0.3333333333333333
243221,2011,1.0
243665,2011,0.31196581196581197
243744,2011,0.9142857142857143
243780,2011,0.49606299212598426
244011,2011,0.2
245342,2011,1.0
245953,2011,0.4444444444444444
247700,2011,0.0
248934,2011,0.3333333333333333
251251,2011,0.0
251312,2011,0.125
260293,2011,0.28
260813,2011,0.0
260901,2011,0.0
262129,2011,0.3333333333333333
262332,2011,0.25
363934,2011,0.42857142857142855
366252,2011,0.15384615384615385
366650,2011,0.0
366711,2011,0.5
367194,2011,1.0
367884,2011,1.0
368601,2011,0.0
369084,2011,0.0
372213,2011,0.0231023102310231
372222,2011,0.16666666666666666
373827,2011,0.0
377555,2011,0.7142857142857143
377564,2011,0.3125
378406,2011,0.16666666666666666
380465,2011,0.0
381787,2011,0.0
381909,2011,0.2
382063,2011,0.5
384254,2011,1.0
385619,2011,0.7777777777777778
386472,2011,1.0
388520,2011,1.0
390701,2011,0.0
392840,2011,0.5
398130,2011,0.2
399869,2011,0.2
399911,2011,1.0
402776,2011,0.0
404073,2011,0.0
404082,2011,0.2
405979,2011,1.0
405988,2011,0.0
405997,2011,0.0
406006,2011,0.07894736842105263
406015,2011,0.09482758620689655
406194,2011,0.12903225806451613
407285,2011,0.0
409315,2011,0.0
409698,2011,0.15
410502,2011,0.3333333333333333
413839,2011,0.25
413857,2011,0.16666666666666666
413884,2011,0.2
414531,2011,0.5
414568,2011,0.2
414708,2011,0.0
414823,2011,0.5294117647058824
416962,2011,0.19148936170212766
417752,2011,0.6666666666666666
419509,2011,0.22
420006,2011,0.0
420042,2011,1.0
420307,2011,0.4074074074074074
420316,2011,0.5
421009,2011,0.19834710743801653
421018,2011,0.10801393728222997
426314,2011,1.0
428286,2011,0.75
428444,2011,0.2857142857142857
429599,2011,0.0
430087,2011,0.0
430184,2011,0.4444444444444444
430263,2011,0.0
430810,2011,0.5
432199,2011,0.14285714285714285
432214,2011,0.0
432223,2011,0.25
432232,2011,0.2
432241,2011,0.16666666666666666
432384,2011,0.5
432533,2011,0.2
433387,2011,0.0
433660,2011,0.42105263157894735
434548,2011,0.0
434946,2011,0.13380281690140844
434955,2011,0.19047619047619047
434964,2011,0.20930232558139536
434973,2011,0.12087912087912088
434982,2011,0.13953488372093023
434991,2011,0.07692307692307693
436191,2011,1.0
436818,2011,0.39344262295081966
436827,2011,0.2
436836,2011,0.46153846153846156
437042,2011,0.2
437051,2011,0.0
437219,2011,0.3333333333333333
437848,2011,0.4
438151,2011,0.6428571428571429
438382,2011,0.0
438416,2011,0.1111111111111111
438586,2011,0.2923076923076923
438601,2011,0.1891891891891892
438610,2011,0.14285714285714285
438629,2011,0.0
438902,2011,0.3333333333333333
439163,2011,0.3829787234042553
439279,2011,0.0
439288,2011,0.5925925925925926
439297,2011,0.14285714285714285
439330,2011,0.25
439613,2011,0.6
440147,2011,0.2
440341,2011,0.20652173913043478
440420,2011,0.0
440439,2011,0.1276595744680851
440448,2011,0.1893939393939394
440457,2011,0.09090909090909091
440466,2011,0.0
440484,2011,0.3333333333333333
440536,2011,0.2765957446808511
440545,2011,0.5
440590,2011,0.3333333333333333
440794,2011,1.0
440925,2011,0.375
441511,2011,1.0
441900,2011,0.058823529411764705
441937,2011,0.25
441955,2011,0.18181818181818182
441973,2011,0.0
441982,2011,1.0
442143,2011,0.125
442152,2011,0.17518248175182483
442161,2011,0.16483516483516483
442170,2011,0.041666666666666664
442189,2011,0.0
442718,2011,0.0
442824,2011,0.2222222222222222
443049,2011,1.0
443410,2011,0.0
443456,2011,0.0
443465,2011,0.0
443474,2011,0.1527777777777778
443544,2011,0.1
443687,2011,0.19642857142857142
443784,2011,0.0
443881,2011,0.14492753623188406
443890,2011,0.16363636363636364
443906,2011,0.0
443924,2011,0.17307692307692307
443997,2011,1.0
444033,2011,1.0
444158,2011,0.03636363636363636
444167,2011,0.5
445072,2011,0.24324324324324326
445081,2011,0.0
445124,2011,0.22580645161290322
445133,2011,0.16666666666666666
445188,2011,0.5384615384615384
445276,2011,0.2727272727272727
445300,2011,0.10714285714285714
445319,2011,0.2
445391,2011,0.0
445407,2011,0.0
445434,2011,1.0
445708,2011,0.4759036144578313
445717,2011,0.1
446233,2011,0.2857142857142857
446613,2011,0.4
446640,2011,0.1
446677,2011,0.0
446747,2011,0.3333333333333333
446756,2011,0.0
446765,2011,0.08333333333333333
446792,2011,0.0
446808,2011,0.0
446817,2011,1.0
446899,2011,0.5
446905,2011,0.2
446914,2011,0.1111111111111111
447069,2011,0.0
447458,2011,0.29411764705882354
447652,2011,0.17307692307692307
447661,2011,0.0
448345,2011,0.25
448451,2011,0.0
448488,2011,0.0
448503,2011,0.0
448512,2011,0.25
448521,2011,0.1111111111111111
448530,2011,0.0
448558,2011,0.0
448567,2011,0.06896551724137931
448576,2011,0.7142857142857143
448628,2011,0.2857142857142857
448752,2011,0.5714285714285714
448761,2011,0.5
448822,2011,0.09090909090909091
448831,2011,0.5
448840,2011,0.2
449010,2011,0.5
449339,2011,0.0
449764,2011,1.0
450474,2011,0.171875
450492,2011,0.3333333333333333
450933,2011,0.3333333333333333
451060,2011,0.4
451705,2011,0.0
454184,2011,0.0
460899,2011,0.0
461032,2011,0.5
462354,2011,0.0
466921,2011,0.0
475121,2011,0.07960199004975124
475291,2011,0.125
479956,2011,0.0
100654,2012,0.2923433874709977
100663,2012,0.5186246418338109
100706,2012,0.4716981132075472
100724,2012,0.25227963525835867
100751,2012,0.5661375661375662
100830,2012,0.20574162679425836
100858,2012,0.5094736842105263
100937,2012,0.35714285714285715
101073,2012,0.17857142857142858
101116,2012,0.0
101189,2012,0.2054794520547945
101365,2012,0.16666666666666666
101435,2012,0.4772727272727273
101480,2012,0.24568965517241378
101541,2012,0.1
101587,2012,0.2773722627737226
101675,2012,0.20950323974082075
101693,2012,0.3333333333333333
101709,2012,0.4142857142857143
101879,2012,0.24060150375939848
101912,2012,0.37028301886792453
102049,2012,0.41935483870967744
102058,2012,0.21333333333333335
102094,2012,0.17829457364341086
102234,2012,0.38
102261,2012,0.0
102270,2012,0.25815217391304346
102298,2012,0.8306451612903226
102368,2012,0.2564102564102564
102377,2012,0.4317295188556567
102553,2012,0.2903225806451613
102614,2012,0.2857142857142857
102632,2012,0.0
102669,2012,0.0
102845,2012,0.25
103644,2012,0.17647058823529413
103723,2012,0.14285714285714285
103787,2012,0.0
104090,2012,0.0
104151,2012,0.4228395061728395
104179,2012,0.4743083003952569
104364,2012,0.0
104586,2012,0.3333333333333333
104717,2012,0.16666666666666666
104805,2012,0.7692307692307693
105330,2012,0.4105263157894737
105516,2012,0.09523809523809523
105899,2012,0.0
106102,2012,0.1111111111111111
106245,2012,0.14012738853503184
106306,2012,0.15921787709497207
106342,2012,0.75
106397,2012,0.5413533834586466
106412,2012,0.25680933852140075
106458,2012,0.25866666666666666
106467,2012,0.1919191919191919
106485,2012,0.09929078014184398
106704,2012,0.24458204334365324
106713,2012,0.3333333333333333
107044,2012,0.2631578947368421
107071,2012,0.23204419889502761
107080,2012,0.3076923076923077
107141,2012,0.4
107512,2012,0.25
107558,2012,0.2857142857142857
107600,2012,0.44
107877,2012,0.0
107983,2012,0.19444444444444445
108092,2012,0.2
108232,2012,0.24489795918367346
109651,2012,0.6666666666666666
109785,2012,0.43243243243243246
110097,2012,0.7368421052631579
110185,2012,0.5
110361,2012,0.6
110370,2012,0.7777777777777778
110404,2012,0.3333333333333333
110413,2012,0.8571428571428571
110422,2012,0.5416666666666666
110486,2012,0.2777777777777778
110495,2012,0.3448275862068966
110510,2012,0.2683982683982684
110529,2012,0.45528455284552843
110538,2012,0.4050632911392405
110547,2012,0.2448377581120944
110556,2012,0.3108108108108108
110565,2012,0.45871559633027525
110574,2012,0.22435897435897437
110583,2012,0.4913494809688581
110592,2012,0.23076923076923078
110608,2012,0.34338358458961477
110617,2012,0.2851851851851852
110635,2012,0.7867647058823529
110644,2012,0.6961325966850829
110653,2012,0.7876106194690266
110662,2012,0.845
110671,2012,0.6677852348993288
110680,2012,0.75
110705,2012,0.7321428571428571
110714,2012,0.660377358490566
110918,2012,1.0
110945,2012,0.45454545454545453
111081,2012,0.5555555555555556
111188,2012,0.75
111948,2012,0.6956521739130435
112075,2012,0.45454545454545453
112084,2012,0.14285714285714285
112260,2012,0.7692307692307693
112570,2012,0.375
113698,2012,0.48148148148148145
114354,2012,0.75
114813,2012,0.3333333333333333
115409,2012,1.0
115728,2012,0.4
115755,2012,0.4
115773,2012,1.0
116466,2012,0.0
117104,2012,0.0
117113,2012,0.5
117140,2012,0.6111111111111112
117627,2012,0.5454545454545454
117751,2012,0.6666666666666666
117928,2012,0.3333333333333333
117946,2012,0.6153846153846154
118693,2012,0.38461538461538464
118888,2012,0.47058823529411764
119173,2012,0.2857142857142857
119605,2012,0.0
120184,2012,0.5
120254,2012,0.7894736842105263
120403,2012,0.5
120537,2012,0.25
120865,2012,0.6
120883,2012,0.43478260869565216
121150,2012,0.7719298245614035
121257,2012,0.9230769230769231
121309,2012,0.875
121345,2012,0.8214285714285714
121381,2012,0.8
121691,2012,0.6190476190476191
122409,2012,0.6341463414634146
122436,2012,0.34782608695652173
122454,2012,0.25
122506,2012,0.0
122597,2012,0.4230769230769231
122612,2012,0.5454545454545454
122755,2012,0.3657587548638132
122843,2012,0.6666666666666666
122931,2012,0.7704918032786885
123165,2012,0.8571428571428571
123457,2012,0.18181818181818182
123554,2012,0.4074074074074074
123572,2012,0.3695652173913043
123651,2012,0.4166666666666667
123952,2012,0.3333333333333333
123961,2012,0.8395061728395061
124487,2012,0.0
125727,2012,1.0
125763,2012,0.6153846153846154
125897,2012,0.125
126182,2012,0.17142857142857143
126562,2012,0.3090909090909091
126580,2012,0.42424242424242425
126614,2012,0.5490196078431373
126669,2012,0.125
126678,2012,0.8
126702,2012,0.6
126775,2012,0.4166666666666667
126818,2012,0.5666666666666667
126827,2012,0.0
126872,2012,0.22727272727272727
127024,2012,1.0
127060,2012,0.7241379310344828
127185,2012,0.125
127556,2012,0.5333333333333333
127565,2012,0.16129032258064516
127653,2012,1.0
127699,2012,0.16666666666666666
127741,2012,0.32967032967032966
127918,2012,0.5555555555555556
127945,2012,0.0
128106,2012,0.32432432432432434
128328,2012,0.8636363636363636
128391,2012,0.2727272727272727
128498,2012,0.5217391304347826
128683,2012,0.42857142857142855
128744,2012,0.22981366459627328
128771,2012,0.45454545454545453
128902,2012,0.88
129020,2012,0.7175141242937854
129215,2012,0.49206349206349204
129242,2012,0.7857142857142857
129525,2012,0.4672897196261682
129774,2012,0.36666666666666664
129941,2012,0.417910447761194
130183,2012,0.11764705882352941
130226,2012,0.8695652173913043
130253,2012,0.35714285714285715
130314,2012,0.5
130493,2012,0.375886524822695
130590,2012,0.6410256410256411
130624,2012,0.8
130697,2012,0.7555555555555555
130776,2012,0.3291139240506329
130794,2012,0.9753086419753086
130934,2012,0.3578125
130943,2012,0.6320754716981132
130989,2012,0.46153846153846156
131098,2012,0.168
131113,2012,0.32432432432432434
131159,2012,0.6976744186046512
131283,2012,0.65
131308,2012,0.3333333333333333
131399,2012,0.15306122448979592
131450,2012,0.21052631578947367
131469,2012,0.7307692307692307
131496,2012,0.8846153846153846
131520,2012,0.599288256227758
131803,2012,0.5
131876,2012,0.29577464788732394
132338,2012,0.20512820512820512
132408,2012,1.0
132471,2012,0.3308270676691729
132602,2012,0.3743455497382199
132657,2012,0.29411764705882354
132842,2012,0.0
132879,2012,0.0
132903,2012,0.6170212765957447
133085,2012,0.16666666666666666
133465,2012,0.03571428571428571
133492,2012,0.7727272727272727
133526,2012,0.2046783625730994
133553,2012,0.359375
133650,2012,0.4177071509648127
133669,2012,0.38618925831202044
133711,2012,1.0
133809,2012,0.16666666666666666
133872,2012,0.0
133881,2012,0.2222222222222222
133951,2012,0.4883720930232558
133979,2012,0.3387096774193548
133997,2012,0.37209302325581395
134079,2012,0.6571428571428571
134097,2012,0.7371428571428571
134130,2012,0.7764976958525346
134149,2012,0.45454545454545453
134237,2012,0.7269076305220884
134510,2012,1.0
134680,2012,0.17857142857142858
134811,2012,0.4186046511627907
134909,2012,0.0
134945,2012,0.2907801418439716
135063,2012,0.2
135081,2012,0.6312056737588653
135364,2012,1.0
135726,2012,0.6737588652482269
135939,2012,0.0
136172,2012,0.4046242774566474
136206,2012,0.09523809523809523
136215,2012,0.2571428571428571
136288,2012,0.6
136330,2012,0.3333333333333333
136774,2012,0.6666666666666666
136950,2012,0.75
137032,2012,0.46511627906976744
137351,2012,0.6192560175054704
137476,2012,0.22
137546,2012,0.5789473684210527
137564,2012,0.3333333333333333
137801,2012,0.0
137847,2012,0.5901639344262295
137953,2012,0.0
137962,2012,0.5
138275,2012,0.4375
138293,2012,0.4444444444444444
138309,2012,0.0
138354,2012,0.3333333333333333
138600,2012,0.8269230769230769
138716,2012,0.4269102990033223
138789,2012,0.4451219512195122
138813,2012,0.19047619047619047
138868,2012,0.25
138947,2012,0.3944387229660144
139074,2012,0.19047619047619047
139144,2012,0.76
139153,2012,0.8888888888888888
139199,2012,0.4126984126984127
139205,2012,0.08333333333333333
139287,2012,0.2222222222222222
139311,2012,0.28125
139366,2012,0.25
139393,2012,0.3333333333333333
139579,2012,0.10714285714285714
139630,2012,0.36
139658,2012,0.8899082568807339
139719,2012,0.3037249283667622
139755,2012,0.7521367521367521
139764,2012,0.31666666666666665
139861,2012,0.5833333333333334
139931,2012,0.5024
139940,2012,0.5639300134589502
139959,2012,0.7635782747603834
140164,2012,0.39855072463768115
140234,2012,0.2571428571428571
140252,2012,0.4
140340,2012,0.6
140447,2012,0.5081967213114754
140553,2012,0.5393442622950819
140696,2012,0.7222222222222222
140720,2012,0.20987654320987653
140818,2012,0.14814814814814814
140872,2012,0.17857142857142858
140951,2012,0.6029411764705882
140960,2012,0.29124579124579125
140988,2012,0.3888888888888889
141060,2012,0.6861167002012073
141097,2012,0.4788732394366197
141167,2012,0.05263157894736842
141185,2012,0.2
141237,2012,0.2
141264,2012,0.3795379537953795
141325,2012,0.6363636363636364
141334,2012,0.4567901234567901
141486,2012,0.0
141565,2012,0.0
141574,2012,0.4444444444444444
141644,2012,0.0625
142115,2012,0.42424242424242425
142276,2012,0.18181818181818182
142285,2012,0.21428571428571427
142294,2012,0.5
142328,2012,0.0
142461,2012,0.25
142522,2012,0.14285714285714285
142887,2012,0.3333333333333333
143048,2012,0.4117647058823529
143084,2012,0.4666666666666667
143118,2012,0.5882352941176471
143288,2012,0.23529411764705882
143358,2012,0.5416666666666666
144005,2012,0.18867924528301888
144050,2012,0.8311688311688312
144281,2012,0.23132530120481928
144351,2012,0.2631578947368421
144740,2012,0.6086956521739131
144883,2012,0.25742574257425743
144892,2012,0.4511627906976744
144962,2012,0.6666666666666666
144971,2012,0.25
145372,2012,0.4090909090909091
145460,2012,0.14285714285714285
145600,2012,0.4405797101449275
145619,2012,0.3333333333333333
145637,2012,0.7088607594936709
145646,2012,0.6896551724137931
145691,2012,0.8
145725,2012,0.4444444444444444
145813,2012,0.45161290322580644
146010,2012,0.10465116279069768
146339,2012,0.0
146393,2012,0.2857142857142857
146427,2012,0.6363636363636364
146481,2012,0.3
146612,2012,0.45
146621,2012,0.5
146667,2012,0.3333333333333333
146719,2012,0.5813953488372093
146825,2012,0.04
147013,2012,0.2857142857142857
147244,2012,0.4222222222222222
147341,2012,0.44
147369,2012,1.0
147536,2012,0.3333333333333333
147660,2012,0.5
147679,2012,0.2571428571428571
147703,2012,0.29411764705882354
147767,2012,0.9361702127659575
147776,2012,0.0759493670886076
147828,2012,0.2916666666666667
148131,2012,0.3076923076923077
148177,2012,0.23529411764705882
148335,2012,0.9705882352941176
148405,2012,0.3076923076923077
148487,2012,0.34210526315789475
148496,2012,0.4090909090909091
148584,2012,0.4
148627,2012,0.2926829268292683
148654,2012,0.3191489361702128
148849,2012,0.5
149222,2012,0.3009575923392613
149231,2012,0.3273542600896861
149505,2012,0.6
149514,2012,0.2727272727272727
149639,2012,1.0
149772,2012,0.3888888888888889
149781,2012,0.5789473684210527
150066,2012,0.3142857142857143
150136,2012,0.43558282208588955
150145,2012,0.26666666666666666
150163,2012,0.6111111111111112
150172,2012,0.15384615384615385
150400,2012,0.7291666666666666
150455,2012,0.6666666666666666
150534,2012,0.4090909090909091
150604,2012,0.3
150668,2012,0.75
150677,2012,0.75
150756,2012,1.0
150774,2012,0.625
150941,2012,0.3333333333333333
151102,2012,0.10465116279069768
151111,2012,0.30612244897959184
151263,2012,0.35714285714285715
151290,2012,0.21739130434782608
151306,2012,0.16666666666666666
151324,2012,0.25842696629213485
151333,2012,0.0
151342,2012,0.09302325581395349
151351,2012,0.5859872611464968
151360,2012,0.15853658536585366
151379,2012,0.13043478260869565
151388,2012,0.1111111111111111
151458,2012,0.8333333333333334
151494,2012,0.25
151500,2012,0.0
151519,2012,0.09090909090909091
151616,2012,0.0
151777,2012,0.2
151786,2012,0.34615384615384615
151801,2012,0.3333333333333333
151810,2012,0.125
151944,2012,1.0
152080,2012,0.85
152099,2012,0.4444444444444444
152248,2012,0.13471502590673576
152266,2012,0.27906976744186046
152318,2012,0.7692307692307693
152336,2012,0.2
152363,2012,0.35135135135135137
152381,2012,1.0
152390,2012,1.0
152530,2012,0.5384615384615384
152567,2012,0.4117647058823529
152600,2012,0.4523809523809524
152673,2012,0.6666666666666666
152992,2012,0.09090909090909091
153001,2012,0.5
153108,2012,0.25
153126,2012,0.0
153144,2012,0.45454545454545453
153162,2012,0.75
153250,2012,0.25
153269,2012,0.7037037037037037
153278,2012,0.36
153320,2012,1.0
153366,2012,0.17647058823529413
153375,2012,0.07692307692307693
153384,2012,0.875
153603,2012,0.45
153621,2012,0.10526315789473684
153658,2012,0.6074766355140186
153825,2012,0.25
153834,2012,0.75
153861,2012,0.0
154004,2012,0.5
154022,2012,0.12903225806451613
154095,2012,0.36
154101,2012,0.0
154174,2012,0.0
154235,2012,0.21052631578947367
154350,2012,0.45454545454545453
154493,2012,0.2222222222222222
154518,2012,0.26666666666666666
154527,2012,0.38461538461538464
154590,2012,0.24528301886792453
154688,2012,0.25
154712,2012,1.0
154721,2012,0.35294117647058826
154749,2012,0.42857142857142855
154855,2012,0.4166666666666667
155025,2012,0.3877551020408163
155061,2012,0.3076923076923077
155070,2012,0.3333333333333333
155089,2012,0.16666666666666666
155317,2012,0.47101449275362317
155335,2012,0.0
155399,2012,0.2764227642276423
155414,2012,0.42857142857142855
155511,2012,0.3333333333333333
155520,2012,0.16666666666666666
155627,2012,0.2413793103448276
155681,2012,0.25925925925925924
155812,2012,0.3333333333333333
155900,2012,0.35294117647058826
155937,2012,0.2857142857142857
155973,2012,0.1111111111111111
156082,2012,0.11428571428571428
156125,2012,0.34328358208955223
156189,2012,0.0
156213,2012,0.5
156286,2012,0.4166666666666667
156295,2012,0.5416666666666666
156356,2012,0.125
156365,2012,0.17391304347826086
156408,2012,0.8333333333333334
156541,2012,0.24324324324324326
156620,2012,0.2679738562091503
156745,2012,0.5454545454545454
157058,2012,0.1937046004842615
157076,2012,0.11764705882352941
157085,2012,0.4349593495934959
157100,2012,0.5714285714285714
157216,2012,0.07142857142857142
157289,2012,0.4377104377104377
157359,2012,0.09523809523809523
157377,2012,0.38095238095238093
157386,2012,0.23255813953488372
157401,2012,0.4125
157447,2012,0.3064516129032258
157535,2012,0.2
157632,2012,0.0
157748,2012,0.0
157757,2012,0.30303030303030304
157809,2012,0.0
157818,2012,0.8
157863,2012,0.2
157951,2012,0.36257309941520466
158477,2012,0.5384615384615384
158802,2012,0.45294117647058824
159009,2012,0.313953488372093
159382,2012,0.05263157894736842
159391,2012,0.6029776674937966
159416,2012,0.3
159568,2012,0.35294117647058826
159647,2012,0.41810344827586204
159656,2012,0.4857142857142857
159717,2012,0.31363636363636366
159939,2012,0.2573099415204678
159966,2012,0.3128834355828221
159993,2012,0.34345794392523366
160038,2012,0.3474320241691843
160065,2012,0.07142857142857142
160074,2012,0.0
160612,2012,0.2526539278131635
160621,2012,0.32255244755244755
160630,2012,0.10305343511450382
160658,2012,0.3273453093812375
160755,2012,0.6538461538461539
160904,2012,0.47244094488188976
160977,2012,0.7647058823529411
161004,2012,0.8235294117647058
161086,2012,0.8
161165,2012,0.09523809523809523
161217,2012,0.0
161226,2012,0.6
161235,2012,0.0
161253,2012,0.3448275862068966
161299,2012,0.5
161341,2012,0.3333333333333333
161457,2012,1.0
161518,2012,0.4166666666666667
161554,2012,0.23809523809523808
161563,2012,0.25
161572,2012,0.6666666666666666
161873,2012,0.3137254901960784
162007,2012,0.3464566929133858
162061,2012,0.4444444444444444
162210,2012,0.36507936507936506
162283,2012,0.12129380053908356
162584,2012,0.4359861591695502
162654,2012,0.6363636363636364
162681,2012,0.3333333333333333
162760,2012,0.6470588235294118
162928,2012,0.8736842105263158
163046,2012,0.7291666666666666
163204,2012,0.022727272727272728
163268,2012,0.6532663316582915
163286,2012,0.780114722753346
163295,2012,0.625
163338,2012,0.31835686777920413
163453,2012,0.32276897414512096
163462,2012,0.5769230769230769
163578,2012,0.4166666666666667
163851,2012,0.5348837209302325
163912,2012,0.6976744186046512
163921,2012,0.14893617021276595
163976,2012,1.0
164076,2012,0.6038461538461538
164155,2012,0.6153846153846154
164173,2012,0.5
164216,2012,0.4
164270,2012,0.5714285714285714
164447,2012,0.375
164465,2012,0.8979591836734694
164492,2012,0.35
164562,2012,0.6666666666666666
164580,2012,0.8846153846153846
164614,2012,0.0
164632,2012,0.5217391304347826
164641,2012,0.6
164720,2012,0.10714285714285714
164739,2012,0.7567567567567568
164748,2012,0.32222222222222224
164872,2012,0.0
164924,2012,0.84
164933,2012,0.6363636363636364
164988,2012,0.8181818181818182
165015,2012,0.8529411764705882
165024,2012,0.4457831325301205
165167,2012,0.0
165334,2012,0.8
165529,2012,0.4411764705882353
165644,2012,0.9166666666666666
165662,2012,0.8125
165671,2012,0.5897435897435898
165699,2012,0.0
165802,2012,0.4
165820,2012,0.4074074074074074
165866,2012,0.35294117647058826
165936,2012,0.5
166018,2012,0.5384615384615384
166027,2012,0.9692307692307692
166124,2012,0.7894736842105263
166391,2012,0.42105263157894735
166452,2012,0.36363636363636365
166513,2012,0.4090909090909091
166629,2012,0.6046511627906976
166638,2012,0.40336134453781514
166656,2012,0.5
166674,2012,0.5
166683,2012,0.8041237113402062
166692,2012,0.0
166850,2012,0.3333333333333333
166911,2012,1.0
166939,2012,0.625
166948,2012,0.29545454545454547
166984,2012,0.5
167057,2012,0.8333333333333334
167251,2012,0.26785714285714285
167260,2012,0.18181818181818182
167288,2012,0.6190476190476191
167321,2012,0.3
167358,2012,0.6964285714285714
167394,2012,0.5
167455,2012,0.2608695652173913
167598,2012,0.45714285714285713
167729,2012,0.41509433962264153
167783,2012,0.7
167835,2012,0.825
167899,2012,0.6428571428571429
167987,2012,0.43902439024390244
167996,2012,0.5
168005,2012,0.358974358974359
168148,2012,0.8352941176470589
168218,2012,0.84375
168227,2012,0.6363636363636364
168254,2012,0.3125
168263,2012,0.4117647058823529
168281,2012,0.8148148148148148
168290,2012,0.48
168342,2012,0.9
168421,2012,0.7
168430,2012,0.631578947368421
168528,2012,0.5217391304347826
168546,2012,0.38461538461538464
168591,2012,0.3333333333333333
168740,2012,0.6712328767123288
168786,2012,0.19047619047619047
168838,2012,0.125
168847,2012,0.08333333333333333
169080,2012,0.47058823529411764
169248,2012,0.475177304964539
169327,2012,0.0
169363,2012,0.42857142857142855
169442,2012,0.4782608695652174
169479,2012,0.0
169716,2012,0.25742574257425743
169798,2012,0.2358490566037736
169910,2012,0.36666666666666664
169983,2012,0.3684210526315789
170000,2012,0.0
170037,2012,0.0
170082,2012,0.6008771929824561
170091,2012,0.125
170301,2012,0.6666666666666666
170532,2012,0.7058823529411765
170639,2012,0.0
170675,2012,0.14705882352941177
170806,2012,0.18181818181818182
170842,2012,0.27941176470588236
170967,2012,0.14285714285714285
170976,2012,0.7827715355805244
171100,2012,0.565587734241908
171128,2012,0.391304347826087
171137,2012,0.4307692307692308
171146,2012,0.20512820512820512
171298,2012,0.0
171456,2012,0.2777777777777778
171492,2012,0.358974358974359
171571,2012,0.2032520325203252
171599,2012,0.3076923076923077
171881,2012,0.0
172051,2012,0.10967741935483871
172264,2012,0.36363636363636365
172334,2012,0.5
172440,2012,0.0
172644,2012,0.1112176414189837
172699,2012,0.44074074074074077
173045,2012,0.48148148148148145
173124,2012,0.2857142857142857
173142,2012,0.2
173160,2012,0.5714285714285714
173258,2012,0.9444444444444444
173300,2012,0.8
173328,2012,0.45
173452,2012,0.5
173629,2012,0.0
173647,2012,0.8125
173665,2012,0.6086956521739131
173887,2012,1.0
173902,2012,0.8695652173913043
173920,2012,0.3763440860215054
174020,2012,0.25
174066,2012,0.5747126436781609
174075,2012,0.125
174127,2012,0.75
174206,2012,1.0
174233,2012,0.45161290322580644
174251,2012,0.8333333333333334
174358,2012,0.08333333333333333
174394,2012,0.0
174437,2012,0.5
174491,2012,0.5454545454545454
174747,2012,0.8
174783,2012,0.37333333333333335
174792,2012,0.6666666666666666
174817,2012,0.4375
174844,2012,0.9166666666666666
174862,2012,0.0
174899,2012,0.5555555555555556
174914,2012,0.7027027027027027
175005,2012,0.3888888888888889
175014,2012,0.0
175078,2012,0.15
175272,2012,0.5
175342,2012,0.3473053892215569
175421,2012,0.3333333333333333
175430,2012,0.0
175616,2012,0.2205128205128205
175856,2012,0.38789237668161436
175980,2012,0.4444444444444444
176017,2012,0.4844290657439446
176035,2012,0.2967032967032967
176044,2012,0.26222222222222225
176053,2012,0.37662337662337664
176080,2012,0.4344978165938865
176318,2012,0.18604651162790697
176336,2012,0.0
176372,2012,0.3710691823899371
176406,2012,0.495
176479,2012,0.5652173913043478
176628,2012,0.5
176637,2012,0.16666666666666666
176664,2012,0.0
176910,2012,0.3333333333333333
176947,2012,0.36363636363636365
176965,2012,0.4375
177065,2012,0.35714285714285715
177144,2012,0.2608695652173913
177214,2012,0.2
177339,2012,0.14285714285714285
177418,2012,0.23684210526315788
177542,2012,0.5
177551,2012,0.28431372549019607
177746,2012,0.0
177940,2012,0.1592356687898089
177968,2012,0.2653061224489796
178059,2012,0.25
178208,2012,0.0
178226,2012,0.0
178244,2012,0.2
178305,2012,0.5
178341,2012,0.2903225806451613
178350,2012,1.0
178369,2012,0.14
178387,2012,0.15151515151515152
178396,2012,0.5429447852760736
178402,2012,0.3181818181818182
178411,2012,0.5789473684210527
178420,2012,0.3157894736842105
178615,2012,0.55
178624,2012,0.2857142857142857
178697,2012,0.75
178721,2012,0.38461538461538464
178891,2012,0.375
179043,2012,0.38461538461538464
179159,2012,0.5054945054945055
179201,2012,0.5
179256,2012,0.0
179326,2012,0.058823529411764705
179548,2012,0.56
179557,2012,0.275
179566,2012,0.4423076923076923
179867,2012,0.9397590361445783
179894,2012,0.4878048780487805
179946,2012,0.3333333333333333
179955,2012,0.26666666666666666
179964,2012,0.16666666666666666
180106,2012,0.75
180179,2012,0.0
180258,2012,0.2
180461,2012,0.375
180489,2012,0.5
180522,2012,0.0
180595,2012,0.0
180814,2012,0.14285714285714285
180948,2012,0.09090909090909091
180984,2012,0.16666666666666666
181002,2012,0.6428571428571429
181020,2012,0.375
181093,2012,0.3333333333333333
181127,2012,0.5
181215,2012,0.07142857142857142
181330,2012,0.07142857142857142
181394,2012,0.21782178217821782
181446,2012,0.5
181464,2012,0.5299145299145299
181534,2012,0.0
181604,2012,0.2777777777777778
181738,2012,0.3333333333333333
181783,2012,0.17391304347826086
181853,2012,0.3333333333333333
182111,2012,0.2857142857142857
182281,2012,0.3443396226415094
182290,2012,0.425
182430,2012,1.0
182458,2012,0.0
182634,2012,1.0
182661,2012,0.46153846153846156
182670,2012,0.8941176470588236
182795,2012,0.4166666666666667
182865,2012,0.0
182980,2012,0.0
183026,2012,0.8
183044,2012,0.6944444444444444
183062,2012,0.3333333333333333
183080,2012,0.0
183211,2012,0.25
183239,2012,0.8
183789,2012,0.2204724409448819
183822,2012,0.3380281690140845
183910,2012,0.34285714285714286
183974,2012,0.5263157894736842
184348,2012,0.8064516129032258
184603,2012,0.44155844155844154
184612,2012,0.2571428571428571
184694,2012,0.41025641025641024
184773,2012,0.4897959183673469
184782,2012,0.42857142857142855
185129,2012,0.23809523809523808
185262,2012,0.34310850439882695
185572,2012,0.5789473684210527
185590,2012,0.6132596685082873
185828,2012,0.3333333333333333
186131,2012,0.9696969696969697
186201,2012,0.5873015873015873
186283,2012,0.47126436781609193
186371,2012,0.34615384615384615
186380,2012,0.7253668763102725
186399,2012,0.7
186432,2012,0.49640287769784175
186584,2012,0.5094339622641509
186618,2012,0.44680851063829785
186867,2012,0.7272727272727273
186876,2012,0.43283582089552236
187134,2012,0.6276595744680851
187444,2012,0.4114583333333333
187648,2012,0.14634146341463414
187897,2012,0.09375
187967,2012,0.0
187985,2012,0.43902439024390244
188030,2012,0.25301204819277107
188146,2012,0.0
188182,2012,1.0
188304,2012,0.18181818181818182
188340,2012,0.0
188429,2012,0.4625
188465,2012,0.4
188526,2012,0.6
188641,2012,0.55
189088,2012,0.5
189097,2012,0.7777777777777778
189228,2012,0.2781065088757396
189413,2012,1.0
189459,2012,0.2
189705,2012,0.55
189848,2012,0.5882352941176471
190044,2012,0.75
190099,2012,0.8064516129032258
190114,2012,0.28
190150,2012,0.8666666666666667
190248,2012,0.17647058823529413
190372,2012,0.8461538461538461
190415,2012,0.8493975903614458
190512,2012,0.5607476635514018
190549,2012,0.5100401606425703
190558,2012,0.26666666666666666
190567,2012,0.4530386740331492
190594,2012,0.5284974093264249
190600,2012,0.4818181818181818
190637,2012,0.34913793103448276
190646,2012,0.14792899408284024
190655,2012,0.2619047619047619
190664,2012,0.5
190691,2012,0.2658486707566462
190716,2012,0.18181818181818182
190725,2012,0.42105263157894735
190761,2012,0.30612244897959184
190770,2012,0.2318840579710145
190983,2012,0.0
191205,2012,0.14814814814814814
191241,2012,0.7215189873417721
191515,2012,0.8666666666666667
191533,2012,0.28
191621,2012,0.2
191630,2012,0.7368421052631579
191649,2012,0.5161290322580645
191676,2012,1.0
191931,2012,0.4
191968,2012,0.6571428571428571
192110,2012,0.7692307692307693
192192,2012,0.14285714285714285
192271,2012,0.42424242424242425
192323,2012,0.6666666666666666
192439,2012,0.19298245614035087
192448,2012,0.20967741935483872
192703,2012,0.6666666666666666
192712,2012,0.3333333333333333
192749,2012,0.5714285714285714
192819,2012,0.4827586206896552
192864,2012,0.3076923076923077
192925,2012,0.21875
193016,2012,0.23684210526315788
193292,2012,0.4117647058823529
193308,2012,0.9953051643192489
193353,2012,0.3333333333333333
193399,2012,0.45652173913043476
193584,2012,0.55
193645,2012,0.24478178368121442
193654,2012,0.3888888888888889
193900,2012,0.7913669064748201
193973,2012,0.9
194091,2012,0.3
194161,2012,0.24719101123595505
194310,2012,0.4108527131782946
194392,2012,0.5
194541,2012,0.6111111111111112
194578,2012,0.6470588235294118
194824,2012,0.8043478260869565
194958,2012,0.38461538461538464
195003,2012,0.5045871559633027
195030,2012,0.76
195128,2012,0.4666666666666667
195164,2012,0.59375
195173,2012,0.3431372549019608
195216,2012,0.8461538461538461
195234,2012,0.65
195243,2012,0.5333333333333333
195304,2012,0.8
195474,2012,0.6875
195526,2012,0.88
195544,2012,0.7
195720,2012,0.7727272727272727
195809,2012,0.5308641975308642
196006,2012,0.5
196015,2012,0.125
196033,2012,1.0
196042,2012,0.15789473684210525
196051,2012,0.0
196060,2012,0.6798245614035088
196079,2012,0.7592592592592593
196088,2012,0.6354166666666666
196097,2012,0.6703910614525139
196103,2012,0.6666666666666666
196112,2012,0.6129032258064516
196121,2012,0.5094339622641509
196130,2012,0.4340425531914894
196149,2012,0.627906976744186
196158,2012,0.4915254237288136
196167,2012,0.5833333333333334
196176,2012,0.6739130434782609
196185,2012,0.6428571428571429
196194,2012,0.42105263157894735
196200,2012,0.4782608695652174
196219,2012,0.5689655172413793
196237,2012,0.40606060606060607
196246,2012,0.5849056603773585
196264,2012,0.16
196291,2012,0.2777777777777778
196413,2012,0.7593360995850622
196592,2012,1.0
196866,2012,0.8695652173913043
197027,2012,0.3333333333333333
197036,2012,0.7681159420289855
197045,2012,0.35
197133,2012,0.8695652173913043
197142,2012,0.0
197151,2012,0.68
197197,2012,0.5
197230,2012,0.3333333333333333
197832,2012,0.45454545454545453
197869,2012,0.5289855072463768
197911,2012,0.3793103448275862
197984,2012,0.4375
197993,2012,0.4398148148148148
198066,2012,0.5
198136,2012,0.34507042253521125
198215,2012,0.41304347826086957
198303,2012,0.21714285714285714
198385,2012,0.9130434782608695
198419,2012,0.9150326797385621
198464,2012,0.5341959334565619
198507,2012,0.42451154529307283
198516,2012,0.8636363636363636
198543,2012,0.33672172808132145
198561,2012,0.5294117647058824
198598,2012,0.25
198613,2012,0.4358974358974359
198695,2012,0.509090909090909
198756,2012,0.44308943089430897
198808,2012,0.3333333333333333
198835,2012,0.375
198862,2012,0.2129032258064516
198899,2012,0.2318840579710145
198950,2012,0.5952380952380952
198969,2012,0.21739130434782608
199032,2012,0.3333333333333333
199069,2012,0.48148148148148145
199102,2012,0.43754361479413817
199111,2012,0.5909090909090909
199120,2012,0.8601398601398601
199139,2012,0.5314136125654451
199148,2012,0.5631578947368421
199157,2012,0.397459165154265
199184,2012,0.6875
199193,2012,0.6790697674418604
199209,2012,0.35454545454545455
199218,2012,0.691358024691358
199272,2012,0.5806451612903226
199281,2012,0.290519877675841
199306,2012,0.3076923076923077
199315,2012,0.0
199412,2012,0.36666666666666664
199582,2012,0.2867647058823529
199607,2012,0.5555555555555556
199643,2012,0.2953156822810591
199698,2012,0.3333333333333333
199847,2012,0.8194444444444444
199865,2012,0.75
199962,2012,0.41818181818181815
199999,2012,0.4589774078478002
200004,2012,0.4050632911392405
200059,2012,0.3333333333333333
200217,2012,0.15384615384615385
200226,2012,0.0
200253,2012,0.5
200280,2012,0.42857142857142855
200332,2012,0.3333333333333333
200484,2012,0.0
200572,2012,0.625
200800,2012,0.18478260869565216
201061,2012,0.0
201104,2012,0.13157894736842105
201195,2012,0.5434782608695652
201371,2012,0.4
201441,2012,0.427536231884058
201548,2012,0.3409090909090909
201645,2012,0.7301587301587301
201654,2012,0.8333333333333334
201690,2012,0.24772313296903462
201858,2012,0.5
201885,2012,0.4808510638297872
201964,2012,0.16666666666666666
202046,2012,0.2857142857142857
202073,2012,0.0
202134,2012,0.138801261829653
202170,2012,0.3076923076923077
202480,2012,0.5972222222222222
202514,2012,0.22727272727272727
202523,2012,0.8148148148148148
202763,2012,0.29411764705882354
202806,2012,0.14285714285714285
202903,2012,0.0
203085,2012,0.1875
203128,2012,0.6578947368421053
203368,2012,0.6052631578947368
203447,2012,0.0
203465,2012,0.07142857142857142
203474,2012,0.0
203517,2012,0.3700564971751412
203526,2012,0.1875
203535,2012,0.75
203544,2012,1.0
203580,2012,0.16666666666666666
203757,2012,0.2727272727272727
203775,2012,0.5833333333333334
203845,2012,0.375
203960,2012,0.0
204006,2012,0.11428571428571428
204015,2012,0.0
204024,2012,0.7083333333333334
204176,2012,0.25
204185,2012,0.3142857142857143
204194,2012,0.2
204200,2012,0.17647058823529413
204264,2012,0.2916666666666667
204468,2012,0.3076923076923077
204486,2012,0.0
204501,2012,0.8
204617,2012,0.3283582089552239
204635,2012,0.4444444444444444
204671,2012,0.14285714285714285
204680,2012,0.12121212121212122
204699,2012,0.35
204705,2012,0.2796610169491525
204796,2012,0.7268408551068883
204802,2012,0.5
204820,2012,0.4
204839,2012,0.0
204848,2012,0.0
204857,2012,0.5597826086956522
204866,2012,0.16666666666666666
204909,2012,0.6296296296296297
204936,2012,0.4666666666666667
205203,2012,0.6
205443,2012,0.25806451612903225
205957,2012,0.0
206048,2012,0.4166666666666667
206084,2012,0.1984732824427481
206279,2012,0.5
206330,2012,0.08163265306122448
206349,2012,0.35294117647058826
206437,2012,0.5
206491,2012,1.0
206507,2012,0.22857142857142856
206525,2012,0.2608695652173913
206589,2012,0.5263157894736842
206604,2012,0.25980392156862747
206613,2012,0.0
206622,2012,0.5569620253164557
206695,2012,0.07643312101910828
206817,2012,0.05555555555555555
206835,2012,0.5
206862,2012,0.10526315789473684
206914,2012,0.13114754098360656
206941,2012,0.2585034013605442
207041,2012,0.45454545454545453
207157,2012,0.1
207209,2012,0.27715355805243447
207254,2012,0.0
207263,2012,0.20689655172413793
207306,2012,0.0
207324,2012,0.3333333333333333
207351,2012,0.2
207388,2012,0.3893129770992366
207403,2012,0.2857142857142857
207458,2012,0.6538461538461539
207500,2012,0.5898617511520737
207564,2012,0.05555555555555555
207582,2012,0.4175824175824176
207661,2012,0.0
207689,2012,0.0
207722,2012,0.0
207847,2012,0.2777777777777778
207856,2012,0.3333333333333333
207865,2012,0.14285714285714285
207971,2012,0.43902439024390244
208239,2012,0.5
208488,2012,0.4444444444444444
208646,2012,0.0
208822,2012,0.5
209056,2012,1.0
209065,2012,0.2222222222222222
209287,2012,0.0
209409,2012,0.0
209506,2012,0.0
209542,2012,0.49122807017543857
209551,2012,0.609375
209612,2012,0.6666666666666666
209807,2012,0.3728813559322034
209825,2012,0.5
209922,2012,0.5384615384615384
210146,2012,0.2777777777777778
210304,2012,0.5
210331,2012,1.0
210401,2012,1.0
210429,2012,0.4117647058823529
210492,2012,0.0
210571,2012,0.46808510638297873
210669,2012,0.65
210739,2012,0.6
210775,2012,0.23529411764705882
210942,2012,0.4090909090909091
210960,2012,0.3076923076923077
211024,2012,0.0
211088,2012,0.48148148148148145
211158,2012,0.4027777777777778
211273,2012,0.9047619047619048
211291,2012,0.6666666666666666
211352,2012,0.3142857142857143
211361,2012,0.375
211431,2012,0.4166666666666667
211440,2012,0.7534246575342466
211468,2012,0.2
211477,2012,0.2807017543859649
211556,2012,0.23529411764705882
211583,2012,0.3235294117647059
211608,2012,0.25475285171102663
211644,2012,0.2962962962962963
211893,2012,1.0
211981,2012,0.36363636363636365
212009,2012,0.8636363636363636
212054,2012,0.4732824427480916
212106,2012,0.5952380952380952
212115,2012,0.373134328358209
212133,2012,0.45614035087719296
212160,2012,0.28
212197,2012,0.6666666666666666
212577,2012,0.6521739130434783
212601,2012,0.375
212656,2012,0.45454545454545453
212674,2012,0.875
212805,2012,0.6
212832,2012,0.14285714285714285
212911,2012,0.92
212984,2012,0.4666666666666667
213011,2012,0.3125
213020,2012,0.29120879120879123
213251,2012,0.0
213303,2012,0.2857142857142857
213321,2012,0.5
213349,2012,0.31210191082802546
213358,2012,0.32142857142857145
213367,2012,0.4383561643835616
213385,2012,0.8333333333333334
213400,2012,1.0
213507,2012,0.45454545454545453
213543,2012,0.6153846153846154
213598,2012,0.39144736842105265
213613,2012,0.2857142857142857
213668,2012,0.7
213783,2012,0.34375
213826,2012,1.0
213987,2012,0.41379310344827586
213996,2012,0.5
214041,2012,0.3235294117647059
214069,2012,1.0
214148,2012,0.5833333333333334
214157,2012,0.6153846153846154
214166,2012,0.25
214175,2012,1.0
214272,2012,0.3815789473684211
214591,2012,0.5555555555555556
214625,2012,0.42857142857142855
214634,2012,0.0
214643,2012,0.5
214652,2012,0.5
214670,2012,0.5454545454545454
214689,2012,0.6527777777777778
214698,2012,0.2
214704,2012,0.3939393939393939
214713,2012,0.7073170731707317
214731,2012,0.28
214740,2012,0.0
214759,2012,0.2222222222222222
214768,2012,0.4523809523809524
214777,2012,0.667910447761194
214786,2012,0.2631578947368421
214795,2012,0.4878048780487805
214801,2012,0.3225806451612903
214810,2012,0.4824561403508772
214829,2012,0.2222222222222222
214971,2012,0.6666666666666666
215053,2012,0.0
215062,2012,0.9175824175824175
215099,2012,0.5106382978723404
215105,2012,0.5675675675675675
215114,2012,0.42857142857142855
215132,2012,0.5454545454545454
215266,2012,0.6818181818181818
215275,2012,0.4
215284,2012,0.4
215293,2012,0.6815286624203821
215442,2012,0.2857142857142857
215637,2012,1.0
215655,2012,0.35714285714285715
215691,2012,0.5294117647058824
215743,2012,0.21428571428571427
215770,2012,0.6666666666666666
215798,2012,0.5263157894736842
215929,2012,0.2857142857142857
215947,2012,0.35294117647058826
216010,2012,0.3953488372093023
216038,2012,0.49473684210526314
216278,2012,0.55
216287,2012,0.9047619047619048
216339,2012,0.6130867709815079
216357,2012,0.12
216524,2012,0.625
216542,2012,0.2727272727272727
216597,2012,0.9
216667,2012,0.6666666666666666
216694,2012,0.42857142857142855
216764,2012,0.5105263157894737
216807,2012,0.7142857142857143
216852,2012,0.5263157894736842
216931,2012,0.20833333333333334
217013,2012,0.0
217059,2012,0.5625
217156,2012,0.9310344827586207
217165,2012,0.8275862068965517
217235,2012,0.55625
217402,2012,0.5357142857142857
217420,2012,0.2786885245901639
217484,2012,0.42857142857142855
217493,2012,0.6
217518,2012,0.5555555555555556
217536,2012,0.5
217606,2012,0.6666666666666666
217624,2012,0.23333333333333334
217633,2012,0.225
217688,2012,0.34080717488789236
217721,2012,0.2972665148063781
217749,2012,0.4
217776,2012,0.16666666666666666
217819,2012,0.5409836065573771
217864,2012,0.7073170731707317
217873,2012,0.4304812834224599
217882,2012,0.7058823529411765
217907,2012,0.47058823529411764
217925,2012,0.625
217934,2012,0.3956043956043956
217961,2012,0.7647058823529411
217998,2012,0.4
218061,2012,0.43630573248407645
218070,2012,0.7954545454545454
218229,2012,0.4625
218238,2012,0.28125
218399,2012,0.26440677966101694
218414,2012,0.4358974358974359
218441,2012,0.5789473684210527
218539,2012,0.42857142857142855
218645,2012,0.4473684210526316
218654,2012,0.15625
218663,2012,0.6633333333333333
218724,2012,0.5025380710659898
218733,2012,0.35877261998426435
218742,2012,0.4019607843137255
218919,2012,0.330188679245283
218964,2012,0.5661764705882353
218973,2012,0.88
219000,2012,0.1111111111111111
219082,2012,0.0
219091,2012,0.6666666666666666
219198,2012,0.0
219204,2012,1.0
219259,2012,0.0
219347,2012,0.0
219356,2012,0.42857142857142855
219383,2012,0.0
219471,2012,0.2857142857142857
219505,2012,0.5714285714285714
219602,2012,0.3291139240506329
219639,2012,0.42857142857142855
219709,2012,0.6
219718,2012,0.18333333333333332
219790,2012,0.4
219806,2012,0.1590909090909091
219833,2012,0.532608695652174
219949,2012,0.23333333333333334
219976,2012,0.41935483870967744
220075,2012,0.22857142857142856
220181,2012,0.5241379310344828
220206,2012,0.0
220215,2012,0.22727272727272727
220516,2012,0.25
220598,2012,0.3082077051926298
220604,2012,0.16853932584269662
220613,2012,0.35714285714285715
220631,2012,0.1111111111111111
220701,2012,0.6086956521739131
220710,2012,0.4827586206896552
220808,2012,0.6
220862,2012,0.34620689655172415
220941,2012,0.041666666666666664
220978,2012,0.44107142857142856
221014,2012,0.5
221254,2012,0.375
221351,2012,0.7333333333333333
221519,2012,0.8333333333333334
221661,2012,0.6037735849056604
221740,2012,0.26436781609195403
221759,2012,0.5503875968992248
221768,2012,0.3926940639269406
221795,2012,1.0
221838,2012,0.2939068100358423
221847,2012,0.41509433962264153
221856,2012,0.05555555555555555
221892,2012,0.17647058823529413
221953,2012,0.3389830508474576
221971,2012,0.35714285714285715
221999,2012,0.8837209302325582
222178,2012,0.2714285714285714
222831,2012,0.19047619047619047
222938,2012,0.4666666666666667
222983,2012,0.46153846153846156
223232,2012,0.6105263157894737
224004,2012,0.125
224147,2012,0.38636363636363635
224226,2012,0.4666666666666667
224244,2012,0.0
224323,2012,0.5
224527,2012,0.1774193548387097
224554,2012,0.34057971014492755
224776,2012,0.10526315789473684
225247,2012,0.5
225399,2012,0.3333333333333333
225432,2012,0.1169811320754717
225511,2012,0.3549382716049383
225548,2012,0.10526315789473684
225575,2012,0.28776978417266186
225627,2012,0.24489795918367346
225885,2012,0.08870967741935484
226091,2012,0.2154696132596685
226152,2012,0.42857142857142855
226231,2012,0.3333333333333333
226383,2012,0.14285714285714285
226471,2012,0.2878787878787879
226587,2012,0.2692307692307692
226833,2012,0.3448275862068966
227216,2012,0.47024952015355087
227243,2012,0.1875
227331,2012,0.375
227368,2012,0.2857142857142857
227429,2012,0.0449438202247191
227526,2012,0.36504253673627224
227757,2012,0.8275862068965517
227845,2012,0.3125
227863,2012,0.5
227881,2012,0.4846938775510204
228042,2012,0.3076923076923077
228149,2012,0.5833333333333334
228246,2012,0.66
228325,2012,0.38095238095238093
228343,2012,0.5
228431,2012,0.40398550724637683
228459,2012,0.5815217391304348
228468,2012,0.25
228501,2012,0.125
228529,2012,0.20833333333333334
228705,2012,0.1875
228723,2012,0.6444444444444445
228769,2012,0.3047945205479452
228778,2012,0.6838407494145199
228787,2012,0.5079365079365079
228796,2012,0.2875
228802,2012,0.30612244897959184
228875,2012,0.5652173913043478
228884,2012,0.13471502590673576
228981,2012,0.5555555555555556
229018,2012,0.15
229027,2012,0.3574660633484163
229063,2012,0.14885496183206107
229115,2012,0.5642201834862385
229160,2012,0.2972972972972973
229179,2012,0.3793103448275862
229267,2012,0.782608695652174
229780,2012,0.25
229814,2012,0.29508196721311475
229887,2012,0.22340425531914893
230038,2012,0.5454545454545454
230047,2012,0.5
230171,2012,0.0
230472,2012,0.0
230603,2012,0.3684210526315789
230621,2012,1.0
230630,2012,0.4
230728,2012,0.43478260869565216
230737,2012,0.36363636363636365
230764,2012,0.4838709677419355
230782,2012,0.15384615384615385
230807,2012,0.8
230816,2012,1.0
230834,2012,0.75
230852,2012,1.0
230898,2012,0.0
230913,2012,0.3333333333333333
230931,2012,0.375
230940,2012,1.0
230959,2012,0.9411764705882353
230977,2012,1.0
230995,2012,0.3333333333333333
231059,2012,1.0
231077,2012,0.2
231086,2012,0.25
231165,2012,0.0
231174,2012,0.7741935483870968
231420,2012,0.3170731707317073
231554,2012,0.5
231581,2012,0.6052631578947368
231624,2012,0.8160919540229885
231651,2012,0.5
231712,2012,0.6410256410256411
231837,2012,0.5
232025,2012,0.375
232043,2012,0.13333333333333333
232089,2012,0.24096385542168675
232186,2012,0.6585365853658537
232256,2012,0.5714285714285714
232265,2012,0.6765734265734266
232308,2012,0.5714285714285714
232423,2012,0.7596899224806202
232557,2012,0.21779141104294478
232566,2012,0.5797101449275363
232609,2012,0.5625
232672,2012,0.3968253968253968
232681,2012,0.5833333333333334
232706,2012,0.48214285714285715
232937,2012,0.37763157894736843
232982,2012,0.4903677758318739
233277,2012,0.48717948717948717
233295,2012,0.625
233301,2012,0.47058823529411764
233374,2012,0.926829268292683
233426,2012,0.7142857142857143
233541,2012,0.24444444444444444
233611,2012,0.15384615384615385
233684,2012,0.0
233718,2012,0.0
233897,2012,0.3958333333333333
233912,2012,0.6
233921,2012,0.7195767195767195
234030,2012,0.5703324808184144
234076,2012,0.8418079096045198
234085,2012,0.7407407407407407
234137,2012,0.7
234155,2012,0.4626262626262626
234164,2012,0.35792349726775957
234173,2012,0.4
234207,2012,0.9333333333333333
234216,2012,0.2
234492,2012,0.375
234827,2012,0.3448275862068966
235024,2012,0.3
235097,2012,0.2
235167,2012,0.4666666666666667
235316,2012,0.7333333333333333
235510,2012,0.0
236133,2012,0.3333333333333333
236230,2012,0.35294117647058826
236328,2012,0.7333333333333333
236452,2012,0.4444444444444444
236577,2012,0.6666666666666666
236595,2012,0.7105263157894737
236896,2012,0.375
236939,2012,0.5636363636363636
236948,2012,0.7167630057803468
237011,2012,0.46236559139784944
237057,2012,0.6666666666666666
237066,2012,0.75
237118,2012,0.14285714285714285
237181,2012,0.21428571428571427
237215,2012,0.08333333333333333
237312,2012,0.18181818181818182
237330,2012,0.21621621621621623
237358,2012,0.3333333333333333
237367,2012,0.23529411764705882
237385,2012,0.075
237525,2012,0.43478260869565216
237640,2012,0.2
237686,2012,0.0
237783,2012,0.2
237792,2012,0.26785714285714285
237899,2012,0.13513513513513514
237932,2012,0.06666666666666667
237950,2012,0.04878048780487805
237969,2012,0.5
238032,2012,0.42
238078,2012,0.2857142857142857
238193,2012,0.24528301886792453
238324,2012,1.0
238333,2012,0.6923076923076923
238430,2012,0.42857142857142855
238458,2012,0.09523809523809523
238476,2012,0.48148148148148145
238616,2012,0.15
238661,2012,0.3333333333333333
238892,2012,0.05
238980,2012,0.34782608695652173
239017,2012,0.5714285714285714
239071,2012,0.3333333333333333
239080,2012,0.21739130434782608
239105,2012,0.6222222222222222
239309,2012,0.5
239318,2012,0.2727272727272727
239390,2012,0.26666666666666666
239503,2012,0.0
239512,2012,0.0
239628,2012,1.0
239716,2012,0.5
239743,2012,0.5
240107,2012,0.0
240189,2012,0.2231404958677686
240268,2012,0.5
240277,2012,0.4166666666666667
240329,2012,0.3157894736842105
240338,2012,0.2
240365,2012,0.2727272727272727
240374,2012,0.15625
240392,2012,0.14285714285714285
240417,2012,0.36363636363636365
240426,2012,0.0
240444,2012,0.6795580110497238
240453,2012,0.24074074074074073
240462,2012,0.1111111111111111
240471,2012,0.30434782608695654
240480,2012,0.3333333333333333
240727,2012,0.5
240754,2012,0.0
241191,2012,1.0
243179,2012,0.0
243221,2012,0.6666666666666666
243665,2012,0.2660098522167488
243744,2012,0.9090909090909091
243780,2012,0.5253623188405797
245953,2012,0.23076923076923078
247065,2012,0.0
247700,2012,0.3333333333333333
248934,2012,0.16666666666666666
251312,2012,0.09523809523809523
260293,2012,0.3225806451612903
260813,2012,0.5
260901,2012,0.0
262129,2012,0.2
262332,2012,0.5
363934,2012,0.1111111111111111
366252,2012,0.16666666666666666
366711,2012,0.4666666666666667
367194,2012,0.0
367884,2012,0.0
367909,2012,0.0
368452,2012,0.3333333333333333
368601,2012,0.21212121212121213
372213,2012,0.03488372093023256
372222,2012,0.15384615384615385
372958,2012,0.0
373827,2012,0.75
377555,2012,0.6666666666666666
377564,2012,0.36363636363636365
378406,2012,0.25
380465,2012,0.5
381787,2012,0.5
381909,2012,0.16666666666666666
384254,2012,1.0
385619,2012,0.5
386472,2012,0.3333333333333333
390701,2012,0.3333333333333333
392840,2012,0.0
398130,2012,1.0
399869,2012,0.5555555555555556
399911,2012,0.5
402776,2012,1.0
404073,2012,0.0
404082,2012,0.125
405979,2012,0.0
405988,2012,0.23529411764705882
405997,2012,0.2857142857142857
406006,2012,0.17073170731707318
406015,2012,0.08461538461538462
406194,2012,0.36363636363636365
407009,2012,0.38461538461538464
407285,2012,0.0
408039,2012,0.0
409698,2012,0.30952380952380953
410502,2012,0.25
413839,2012,0.0
413857,2012,0.6666666666666666
413884,2012,0.08695652173913043
414568,2012,0.125
414823,2012,0.5588235294117647
416962,2012,0.1724137931034483
417752,2012,0.0
419457,2012,0.0
419509,2012,0.1568627450980392
420006,2012,1.0
420042,2012,0.4
420307,2012,0.2608695652173913
420316,2012,0.0
420574,2012,0.375
421018,2012,0.15384615384615385
426314,2012,1.0
428286,2012,0.3333333333333333
428444,2012,0.5
429599,2012,0.0
430087,2012,0.2
430184,2012,0.0
430263,2012,0.5
430810,2012,1.0
432223,2012,0.16666666666666666
432232,2012,0.3076923076923077
432241,2012,0.3333333333333333
432384,2012,0.0
432533,2012,0.23076923076923078
433004,2012,0.0
433387,2012,0.14285714285714285
433660,2012,0.36363636363636365
434946,2012,0.21495327102803738
434955,2012,0.2
434973,2012,0.15
434982,2012,0.2
436483,2012,0.3333333333333333
436818,2012,0.42592592592592593
436827,2012,0.14285714285714285
436836,2012,0.5909090909090909
437042,2012,0.0
437051,2012,0.0625
437219,2012,1.0
437848,2012,0.0
438151,2012,0.4444444444444444
438416,2012,0.13333333333333333
438586,2012,0.2857142857142857
438601,2012,0.0
438610,2012,0.08695652173913043
438629,2012,1.0
438902,2012,1.0
439279,2012,0.030303030303030304
439288,2012,0.4375
439297,2012,0.16666666666666666
439613,2012,0.625
440147,2012,0.37777777777777777
440165,2012,0.0
440341,2012,0.20610687022900764
440420,2012,0.0
440439,2012,0.18181818181818182
440448,2012,0.1984732824427481
440457,2012,0.17391304347826086
440484,2012,0.2
440925,2012,0.23076923076923078
441511,2012,1.0
441900,2012,0.058823529411764705
441937,2012,0.3
442143,2012,0.2647058823529412
442152,2012,0.15966386554621848
442161,2012,0.1262135922330097
442170,2012,0.25
442189,2012,0.5
443049,2012,1.0
443410,2012,0.5
443465,2012,0.3333333333333333
443474,2012,0.1206896551724138
443526,2012,0.0
443544,2012,0.15
443687,2012,0.3333333333333333
443784,2012,0.3333333333333333
443881,2012,0.17391304347826086
443890,2012,0.18181818181818182
443906,2012,0.3333333333333333
443924,2012,0.14864864864864866
444158,2012,0.5
444723,2012,0.0
444778,2012,0.6666666666666666
445027,2012,0.0
445072,2012,0.2236842105263158
445124,2012,0.15555555555555556
445133,2012,1.0
445188,2012,0.5333333333333333
445276,2012,0.390625
445300,2012,0.043478260869565216
445319,2012,0.0
445391,2012,0.3333333333333333
445434,2012,0.5
445692,2012,0.3333333333333333
445708,2012,0.6621621621621622
445717,2012,0.09523809523809523
445920,2012,0.0
446048,2012,1.0
446233,2012,0.0
446613,2012,1.0
446640,2012,0.1875
446710,2012,0.0
446738,2012,0.0
446747,2012,0.1
446765,2012,0.13043478260869565
446792,2012,0.0
446808,2012,0.0
446817,2012,0.5
446899,2012,0.16666666666666666
447069,2012,0.4642857142857143
447458,2012,0.125
447652,2012,0.14814814814814814
447661,2012,0.0
447689,2012,0.2
447953,2012,1.0
448309,2012,0.5454545454545454
448345,2012,0.1111111111111111
448442,2012,0.09523809523809523
448488,2012,0.0
448503,2012,0.0
448512,2012,0.0
448558,2012,0.0
448567,2012,0.09523809523809523
448576,2012,0.2
448585,2012,0.0
448628,2012,0.2727272727272727
448752,2012,0.35
448761,2012,0.0
448822,2012,0.125
448840,2012,0.2
448886,2012,0.5333333333333333
449010,2012,0.4444444444444444
449038,2012,0.0
449339,2012,0.0
449348,2012,1.0
449898,2012,0.0
450085,2012,0.07692307692307693
450447,2012,0.2
450456,2012,0.1
450474,2012,0.2246376811594203
450933,2012,0.75
450979,2012,0.5714285714285714
451060,2012,0.3684210526315789
451662,2012,0.2
453163,2012,0.25
454184,2012,1.0
456348,2012,0.2222222222222222
460899,2012,0.2857142857142857
466921,2012,0.0
474951,2012,0.17054263565891473
475121,2012,0.013157894736842105
475291,2012,0.3333333333333333
475608,2012,0.0
482149,2012,0.2644230769230769
482158,2012,0.11764705882352941
482413,2012,0.12903225806451613
482422,2012,0.3333333333333333
482431,2012,0.21428571428571427
482440,2012,0.6666666666666666
482459,2012,0.43478260869565216
482468,2012,0.3225806451612903
482477,2012,0.21100917431192662
482529,2012,0.0
482538,2012,0.0
482547,2012,0.0
482556,2012,0.0
482565,2012,0.0
482574,2012,0.25
482608,2012,0.13793103448275862
482635,2012,0.1875
482653,2012,0.21212121212121213
482662,2012,0.0
482680,2012,0.3333333333333333
100654,2013,0.35812133072407043
100663,2013,0.5220588235294118
100690,2013,0.16666666666666666
100706,2013,0.30275229357798167
100724,2013,0.2599388379204893
100751,2013,0.6015779092702169
100830,2013,0.15725806451612903
100858,2013,0.6044444444444445
100937,2013,0.4
101073,2013,0.10476190476190476
101116,2013,0.0
101189,2013,0.1836734693877551
101435,2013,0.42857142857142855
101480,2013,0.21987315010570824
101541,2013,0.3
101587,2013,0.2905982905982906
101675,2013,0.21428571428571427
101693,2013,0.21739130434782608
101709,2013,0.5714285714285714
101879,2013,0.21428571428571427
101912,2013,0.43383947939262474
102049,2013,0.5306122448979592
102058,2013,0.19886363636363635
102094,2013,0.2872340425531915
102234,2013,0.41379310344827586
102261,2013,0.0
102270,2013,0.20506912442396313
102298,2013,0.4975845410628019
102368,2013,0.2434325744308231
102377,2013,0.4811594202898551
102553,2013,0.1282051282051282
102614,2013,0.5
102669,2013,0.0
102845,2013,0.1111111111111111
103644,2013,0.2647058823529412
103723,2013,0.21428571428571427
103945,2013,0.0
104090,2013,0.2
104151,2013,0.4916387959866221
104179,2013,0.45226130653266333
104188,2013,0.0
104364,2013,0.0
104586,2013,0.0
104717,2013,0.18181818181818182
105330,2013,0.423728813559322
105589,2013,0.0
105899,2013,0.5
106102,2013,0.0
106245,2013,0.15813953488372093
106306,2013,0.19047619047619047
106342,2013,0.3333333333333333
106397,2013,0.43636363636363634
106412,2013,0.266304347826087
106458,2013,0.2774725274725275
106467,2013,0.2535211267605634
106485,2013,0.11258278145695365
106704,2013,0.2914438502673797
106713,2013,0.0
106810,2013,0.5
107044,2013,0.39285714285714285
107071,2013,0.24305555555555555
107080,2013,0.47058823529411764
107141,2013,0.4
107512,2013,0.3870967741935484
107558,2013,0.375
107600,2013,0.3798449612403101
107877,2013,0.0
107983,2013,0.2222222222222222
108092,2013,0.2647058823529412
108232,2013,0.18333333333333332
109651,2013,0.0
109785,2013,0.5217391304347826
110060,2013,1.0
110097,2013,0.45
110185,2013,0.0
110361,2013,0.21621621621621623
110370,2013,0.4
110404,2013,1.0
110413,2013,0.9166666666666666
110422,2013,0.5
110486,2013,0.16666666666666666
110495,2013,0.5172413793103449
110510,2013,0.3815261044176707
110529,2013,0.4
110538,2013,0.4189189189189189
110547,2013,0.2315112540192926
110556,2013,0.3868312757201646
110565,2013,0.4305555555555556
110574,2013,0.27091633466135456
110583,2013,0.5481171548117155
110592,2013,0.3025210084033613
110608,2013,0.33713355048859933
110617,2013,0.31785714285714284
110635,2013,0.7397260273972602
110644,2013,0.6802721088435374
110653,2013,0.8125
110662,2013,0.8088888888888889
110671,2013,0.7327586206896551
110680,2013,0.9615384615384616
110705,2013,0.75
110714,2013,0.7326732673267327
111081,2013,0.5833333333333334
111188,2013,0.0
111948,2013,0.625
112075,2013,0.14285714285714285
112084,2013,0.0
112260,2013,0.8333333333333334
112394,2013,0.6666666666666666
112570,2013,0.3333333333333333
113698,2013,0.4166666666666667
114354,2013,0.6
114813,2013,0.5
115409,2013,0.5
115728,2013,0.7368421052631579
115755,2013,0.32
115773,2013,1.0
117113,2013,0.5
117140,2013,0.375
117557,2013,1.0
117627,2013,0.35
117751,2013,1.0
117928,2013,0.16666666666666666
117946,2013,0.7323943661971831
118693,2013,0.6
118888,2013,0.7058823529411765
119173,2013,0.4
119605,2013,0.0
120184,2013,0.18181818181818182
120254,2013,0.8461538461538461
120403,2013,0.625
120537,2013,0.3333333333333333
120865,2013,0.6
120883,2013,0.6333333333333333
121150,2013,0.8076923076923077
121257,2013,0.875
121309,2013,0.7
121345,2013,0.92
121381,2013,0.09090909090909091
121691,2013,0.875
122409,2013,0.5703125
122436,2013,0.6666666666666666
122454,2013,0.3333333333333333
122506,2013,0.0
122597,2013,0.40825688073394495
122612,2013,0.5
122728,2013,0.5
122755,2013,0.38461538461538464
122843,2013,1.0
122931,2013,0.7954545454545454
123165,2013,1.0
123457,2013,0.2857142857142857
123554,2013,0.55
123572,2013,0.35294117647058826
123651,2013,0.1111111111111111
123952,2013,0.0
123961,2013,0.8412698412698413
124487,2013,0.5
125231,2013,0.0
125727,2013,0.7142857142857143
125763,2013,0.4666666666666667
125897,2013,0.5555555555555556
126182,2013,0.07692307692307693
126562,2013,0.3728813559322034
126580,2013,0.4411764705882353
126614,2013,0.5714285714285714
126669,2013,0.14285714285714285
126678,2013,0.375
126702,2013,0.2
126775,2013,0.7692307692307693
126818,2013,0.5867768595041323
126827,2013,0.5
126872,2013,0.2857142857142857
127024,2013,0.07142857142857142
127060,2013,0.5789473684210527
127185,2013,0.0
127556,2013,0.3
127565,2013,0.09090909090909091
127714,2013,0.0
127741,2013,0.3563218390804598
127918,2013,0.875
127945,2013,0.5
128106,2013,0.26666666666666666
128328,2013,0.7872340425531915
128391,2013,0.3333333333333333
128498,2013,0.43478260869565216
128683,2013,0.0
128744,2013,0.24
128771,2013,0.4318181818181818
128902,2013,0.9230769230769231
129020,2013,0.6741573033707865
129215,2013,0.5483870967741935
129242,2013,0.8157894736842105
129525,2013,0.4090909090909091
129774,2013,0.4090909090909091
129941,2013,0.37037037037037035
130110,2013,1.0
130183,2013,0.17142857142857143
130226,2013,0.8571428571428571
130253,2013,0.5454545454545454
130314,2013,0.32142857142857145
130493,2013,0.46938775510204084
130590,2013,0.7435897435897436
130624,2013,0.8333333333333334
130697,2013,0.926829268292683
130776,2013,0.3902439024390244
130794,2013,0.9213483146067416
130934,2013,0.41721854304635764
130943,2013,0.6319444444444444
130989,2013,0.20833333333333334
131098,2013,0.17682926829268292
131113,2013,0.12
131159,2013,0.7636363636363637
131283,2013,0.64
131308,2013,0.6666666666666666
131399,2013,0.14450867052023122
131450,2013,0.2857142857142857
131469,2013,0.7471910112359551
131496,2013,0.9052631578947369
131520,2013,0.5993006993006993
131803,2013,0.5
131876,2013,0.43661971830985913
132338,2013,0.2894736842105263
132408,2013,1.0
132471,2013,0.33714285714285713
132602,2013,0.4978038067349927
132657,2013,0.45454545454545453
132842,2013,0.0
132879,2013,0.0
132903,2013,0.6678571428571428
133085,2013,0.5
133465,2013,0.08
133492,2013,0.4117647058823529
133526,2013,0.20754716981132076
133553,2013,0.2716049382716049
133650,2013,0.394856278366112
133669,2013,0.4400977995110024
133711,2013,0.7142857142857143
133809,2013,0.0
133872,2013,1.0
133881,2013,0.3902439024390244
133951,2013,0.4519230769230769
133979,2013,0.33905579399141633
133997,2013,1.0
134079,2013,0.6470588235294118
134097,2013,0.7807606263982103
134130,2013,0.7934426229508197
134149,2013,0.3333333333333333
134237,2013,0.29339477726574503
134680,2013,0.28888888888888886
134811,2013,0.36585365853658536
134945,2013,0.3157894736842105
135063,2013,0.2
135081,2013,0.5628930817610063
135726,2013,0.7816091954022989
135939,2013,0.42857142857142855
136066,2013,0.0
136172,2013,0.608
136206,2013,0.3125
136215,2013,0.29523809523809524
136288,2013,0.8
136330,2013,0.5238095238095238
136774,2013,0.5384615384615384
136950,2013,0.75
137032,2013,0.35
137272,2013,0.0
137351,2013,0.662269129287599
137476,2013,0.22727272727272727
137546,2013,0.46153846153846156
137564,2013,0.2826086956521739
137801,2013,1.0
137847,2013,0.5961538461538461
137953,2013,0.25
137962,2013,0.16666666666666666
138275,2013,0.2692307692307692
138293,2013,0.1891891891891892
138309,2013,1.0
138354,2013,0.4396551724137931
138600,2013,0.7272727272727273
138716,2013,0.3973509933774834
138789,2013,0.267515923566879
138813,2013,0.22746781115879827
138868,2013,0.375
138947,2013,0.40884718498659517
139074,2013,0.2
139144,2013,0.4482758620689655
139153,2013,0.12
139199,2013,0.40540540540540543
139205,2013,0.21621621621621623
139287,2013,0.08333333333333333
139311,2013,0.329608938547486
139366,2013,0.2706552706552707
139393,2013,0.36363636363636365
139579,2013,0.04
139630,2013,0.38461538461538464
139658,2013,0.9528301886792453
139719,2013,0.315028901734104
139755,2013,0.765625
139764,2013,0.3221476510067114
139861,2013,0.6078431372549019
139931,2013,0.5280728376327769
139940,2013,0.5627376425855514
139959,2013,0.814404432132964
140164,2013,0.4327485380116959
140234,2013,0.45
140252,2013,0.14285714285714285
140340,2013,0.19047619047619047
140447,2013,0.509090909090909
140553,2013,0.5264797507788161
140696,2013,0.4358974358974359
140720,2013,0.18777292576419213
140818,2013,0.32142857142857145
140872,2013,0.4117647058823529
140951,2013,0.58
140960,2013,0.2755102040816326
140988,2013,0.4
141060,2013,0.7478991596638656
141097,2013,0.37254901960784315
141167,2013,0.09523809523809523
141185,2013,0.0
141237,2013,0.045454545454545456
141264,2013,0.3812233285917496
141325,2013,0.30434782608695654
141334,2013,0.4032258064516129
141486,2013,0.42857142857142855
141565,2013,0.6
141574,2013,0.2413793103448276
141644,2013,0.4
142115,2013,0.5384615384615384
142276,2013,0.4166666666666667
142285,2013,0.4
142294,2013,0.4
142328,2013,0.0
142461,2013,0.2222222222222222
142522,2013,0.5
142887,2013,0.2
143048,2013,0.35294117647058826
143084,2013,0.5263157894736842
143118,2013,0.4166666666666667
143288,2013,0.15384615384615385
143358,2013,0.5412844036697247
144005,2013,0.18674698795180722
144050,2013,0.9078947368421053
144281,2013,0.2608695652173913
144351,2013,0.20588235294117646
144740,2013,0.625
144883,2013,0.11
144892,2013,0.4108527131782946
144962,2013,0.7368421052631579
144971,2013,0.0
145372,2013,0.38461538461538464
145460,2013,0.3333333333333333
145600,2013,0.4340836012861736
145619,2013,0.47368421052631576
145637,2013,0.75
145646,2013,0.5882352941176471
145691,2013,0.5
145725,2013,0.5555555555555556
145770,2013,0.0
145813,2013,0.5675675675675675
146010,2013,0.08666666666666667
146339,2013,0.5
146393,2013,0.0
146427,2013,0.8125
146481,2013,0.6896551724137931
146612,2013,0.43243243243243246
146667,2013,0.3333333333333333
146676,2013,0.0
146719,2013,0.6037735849056604
146825,2013,0.13636363636363635
147013,2013,0.4166666666666667
147244,2013,0.3958333333333333
147341,2013,0.08333333333333333
147369,2013,0.25
147660,2013,0.6666666666666666
147679,2013,0.3142857142857143
147703,2013,0.2790368271954674
147767,2013,0.926829268292683
147776,2013,0.07692307692307693
147828,2013,0.1956521739130435
148016,2013,0.0
148131,2013,0.3111111111111111
148177,2013,0.14285714285714285
148335,2013,0.9736842105263158
148405,2013,0.11764705882352941
148487,2013,0.20754716981132076
148496,2013,0.32432432432432434
148584,2013,0.2857142857142857
148627,2013,0.3793103448275862
148654,2013,0.410958904109589
149222,2013,0.31066666666666665
149231,2013,0.36796536796536794
149505,2013,0.17647058823529413
149514,2013,0.08333333333333333
149639,2013,0.6666666666666666
149772,2013,0.4780701754385965
149781,2013,0.9047619047619048
150066,2013,0.42857142857142855
150136,2013,0.41714285714285715
150145,2013,0.13636363636363635
150163,2013,0.6486486486486487
150172,2013,0.17647058823529413
150400,2013,0.8
150455,2013,0.6875
150534,2013,0.5263157894736842
150604,2013,0.25
150668,2013,0.5
150677,2013,0.5714285714285714
150756,2013,0.4
150774,2013,0.14285714285714285
150941,2013,0.2857142857142857
151102,2013,0.08256880733944955
151111,2013,0.38028169014084506
151263,2013,0.2375
151290,2013,0.5
151306,2013,0.17333333333333334
151324,2013,0.25236593059936907
151333,2013,0.2727272727272727
151342,2013,0.203125
151351,2013,0.5877192982456141
151360,2013,0.09615384615384616
151379,2013,0.0851063829787234
151388,2013,0.3333333333333333
151458,2013,1.0
151494,2013,0.125
151519,2013,0.0
151616,2013,0.2222222222222222
151777,2013,0.35
151786,2013,0.53125
151801,2013,0.1
151810,2013,0.06666666666666667
151944,2013,1.0
152080,2013,0.9056603773584906
152099,2013,0.0
152248,2013,0.13679245283018868
152266,2013,0.14285714285714285
152318,2013,0.7
152336,2013,0.13043478260869565
152363,2013,0.21052631578947367
152381,2013,0.0
152390,2013,0.6666666666666666
152530,2013,0.5454545454545454
152567,2013,0.3125
152600,2013,0.2222222222222222
152637,2013,0.0
152673,2013,0.5714285714285714
152992,2013,0.35
153001,2013,0.5
153108,2013,0.3333333333333333
153126,2013,1.0
153144,2013,0.7142857142857143
153162,2013,0.36363636363636365
153241,2013,1.0
153250,2013,0.3333333333333333
153269,2013,0.6666666666666666
153278,2013,0.5555555555555556
153366,2013,0.5294117647058824
153375,2013,0.2647058823529412
153384,2013,0.6818181818181818
153603,2013,0.49635036496350365
153621,2013,0.14285714285714285
153658,2013,0.49019607843137253
153825,2013,0.4
153834,2013,0.6666666666666666
154004,2013,0.3333333333333333
154022,2013,0.11864406779661017
154095,2013,0.42028985507246375
154101,2013,0.2
154235,2013,0.3
154350,2013,0.4444444444444444
154493,2013,0.14285714285714285
154518,2013,0.07142857142857142
154527,2013,0.6333333333333333
154590,2013,0.14035087719298245
154688,2013,0.4
154712,2013,1.0
154721,2013,0.2857142857142857
154749,2013,0.2857142857142857
154855,2013,0.5555555555555556
155025,2013,0.18421052631578946
155061,2013,0.15789473684210525
155070,2013,0.0
155089,2013,0.5
155308,2013,1.0
155317,2013,0.45251396648044695
155335,2013,0.5
155399,2013,0.24113475177304963
155414,2013,0.125
155496,2013,0.0
155511,2013,0.4
155520,2013,0.3333333333333333
155627,2013,0.18181818181818182
155681,2013,0.3125
155812,2013,0.2857142857142857
155900,2013,0.26666666666666666
155937,2013,0.36363636363636365
155973,2013,1.0
156082,2013,0.2571428571428571
156125,2013,0.2857142857142857
156189,2013,0.0
156213,2013,0.14285714285714285
156286,2013,0.6538461538461539
156295,2013,0.6190476190476191
156356,2013,0.16666666666666666
156365,2013,0.23728813559322035
156408,2013,0.6666666666666666
156541,2013,0.16393442622950818
156620,2013,0.25333333333333335
156745,2013,0.5333333333333333
157030,2013,0.0
157058,2013,0.2113095238095238
157076,2013,0.2777777777777778
157085,2013,0.42857142857142855
157100,2013,0.2222222222222222
157216,2013,0.13793103448275862
157289,2013,0.5018181818181818
157377,2013,0.13333333333333333
157386,2013,0.45454545454545453
157401,2013,0.4260869565217391
157447,2013,0.2
157535,2013,0.0
157632,2013,0.16666666666666666
157748,2013,0.0
157757,2013,0.2857142857142857
157809,2013,0.07692307692307693
157818,2013,0.875
157863,2013,0.125
157951,2013,0.334841628959276
158477,2013,0.5217391304347826
158802,2013,0.3652694610778443
159009,2013,0.32567049808429116
159382,2013,0.0
159391,2013,0.6008676789587852
159416,2013,0.22666666666666666
159568,2013,0.3157894736842105
159647,2013,0.4358974358974359
159656,2013,0.5154639175257731
159717,2013,0.29338842975206614
159939,2013,0.24778761061946902
159948,2013,0.0
159966,2013,0.30414746543778803
159993,2013,0.3418079096045198
160038,2013,0.3641304347826087
160065,2013,0.125
160074,2013,1.0
160612,2013,0.2698744769874477
160621,2013,0.3240556660039761
160630,2013,0.1141732283464567
160658,2013,0.4048582995951417
160755,2013,0.5757575757575758
160904,2013,0.4385245901639344
160977,2013,0.896551724137931
161004,2013,0.8
161086,2013,0.8571428571428571
161165,2013,0.08333333333333333
161217,2013,0.0
161226,2013,0.4444444444444444
161235,2013,0.5
161244,2013,0.0
161253,2013,0.43333333333333335
161341,2013,0.0
161457,2013,0.375
161509,2013,1.0
161518,2013,0.5
161554,2013,0.18181818181818182
161563,2013,0.14285714285714285
161572,2013,0.2
161873,2013,0.30303030303030304
162007,2013,0.33114754098360655
162061,2013,0.3684210526315789
162210,2013,0.39344262295081966
162283,2013,0.16955684007707128
162584,2013,0.4413793103448276
162654,2013,0.6071428571428571
162760,2013,0.5714285714285714
162928,2013,0.8571428571428571
163046,2013,0.7209302325581395
163204,2013,0.0784313725490196
163268,2013,0.5885167464114832
163286,2013,0.77431906614786
163295,2013,0.7
163338,2013,0.3673469387755102
163453,2013,0.3231441048034934
163462,2013,0.5945945945945946
163578,2013,0.5405405405405406
163851,2013,0.5304347826086957
163912,2013,0.7714285714285715
163921,2013,0.2222222222222222
164076,2013,0.6678200692041523
164155,2013,0.7868852459016393
164173,2013,0.5168539325842697
164216,2013,0.7083333333333334
164270,2013,0.6206896551724138
164447,2013,0.3706896551724138
164465,2013,0.875
164492,2013,0.42105263157894735
164562,2013,0.36363636363636365
164580,2013,0.9523809523809523
164632,2013,0.42105263157894735
164641,2013,0.8
164720,2013,0.1111111111111111
164739,2013,0.7878787878787878
164748,2013,0.3142857142857143
164872,2013,0.0
164924,2013,0.8064516129032258
164933,2013,0.5
164988,2013,0.8347826086956521
165015,2013,0.8
165024,2013,0.5909090909090909
165167,2013,0.0
165334,2013,0.5833333333333334
165529,2013,0.19230769230769232
165644,2013,0.45454545454545453
165662,2013,0.8095238095238095
165671,2013,0.8333333333333334
165699,2013,0.75
165802,2013,0.4
165820,2013,0.48484848484848486
165866,2013,0.5185185185185185
165936,2013,0.5555555555555556
166018,2013,0.8571428571428571
166027,2013,0.9642857142857143
166124,2013,0.8571428571428571
166391,2013,0.5652173913043478
166452,2013,0.4
166513,2013,0.5079365079365079
166629,2013,0.6935483870967742
166638,2013,0.36363636363636365
166656,2013,0.5909090909090909
166674,2013,0.5555555555555556
166683,2013,0.8191489361702128
166692,2013,0.3333333333333333
166850,2013,0.5
166939,2013,0.7619047619047619
166948,2013,0.38333333333333336
166984,2013,1.0
167057,2013,0.8333333333333334
167251,2013,0.26666666666666666
167260,2013,0.26666666666666666
167288,2013,0.38095238095238093
167321,2013,0.375
167358,2013,0.7034482758620689
167394,2013,0.5454545454545454
167455,2013,0.3275862068965517
167598,2013,0.4166666666666667
167729,2013,0.4339622641509434
167783,2013,0.8
167835,2013,0.9032258064516129
167899,2013,0.4230769230769231
167987,2013,0.43410852713178294
167996,2013,0.8235294117647058
168005,2013,0.578125
168148,2013,0.8392857142857143
168218,2013,0.9534883720930233
168227,2013,0.48148148148148145
168254,2013,0.4
168263,2013,0.4230769230769231
168281,2013,0.88
168290,2013,0.6
168342,2013,0.825
168421,2013,0.75
168430,2013,0.5263157894736842
168528,2013,0.5
168546,2013,0.42857142857142855
168591,2013,0.3125
168740,2013,0.5842696629213483
168786,2013,0.10526315789473684
168838,2013,0.0
168847,2013,0.07692307692307693
169080,2013,0.55
169248,2013,0.44516129032258067
169327,2013,0.0
169363,2013,0.2
169442,2013,0.5555555555555556
169479,2013,0.2962962962962963
169716,2013,0.24731182795698925
169798,2013,0.20434782608695654
169910,2013,0.3333333333333333
169983,2013,0.3870967741935484
170000,2013,0.0
170037,2013,0.2727272727272727
170082,2013,0.5738636363636364
170091,2013,0.0
170301,2013,0.7142857142857143
170532,2013,0.75
170639,2013,0.42857142857142855
170675,2013,0.1111111111111111
170806,2013,0.0
170842,2013,0.1728395061728395
170967,2013,0.3076923076923077
170976,2013,0.7928802588996764
171100,2013,0.5790408525754884
171128,2013,0.5625
171137,2013,0.34210526315789475
171146,2013,0.23595505617977527
171298,2013,0.0
171456,2013,0.25
171492,2013,0.36363636363636365
171571,2013,0.2465277777777778
171599,2013,0.1896551724137931
171881,2013,1.0
172051,2013,0.16233766233766234
172264,2013,0.2
172334,2013,0.43478260869565216
172440,2013,0.0
172644,2013,0.12951167728237792
172699,2013,0.3682539682539683
173045,2013,0.42857142857142855
173124,2013,0.0
173142,2013,0.0
173160,2013,0.35294117647058826
173258,2013,0.8095238095238095
173300,2013,0.6363636363636364
173328,2013,0.3
173452,2013,0.3333333333333333
173629,2013,0.5
173647,2013,0.75
173665,2013,0.375
173887,2013,0.5
173902,2013,0.6666666666666666
173920,2013,0.3010752688172043
174020,2013,0.45454545454545453
174066,2013,0.5791505791505791
174075,2013,0.08333333333333333
174127,2013,1.0
174206,2013,1.0
174233,2013,0.5483870967741935
174251,2013,0.45454545454545453
174279,2013,0.0
174358,2013,0.16666666666666666
174385,2013,0.3333333333333333
174394,2013,0.3333333333333333
174437,2013,0.2
174491,2013,0.6666666666666666
174525,2013,1.0
174747,2013,1.0
174783,2013,0.22784810126582278
174792,2013,0.8888888888888888
174817,2013,0.5714285714285714
174844,2013,0.8
174862,2013,0.25
174899,2013,0.3333333333333333
174914,2013,0.8055555555555556
175005,2013,0.25
175078,2013,0.11764705882352941
175272,2013,0.4666666666666667
175342,2013,0.39667458432304037
175421,2013,0.34328358208955223
175430,2013,0.16666666666666666
175616,2013,0.2535211267605634
175856,2013,0.43329658213891953
175980,2013,0.34146341463414637
176017,2013,0.4867549668874172
176035,2013,0.32142857142857145
176044,2013,0.3054187192118227
176053,2013,0.2857142857142857
176080,2013,0.4856046065259117
176318,2013,0.1804733727810651
176372,2013,0.41013071895424835
176406,2013,0.5276595744680851
176479,2013,0.625
176628,2013,0.4166666666666667
176664,2013,0.0
176910,2013,0.0
176947,2013,0.3181818181818182
176965,2013,0.3923076923076923
177065,2013,0.06666666666666667
177144,2013,0.2777777777777778
177214,2013,0.38095238095238093
177339,2013,0.3125
177418,2013,0.21052631578947367
177542,2013,0.3
177551,2013,0.17333333333333334
177746,2013,0.375
177940,2013,0.16835016835016836
177968,2013,0.49382716049382713
178059,2013,0.3333333333333333
178226,2013,0.06666666666666667
178244,2013,0.25
178341,2013,0.2702702702702703
178369,2013,0.24705882352941178
178387,2013,0.14912280701754385
178396,2013,0.5731414868105515
178402,2013,0.2484472049689441
178411,2013,0.49019607843137253
178420,2013,0.23809523809523808
178615,2013,0.6417910447761194
178624,2013,0.24691358024691357
178679,2013,0.0
178697,2013,0.4
178721,2013,0.25
178891,2013,0.25
179043,2013,0.35294117647058826
179159,2013,0.4631578947368421
179201,2013,0.5
179256,2013,0.5
179265,2013,0.4
179326,2013,0.14285714285714285
179548,2013,0.7
179557,2013,0.48120300751879697
179566,2013,0.3235294117647059
179867,2013,0.9230769230769231
179894,2013,0.5
179946,2013,0.5882352941176471
179955,2013,0.6
179964,2013,0.2
180106,2013,0.5
180179,2013,0.0
180258,2013,0.0
180416,2013,0.0
180461,2013,0.4
180489,2013,0.4
180522,2013,0.0
180595,2013,0.0
180692,2013,1.0
180814,2013,0.2
180948,2013,0.0
180984,2013,0.4
181002,2013,0.75
181020,2013,0.6666666666666666
181093,2013,0.0
181127,2013,0.5
181215,2013,0.14285714285714285
181297,2013,0.5
181330,2013,0.34782608695652173
181376,2013,0.0
181394,2013,0.21929824561403508
181446,2013,0.6666666666666666
181464,2013,0.5227272727272727
181534,2013,0.2857142857142857
181604,2013,0.25
181738,2013,0.5
181783,2013,0.22727272727272727
181853,2013,0.625
182111,2013,0.13333333333333333
182281,2013,0.3400673400673401
182290,2013,0.3673469387755102
182306,2013,0.0
182458,2013,0.0
182634,2013,0.5
182661,2013,0.5
182670,2013,0.8585858585858586
182795,2013,0.4666666666666667
182865,2013,0.0
182980,2013,0.4
183026,2013,0.4
183044,2013,0.6153846153846154
183062,2013,0.375
183080,2013,0.625
183211,2013,0.4
183239,2013,0.5714285714285714
183789,2013,0.21621621621621623
183822,2013,0.2972972972972973
183910,2013,0.52
183974,2013,0.6666666666666666
184348,2013,0.5185185185185185
184603,2013,0.37349397590361444
184612,2013,0.21951219512195122
184694,2013,0.4444444444444444
184773,2013,0.34375
184782,2013,0.5
185129,2013,0.16363636363636364
185262,2013,0.3894736842105263
185572,2013,0.6857142857142857
185590,2013,0.5804597701149425
185828,2013,0.390625
186131,2013,0.925531914893617
186201,2013,0.5686274509803921
186283,2013,0.43333333333333335
186371,2013,0.49295774647887325
186380,2013,0.7381489841986456
186399,2013,0.5968992248062015
186432,2013,0.41139240506329117
186584,2013,0.45517241379310347
186618,2013,0.5116279069767442
186867,2013,0.7333333333333333
186876,2013,0.5072463768115942
187134,2013,0.6853932584269663
187444,2013,0.3641025641025641
187648,2013,0.2
187897,2013,0.06382978723404255
187967,2013,0.0
187985,2013,0.38613861386138615
188030,2013,0.37333333333333335
188146,2013,0.0
188304,2013,0.3333333333333333
188340,2013,0.5714285714285714
188429,2013,0.5405405405405406
188465,2013,0.2222222222222222
188526,2013,0.0
188641,2013,0.43333333333333335
188854,2013,0.46153846153846156
189088,2013,0.7058823529411765
189097,2013,0.9130434782608695
189228,2013,0.3080357142857143
189413,2013,0.38461538461538464
189459,2013,0.2727272727272727
189705,2013,0.45652173913043476
189848,2013,0.6363636363636364
190044,2013,0.5263157894736842
190099,2013,0.8611111111111112
190114,2013,0.3877551020408163
190150,2013,0.9032258064516129
190248,2013,0.5
190372,2013,0.7272727272727273
190415,2013,0.8785714285714286
190512,2013,0.5986394557823129
190549,2013,0.4489795918367347
190558,2013,0.20833333333333334
190567,2013,0.4188034188034188
190594,2013,0.5360824742268041
190600,2013,0.3985239852398524
190637,2013,0.3780487804878049
190646,2013,0.16847826086956522
190655,2013,0.2777777777777778
190664,2013,0.5118110236220472
190691,2013,0.3261904761904762
190716,2013,0.2692307692307692
190725,2013,0.29411764705882354
190761,2013,0.3333333333333333
190770,2013,0.1917808219178082
190983,2013,0.5
191205,2013,0.26153846153846155
191241,2013,0.654320987654321
191515,2013,0.8823529411764706
191533,2013,0.5294117647058824
191621,2013,0.3939393939393939
191630,2013,0.7619047619047619
191649,2013,0.44954128440366975
191676,2013,0.6666666666666666
191931,2013,0.3953488372093023
191968,2013,0.7346938775510204
192110,2013,0.8
192192,2013,0.16666666666666666
192271,2013,0.5588235294117647
192323,2013,0.5652173913043478
192439,2013,0.20622568093385213
192448,2013,0.3258426966292135
192703,2013,0.6551724137931034
192712,2013,0.5
192749,2013,0.5952380952380952
192819,2013,0.6486486486486487
192864,2013,0.4878048780487805
192925,2013,0.24390243902439024
193016,2013,0.19161676646706588
193292,2013,0.5853658536585366
193308,2013,0.9361702127659575
193353,2013,0.5454545454545454
193399,2013,0.48148148148148145
193584,2013,0.4666666666666667
193645,2013,0.26811594202898553
193654,2013,0.5609756097560976
193900,2013,0.7438423645320197
193973,2013,0.43902439024390244
194091,2013,0.2236842105263158
194161,2013,0.3333333333333333
194310,2013,0.4631578947368421
194392,2013,0.18181818181818182
194569,2013,0.5
194578,2013,0.3076923076923077
194824,2013,0.6511627906976745
194958,2013,0.3076923076923077
195003,2013,0.5303030303030303
195030,2013,0.7321428571428571
195128,2013,0.5454545454545454
195164,2013,0.5333333333333333
195173,2013,0.39603960396039606
195216,2013,0.8
195234,2013,0.7391304347826086
195243,2013,0.42857142857142855
195304,2013,0.6666666666666666
195474,2013,0.5882352941176471
195526,2013,0.9375
195544,2013,0.5142857142857142
195720,2013,0.5294117647058824
195809,2013,0.48257839721254353
196006,2013,1.0
196015,2013,0.3076923076923077
196024,2013,0.75
196033,2013,1.0
196042,2013,0.52
196051,2013,0.5
196060,2013,0.6730769230769231
196079,2013,0.8
196088,2013,0.6205128205128205
196097,2013,0.7482014388489209
196103,2013,0.5
196112,2013,0.4
196121,2013,0.6226415094339622
196130,2013,0.43829787234042555
196149,2013,0.4
196158,2013,0.6097560975609756
196167,2013,0.5666666666666667
196176,2013,0.7719298245614035
196185,2013,0.71875
196194,2013,0.5189873417721519
196200,2013,0.38095238095238093
196219,2013,0.6481481481481481
196237,2013,0.42105263157894735
196246,2013,0.6
196264,2013,0.13432835820895522
196291,2013,0.22727272727272727
196413,2013,0.7244444444444444
196592,2013,0.25
196866,2013,0.9259259259259259
197027,2013,0.375
197036,2013,0.6515151515151515
197045,2013,0.3333333333333333
197133,2013,0.92
197142,2013,0.125
197151,2013,0.6153846153846154
197197,2013,0.7391304347826086
197230,2013,0.2222222222222222
197708,2013,1.0
197832,2013,0.2
197869,2013,0.6043956043956044
197911,2013,0.2857142857142857
197984,2013,0.2608695652173913
197993,2013,0.44021739130434784
198066,2013,0.4
198136,2013,0.37168141592920356
198215,2013,0.47368421052631576
198303,2013,0.20765027322404372
198385,2013,0.96875
198419,2013,0.9226190476190477
198464,2013,0.5884543761638734
198507,2013,0.3944954128440367
198516,2013,0.8375
198543,2013,0.35294117647058826
198561,2013,0.234375
198598,2013,0.29545454545454547
198613,2013,0.5116279069767442
198695,2013,0.6538461538461539
198747,2013,0.0
198756,2013,0.4335154826958106
198808,2013,0.35294117647058826
198835,2013,0.3902439024390244
198862,2013,0.24458204334365324
198899,2013,0.22
198950,2013,0.5555555555555556
198969,2013,0.175
199032,2013,0.36363636363636365
199069,2013,0.37037037037037035
199102,2013,0.48667122351332875
199111,2013,0.5652173913043478
199120,2013,0.8398058252427184
199139,2013,0.5497835497835498
199148,2013,0.5767097966728281
199157,2013,0.47639956092206365
199184,2013,0.5555555555555556
199193,2013,0.6824324324324325
199209,2013,0.32710280373831774
199218,2013,0.6559139784946236
199272,2013,0.3870967741935484
199281,2013,0.33035714285714285
199306,2013,0.22580645161290322
199412,2013,0.4222222222222222
199458,2013,0.0
199582,2013,0.37073170731707317
199607,2013,0.7777777777777778
199643,2013,0.25308641975308643
199698,2013,0.35
199759,2013,0.0
199847,2013,0.8117647058823529
199865,2013,1.0
199962,2013,0.4
199971,2013,1.0
199999,2013,0.45976095617529883
200004,2013,0.46987951807228917
200059,2013,0.23076923076923078
200156,2013,0.2
200217,2013,0.5
200226,2013,0.4
200253,2013,0.125
200280,2013,0.6428571428571429
200332,2013,0.2
200484,2013,0.0
200572,2013,0.3333333333333333
200800,2013,0.14137214137214138
201061,2013,0.75
201104,2013,0.2459016393442623
201195,2013,0.4339622641509434
201371,2013,0.2727272727272727
201441,2013,0.4822485207100592
201548,2013,0.4098360655737705
201645,2013,0.6567164179104478
201654,2013,0.6923076923076923
201690,2013,0.2218700475435816
201858,2013,0.10526315789473684
201885,2013,0.44086021505376344
201964,2013,0.16666666666666666
202046,2013,0.16666666666666666
202134,2013,0.2
202170,2013,0.34782608695652173
202480,2013,0.6219512195121951
202514,2013,0.3076923076923077
202523,2013,0.7073170731707317
202763,2013,0.4
202806,2013,0.12903225806451613
203085,2013,0.3333333333333333
203128,2013,0.4318181818181818
203368,2013,0.6774193548387096
203492,2013,0.0
203517,2013,0.4127906976744186
203535,2013,0.6470588235294118
203544,2013,0.5
203580,2013,0.16
203757,2013,0.15384615384615385
203775,2013,0.21428571428571427
203845,2013,0.29411764705882354
203960,2013,1.0
204006,2013,0.1111111111111111
204015,2013,0.03571428571428571
204024,2013,0.7191780821917808
204176,2013,1.0
204185,2013,0.36585365853658536
204194,2013,0.8333333333333334
204200,2013,0.1
204264,2013,0.358974358974359
204468,2013,0.13513513513513514
204486,2013,0.0
204501,2013,0.9230769230769231
204617,2013,0.203125
204635,2013,0.4166666666666667
204671,2013,0.16666666666666666
204680,2013,0.2619047619047619
204699,2013,0.2926829268292683
204705,2013,0.3178294573643411
204796,2013,0.71900826446281
204820,2013,0.0
204839,2013,0.0
204848,2013,0.0
204857,2013,0.6465116279069767
204866,2013,0.2857142857142857
204909,2013,0.47368421052631576
204936,2013,0.4
205203,2013,0.4
205443,2013,0.12903225806451613
205957,2013,0.0
206048,2013,0.24242424242424243
206084,2013,0.2138047138047138
206279,2013,0.6
206330,2013,0.3
206349,2013,0.24
206437,2013,0.4
206491,2013,0.3
206507,2013,0.2127659574468085
206525,2013,0.2222222222222222
206589,2013,0.6
206604,2013,0.1937984496124031
206613,2013,0.0
206622,2013,0.5841584158415841
206695,2013,0.08532423208191127
206817,2013,0.175
206835,2013,0.1111111111111111
206862,2013,0.17647058823529413
206914,2013,0.1326530612244898
206941,2013,0.3076923076923077
207041,2013,0.16
207157,2013,0.0
207209,2013,0.06007067137809187
207254,2013,0.0
207263,2013,0.3090909090909091
207306,2013,0.16
207324,2013,0.4090909090909091
207351,2013,0.2
207388,2013,0.5210084033613446
207403,2013,0.38095238095238093
207458,2013,0.36666666666666664
207500,2013,0.6078431372549019
207564,2013,0.1
207582,2013,0.45161290322580644
207661,2013,0.16666666666666666
207689,2013,0.2
207722,2013,0.25
207847,2013,0.23333333333333334
207856,2013,0.375
207865,2013,0.2702702702702703
207971,2013,0.5576923076923077
208239,2013,0.2
208488,2013,0.5
208646,2013,0.14285714285714285
208822,2013,0.3333333333333333
209056,2013,0.5
209065,2013,0.8571428571428571
209409,2013,0.6666666666666666
209506,2013,1.0
209542,2013,0.42105263157894735
209551,2013,0.5454545454545454
209603,2013,0.0
209612,2013,0.4
209807,2013,0.3157894736842105
209825,2013,0.7777777777777778
209922,2013,0.9
210146,2013,0.2727272727272727
210304,2013,0.2
210331,2013,0.0
210401,2013,0.7142857142857143
210429,2013,0.36
210571,2013,0.3684210526315789
210669,2013,0.65625
210739,2013,0.9230769230769231
210775,2013,0.16666666666666666
210942,2013,0.375
210960,2013,0.07407407407407407
211024,2013,0.0
211088,2013,0.43902439024390244
211158,2013,0.4391891891891892
211273,2013,0.8235294117647058
211291,2013,0.9444444444444444
211352,2013,0.2978723404255319
211361,2013,0.6097560975609756
211431,2013,0.45714285714285713
211440,2013,0.7848101265822784
211468,2013,1.0
211477,2013,0.23684210526315788
211556,2013,0.5789473684210527
211583,2013,0.4411764705882353
211608,2013,0.26171875
211644,2013,0.22608695652173913
211981,2013,0.21739130434782608
212009,2013,0.7307692307692307
212054,2013,0.4434782608695652
212106,2013,0.6666666666666666
212115,2013,0.43209876543209874
212133,2013,0.4838709677419355
212160,2013,0.4788732394366197
212197,2013,0.3333333333333333
212452,2013,0.6666666666666666
212577,2013,0.8421052631578947
212601,2013,0.4482758620689655
212656,2013,0.38461538461538464
212674,2013,0.8518518518518519
212805,2013,0.6
212832,2013,0.5
212911,2013,0.8518518518518519
212984,2013,0.42857142857142855
213011,2013,0.5555555555555556
213020,2013,0.3125
213251,2013,0.5555555555555556
213303,2013,0.3333333333333333
213321,2013,0.36363636363636365
213349,2013,0.31958762886597936
213358,2013,0.15789473684210525
213367,2013,0.5217391304347826
213385,2013,0.875
213400,2013,0.6
213507,2013,0.4444444444444444
213543,2013,0.7272727272727273
213598,2013,0.4096638655462185
213613,2013,0.4144144144144144
213668,2013,0.6666666666666666
213783,2013,0.3939393939393939
213826,2013,0.4
213987,2013,0.41379310344827586
213996,2013,0.8823529411764706
214041,2013,0.4523809523809524
214069,2013,0.75
214148,2013,0.6428571428571429
214157,2013,1.0
214166,2013,0.21052631578947367
214175,2013,0.9230769230769231
214272,2013,0.45652173913043476
214591,2013,0.2978723404255319
214625,2013,0.3333333333333333
214634,2013,0.0
214643,2013,0.5714285714285714
214652,2013,0.0
214670,2013,0.2222222222222222
214689,2013,0.46846846846846846
214698,2013,0.4117647058823529
214704,2013,0.5647058823529412
214713,2013,0.6
214731,2013,0.225
214759,2013,0.2
214768,2013,0.5172413793103449
214777,2013,0.7026022304832714
214786,2013,0.3469387755102041
214795,2013,0.45098039215686275
214801,2013,0.29591836734693877
214810,2013,0.41007194244604317
214829,2013,0.5625
214971,2013,0.3333333333333333
215053,2013,0.5
215062,2013,0.9400921658986175
215099,2013,0.4666666666666667
215105,2013,0.5555555555555556
215114,2013,0.4444444444444444
215132,2013,0.4375
215266,2013,0.5925925925925926
215275,2013,0.48148148148148145
215284,2013,0.10526315789473684
215293,2013,0.7239057239057239
215442,2013,0.4230769230769231
215637,2013,0.6
215655,2013,0.34375
215691,2013,0.4084507042253521
215743,2013,0.5357142857142857
215770,2013,0.6222222222222222
215798,2013,0.6666666666666666
215929,2013,0.9
215947,2013,0.5517241379310345
216010,2013,0.362962962962963
216038,2013,0.5569620253164557
216278,2013,0.8461538461538461
216287,2013,0.8928571428571429
216339,2013,0.6557093425605537
216357,2013,0.10526315789473684
216524,2013,0.6923076923076923
216542,2013,0.5
216597,2013,0.7777777777777778
216667,2013,0.6923076923076923
216694,2013,0.4444444444444444
216764,2013,0.5373134328358209
216807,2013,0.3
216852,2013,0.34210526315789475
216931,2013,0.32142857142857145
217013,2013,0.3333333333333333
217059,2013,0.4864864864864865
217156,2013,0.9863013698630136
217165,2013,0.7307692307692307
217235,2013,0.5574712643678161
217402,2013,0.8181818181818182
217420,2013,0.35294117647058826
217484,2013,0.4857142857142857
217493,2013,0.7142857142857143
217518,2013,0.125
217536,2013,0.7
217606,2013,0.3333333333333333
217624,2013,0.3118279569892473
217633,2013,0.20588235294117646
217688,2013,0.2383177570093458
217721,2013,0.31010452961672474
217749,2013,0.2
217776,2013,0.2777777777777778
217819,2013,0.7123287671232876
217864,2013,0.6037735849056604
217873,2013,0.48148148148148145
217882,2013,0.6567164179104478
217907,2013,0.42424242424242425
217925,2013,0.25
217934,2013,0.37254901960784315
217961,2013,0.8571428571428571
217998,2013,0.8333333333333334
218061,2013,0.4169184290030212
218070,2013,0.7678571428571429
218229,2013,0.3719512195121951
218238,2013,0.32727272727272727
218399,2013,0.30927835051546393
218414,2013,0.25396825396825395
218441,2013,0.43333333333333335
218539,2013,0.56
218645,2013,0.3558282208588957
218654,2013,0.3
218663,2013,0.7380952380952381
218724,2013,0.45081967213114754
218733,2013,0.3841870824053452
218742,2013,0.41935483870967744
218919,2013,0.3287671232876712
218964,2013,0.5357142857142857
218973,2013,0.8636363636363636
219000,2013,1.0
219046,2013,0.6666666666666666
219082,2013,0.0
219091,2013,0.25
219198,2013,0.0
219204,2013,0.0
219259,2013,0.2857142857142857
219347,2013,0.5
219356,2013,0.16666666666666666
219383,2013,0.0
219471,2013,0.4
219505,2013,0.4444444444444444
219578,2013,0.0
219602,2013,0.2985781990521327
219639,2013,0.2857142857142857
219709,2013,0.6206896551724138
219718,2013,0.2413793103448276
219790,2013,0.5
219806,2013,0.20930232558139536
219833,2013,0.44155844155844154
219949,2013,0.3684210526315789
219976,2013,0.6
220075,2013,0.28205128205128205
220181,2013,0.3488372093023256
220206,2013,0.14285714285714285
220215,2013,0.5238095238095238
220473,2013,0.3333333333333333
220516,2013,0.4
220552,2013,0.5
220598,2013,0.3167202572347267
220604,2013,0.20224719101123595
220613,2013,0.30434782608695654
220631,2013,0.8333333333333334
220701,2013,0.41379310344827586
220710,2013,0.5714285714285714
220808,2013,0.42857142857142855
220862,2013,0.32845744680851063
220978,2013,0.4605678233438486
221014,2013,0.5882352941176471
221254,2013,0.5
221351,2013,0.6097560975609756
221519,2013,0.6875
221661,2013,0.41025641025641024
221731,2013,0.14285714285714285
221740,2013,0.315625
221759,2013,0.6013289036544851
221768,2013,0.35467980295566504
221795,2013,1.0
221838,2013,0.41375545851528384
221847,2013,0.4225352112676056
221856,2013,0.11764705882352941
221892,2013,0.13333333333333333
221953,2013,0.2037037037037037
221971,2013,0.23076923076923078
221999,2013,0.8857142857142857
222178,2013,0.3880597014925373
222831,2013,0.19047619047619047
222938,2013,0.7142857142857143
222983,2013,0.3333333333333333
223232,2013,0.641860465116279
224004,2013,0.4166666666666667
224147,2013,0.3287671232876712
224226,2013,0.4375
224244,2013,0.3333333333333333
224323,2013,0.0
224439,2013,0.0
224527,2013,0.18181818181818182
224554,2013,0.4962962962962963
224776,2013,0.25925925925925924
225201,2013,0.0
225247,2013,0.2631578947368421
225399,2013,0.2923076923076923
225432,2013,0.12359550561797752
225511,2013,0.355021216407355
225548,2013,0.15151515151515152
225575,2013,0.2986111111111111
225627,2013,0.3584905660377358
225885,2013,0.13380281690140844
226091,2013,0.2204861111111111
226152,2013,0.0
226231,2013,0.3
226383,2013,0.17647058823529413
226471,2013,0.4117647058823529
226587,2013,0.25
226833,2013,0.32786885245901637
227216,2013,0.47342995169082125
227243,2013,0.21052631578947367
227331,2013,0.25
227368,2013,0.17647058823529413
227377,2013,0.16666666666666666
227429,2013,0.04285714285714286
227526,2013,0.3742489270386266
227757,2013,0.9032258064516129
227845,2013,0.6136363636363636
227863,2013,0.6923076923076923
227881,2013,0.5104712041884817
228042,2013,0.5714285714285714
228149,2013,0.6666666666666666
228246,2013,0.6557377049180327
228325,2013,0.3125
228343,2013,0.7142857142857143
228431,2013,0.36033519553072624
228459,2013,0.5609756097560976
228468,2013,0.375
228486,2013,0.3333333333333333
228501,2013,0.1282051282051282
228529,2013,0.2878787878787879
228705,2013,0.2619047619047619
228723,2013,0.6613418530351438
228769,2013,0.40350877192982454
228778,2013,0.6898395721925134
228787,2013,0.5
228796,2013,0.2
228802,2013,0.45652173913043476
228875,2013,0.5773195876288659
228884,2013,0.11688311688311688
228981,2013,0.29545454545454547
229018,2013,0.25
229027,2013,0.37627811860940696
229063,2013,0.15358649789029535
229115,2013,0.5255813953488372
229160,2013,0.23684210526315788
229179,2013,0.33649289099526064
229267,2013,0.9285714285714286
229780,2013,0.3157894736842105
229814,2013,0.24615384615384617
229887,2013,0.1963470319634703
230038,2013,0.5454545454545454
230047,2013,0.5
230171,2013,0.0
230603,2013,0.4444444444444444
230621,2013,0.0
230630,2013,0.0
230728,2013,0.4074074074074074
230737,2013,0.0
230764,2013,0.6086956521739131
230782,2013,0.25
230807,2013,0.5
230816,2013,0.6666666666666666
230834,2013,1.0
230852,2013,0.3333333333333333
230889,2013,1.0
230898,2013,0.42857142857142855
230913,2013,0.25
230931,2013,0.0
230940,2013,0.0
230959,2013,0.9047619047619048
230977,2013,1.0
230995,2013,0.3333333333333333
231059,2013,0.8
231077,2013,0.14285714285714285
231086,2013,0.25
231165,2013,0.0
231174,2013,0.6
231420,2013,0.1956521739130435
231554,2013,0.5
231581,2013,0.5945945945945946
231624,2013,0.8613861386138614
231651,2013,0.4444444444444444
231712,2013,0.6578947368421053
231837,2013,0.6666666666666666
232016,2013,1.0
232025,2013,0.35
232043,2013,0.3
232089,2013,0.20588235294117646
232186,2013,0.6585365853658537
232256,2013,0.5
232265,2013,0.6678200692041523
232308,2013,0.4444444444444444
232423,2013,0.7816901408450704
232557,2013,0.26129032258064516
232566,2013,0.4888888888888889
232609,2013,0.5428571428571428
232672,2013,0.3382352941176471
232681,2013,0.7142857142857143
232706,2013,0.5070422535211268
232937,2013,0.35140771637122004
232982,2013,0.5171288743882545
233277,2013,0.5148514851485149
233295,2013,0.5849056603773585
233301,2013,0.5
233374,2013,0.95
233426,2013,0.5263157894736842
233541,2013,0.375
233611,2013,0.2
233684,2013,0.0
233718,2013,0.42857142857142855
233897,2013,0.26229508196721313
233921,2013,0.7522522522522522
234030,2013,0.5741758241758241
234076,2013,0.8597785977859779
234085,2013,0.6296296296296297
234137,2013,0.4090909090909091
234155,2013,0.43316831683168316
234164,2013,0.2529411764705882
234173,2013,0.4714285714285714
234207,2013,0.9333333333333333
234216,2013,0.75
234492,2013,0.0
234827,2013,0.42857142857142855
235024,2013,0.6
235097,2013,0.28205128205128205
235167,2013,0.5454545454545454
235316,2013,0.75
236133,2013,0.3333333333333333
236230,2013,0.3684210526315789
236328,2013,0.6666666666666666
236452,2013,0.3333333333333333
236577,2013,0.5833333333333334
236595,2013,0.7884615384615384
236896,2013,0.4444444444444444
236939,2013,0.6129032258064516
236948,2013,0.7183908045977011
237011,2013,0.5
237057,2013,0.8333333333333334
237066,2013,0.6363636363636364
237118,2013,0.3333333333333333
237181,2013,0.22727272727272727
237215,2013,0.19047619047619047
237312,2013,0.20689655172413793
237330,2013,0.19607843137254902
237358,2013,0.2
237367,2013,0.36
237385,2013,0.14814814814814814
237525,2013,0.32926829268292684
237640,2013,0.5
237686,2013,0.0
237783,2013,0.125
237792,2013,0.23255813953488372
237899,2013,0.22077922077922077
237932,2013,0.14285714285714285
237950,2013,0.03333333333333333
237969,2013,0.48148148148148145
238032,2013,0.4808743169398907
238078,2013,0.6666666666666666
238193,2013,0.3191489361702128
238333,2013,0.9
238430,2013,0.2
238458,2013,0.3333333333333333
238476,2013,0.43478260869565216
238616,2013,0.3333333333333333
238661,2013,0.5
238892,2013,0.2
238980,2013,0.42857142857142855
239017,2013,0.6666666666666666
239071,2013,0.0
239080,2013,0.2903225806451613
239105,2013,0.6987951807228916
239309,2013,0.3
239318,2013,0.375
239390,2013,0.43859649122807015
239512,2013,0.0
239628,2013,0.16666666666666666
239716,2013,0.5
239743,2013,0.5
240107,2013,0.0
240189,2013,0.3728813559322034
240268,2013,0.8333333333333334
240277,2013,0.36363636363636365
240329,2013,0.6666666666666666
240338,2013,0.1875
240365,2013,0.3
240374,2013,0.15384615384615385
240392,2013,0.0
240417,2013,0.2777777777777778
240426,2013,1.0
240444,2013,0.7045454545454546
240453,2013,0.2017167381974249
240462,2013,0.10810810810810811
240471,2013,0.4
240480,2013,0.26666666666666666
240727,2013,0.26666666666666666
240754,2013,0.0
241191,2013,0.2222222222222222
243142,2013,1.0
243221,2013,0.5
243665,2013,0.2833333333333333
243744,2013,0.9485294117647058
243780,2013,0.6271929824561403
245342,2013,1.0
245953,2013,0.4666666666666667
247700,2013,0.0
248934,2013,0.2682926829268293
251312,2013,0.1724137931034483
260293,2013,0.25925925925925924
260813,2013,1.0
260901,2013,0.0
262129,2013,1.0
262332,2013,0.6
363934,2013,0.26666666666666666
366252,2013,0.09090909090909091
366553,2013,0.5
366711,2013,0.36585365853658536
367194,2013,0.25
367839,2013,1.0
367884,2013,0.2857142857142857
368452,2013,0.5555555555555556
368601,2013,0.2857142857142857
372958,2013,0.5
377546,2013,1.0
377564,2013,0.6
380465,2013,0.0
381617,2013,0.0
381909,2013,0.0
382063,2013,0.0
384254,2013,0.0
384412,2013,0.2222222222222222
385619,2013,0.5833333333333334
390701,2013,0.3333333333333333
392840,2013,0.5
398130,2013,0.5
399869,2013,0.42857142857142855
399911,2013,0.8
402776,2013,1.0
404073,2013,0.0
404082,2013,0.0
404338,2013,0.0
405997,2013,0.0
406194,2013,0.17391304347826086
407009,2013,0.42857142857142855
407285,2013,0.0
408039,2013,0.18181818181818182
409069,2013,1.0
409698,2013,0.5581395348837209
410502,2013,0.0
413866,2013,0.0
413884,2013,0.038461538461538464
414160,2013,0.0
414708,2013,0.0
414823,2013,0.4306569343065693
420006,2013,0.0
420042,2013,0.0
420307,2013,0.0
420574,2013,0.26666666666666666
426314,2013,0.2564102564102564
428268,2013,0.0
428286,2013,0.5
428444,2013,0.0
430087,2013,0.0
430184,2013,0.2
430263,2013,0.0
432223,2013,0.26666666666666666
432241,2013,0.2222222222222222
432533,2013,0.15384615384615385
433387,2013,0.06756756756756757
433660,2013,0.5384615384615384
434557,2013,0.0
434973,2013,0.18
436483,2013,0.0
436818,2013,0.4339622641509434
436827,2013,0.5
436836,2013,0.43243243243243246
437042,2013,1.0
437219,2013,1.0
437848,2013,0.0
438151,2013,0.0
438586,2013,0.3103448275862069
438902,2013,1.0
439288,2013,0.26666666666666666
439297,2013,0.08695652173913043
439613,2013,0.2222222222222222
440147,2013,0.08333333333333333
440165,2013,0.0
440341,2013,0.30434782608695654
440420,2013,0.0
440457,2013,0.08602150537634409
440466,2013,0.3333333333333333
440484,2013,0.25
440749,2013,1.0
440767,2013,0.125
440794,2013,0.3333333333333333
440925,2013,0.4583333333333333
441511,2013,1.0
441900,2013,0.1111111111111111
441937,2013,0.6
441964,2013,0.0
441973,2013,0.3333333333333333
441982,2013,1.0
442161,2013,0.09027777777777778
442639,2013,0.25
442842,2013,1.0
443049,2013,1.0
443340,2013,1.0
443526,2013,0.16666666666666666
443544,2013,0.047619047619047616
443687,2013,0.21428571428571427
443766,2013,0.5
443784,2013,0.0
444167,2013,1.0
444398,2013,1.0
444723,2013,0.3333333333333333
444778,2013,0.18181818181818182
444927,2013,0.0
445027,2013,0.0
445072,2013,0.22535211267605634
445124,2013,0.10526315789473684
445133,2013,0.16666666666666666
445188,2013,0.5970149253731343
445258,2013,0.8333333333333334
445276,2013,0.21052631578947367
445300,2013,0.19607843137254902
445319,2013,0.07142857142857142
445391,2013,0.05263157894736842
445434,2013,0.0
445692,2013,0.4
445708,2013,0.54
445920,2013,0.0
446048,2013,0.25
446233,2013,0.0
446613,2013,1.0
446640,2013,0.0
446792,2013,0.2
446808,2013,0.5
446817,2013,0.3333333333333333
446905,2013,0.0
447050,2013,0.0
447069,2013,0.18055555555555555
447290,2013,0.0
447421,2013,1.0
447458,2013,0.2777777777777778
447689,2013,0.21951219512195122
447953,2013,0.0
448309,2013,0.4782608695652174
448345,2013,0.14285714285714285
448442,2013,0.10714285714285714
448503,2013,0.0
448567,2013,0.11764705882352941
448576,2013,0.2
448628,2013,0.1891891891891892
448752,2013,0.2857142857142857
448761,2013,0.0
448822,2013,1.0
448840,2013,0.3793103448275862
448886,2013,0.4827586206896552
449010,2013,0.3125
449339,2013,0.26666666666666666
449764,2013,0.3333333333333333
449898,2013,0.0
450085,2013,0.5217391304347826
450094,2013,0.0
450225,2013,0.1111111111111111
450243,2013,0.2
450447,2013,0.29411764705882354
450456,2013,0.12903225806451613
450483,2013,0.2692307692307692
450933,2013,0.325
450979,2013,0.47058823529411764
451060,2013,0.25
451662,2013,0.05
451699,2013,0.13333333333333333
451796,2013,0.6
451820,2013,0.25
451848,2013,0.0
451936,2013,0.14285714285714285
451945,2013,0.5
451972,2013,0.0
451990,2013,0.14285714285714285
452018,2013,0.1111111111111111
453215,2013,0.14285714285714285
455600,2013,0.0
456296,2013,0.0625
456348,2013,0.02142857142857143
458919,2013,0.16666666666666666
458964,2013,0.0
460899,2013,0.5
466921,2013,0.0
475121,2013,0.002932551319648094
475237,2013,1.0
475291,2013,0.0
475608,2013,0.5
479956,2013,0.0
480198,2013,0.5
482149,2013,0.22065727699530516
482158,2013,0.1568627450980392
482413,2013,0.1
482422,2013,0.2
482431,2013,0.3
482440,2013,0.0
482459,2013,0.34
482468,2013,0.2644628099173554
482477,2013,0.1794871794871795
482486,2013,0.3333333333333333
482501,2013,1.0
482538,2013,0.16666666666666666
482547,2013,0.0
482556,2013,0.3333333333333333
482565,2013,0.0
482574,2013,0.16216216216216217
482583,2013,0.0
482608,2013,0.0625
482617,2013,0.0
482635,2013,0.18421052631578946
482653,2013,0.175
482662,2013,0.5
482680,2013,0.42857142857142855
484613,2013,0.07276995305164319
484622,2013,0.07655502392344497
484631,2013,0.11469534050179211
484640,2013,0.08
484668,2013,0.20600858369098712
484677,2013,0.17613636363636365
484686,2013,0.15428571428571428
484695,2013,0.14583333333333334
484701,2013,0.1440677966101695
484710,2013,0.16417910447761194
484729,2013,0.17894736842105263
484738,2013,0.12244897959183673
484747,2013,0.1908713692946058
484756,2013,0.13917525773195877
484765,2013,0.1276595744680851
484783,2013,0.10091743119266056
485263,2013,0.2916666666666667
100654,2014,0.3091451292246521
100663,2014,0.4720670391061452
100706,2014,0.3557692307692308
100724,2014,0.2778249787595582
100751,2014,0.5454545454545454
100830,2014,0.16326530612244897
100858,2014,0.5597014925373134
100937,2014,0.46153846153846156
101073,2014,0.17346938775510204
101116,2014,0.043478260869565216
101189,2014,0.13559322033898305
101435,2014,0.4222222222222222
101480,2014,0.22424242424242424
101541,2014,0.42857142857142855
101587,2014,0.25252525252525254
101675,2014,0.20365535248041775
101693,2014,0.21875
101709,2014,0.42105263157894735
101879,2014,0.18324607329842932
101912,2014,0.4083333333333333
102049,2014,0.6451612903225806
102058,2014,1.0
102094,2014,0.2579787234042553
102234,2014,0.41379310344827586
102261,2014,0.0
102270,2014,0.22437673130193905
102298,2014,0.30414746543778803
102368,2014,0.22330097087378642
102377,2014,0.4938704028021016
102553,2014,0.2916666666666667
102614,2014,0.14285714285714285
102632,2014,0.0
102845,2014,0.375
103723,2014,0.1
104090,2014,0.04
104151,2014,0.5057471264367817
104179,2014,0.46808510638297873
104188,2014,0.6
104586,2014,0.375
104717,2014,0.125
105172,2014,1.0
105330,2014,0.47619047619047616
105534,2014,1.0
105899,2014,0.5
106102,2014,0.0
106245,2014,0.13513513513513514
106306,2014,0.18867924528301888
106342,2014,0.5
106397,2014,0.49640287769784175
106412,2014,0.27175080558539205
106458,2014,0.21630094043887146
106467,2014,0.25
106485,2014,0.07623318385650224
106704,2014,0.2927536231884058
106713,2014,0.0
107044,2014,0.3
107071,2014,0.23387096774193547
107080,2014,0.5714285714285714
107141,2014,0.5714285714285714
107512,2014,0.4375
107558,2014,0.2222222222222222
107600,2014,0.3695652173913043
107877,2014,0.25
107983,2014,0.2751677852348993
108092,2014,0.22857142857142856
108232,2014,0.24444444444444444
109651,2014,0.0
109785,2014,0.5869565217391305
110097,2014,0.42857142857142855
110185,2014,1.0
110361,2014,0.3
110370,2014,0.5416666666666666
110404,2014,0.5
110413,2014,0.4074074074074074
110422,2014,0.6666666666666666
110486,2014,0.3333333333333333
110495,2014,0.5416666666666666
110510,2014,0.4943820224719101
110529,2014,0.6111111111111112
110538,2014,0.3958333333333333
110547,2014,0.28679245283018867
110556,2014,0.5056818181818182
110565,2014,0.45871559633027525
110574,2014,0.2822966507177033
110583,2014,0.6357615894039735
110592,2014,0.336
110608,2014,0.41330166270783847
110617,2014,0.3253968253968254
110635,2014,0.7637795275590551
110644,2014,0.7209302325581395
110653,2014,0.8023255813953488
110662,2014,0.8072916666666666
110671,2014,0.7335423197492164
110680,2014,0.782608695652174
110705,2014,0.7241379310344828
110714,2014,0.6385542168674698
111081,2014,0.6
111188,2014,1.0
111948,2014,0.7058823529411765
112075,2014,0.6666666666666666
112084,2014,0.0
112260,2014,0.8333333333333334
112394,2014,0.0
112446,2014,0.0
112570,2014,0.4
113698,2014,0.6470588235294118
114354,2014,0.8
114813,2014,0.23076923076923078
115409,2014,1.0
115728,2014,0.3076923076923077
115755,2014,0.4090909090909091
115773,2014,1.0
116846,2014,1.0
117113,2014,0.36363636363636365
117140,2014,0.56
117168,2014,0.0
117627,2014,0.4375
117751,2014,0.75
117928,2014,0.15384615384615385
117946,2014,0.7246376811594203
118693,2014,0.2
118888,2014,0.5625
119173,2014,0.6666666666666666
119605,2014,0.0
119775,2014,0.0
120184,2014,0.2727272727272727
120254,2014,0.9444444444444444
120403,2014,0.5
120537,2014,0.6666666666666666
120865,2014,0.47058823529411764
120883,2014,0.5714285714285714
121150,2014,0.8703703703703703
121257,2014,0.9090909090909091
121309,2014,0.5384615384615384
121345,2014,0.896551724137931
121381,2014,0.16
121691,2014,0.4166666666666667
121983,2014,0.0
122409,2014,0.52
122436,2014,0.5555555555555556
122454,2014,0.0
122506,2014,0.8333333333333334
122597,2014,0.39195979899497485
122612,2014,0.5588235294117647
122728,2014,0.5
122755,2014,0.4142857142857143
122843,2014,0.0
122931,2014,0.6862745098039216
123165,2014,0.9
123457,2014,0.3333333333333333
123554,2014,0.4864864864864865
123572,2014,0.375
123651,2014,0.35714285714285715
123961,2014,0.883495145631068
124487,2014,1.0
125727,2014,0.625
125763,2014,0.391304347826087
125897,2014,0.375
126182,2014,0.3
126562,2014,0.31343283582089554
126580,2014,0.37142857142857144
126614,2014,0.5957446808510638
126669,2014,0.3333333333333333
126678,2014,1.0
126702,2014,0.4
126775,2014,0.36363636363636365
126818,2014,0.5597014925373134
126827,2014,0.5
126872,2014,0.07692307692307693
127024,2014,0.0
127060,2014,0.6774193548387096
127185,2014,0.16666666666666666
127556,2014,0.16666666666666666
127565,2014,0.14285714285714285
127653,2014,0.5
127680,2014,1.0
127741,2014,0.3559322033898305
127918,2014,0.625
127945,2014,0.0
128106,2014,0.2231404958677686
128328,2014,0.6538461538461539
128391,2014,0.1875
128498,2014,0.6285714285714286
128683,2014,0.0
128744,2014,0.2986425339366516
128771,2014,0.4235294117647059
128902,2014,0.8947368421052632
129020,2014,0.7017543859649122
129154,2014,0.5
129215,2014,0.3484848484848485
129242,2014,0.8888888888888888
129525,2014,0.43846153846153846
129774,2014,0.2702702702702703
129941,2014,0.4095238095238095
130183,2014,0.1836734693877551
130226,2014,0.723404255319149
130253,2014,0.7142857142857143
130314,2014,0.4583333333333333
130493,2014,0.5079365079365079
130590,2014,0.8421052631578947
130624,2014,0.6
130697,2014,0.8913043478260869
130776,2014,0.36619718309859156
130794,2014,0.9259259259259259
130934,2014,0.43130434782608695
130943,2014,0.7241379310344828
130989,2014,0.5454545454545454
131098,2014,0.17592592592592593
131113,2014,0.13861386138613863
131159,2014,0.8225806451612904
131283,2014,0.4090909090909091
131399,2014,0.3170731707317073
131450,2014,0.2962962962962963
131469,2014,0.7297297297297297
131496,2014,0.9010989010989011
131520,2014,0.5985915492957746
131803,2014,0.4
131876,2014,0.39080459770114945
132338,2014,0.39285714285714285
132408,2014,0.5
132471,2014,0.3128491620111732
132602,2014,0.31751412429378534
132657,2014,0.16666666666666666
132842,2014,1.0
132879,2014,0.3333333333333333
132903,2014,0.6369168356997972
133465,2014,0.05555555555555555
133492,2014,0.6956521739130435
133526,2014,0.19369369369369369
133553,2014,0.3225806451612903
133650,2014,0.3866548828988069
133669,2014,0.5042016806722689
133711,2014,0.38461538461538464
133809,2014,0.2
133872,2014,0.6666666666666666
133881,2014,0.6190476190476191
133951,2014,0.4404332129963899
133979,2014,0.40632054176072235
134079,2014,0.4838709677419355
134097,2014,0.779467680608365
134130,2014,0.8040752351097179
134149,2014,0.25
134237,2014,0.2216796875
134680,2014,0.11904761904761904
134811,2014,0.2962962962962963
134945,2014,0.352
135063,2014,0.0
135081,2014,0.4666666666666667
135726,2014,0.7916666666666666
136066,2014,0.14285714285714285
136172,2014,0.47398843930635837
136215,2014,0.3582089552238806
136288,2014,0.5
136330,2014,0.2708333333333333
136774,2014,0.6
136950,2014,0.8235294117647058
137032,2014,0.3617021276595745
137148,2014,1.0
137351,2014,0.6940298507462687
137476,2014,0.46551724137931033
137546,2014,0.47368421052631576
137564,2014,0.2878787878787879
137810,2014,1.0
137847,2014,0.5538461538461539
137953,2014,0.2
137962,2014,0.08333333333333333
138275,2014,0.28
138293,2014,0.2545454545454545
138309,2014,0.16666666666666666
138354,2014,0.38461538461538464
138558,2014,0.0
138600,2014,0.7076923076923077
138716,2014,0.3166189111747851
138789,2014,0.3568075117370892
138813,2014,0.226890756302521
138868,2014,0.4722222222222222
138947,2014,0.3878504672897196
139144,2014,0.6
139153,2014,0.1
139199,2014,0.4444444444444444
139205,2014,0.15254237288135594
139250,2014,0.3333333333333333
139287,2014,0.23076923076923078
139311,2014,0.31
139366,2014,0.2529002320185615
139393,2014,0.6666666666666666
139463,2014,0.2
139579,2014,0.2
139630,2014,0.16666666666666666
139658,2014,0.8691588785046729
139719,2014,0.27948990435706694
139755,2014,0.7692307692307693
139764,2014,0.2702702702702703
139861,2014,0.574468085106383
139931,2014,0.5124653739612188
139940,2014,0.5805084745762712
139959,2014,0.8685714285714285
140234,2014,0.35714285714285715
140252,2014,0.2
140340,2014,0.21052631578947367
140447,2014,0.6
140553,2014,0.5066889632107023
140696,2014,0.5490196078431373
140720,2014,0.20676691729323307
140818,2014,0.6666666666666666
140872,2014,0.13636363636363635
140951,2014,0.5172413793103449
140960,2014,0.2704326923076923
140988,2014,0.23255813953488372
141060,2014,0.7653846153846153
141167,2014,0.1111111111111111
141185,2014,0.14285714285714285
141237,2014,0.0
141264,2014,0.3439635535307517
141325,2014,0.4878048780487805
141334,2014,0.42330097087378643
141361,2014,0.625
141486,2014,0.09090909090909091
141565,2014,0.0
141574,2014,0.3333333333333333
141644,2014,0.42105263157894735
141981,2014,0.0
142090,2014,1.0
142115,2014,0.288135593220339
142276,2014,0.4
142285,2014,0.2631578947368421
142294,2014,1.0
142328,2014,0.5
142461,2014,0.0
142522,2014,0.25
142887,2014,0.3333333333333333
143048,2014,0.4
143084,2014,0.6842105263157895
143118,2014,0.3055555555555556
143288,2014,0.2
143358,2014,0.5726495726495726
144005,2014,0.10588235294117647
144050,2014,0.8307692307692308
144281,2014,0.25625
144351,2014,0.22641509433962265
144740,2014,0.5894736842105263
144883,2014,0.07109004739336493
144892,2014,0.4883720930232558
144962,2014,0.45161290322580644
144971,2014,0.16666666666666666
145372,2014,0.3157894736842105
145460,2014,0.0
145600,2014,0.4152823920265781
145619,2014,0.41379310344827586
145637,2014,0.7288135593220338
145646,2014,0.6956521739130435
145691,2014,0.7272727272727273
145725,2014,0.3684210526315789
145813,2014,0.5726495726495726
146010,2014,0.09090909090909091
146339,2014,0.0
146393,2014,0.13043478260869565
146427,2014,0.8095238095238095
146481,2014,0.7272727272727273
146612,2014,0.35185185185185186
146667,2014,0.3333333333333333
146676,2014,0.13333333333333333
146719,2014,0.5789473684210527
146825,2014,0.2222222222222222
147013,2014,0.36585365853658536
147244,2014,0.34375
147341,2014,0.34146341463414637
147369,2014,0.46153846153846156
147660,2014,0.375
147679,2014,0.4375
147703,2014,0.3162853297442799
147767,2014,0.905982905982906
147776,2014,0.06741573033707865
147828,2014,0.2982456140350877
148016,2014,1.0
148131,2014,0.5384615384615384
148177,2014,0.27586206896551724
148335,2014,0.9444444444444444
148405,2014,0.3
148487,2014,0.2711864406779661
148496,2014,0.3333333333333333
148584,2014,0.5294117647058824
148627,2014,0.3625
148654,2014,0.4098360655737705
149222,2014,0.2902777777777778
149231,2014,0.26865671641791045
149505,2014,0.3888888888888889
149514,2014,0.2222222222222222
149639,2014,0.5
149772,2014,0.4185022026431718
149781,2014,0.7619047619047619
150066,2014,0.2903225806451613
150136,2014,0.5048076923076923
150145,2014,0.45454545454545453
150163,2014,0.75
150172,2014,0.16
150400,2014,0.7592592592592593
150455,2014,0.6666666666666666
150534,2014,0.6111111111111112
150604,2014,0.47058823529411764
150668,2014,0.2222222222222222
150677,2014,0.4444444444444444
150756,2014,0.6363636363636364
150774,2014,0.058823529411764705
150941,2014,0.25
151102,2014,0.10465116279069768
151111,2014,0.24019607843137256
151166,2014,0.0
151263,2014,0.3968253968253968
151290,2014,0.18691588785046728
151306,2014,0.20149253731343283
151324,2014,0.2430167597765363
151333,2014,0.2727272727272727
151342,2014,0.12
151351,2014,0.6628242074927954
151360,2014,0.09022556390977443
151379,2014,0.125
151388,2014,0.0
151458,2014,1.0
151519,2014,0.0
151616,2014,0.25
151777,2014,0.45454545454545453
151786,2014,0.20588235294117646
151801,2014,0.5
151810,2014,0.09836065573770492
151944,2014,0.3333333333333333
152080,2014,0.9152542372881356
152099,2014,1.0
152248,2014,0.21656050955414013
152266,2014,0.1
152318,2014,0.36363636363636365
152336,2014,0.2222222222222222
152363,2014,0.3225806451612903
152381,2014,0.0
152390,2014,0.8333333333333334
152530,2014,0.6
152567,2014,0.19230769230769232
152600,2014,0.3404255319148936
152637,2014,0.0
152673,2014,0.7692307692307693
152992,2014,0.2
153001,2014,0.2
153108,2014,0.6666666666666666
153126,2014,0.0
153144,2014,0.6666666666666666
153162,2014,0.6875
153269,2014,0.4583333333333333
153278,2014,0.1875
153302,2014,0.5
153366,2014,0.46153846153846156
153375,2014,0.23529411764705882
153384,2014,0.75
153603,2014,0.48148148148148145
153621,2014,0.07317073170731707
153658,2014,0.6136363636363636
153825,2014,0.5714285714285714
153834,2014,0.6
154004,2014,0.0
154013,2014,1.0
154022,2014,0.10122699386503067
154095,2014,0.2903225806451613
154101,2014,0.2857142857142857
154235,2014,0.47368421052631576
154350,2014,0.8333333333333334
154493,2014,0.1891891891891892
154518,2014,0.21739130434782608
154527,2014,0.4
154590,2014,0.2542372881355932
154688,2014,0.55
154712,2014,0.35714285714285715
154721,2014,0.14285714285714285
154749,2014,1.0
154855,2014,0.11764705882352941
155025,2014,0.29545454545454547
155061,2014,0.19047619047619047
155070,2014,1.0
155089,2014,0.3333333333333333
155317,2014,0.4742857142857143
155335,2014,0.3333333333333333
155399,2014,0.3544973544973545
155414,2014,0.5294117647058824
155496,2014,0.5
155511,2014,0.7777777777777778
155520,2014,0.36363636363636365
155627,2014,0.3333333333333333
155681,2014,0.37209302325581395
155812,2014,0.36363636363636365
155900,2014,0.25
155937,2014,0.7142857142857143
155973,2014,0.18181818181818182
156082,2014,0.1111111111111111
156125,2014,0.2923076923076923
156189,2014,0.0
156213,2014,0.2
156286,2014,0.65
156295,2014,0.575
156356,2014,0.25
156365,2014,0.15873015873015872
156408,2014,0.5789473684210527
156541,2014,0.13953488372093023
156620,2014,0.3592233009708738
156745,2014,0.35714285714285715
157030,2014,0.0
157058,2014,0.22826086956521738
157076,2014,0.16
157085,2014,0.3917525773195876
157100,2014,0.2608695652173913
157216,2014,0.1232876712328767
157289,2014,0.43243243243243246
157377,2014,0.6
157386,2014,0.1875
157401,2014,0.3493975903614458
157447,2014,0.24157303370786518
157535,2014,0.058823529411764705
157632,2014,0.08333333333333333
157748,2014,0.0
157757,2014,0.30434782608695654
157809,2014,0.3125
157818,2014,0.5454545454545454
157863,2014,0.17142857142857143
157951,2014,0.3141592920353982
158477,2014,0.47368421052631576
158802,2014,0.37583892617449666
159009,2014,0.3528735632183908
159382,2014,0.0
159391,2014,0.5526992287917738
159416,2014,0.23529411764705882
159568,2014,0.20754716981132076
159647,2014,0.3812154696132597
159656,2014,0.5945945945945946
159717,2014,0.2985781990521327
159939,2014,0.1794871794871795
159948,2014,0.0
159966,2014,0.34408602150537637
159993,2014,0.33962264150943394
160038,2014,0.34986945169712796
160065,2014,0.23076923076923078
160074,2014,0.0
160612,2014,0.2882882882882883
160621,2014,0.34057971014492755
160630,2014,0.12181303116147309
160658,2014,0.3625
160755,2014,0.6964285714285714
160904,2014,0.38934426229508196
160959,2014,0.5
160977,2014,0.88
161004,2014,0.782608695652174
161086,2014,0.8666666666666667
161217,2014,0.0
161226,2014,1.0
161235,2014,1.0
161244,2014,0.14285714285714285
161253,2014,0.17857142857142858
161299,2014,0.6666666666666666
161341,2014,0.5
161457,2014,1.0
161509,2014,1.0
161518,2014,0.5
161554,2014,0.2222222222222222
161563,2014,0.14285714285714285
161572,2014,0.0
161873,2014,0.26881720430107525
162007,2014,0.4128595600676819
162061,2014,0.25
162210,2014,0.273972602739726
162283,2014,0.1656686626746507
162584,2014,0.49848024316109424
162654,2014,0.7407407407407407
162760,2014,0.4827586206896552
162928,2014,0.9076923076923077
163046,2014,0.7368421052631579
163204,2014,0.07246376811594203
163268,2014,0.6844444444444444
163286,2014,0.8092643051771117
163295,2014,0.7142857142857143
163338,2014,0.33163913595933925
163453,2014,0.2997502081598668
163462,2014,0.6521739130434783
163578,2014,0.36363636363636365
163851,2014,0.6106870229007634
163912,2014,0.8333333333333334
164076,2014,0.6689419795221843
164155,2014,0.7171717171717171
164173,2014,0.44715447154471544
164216,2014,0.6666666666666666
164270,2014,0.575
164438,2014,0.75
164447,2014,0.325
164465,2014,0.9074074074074074
164492,2014,0.21052631578947367
164562,2014,0.7142857142857143
164580,2014,0.9545454545454546
164614,2014,0.0
164632,2014,0.43478260869565216
164641,2014,0.25
164720,2014,0.12121212121212122
164739,2014,0.8928571428571429
164748,2014,0.39285714285714285
164872,2014,0.09090909090909091
164924,2014,0.8529411764705882
164988,2014,0.7481481481481481
165015,2014,0.8333333333333334
165024,2014,0.4946236559139785
165167,2014,0.3333333333333333
165334,2014,0.9285714285714286
165529,2014,0.3220338983050847
165574,2014,0.5
165644,2014,0.6551724137931034
165662,2014,0.7741935483870968
165671,2014,0.5
165699,2014,0.4
165802,2014,0.25
165820,2014,0.75
165866,2014,0.5714285714285714
165936,2014,0.8
166018,2014,0.8571428571428571
166027,2014,0.9609375
166124,2014,0.9142857142857143
166391,2014,0.45454545454545453
166452,2014,0.46153846153846156
166513,2014,0.5434782608695652
166629,2014,0.6981132075471698
166638,2014,0.4715447154471545
166656,2014,0.5909090909090909
166674,2014,0.4166666666666667
166683,2014,0.872093023255814
166692,2014,0.5
166850,2014,0.5714285714285714
166911,2014,0.4
166939,2014,0.8064516129032258
166948,2014,0.2876712328767123
167057,2014,0.6666666666666666
167251,2014,0.31343283582089554
167260,2014,0.14814814814814814
167288,2014,0.7241379310344828
167321,2014,0.18181818181818182
167358,2014,0.8407079646017699
167394,2014,0.5714285714285714
167455,2014,0.18461538461538463
167598,2014,0.3717948717948718
167729,2014,0.367816091954023
167783,2014,0.7083333333333334
167835,2014,0.8
167899,2014,0.4444444444444444
167987,2014,0.4125
167996,2014,0.6428571428571429
168005,2014,0.5217391304347826
168148,2014,0.9574468085106383
168218,2014,0.8709677419354839
168227,2014,0.6052631578947368
168254,2014,0.47058823529411764
168263,2014,0.6
168281,2014,0.6521739130434783
168290,2014,0.65
168342,2014,0.9069767441860465
168421,2014,0.7931034482758621
168430,2014,0.4
168528,2014,0.56
168546,2014,0.4
168591,2014,0.3333333333333333
168740,2014,0.5480769230769231
168786,2014,0.42857142857142855
168847,2014,0.08333333333333333
169080,2014,0.6
169248,2014,0.4936708860759494
169327,2014,0.5
169363,2014,0.1
169442,2014,0.21739130434782608
169479,2014,0.14285714285714285
169716,2014,0.373134328358209
169798,2014,0.2794348508634223
169910,2014,0.2692307692307692
169983,2014,0.2
170000,2014,0.0
170037,2014,0.25
170082,2014,0.5721649484536082
170091,2014,0.0
170301,2014,0.7
170532,2014,0.8
170639,2014,0.3333333333333333
170675,2014,0.2222222222222222
170806,2014,0.25
170842,2014,0.17857142857142858
170967,2014,0.15789473684210525
170976,2014,0.759493670886076
171100,2014,0.592964824120603
171128,2014,0.36363636363636365
171137,2014,0.3835616438356164
171146,2014,0.25806451612903225
171456,2014,0.2
171492,2014,0.32653061224489793
171571,2014,0.2007042253521127
171599,2014,0.2857142857142857
171881,2014,0.0
172051,2014,0.2052401746724891
172264,2014,0.18181818181818182
172334,2014,0.3076923076923077
172440,2014,0.2222222222222222
172644,2014,0.1232741617357002
172699,2014,0.3988919667590028
173045,2014,0.5172413793103449
173124,2014,0.5714285714285714
173142,2014,0.2857142857142857
173160,2014,0.42857142857142855
173258,2014,0.875
173300,2014,0.6666666666666666
173328,2014,0.3333333333333333
173629,2014,1.0
173647,2014,0.88
173665,2014,0.34375
173887,2014,0.4
173902,2014,0.9166666666666666
173920,2014,0.2713178294573643
173984,2014,0.0
174020,2014,0.0
174066,2014,0.5491803278688525
174075,2014,0.16666666666666666
174127,2014,0.0
174206,2014,0.0
174233,2014,0.41379310344827586
174251,2014,0.6
174358,2014,0.27586206896551724
174394,2014,0.0
174437,2014,0.0
174491,2014,0.46153846153846156
174747,2014,0.6666666666666666
174783,2014,0.2966101694915254
174792,2014,0.8333333333333334
174817,2014,0.2727272727272727
174844,2014,0.8181818181818182
174862,2014,0.0
174899,2014,0.42857142857142855
174914,2014,0.78125
175005,2014,0.5428571428571428
175014,2014,0.16666666666666666
175078,2014,0.25
175272,2014,0.6111111111111112
175342,2014,0.3378684807256236
175421,2014,0.39215686274509803
175430,2014,0.4
175616,2014,0.21518987341772153
175856,2014,0.4024691358024691
175980,2014,0.48717948717948717
176017,2014,0.47493403693931396
176035,2014,0.4375
176044,2014,0.22666666666666666
176053,2014,0.1827956989247312
176080,2014,0.44948453608247424
176318,2014,0.3475609756097561
176336,2014,1.0
176372,2014,0.3817292006525285
176406,2014,0.4222222222222222
176479,2014,0.4117647058823529
176628,2014,0.2
176664,2014,0.0
176770,2014,1.0
176789,2014,0.0
176910,2014,0.2
176947,2014,0.35714285714285715
176965,2014,0.41333333333333333
177065,2014,0.14285714285714285
177144,2014,0.38095238095238093
177214,2014,0.5625
177339,2014,0.2222222222222222
177418,2014,0.3333333333333333
177542,2014,0.0
177551,2014,0.08571428571428572
177746,2014,0.3333333333333333
177940,2014,0.1477832512315271
177968,2014,0.38181818181818183
178059,2014,0.42857142857142855
178226,2014,0.38461538461538464
178244,2014,0.1951219512195122
178305,2014,1.0
178341,2014,0.17647058823529413
178369,2014,0.25316455696202533
178387,2014,0.12844036697247707
178396,2014,0.5462184873949579
178402,2014,0.34355828220858897
178411,2014,0.4489795918367347
178420,2014,0.2682926829268293
178615,2014,0.6037735849056604
178624,2014,0.34545454545454546
178679,2014,1.0
178721,2014,0.5833333333333334
178767,2014,0.5714285714285714
178891,2014,0.125
179043,2014,0.45454545454545453
179159,2014,0.5465116279069767
179256,2014,0.0
179265,2014,0.625
179326,2014,0.22580645161290322
179548,2014,0.36
179557,2014,0.30344827586206896
179566,2014,0.3458646616541353
179867,2014,0.8974358974358975
179894,2014,0.3695652173913043
179946,2014,0.375
179955,2014,0.5
179964,2014,0.36363636363636365
180106,2014,0.5
180179,2014,0.0
180258,2014,0.3333333333333333
180461,2014,0.4
180489,2014,0.2727272727272727
180522,2014,0.0
180595,2014,0.0
180948,2014,0.2
180984,2014,0.125
181002,2014,0.7241379310344828
181020,2014,0.25
181093,2014,0.0
181127,2014,0.0
181215,2014,0.3125
181297,2014,1.0
181330,2014,0.0625
181394,2014,0.2773109243697479
181446,2014,0.5
181464,2014,0.4188034188034188
181534,2014,0.14285714285714285
181604,2014,0.25
181738,2014,0.0
181783,2014,0.23076923076923078
181853,2014,0.3333333333333333
182111,2014,0.0
182281,2014,0.26136363636363635
182290,2014,0.45121951219512196
182458,2014,0.0
182634,2014,0.6190476190476191
182661,2014,0.0
182670,2014,0.92
182795,2014,0.3333333333333333
182980,2014,0.2962962962962963
183026,2014,1.0
183044,2014,0.6486486486486487
183062,2014,0.4
183071,2014,0.0
183080,2014,0.375
183211,2014,0.2857142857142857
183239,2014,0.36363636363636365
183275,2014,1.0
183789,2014,0.16585365853658537
183822,2014,0.2845528455284553
183910,2014,0.4230769230769231
183974,2014,0.52
184348,2014,0.5365853658536586
184603,2014,0.4180327868852459
184612,2014,0.3548387096774194
184694,2014,0.391304347826087
184773,2014,0.37735849056603776
184782,2014,0.44029850746268656
185129,2014,0.2361111111111111
185262,2014,0.4068767908309456
185572,2014,0.5714285714285714
185590,2014,0.5852272727272727
185828,2014,0.5180722891566265
186131,2014,0.96875
186201,2014,0.6904761904761905
186283,2014,0.5909090909090909
186371,2014,0.5522388059701493
186380,2014,0.7253886010362695
186399,2014,0.6632653061224489
186432,2014,0.5069444444444444
186584,2014,0.4444444444444444
186618,2014,0.3389830508474576
186867,2014,0.7058823529411765
186876,2014,0.5517241379310345
187134,2014,0.7411764705882353
187444,2014,0.38578680203045684
187648,2014,0.12
187897,2014,0.13513513513513514
187967,2014,0.4
187985,2014,0.4083333333333333
188030,2014,0.2972972972972973
188058,2014,0.0
188182,2014,0.0
188304,2014,0.16666666666666666
188340,2014,0.75
188429,2014,0.5473684210526316
188465,2014,0.14285714285714285
188641,2014,0.4074074074074074
188854,2014,0.4642857142857143
189088,2014,0.8823529411764706
189097,2014,0.875
189228,2014,0.25769230769230766
189413,2014,0.8333333333333334
189459,2014,0.07692307692307693
189705,2014,0.5531914893617021
189848,2014,0.7894736842105263
190044,2014,0.6153846153846154
190099,2014,0.8064516129032258
190114,2014,0.3125
190150,2014,0.9152542372881356
190248,2014,0.3157894736842105
190372,2014,0.7142857142857143
190415,2014,0.8642533936651584
190512,2014,0.5901639344262295
190549,2014,0.5185185185185185
190558,2014,0.28125
190567,2014,0.4371069182389937
190594,2014,0.5595854922279793
190600,2014,0.4025974025974026
190637,2014,0.30978260869565216
190646,2014,0.21678321678321677
190655,2014,0.22727272727272727
190664,2014,0.5487804878048781
190691,2014,0.3147208121827411
190716,2014,0.35
190725,2014,0.4
190761,2014,0.3157894736842105
190770,2014,0.1896551724137931
190983,2014,0.3076923076923077
191205,2014,0.22033898305084745
191241,2014,0.7361111111111112
191515,2014,0.85
191533,2014,0.23809523809523808
191621,2014,0.24242424242424243
191630,2014,0.696969696969697
191649,2014,0.3706293706293706
191676,2014,0.7777777777777778
191931,2014,0.4888888888888889
191968,2014,0.6153846153846154
192110,2014,1.0
192192,2014,0.5714285714285714
192271,2014,0.3793103448275862
192323,2014,0.6470588235294118
192439,2014,0.20945945945945946
192448,2014,0.3541666666666667
192703,2014,0.5925925925925926
192712,2014,1.0
192749,2014,0.4782608695652174
192819,2014,0.5555555555555556
192864,2014,0.3235294117647059
192925,2014,0.34
193016,2014,0.2589641434262948
193292,2014,0.5357142857142857
193308,2014,0.8899082568807339
193353,2014,0.4375
193399,2014,0.38461538461538464
193584,2014,0.8333333333333334
193645,2014,0.22058823529411764
193654,2014,0.5671641791044776
193900,2014,0.765
193973,2014,0.42424242424242425
194091,2014,0.3063063063063063
194161,2014,0.3333333333333333
194310,2014,0.5151515151515151
194392,2014,0.0
194569,2014,0.0
194578,2014,0.56
194824,2014,0.59375
194958,2014,0.4
195003,2014,0.5923076923076923
195030,2014,0.765625
195128,2014,0.42857142857142855
195164,2014,0.48
195173,2014,0.4470588235294118
195216,2014,0.9411764705882353
195234,2014,0.4634146341463415
195243,2014,0.35294117647058826
195304,2014,0.9230769230769231
195474,2014,0.6666666666666666
195526,2014,0.875
195544,2014,0.47540983606557374
195720,2014,0.68
195809,2014,0.488
196006,2014,0.0
196015,2014,0.42857142857142855
196024,2014,0.4
196033,2014,0.2
196042,2014,0.5454545454545454
196051,2014,0.4
196060,2014,0.7051792828685259
196079,2014,0.75
196088,2014,0.5868263473053892
196097,2014,0.7115384615384616
196103,2014,0.75
196112,2014,0.42105263157894735
196121,2014,0.48717948717948717
196130,2014,0.5220125786163522
196149,2014,0.525
196158,2014,0.6296296296296297
196167,2014,0.6
196176,2014,0.5645161290322581
196185,2014,0.7692307692307693
196194,2014,0.5161290322580645
196200,2014,0.6
196219,2014,0.5666666666666667
196237,2014,0.4383561643835616
196246,2014,0.6226415094339622
196264,2014,0.16363636363636364
196291,2014,0.34615384615384615
196413,2014,0.7642585551330798
196592,2014,0.0
196866,2014,0.96875
197027,2014,0.36363636363636365
197036,2014,0.6666666666666666
197045,2014,0.3564356435643564
197133,2014,0.8529411764705882
197142,2014,0.17647058823529413
197151,2014,0.3333333333333333
197197,2014,0.375
197230,2014,0.36363636363636365
197708,2014,1.0
197832,2014,0.358974358974359
197869,2014,0.6626506024096386
197911,2014,0.34782608695652173
197984,2014,0.43373493975903615
197993,2014,0.42857142857142855
198066,2014,0.3076923076923077
198136,2014,0.3548387096774194
198215,2014,0.3695652173913043
198303,2014,0.21474358974358973
198385,2014,0.9117647058823529
198419,2014,0.9265536723163842
198464,2014,0.5877192982456141
198507,2014,0.3956043956043956
198516,2014,0.8904109589041096
198543,2014,0.31518151815181517
198561,2014,0.3707865168539326
198598,2014,0.3484848484848485
198613,2014,0.44285714285714284
198695,2014,0.4868421052631579
198747,2014,0.3333333333333333
198756,2014,0.45985401459854014
198808,2014,0.42105263157894735
198835,2014,0.4864864864864865
198862,2014,0.24634146341463414
198899,2014,0.15217391304347827
198950,2014,0.46938775510204084
198969,2014,0.23170731707317074
198978,2014,1.0
199032,2014,0.5
199069,2014,0.35185185185185186
199102,2014,0.45267489711934156
199111,2014,0.46153846153846156
199120,2014,0.8484162895927602
199139,2014,0.5471698113207547
199148,2014,0.6323296354992076
199157,2014,0.4252411575562701
199184,2014,0.6666666666666666
199193,2014,0.6893491124260355
199209,2014,0.16363636363636364
199218,2014,0.703125
199272,2014,0.38095238095238093
199281,2014,0.40198511166253104
199306,2014,0.23809523809523808
199412,2014,0.46808510638297873
199458,2014,0.0
199582,2014,0.37362637362637363
199607,2014,0.47058823529411764
199643,2014,0.29690721649484536
199698,2014,0.2777777777777778
199759,2014,0.0
199847,2014,0.8898305084745762
199865,2014,0.7142857142857143
199962,2014,0.5
199971,2014,1.0
199999,2014,0.46814404432132967
200004,2014,0.6120689655172413
200013,2014,0.0
200059,2014,0.16666666666666666
200156,2014,0.2
200217,2014,0.42857142857142855
200226,2014,0.0625
200253,2014,0.29411764705882354
200280,2014,0.4
200332,2014,0.4358974358974359
200484,2014,0.0
200572,2014,0.16666666666666666
200800,2014,0.17080745341614906
201061,2014,0.5
201104,2014,0.2
201195,2014,0.2553191489361702
201371,2014,0.14285714285714285
201441,2014,0.4037433155080214
201548,2014,0.4146341463414634
201645,2014,0.7083333333333334
201654,2014,0.46153846153846156
201690,2014,0.18631732168850074
201858,2014,0.2222222222222222
201867,2014,1.0
201885,2014,0.53
201964,2014,0.38461538461538464
202046,2014,0.625
202134,2014,0.16194331983805668
202170,2014,0.45
202480,2014,0.6078431372549019
202514,2014,0.2916666666666667
202523,2014,0.7551020408163265
202763,2014,0.21428571428571427
202806,2014,0.05660377358490566
202903,2014,0.0
203085,2014,0.1956521739130435
203128,2014,0.42105263157894735
203368,2014,0.34285714285714286
203447,2014,0.0
203456,2014,0.3333333333333333
203465,2014,0.07894736842105263
203474,2014,0.09090909090909091
203483,2014,0.25
203492,2014,0.0
203517,2014,0.43582089552238806
203526,2014,0.047619047619047616
203535,2014,1.0
203544,2014,0.0
203580,2014,0.17142857142857143
203757,2014,0.0
203775,2014,0.25
203845,2014,0.5416666666666666
203960,2014,0.5
204006,2014,0.07894736842105263
204015,2014,0.05263157894736842
204024,2014,0.6951219512195121
204176,2014,0.6666666666666666
204185,2014,0.2682926829268293
204194,2014,0.2
204200,2014,0.7307692307692307
204264,2014,0.21052631578947367
204468,2014,0.16666666666666666
204486,2014,0.0
204501,2014,0.8275862068965517
204617,2014,0.34782608695652173
204635,2014,0.5
204671,2014,0.23529411764705882
204680,2014,0.23529411764705882
204699,2014,0.3125
204705,2014,0.29931972789115646
204796,2014,0.7333333333333333
204802,2014,0.0
204820,2014,0.125
204839,2014,0.0
204848,2014,0.05
204857,2014,0.5772727272727273
204866,2014,0.125
204909,2014,0.4838709677419355
204936,2014,0.32653061224489793
205203,2014,0.2857142857142857
205443,2014,0.19607843137254902
205957,2014,1.0
206048,2014,0.2318840579710145
206084,2014,0.17566241413150147
206154,2014,0.3333333333333333
206279,2014,0.0
206330,2014,0.03225806451612903
206349,2014,0.3333333333333333
206437,2014,0.3076923076923077
206491,2014,0.26153846153846155
206507,2014,0.3783783783783784
206525,2014,0.3888888888888889
206589,2014,0.8095238095238095
206604,2014,0.19480519480519481
206622,2014,0.5172413793103449
206695,2014,0.08333333333333333
206817,2014,0.10344827586206896
206835,2014,0.125
206862,2014,0.125
206914,2014,0.19753086419753085
206941,2014,0.2808219178082192
207041,2014,0.2571428571428571
207157,2014,0.0
207209,2014,0.211864406779661
207263,2014,0.2191780821917808
207306,2014,0.03225806451612903
207324,2014,0.2
207351,2014,0.5
207388,2014,0.3609022556390977
207403,2014,0.4
207458,2014,0.47619047619047616
207500,2014,0.5309278350515464
207564,2014,0.06896551724137931
207582,2014,0.4383561643835616
207661,2014,0.0
207689,2014,0.125
207722,2014,0.2727272727272727
207847,2014,0.17391304347826086
207856,2014,0.75
207865,2014,0.2413793103448276
207971,2014,0.41304347826086957
208239,2014,0.0
208488,2014,0.18181818181818182
208646,2014,0.0
208822,2014,0.6923076923076923
209056,2014,0.7857142857142857
209065,2014,0.5714285714285714
209108,2014,0.0
209409,2014,0.5
209542,2014,0.42105263157894735
209551,2014,0.5614035087719298
209603,2014,0.0
209612,2014,0.8
209807,2014,0.2413793103448276
209825,2014,0.9166666666666666
209922,2014,0.4444444444444444
210146,2014,0.25
210304,2014,0.0
210331,2014,0.8
210401,2014,0.7272727272727273
210429,2014,0.30303030303030304
210492,2014,0.45454545454545453
210571,2014,0.3132530120481928
210669,2014,0.76
210739,2014,0.4444444444444444
210775,2014,0.13636363636363635
210906,2014,0.6666666666666666
210942,2014,0.25
210960,2014,0.17391304347826086
211024,2014,0.0
211088,2014,0.4523809523809524
211158,2014,0.4223300970873786
211273,2014,0.8
211291,2014,0.84375
211352,2014,0.4230769230769231
211361,2014,0.43478260869565216
211431,2014,0.25806451612903225
211440,2014,0.8
211468,2014,0.3
211477,2014,0.23076923076923078
211556,2014,0.36
211583,2014,0.4375
211608,2014,0.17717717717717718
211644,2014,0.2857142857142857
211893,2014,1.0
211981,2014,0.2
212009,2014,0.95
212054,2014,0.371900826446281
212106,2014,0.6
212115,2014,0.4
212133,2014,0.5609756097560976
212160,2014,0.2711864406779661
212197,2014,0.5
212577,2014,0.7222222222222222
212601,2014,0.43137254901960786
212656,2014,0.3888888888888889
212674,2014,0.8928571428571429
212805,2014,1.0
212832,2014,0.6666666666666666
212911,2014,0.9090909090909091
212984,2014,0.36363636363636365
213011,2014,0.5
213020,2014,0.36942675159235666
213251,2014,0.7692307692307693
213303,2014,0.1
213321,2014,0.35714285714285715
213349,2014,0.3684210526315789
213358,2014,0.3157894736842105
213367,2014,0.4117647058823529
213385,2014,0.9642857142857143
213400,2014,0.0
213507,2014,0.5
213543,2014,0.8717948717948718
213598,2014,0.40860215053763443
213613,2014,0.29896907216494845
213668,2014,0.4666666666666667
213783,2014,0.4117647058823529
213826,2014,0.3333333333333333
213987,2014,0.3333333333333333
213996,2014,0.5
214041,2014,0.3739130434782609
214069,2014,0.3333333333333333
214148,2014,0.45454545454545453
214157,2014,0.6363636363636364
214166,2014,0.14285714285714285
214175,2014,1.0
214272,2014,0.42574257425742573
214591,2014,0.3333333333333333
214625,2014,0.25
214634,2014,0.25
214643,2014,0.42857142857142855
214652,2014,0.0
214670,2014,0.6666666666666666
214689,2014,0.5168539325842697
214698,2014,0.26666666666666666
214704,2014,0.40384615384615385
214713,2014,0.6046511627906976
214731,2014,0.2571428571428571
214740,2014,0.25
214759,2014,0.4
214768,2014,0.5066666666666667
214777,2014,0.7178571428571429
214786,2014,0.2318840579710145
214795,2014,0.3150684931506849
214801,2014,0.36082474226804123
214810,2014,0.48360655737704916
214829,2014,0.42857142857142855
214971,2014,0.6666666666666666
215053,2014,0.6
215062,2014,0.9351351351351351
215099,2014,0.5319148936170213
215105,2014,0.603448275862069
215114,2014,0.36363636363636365
215132,2014,0.36666666666666664
215266,2014,0.15
215275,2014,0.5
215284,2014,0.3333333333333333
215293,2014,0.7380952380952381
215442,2014,0.2972972972972973
215655,2014,0.3404255319148936
215691,2014,0.4666666666666667
215743,2014,0.5789473684210527
215770,2014,0.5862068965517241
215798,2014,0.47058823529411764
215929,2014,1.0
215947,2014,0.3617021276595745
216010,2014,0.3821138211382114
216038,2014,0.5212765957446809
216278,2014,0.65
216287,2014,0.8518518518518519
216339,2014,0.6666666666666666
216357,2014,0.4090909090909091
216524,2014,0.64
216542,2014,0.4444444444444444
216597,2014,0.8
216667,2014,0.8
216694,2014,0.3333333333333333
216764,2014,0.4858757062146893
216807,2014,0.8
216852,2014,0.36893203883495146
216931,2014,0.32
217013,2014,0.25
217059,2014,0.32
217156,2014,0.9178082191780822
217165,2014,0.6666666666666666
217235,2014,0.5202312138728323
217402,2014,0.71875
217420,2014,0.3670886075949367
217484,2014,0.4666666666666667
217493,2014,0.5
217518,2014,0.5714285714285714
217536,2014,0.6666666666666666
217606,2014,0.0
217624,2014,0.19246861924686193
217633,2014,0.2
217688,2014,0.2937853107344633
217721,2014,0.2669082125603865
217749,2014,0.2222222222222222
217776,2014,0.1
217819,2014,0.6346153846153846
217864,2014,0.6041666666666666
217873,2014,0.41721854304635764
217882,2014,0.652542372881356
217907,2014,0.5686274509803921
217925,2014,0.2
217934,2014,0.425
217961,2014,0.8888888888888888
217998,2014,0.5384615384615384
218061,2014,0.3879093198992443
218070,2014,0.6857142857142857
218229,2014,0.4044943820224719
218238,2014,0.3614457831325301
218399,2014,0.33666666666666667
218414,2014,0.25742574257425743
218441,2014,0.31666666666666665
218539,2014,0.5161290322580645
218645,2014,0.4327485380116959
218654,2014,0.2459016393442623
218663,2014,0.743801652892562
218724,2014,0.49140893470790376
218733,2014,0.34859675036927623
218742,2014,0.35507246376811596
218919,2014,0.3511450381679389
218964,2014,0.578397212543554
218973,2014,0.8
219000,2014,0.25
219046,2014,0.25
219082,2014,0.25
219091,2014,0.6666666666666666
219259,2014,0.2
219295,2014,0.0
219356,2014,0.3076923076923077
219383,2014,0.0
219471,2014,0.34782608695652173
219505,2014,0.35714285714285715
219602,2014,0.29596412556053814
219639,2014,0.42857142857142855
219709,2014,0.6285714285714286
219718,2014,0.23684210526315788
219790,2014,0.5
219806,2014,0.13793103448275862
219833,2014,0.4418604651162791
219949,2014,0.2857142857142857
219976,2014,0.20930232558139536
220075,2014,0.20437956204379562
220181,2014,0.5
220206,2014,0.0
220215,2014,0.20689655172413793
220473,2014,0.0
220516,2014,0.2222222222222222
220552,2014,0.0
220598,2014,0.2409288824383164
220604,2014,0.13333333333333333
220613,2014,0.391304347826087
220631,2014,0.35294117647058826
220701,2014,0.5185185185185185
220710,2014,0.3333333333333333
220808,2014,0.19047619047619047
220862,2014,0.3631647211413748
220978,2014,0.4040561622464899
221254,2014,0.0
221351,2014,0.7647058823529411
221519,2014,0.38095238095238093
221661,2014,0.6153846153846154
221731,2014,0.5714285714285714
221740,2014,0.3302180685358255
221759,2014,0.6053412462908012
221768,2014,0.4180790960451977
221795,2014,0.6
221838,2014,0.4093113482056256
221847,2014,0.44594594594594594
221856,2014,0.0
221892,2014,0.3333333333333333
221953,2014,0.2830188679245283
221971,2014,0.5
221999,2014,0.872
222178,2014,0.3218390804597701
222831,2014,0.2751677852348993
222877,2014,0.25
222938,2014,0.25
222983,2014,0.5384615384615384
223232,2014,0.5977859778597786
224004,2014,0.05
224147,2014,0.4225352112676056
224226,2014,0.45454545454545453
224244,2014,0.0
224323,2014,0.0
224439,2014,1.0
224527,2014,0.2619047619047619
224554,2014,0.30656934306569344
224776,2014,0.2413793103448276
225201,2014,1.0
225247,2014,0.5
225399,2014,0.16666666666666666
225432,2014,0.10426540284360189
225511,2014,0.3779816513761468
225548,2014,0.13333333333333333
225575,2014,0.17857142857142858
225627,2014,0.22857142857142856
225885,2014,0.17857142857142858
226091,2014,0.24873949579831933
226152,2014,0.6666666666666666
226231,2014,0.2608695652173913
226383,2014,0.09090909090909091
226471,2014,0.3146067415730337
226587,2014,0.2631578947368421
226833,2014,0.2878787878787879
227216,2014,0.4799154334038055
227243,2014,0.25925925925925924
227331,2014,0.2
227368,2014,0.5
227377,2014,0.3333333333333333
227429,2014,0.13333333333333333
227526,2014,0.3313802083333333
227757,2014,0.8181818181818182
227845,2014,0.6857142857142857
227863,2014,0.5
227881,2014,0.42733188720173537
228042,2014,0.4
228149,2014,0.45454545454545453
228246,2014,0.7014925373134329
228325,2014,0.13043478260869565
228343,2014,0.8
228431,2014,0.30596026490066225
228459,2014,0.5058823529411764
228468,2014,0.3888888888888889
228486,2014,1.0
228501,2014,0.10126582278481013
228529,2014,0.234375
228705,2014,0.17
228723,2014,0.6793650793650794
228769,2014,0.38268156424581007
228778,2014,0.6484149855907781
228787,2014,0.5806451612903226
228796,2014,0.21428571428571427
228802,2014,0.4186046511627907
228875,2014,0.5473684210526316
228884,2014,0.14814814814814814
228981,2014,0.43333333333333335
229018,2014,0.36363636363636365
229027,2014,0.4030131826741996
229063,2014,0.1743951612903226
229115,2014,0.5368852459016393
229160,2014,0.21621621621621623
229179,2014,0.3476190476190476
229267,2014,0.6
229780,2014,0.25
229814,2014,0.1978021978021978
229887,2014,0.18181818181818182
230038,2014,0.75
230047,2014,0.6666666666666666
230171,2014,0.2
230603,2014,0.23809523809523808
230621,2014,0.5
230630,2014,0.0
230728,2014,0.5555555555555556
230737,2014,0.2
230764,2014,0.35294117647058826
230782,2014,0.17391304347826086
230807,2014,0.5
230816,2014,0.25
230834,2014,0.8
230852,2014,0.4444444444444444
230898,2014,0.25
230913,2014,0.2
230931,2014,0.36363636363636365
230940,2014,1.0
230959,2014,1.0
230977,2014,0.0
230995,2014,0.2857142857142857
231059,2014,0.6666666666666666
231077,2014,0.5
231086,2014,0.25
231165,2014,0.0
231174,2014,0.7142857142857143
231420,2014,0.21052631578947367
231554,2014,0.13333333333333333
231581,2014,0.2972972972972973
231624,2014,0.8990825688073395
231651,2014,0.26666666666666666
231712,2014,0.6055045871559633
231837,2014,0.125
232016,2014,0.2222222222222222
232025,2014,0.4838709677419355
232043,2014,0.3125
232089,2014,0.2780487804878049
232186,2014,0.7077625570776256
232256,2014,0.45
232265,2014,0.6545454545454545
232308,2014,0.42105263157894735
232423,2014,0.697986577181208
232557,2014,0.23774509803921567
232566,2014,0.6181818181818182
232609,2014,0.5555555555555556
232672,2014,0.3
232681,2014,0.6714285714285714
232706,2014,0.37333333333333335
232937,2014,0.3479188900747065
232982,2014,0.5157728706624606
233277,2014,0.582089552238806
233295,2014,0.5333333333333333
233301,2014,0.6470588235294118
233374,2014,0.8625
233426,2014,0.5172413793103449
233541,2014,0.3076923076923077
233611,2014,0.09090909090909091
233684,2014,0.0
233718,2014,0.2222222222222222
233897,2014,0.3333333333333333
233921,2014,0.7160493827160493
234030,2014,0.6335227272727273
234076,2014,0.8870967741935484
234085,2014,0.72
234137,2014,0.10526315789473684
234155,2014,0.4959713518352731
234164,2014,0.32897196261682243
234173,2014,0.38961038961038963
234207,2014,0.75
234492,2014,0.14285714285714285
234827,2014,0.375
235024,2014,0.6
235097,2014,0.3448275862068966
235167,2014,0.3888888888888889
235316,2014,0.8
235422,2014,0.0
235769,2014,0.5
236133,2014,0.18181818181818182
236230,2014,0.2727272727272727
236328,2014,0.4166666666666667
236452,2014,0.125
236577,2014,0.52
236595,2014,0.8333333333333334
236896,2014,0.09090909090909091
236939,2014,0.47435897435897434
236948,2014,0.7622950819672131
237011,2014,0.59375
237057,2014,1.0
237066,2014,0.5
237118,2014,0.0
237181,2014,0.18
237215,2014,0.13333333333333333
237312,2014,0.3103448275862069
237330,2014,0.16
237358,2014,0.1111111111111111
237367,2014,0.2571428571428571
237385,2014,0.24
237525,2014,0.38848920863309355
237640,2014,0.0
237783,2014,0.10483870967741936
237792,2014,0.45161290322580644
237899,2014,0.13157894736842105
237932,2014,0.2
237950,2014,0.0
237969,2014,0.2631578947368421
238032,2014,0.391025641025641
238078,2014,0.25
238193,2014,0.1836734693877551
238333,2014,0.375
238430,2014,0.2916666666666667
238458,2014,0.36363636363636365
238476,2014,0.34615384615384615
238616,2014,0.2
238661,2014,0.3157894736842105
238980,2014,0.375
239017,2014,0.75
239080,2014,0.0847457627118644
239105,2014,0.6413043478260869
239309,2014,0.4444444444444444
239318,2014,0.15384615384615385
239390,2014,0.3333333333333333
239628,2014,0.8
239716,2014,0.16666666666666666
239743,2014,0.0
240107,2014,0.25
240189,2014,0.2786885245901639
240268,2014,0.5714285714285714
240277,2014,0.2727272727272727
240329,2014,0.09090909090909091
240338,2014,0.125
240365,2014,0.21739130434782608
240374,2014,0.21428571428571427
240392,2014,0.0
240417,2014,0.42857142857142855
240426,2014,0.5
240444,2014,0.7352941176470589
240453,2014,0.17100371747211895
240462,2014,0.11363636363636363
240471,2014,0.21428571428571427
240480,2014,0.3125
240727,2014,0.25
240754,2014,0.0
243142,2014,0.0
243221,2014,0.0
243665,2014,0.24444444444444444
243744,2014,0.9487179487179487
243780,2014,0.6190476190476191
245652,2014,0.5
245953,2014,0.3333333333333333
247065,2014,0.0
247700,2014,1.0
248934,2014,0.30303030303030304
251312,2014,0.07142857142857142
260293,2014,0.5
260813,2014,0.0
262129,2014,0.6
363934,2014,0.08333333333333333
366003,2014,1.0
366252,2014,0.125
366553,2014,0.14285714285714285
366580,2014,1.0
366711,2014,0.5789473684210527
367194,2014,0.3333333333333333
367884,2014,0.2222222222222222
367936,2014,0.0
368452,2014,0.5
368601,2014,0.14285714285714285
377546,2014,0.0
377555,2014,0.75
377564,2014,0.625
380465,2014,0.0
381787,2014,0.0
384254,2014,0.0
384412,2014,0.45454545454545453
385619,2014,0.391304347826087
390701,2014,0.46875
392840,2014,0.0
398130,2014,0.0
399869,2014,0.5714285714285714
405997,2014,0.5
406194,2014,0.2727272727272727
407009,2014,0.5
407285,2014,0.0
409698,2014,0.525
410502,2014,0.2857142857142857
414586,2014,0.0
414823,2014,0.42857142857142855
420006,2014,0.5
420042,2014,0.3333333333333333
420307,2014,0.0
420316,2014,0.0
420574,2014,0.3684210526315789
426314,2014,0.21739130434782608
428286,2014,0.2857142857142857
428444,2014,1.0
430087,2014,0.5
430184,2014,0.0
432223,2014,0.12
432241,2014,0.125
432533,2014,0.11764705882352941
433387,2014,0.05263157894736842
433536,2014,1.0
433660,2014,0.4393939393939394
434557,2014,0.16666666666666666
434973,2014,0.20512820512820512
436094,2014,0.0
436483,2014,0.0
436614,2014,0.0
436818,2014,0.5072463768115942
436827,2014,0.5555555555555556
436836,2014,0.6153846153846154
437219,2014,0.0
437848,2014,0.0
438151,2014,0.10526315789473684
438586,2014,0.29545454545454547
438902,2014,0.3333333333333333
439288,2014,0.5
439297,2014,0.1702127659574468
439613,2014,0.5
440147,2014,0.16666666666666666
440341,2014,0.1896551724137931
440420,2014,0.3333333333333333
440457,2014,0.0967741935483871
440466,2014,0.0
440484,2014,0.25
440794,2014,0.2
440925,2014,0.21875
441511,2014,0.92
441900,2014,0.14285714285714285
441937,2014,0.6666666666666666
441973,2014,0.0
442161,2014,0.09
442569,2014,0.41025641025641024
442639,2014,0.3333333333333333
443049,2014,1.0
443410,2014,1.0
443544,2014,0.08333333333333333
443687,2014,0.07575757575757576
443784,2014,0.0
444158,2014,0.14285714285714285
444398,2014,0.5
444778,2014,0.16666666666666666
444927,2014,0.0
445027,2014,0.0
445072,2014,0.25333333333333335
445124,2014,0.3684210526315789
445133,2014,0.2857142857142857
445188,2014,0.5894736842105263
445276,2014,0.34375
445300,2014,0.12698412698412698
445319,2014,0.058823529411764705
445391,2014,0.06896551724137931
445434,2014,1.0
445692,2014,1.0
445708,2014,0.5490196078431373
446048,2014,0.3333333333333333
446233,2014,0.0
446394,2014,1.0
446640,2014,0.08333333333333333
446677,2014,0.0
446792,2014,0.16666666666666666
446808,2014,0.5
447069,2014,0.175
447458,2014,0.18181818181818182
447689,2014,0.14
447953,2014,0.1111111111111111
448309,2014,0.25
448345,2014,0.375
448442,2014,0.09523809523809523
448567,2014,0.12096774193548387
448576,2014,0.29411764705882354
448628,2014,0.19047619047619047
448752,2014,0.25
448761,2014,0.0
448840,2014,0.3333333333333333
448886,2014,0.6666666666666666
449010,2014,0.47619047619047616
449339,2014,0.35443037974683544
449348,2014,1.0
449764,2014,0.0
449898,2014,0.0
450049,2014,0.3333333333333333
450085,2014,0.19230769230769232
450094,2014,0.0
450243,2014,0.1
450447,2014,0.46153846153846156
450456,2014,0.09523809523809523
450483,2014,0.2
450933,2014,0.25136612021857924
450979,2014,0.4782608695652174
451060,2014,0.3
451662,2014,0.02564102564102564
451796,2014,0.3333333333333333
451820,2014,0.5
451848,2014,0.0
451884,2014,1.0
451990,2014,0.05
452018,2014,0.1
452027,2014,0.08333333333333333
453163,2014,0.0
454184,2014,1.0
454236,2014,0.0
455585,2014,0.0
455619,2014,0.0
456010,2014,0.3333333333333333
456296,2014,0.07142857142857142
456348,2014,0.03076923076923077
456445,2014,0.3
456612,2014,0.0
456791,2014,0.1111111111111111
456834,2014,0.0
456959,2014,0.0
458919,2014,0.3
458964,2014,0.0
459259,2014,0.0
460899,2014,1.0
465812,2014,1.0
475121,2014,0.014519056261343012
475237,2014,1.0
475608,2014,0.0
482149,2014,0.19858156028368795
482158,2014,0.17647058823529413
482413,2014,0.2542372881355932
482422,2014,0.2222222222222222
482431,2014,0.1320754716981132
482440,2014,0.3333333333333333
482459,2014,0.2641509433962264
482468,2014,0.1721311475409836
482477,2014,0.1388888888888889
482486,2014,0.14285714285714285
482529,2014,0.0
482538,2014,0.2857142857142857
482547,2014,0.0
482556,2014,0.0
482565,2014,0.13333333333333333
482574,2014,0.21621621621621623
482608,2014,0.1951219512195122
482635,2014,0.171875
482653,2014,0.12
482662,2014,0.4
482671,2014,0.0
482680,2014,0.3888888888888889
484613,2014,0.059895833333333336
484622,2014,0.11398963730569948
484631,2014,0.17973856209150327
484640,2014,0.15151515151515152
484668,2014,0.13688212927756654
484677,2014,0.14907651715039577
484686,2014,0.125
484695,2014,0.10497237569060773
484701,2014,0.07623318385650224
484710,2014,0.18518518518518517
484729,2014,0.1348314606741573
484738,2014,0.11
484747,2014,0.17232375979112272
484756,2014,0.19242902208201892
484765,2014,0.04950495049504951
484783,2014,0.12804878048780488
485263,2014,0.2894736842105263
485546,2014,0.6666666666666666
486840,2014,0.386986301369863
486901,2014,0.6875
487524,2014,0.14814814814814814
100654,2015,0.27949709864603484
100663,2015,0.4900497512437811
100690,2015,0.3333333333333333
100706,2015,0.34782608695652173
100724,2015,0.21681864235055726
100751,2015,0.5581395348837209
100830,2015,0.11838006230529595
100858,2015,0.6621621621621622
100937,2015,0.35714285714285715
101073,2015,0.028409090909090908
101116,2015,0.08333333333333333
101189,2015,0.2923076923076923
101435,2015,0.3157894736842105
101480,2015,0.23940149625935161
101541,2015,0.1
101587,2015,0.20754716981132076
101675,2015,0.16012084592145015
101693,2015,0.375
101709,2015,0.4489795918367347
101879,2015,0.32116788321167883
101912,2015,0.47073170731707314
102049,2015,0.6595744680851063
102058,2015,0.9806201550387597
102094,2015,0.29591836734693877
102234,2015,0.4126984126984127
102261,2015,0.0
102270,2015,0.18345323741007194
102298,2015,0.44021739130434784
102368,2015,0.2698412698412698
102377,2015,0.503921568627451
102553,2015,0.1388888888888889
102614,2015,0.0
102845,2015,0.4
104090,2015,0.3157894736842105
104151,2015,0.5770925110132159
104179,2015,0.36929460580912865
104188,2015,1.0
104586,2015,0.5
104717,2015,0.3
105330,2015,0.4189189189189189
105534,2015,0.5555555555555556
105589,2015,0.3333333333333333
105899,2015,0.0
106102,2015,0.05263157894736842
106245,2015,0.23333333333333334
106306,2015,0.09969788519637462
106342,2015,0.4
106397,2015,0.4838709677419355
106412,2015,0.23342175066312998
106458,2015,0.3194888178913738
106467,2015,0.1721311475409836
106485,2015,0.05555555555555555
106704,2015,0.24932975871313673
106713,2015,0.3333333333333333
107044,2015,0.2
107071,2015,0.22797927461139897
107080,2015,0.42857142857142855
107141,2015,0.5
107512,2015,0.5
107558,2015,0.0
107600,2015,0.3684210526315789
107877,2015,0.3333333333333333
107983,2015,0.25748502994011974
108092,2015,0.125
108232,2015,0.14893617021276595
109651,2015,0.42857142857142855
109785,2015,0.5609756097560976
110097,2015,0.5
110361,2015,0.3157894736842105
110370,2015,0.6875
110404,2015,0.8
110413,2015,0.5238095238095238
110422,2015,0.8823529411764706
110486,2015,0.2736842105263158
110495,2015,0.4838709677419355
110510,2015,0.46564885496183206
110529,2015,0.515625
110538,2015,0.5625
110547,2015,0.3333333333333333
110556,2015,0.5371900826446281
110565,2015,0.5619047619047619
110574,2015,0.38509316770186336
110583,2015,0.5925925925925926
110592,2015,0.375
110608,2015,0.3901098901098901
110617,2015,0.35545023696682465
110635,2015,0.7073170731707317
110644,2015,0.7738095238095238
110653,2015,0.8548387096774194
110662,2015,0.8345864661654135
110671,2015,0.6681818181818182
110680,2015,0.9016393442622951
110705,2015,0.7674418604651163
110714,2015,0.7090909090909091
111081,2015,0.6666666666666666
111188,2015,0.6
111948,2015,0.6842105263157895
111966,2015,1.0
112075,2015,0.3888888888888889
112084,2015,0.75
112260,2015,0.6666666666666666
112446,2015,1.0
112570,2015,0.4444444444444444
113582,2015,0.0
113698,2015,0.5625
114813,2015,0.3333333333333333
115409,2015,1.0
115728,2015,0.3
115755,2015,0.234375
115773,2015,0.3333333333333333
117104,2015,0.0
117113,2015,0.6
117140,2015,0.5416666666666666
117168,2015,1.0
117557,2015,0.8
117627,2015,0.4
117751,2015,0.3
117928,2015,0.2608695652173913
117946,2015,0.7878787878787878
118541,2015,0.25
118693,2015,0.5384615384615384
118888,2015,0.4444444444444444
119173,2015,0.6
119605,2015,0.0
119775,2015,0.0
120184,2015,0.25
120254,2015,0.8421052631578947
120403,2015,0.5
120537,2015,0.375
120865,2015,0.4375
120883,2015,0.5333333333333333
121150,2015,0.8518518518518519
121257,2015,1.0
121309,2015,0.6666666666666666
121345,2015,1.0
121691,2015,0.6666666666666666
122409,2015,0.6354166666666666
122436,2015,0.6363636363636364
122506,2015,0.0
122597,2015,0.34146341463414637
122612,2015,0.5862068965517241
122728,2015,0.4
122755,2015,0.5591397849462365
122931,2015,0.813953488372093
123165,2015,0.9090909090909091
123457,2015,0.25
123554,2015,0.7058823529411765
123572,2015,0.5625
123651,2015,0.4838709677419355
123961,2015,0.8928571428571429
124487,2015,0.6666666666666666
125231,2015,0.0
125727,2015,1.0
125763,2015,0.4444444444444444
125897,2015,0.0
126182,2015,0.16
126562,2015,0.38333333333333336
126580,2015,0.34210526315789475
126614,2015,0.5303030303030303
126669,2015,0.4
126678,2015,0.8888888888888888
126702,2015,0.0
126775,2015,0.7142857142857143
126818,2015,0.6574074074074074
126827,2015,0.09333333333333334
126872,2015,0.0
127060,2015,0.7241379310344828
127185,2015,0.5
127556,2015,0.45454545454545453
127565,2015,0.13861386138613863
127741,2015,0.40625
127918,2015,0.5714285714285714
127945,2015,0.5
128106,2015,0.17054263565891473
128328,2015,0.6153846153846154
128391,2015,0.3
128498,2015,0.4594594594594595
128683,2015,0.0
128744,2015,0.2577639751552795
128771,2015,0.3939393939393939
128902,2015,0.9090909090909091
129020,2015,0.7422680412371134
129154,2015,0.16666666666666666
129215,2015,0.4461538461538462
129242,2015,0.717948717948718
129525,2015,0.4666666666666667
129774,2015,0.36363636363636365
129941,2015,0.42857142857142855
130110,2015,0.5
130183,2015,0.1951219512195122
130226,2015,0.6507936507936508
130253,2015,0.6190476190476191
130314,2015,0.4230769230769231
130493,2015,0.44025157232704404
130590,2015,0.875
130624,2015,0.5
130697,2015,0.9019607843137255
130776,2015,0.36363636363636365
130794,2015,1.0
130934,2015,0.43232044198895025
130943,2015,0.6821705426356589
130989,2015,0.7096774193548387
131098,2015,0.15510204081632653
131113,2015,0.2236842105263158
131159,2015,0.7352941176470589
131283,2015,0.4857142857142857
131399,2015,0.2857142857142857
131450,2015,0.041666666666666664
131469,2015,0.7633587786259542
131496,2015,0.9454545454545454
131520,2015,0.6094839609483961
131803,2015,0.0
131876,2015,0.36416184971098264
132338,2015,0.3953488372093023
132408,2015,0.0
132471,2015,0.2
132602,2015,0.32955832389580975
132657,2015,0.35
132842,2015,0.0
132879,2015,0.09090909090909091
132903,2015,0.6787072243346007
133465,2015,0.375
133492,2015,0.5
133526,2015,0.25416666666666665
133553,2015,0.36
133650,2015,0.41189931350114417
133669,2015,0.5014749262536873
133711,2015,0.3448275862068966
133809,2015,0.35714285714285715
133872,2015,0.5
133881,2015,0.5172413793103449
133951,2015,0.42247191011235957
133979,2015,0.34299516908212563
134079,2015,0.40476190476190477
134097,2015,0.7811320754716982
134130,2015,0.7915194346289752
134149,2015,0.4166666666666667
134237,2015,0.2437984496124031
134680,2015,0.23809523809523808
134811,2015,0.3103448275862069
134945,2015,0.3037037037037037
135081,2015,0.7741935483870968
135364,2015,0.5
135726,2015,0.7575757575757576
136066,2015,0.0
136172,2015,0.5317460317460317
136215,2015,0.325
136288,2015,0.5
136330,2015,0.35714285714285715
136774,2015,0.5
136950,2015,0.8636363636363636
137032,2015,0.3392857142857143
137351,2015,0.687007874015748
137476,2015,0.36363636363636365
137546,2015,0.46938775510204084
137564,2015,0.28
137801,2015,0.5
137847,2015,0.42857142857142855
137953,2015,0.375
137962,2015,0.1111111111111111
138275,2015,0.21818181818181817
138293,2015,0.08695652173913043
138309,2015,0.0
138354,2015,0.42063492063492064
138558,2015,0.2
138600,2015,0.7241379310344828
138716,2015,0.31597633136094677
138789,2015,0.30392156862745096
138813,2015,0.1596958174904943
138868,2015,0.25
138947,2015,0.38866396761133604
139144,2015,0.64
139153,2015,0.5
139199,2015,0.4375
139205,2015,0.1794871794871795
139250,2015,0.0
139287,2015,0.46153846153846156
139311,2015,0.33568904593639576
139366,2015,0.24651162790697675
139393,2015,0.5
139463,2015,0.15
139579,2015,0.11764705882352941
139630,2015,0.2
139658,2015,0.8392857142857143
139719,2015,0.24754901960784315
139755,2015,0.7655172413793103
139764,2015,0.2553191489361702
139861,2015,0.5333333333333333
139931,2015,0.5057870370370371
139940,2015,0.5679012345679012
139959,2015,0.7988338192419825
140234,2015,0.4827586206896552
140252,2015,0.11764705882352941
140340,2015,0.11764705882352941
140447,2015,0.5390625
140553,2015,0.5030181086519114
140696,2015,0.4489795918367347
140720,2015,0.2028985507246377
140818,2015,0.43478260869565216
140872,2015,0.2682926829268293
140951,2015,0.463855421686747
140960,2015,0.2702380952380952
140988,2015,0.25
141060,2015,0.7749419953596288
141167,2015,0.25
141185,2015,0.16666666666666666
141237,2015,0.07692307692307693
141264,2015,0.3290258449304175
141325,2015,0.4857142857142857
141334,2015,0.4309623430962343
141361,2015,0.5714285714285714
141486,2015,0.5294117647058824
141565,2015,0.0
141574,2015,0.3
141644,2015,0.20833333333333334
141981,2015,0.0
142115,2015,0.28
142276,2015,0.5333333333333333
142285,2015,0.18181818181818182
142294,2015,0.5
142328,2015,0.0
142461,2015,1.0
142522,2015,0.2
142887,2015,0.35714285714285715
143048,2015,0.5714285714285714
143084,2015,0.5454545454545454
143118,2015,0.325
143288,2015,0.09090909090909091
143358,2015,0.5873015873015873
144005,2015,0.1346153846153846
144050,2015,0.8653846153846154
144281,2015,0.26834381551362685
144351,2015,0.21621621621621623
144740,2015,0.5944055944055944
144883,2015,0.06521739130434782
144892,2015,0.4375
144962,2015,0.47058823529411764
144971,2015,0.4
145372,2015,0.3333333333333333
145460,2015,0.0
145600,2015,0.436426116838488
145619,2015,0.14634146341463414
145637,2015,0.7988826815642458
145646,2015,0.6451612903225806
145691,2015,0.4583333333333333
145725,2015,0.6086956521739131
145770,2015,0.0
145813,2015,0.5522388059701493
146010,2015,0.09302325581395349
146339,2015,0.3333333333333333
146393,2015,0.125
146427,2015,0.6296296296296297
146481,2015,0.5526315789473685
146612,2015,0.425
146667,2015,1.0
146676,2015,0.15789473684210525
146719,2015,0.46808510638297873
146825,2015,0.09090909090909091
147013,2015,0.32075471698113206
147244,2015,0.43548387096774194
147341,2015,0.5172413793103449
147369,2015,0.4444444444444444
147536,2015,0.14285714285714285
147660,2015,0.34782608695652173
147679,2015,0.32
147703,2015,0.26638176638176636
147767,2015,0.896551724137931
147776,2015,0.09259259259259259
147828,2015,0.22535211267605634
148016,2015,0.5
148131,2015,0.21153846153846154
148177,2015,0.2631578947368421
148335,2015,0.9666666666666667
148405,2015,0.25
148487,2015,0.23232323232323232
148496,2015,0.6451612903225806
148584,2015,0.47368421052631576
148627,2015,0.32
148654,2015,0.37735849056603776
149222,2015,0.29923273657289
149231,2015,0.2619047619047619
149505,2015,0.22580645161290322
149514,2015,0.3333333333333333
149639,2015,0.0
149772,2015,0.3522012578616352
149781,2015,0.8181818181818182
150066,2015,0.2916666666666667
150136,2015,0.5077720207253886
150145,2015,0.18181818181818182
150163,2015,0.5106382978723404
150172,2015,0.08571428571428572
150400,2015,0.75
150455,2015,0.6410256410256411
150534,2015,0.5384615384615384
150604,2015,0.5454545454545454
150668,2015,0.3333333333333333
150677,2015,0.4
150756,2015,0.47619047619047616
150774,2015,0.2727272727272727
150941,2015,1.0
151102,2015,0.05172413793103448
151111,2015,0.31048387096774194
151263,2015,0.3698630136986301
151290,2015,0.30985915492957744
151306,2015,0.18064516129032257
151324,2015,0.21843003412969283
151333,2015,0.16666666666666666
151342,2015,0.16666666666666666
151351,2015,0.6035502958579881
151360,2015,0.06293706293706294
151379,2015,0.13725490196078433
151388,2015,0.1111111111111111
151458,2015,0.5
151616,2015,0.5
151777,2015,0.23529411764705882
151786,2015,0.23809523809523808
151801,2015,0.4666666666666667
151810,2015,0.05
152080,2015,0.8787878787878788
152099,2015,0.0
152248,2015,0.16129032258064516
152266,2015,0.25
152318,2015,1.0
152336,2015,0.45454545454545453
152363,2015,0.2857142857142857
152381,2015,0.0
152390,2015,0.6666666666666666
152530,2015,0.2222222222222222
152567,2015,0.3333333333333333
152600,2015,0.5681818181818182
152637,2015,0.14285714285714285
152673,2015,0.5384615384615384
152992,2015,0.17391304347826086
153001,2015,0.38461538461538464
153108,2015,0.5384615384615384
153126,2015,0.6
153144,2015,0.7333333333333333
153162,2015,0.625
153250,2015,0.8
153269,2015,0.5384615384615384
153278,2015,0.2647058823529412
153302,2015,0.0
153320,2015,0.0
153366,2015,0.30434782608695654
153375,2015,0.15151515151515152
153384,2015,0.6785714285714286
153427,2015,1.0
153603,2015,0.4883720930232558
153621,2015,0.15
153658,2015,0.5315315315315315
153825,2015,1.0
153834,2015,0.5833333333333334
153861,2015,0.6666666666666666
154004,2015,0.5
154013,2015,0.0
154022,2015,0.04232397075798384
154095,2015,0.37777777777777777
154101,2015,0.25
154235,2015,0.4375
154350,2015,0.4444444444444444
154493,2015,0.047619047619047616
154518,2015,0.19607843137254902
154527,2015,0.45454545454545453
154590,2015,0.18518518518518517
154688,2015,0.38095238095238093
154712,2015,0.35714285714285715
154721,2015,0.5454545454545454
154749,2015,0.625
154855,2015,0.21739130434782608
155025,2015,0.325
155061,2015,0.13636363636363635
155089,2015,0.10526315789473684
155317,2015,0.35658914728682173
155335,2015,0.5
155399,2015,0.2631578947368421
155414,2015,0.05555555555555555
155496,2015,0.0
155511,2015,0.45
155520,2015,0.08695652173913043
155627,2015,0.21052631578947367
155681,2015,0.3142857142857143
155812,2015,0.125
155900,2015,0.05
155937,2015,0.2
155973,2015,0.2222222222222222
156082,2015,0.1111111111111111
156125,2015,0.2125
156189,2015,0.0
156213,2015,0.0
156286,2015,0.5384615384615384
156295,2015,0.631578947368421
156356,2015,0.3076923076923077
156365,2015,0.17105263157894737
156408,2015,0.8888888888888888
156541,2015,0.35294117647058826
156620,2015,0.32450331125827814
156745,2015,0.37037037037037035
157058,2015,0.20496894409937888
157076,2015,0.20833333333333334
157085,2015,0.5139664804469274
157100,2015,0.21052631578947367
157216,2015,0.08433734939759036
157270,2015,0.0
157289,2015,0.4875444839857651
157377,2015,0.6666666666666666
157386,2015,0.296875
157401,2015,0.36792452830188677
157447,2015,0.22666666666666666
157535,2015,0.1568627450980392
157757,2015,0.26666666666666666
157809,2015,0.5
157818,2015,0.5
157863,2015,0.1111111111111111
157951,2015,0.28640776699029125
158477,2015,0.2413793103448276
158802,2015,0.3595505617977528
159009,2015,0.35771065182829886
159382,2015,0.2
159391,2015,0.5588752196836555
159416,2015,0.13333333333333333
159568,2015,0.06382978723404255
159647,2015,0.3765182186234818
159656,2015,0.4580152671755725
159717,2015,0.2824074074074074
159939,2015,0.28859060402684567
159948,2015,0.6666666666666666
159966,2015,0.3096774193548387
159993,2015,0.3695652173913043
160038,2015,0.2848101265822785
160065,2015,0.6666666666666666
160612,2015,0.32
160621,2015,0.2896969696969697
160630,2015,0.16393442622950818
160658,2015,0.3443396226415094
160755,2015,0.6862745098039216
160904,2015,0.43843283582089554
160959,2015,0.0
160977,2015,0.8846153846153846
161004,2015,0.8260869565217391
161086,2015,0.8
161217,2015,0.0
161226,2015,0.3333333333333333
161235,2015,0.0
161244,2015,0.0
161253,2015,0.5555555555555556
161299,2015,0.75
161341,2015,0.0
161457,2015,0.6666666666666666
161509,2015,1.0
161518,2015,0.0
161554,2015,0.1
161563,2015,0.08333333333333333
161572,2015,1.0
161873,2015,0.30851063829787234
162007,2015,0.37566137566137564
162061,2015,0.391304347826087
162210,2015,0.36538461538461536
162283,2015,0.18018018018018017
162584,2015,0.4048582995951417
162654,2015,0.391304347826087
162760,2015,0.46511627906976744
162928,2015,0.875
163046,2015,0.7297297297297297
163204,2015,0.04225352112676056
163268,2015,0.5775401069518716
163286,2015,0.8126232741617357
163295,2015,0.8333333333333334
163338,2015,0.37484433374844334
163453,2015,0.31350330500472146
163462,2015,0.6129032258064516
163578,2015,0.4666666666666667
163851,2015,0.6511627906976745
163912,2015,0.5588235294117647
163976,2015,0.0
164076,2015,0.6475095785440613
164155,2015,0.6881720430107527
164173,2015,0.4216417910447761
164216,2015,0.5714285714285714
164270,2015,0.75
164447,2015,0.3402061855670103
164465,2015,0.8852459016393442
164492,2015,0.2857142857142857
164562,2015,0.68
164580,2015,0.9230769230769231
164614,2015,0.0
164632,2015,0.43478260869565216
164641,2015,0.5
164720,2015,0.0
164739,2015,0.9375
164748,2015,0.47058823529411764
164872,2015,0.2
164924,2015,0.8320610687022901
164988,2015,0.8560606060606061
165015,2015,0.8620689655172413
165024,2015,0.6065573770491803
165334,2015,0.875
165529,2015,0.23529411764705882
165574,2015,0.2857142857142857
165644,2015,0.18181818181818182
165662,2015,0.7083333333333334
165671,2015,0.7083333333333334
165699,2015,0.5
165802,2015,0.375
165820,2015,0.6842105263157895
165866,2015,0.5476190476190477
165936,2015,0.7
166018,2015,0.6
166027,2015,0.941747572815534
166124,2015,0.9722222222222222
166391,2015,0.3333333333333333
166452,2015,0.8333333333333334
166489,2015,0.0
166513,2015,0.45714285714285713
166629,2015,0.7293233082706767
166638,2015,0.5
166656,2015,0.5151515151515151
166674,2015,0.7142857142857143
166683,2015,0.8823529411764706
166692,2015,0.6666666666666666
166850,2015,0.625
166911,2015,1.0
166939,2015,0.8333333333333334
166948,2015,0.2682926829268293
166984,2015,0.0
167057,2015,0.25
167251,2015,0.34782608695652173
167260,2015,0.18181818181818182
167288,2015,0.4864864864864865
167321,2015,0.23076923076923078
167358,2015,0.8118811881188119
167394,2015,0.6111111111111112
167455,2015,0.15555555555555556
167598,2015,0.75
167729,2015,0.5294117647058824
167783,2015,0.6
167835,2015,0.9696969696969697
167899,2015,0.56
167987,2015,0.4409090909090909
167996,2015,0.76
168005,2015,0.55
168148,2015,0.8181818181818182
168218,2015,0.8958333333333334
168227,2015,0.6
168254,2015,0.42424242424242425
168263,2015,0.5517241379310345
168281,2015,0.7727272727272727
168290,2015,0.6153846153846154
168342,2015,0.9545454545454546
168421,2015,0.7
168430,2015,0.24
168528,2015,0.40476190476190477
168546,2015,0.5
168591,2015,0.42857142857142855
168740,2015,0.75
168786,2015,0.2
168847,2015,0.11666666666666667
169080,2015,0.4230769230769231
169248,2015,0.45021645021645024
169363,2015,0.125
169442,2015,0.4375
169479,2015,0.3333333333333333
169716,2015,0.4
169798,2015,0.2040133779264214
169910,2015,0.48
169983,2015,0.15384615384615385
170000,2015,0.0
170037,2015,0.25
170082,2015,0.4887640449438202
170091,2015,0.07692307692307693
170301,2015,0.6842105263157895
170532,2015,1.0
170639,2015,0.375
170675,2015,0.14705882352941177
170806,2015,0.14285714285714285
170842,2015,0.1875
170967,2015,0.05
170976,2015,0.7978723404255319
171100,2015,0.5935613682092555
171128,2015,0.5555555555555556
171137,2015,0.373134328358209
171146,2015,0.22018348623853212
171456,2015,0.3
171492,2015,0.26229508196721313
171571,2015,0.21639344262295082
171599,2015,0.35
171881,2015,0.0
172051,2015,0.1952191235059761
172264,2015,0.25806451612903225
172334,2015,0.36363636363636365
172440,2015,0.2
172644,2015,0.17385257301808066
172699,2015,0.3953488372093023
173045,2015,0.48148148148148145
173124,2015,0.3333333333333333
173142,2015,0.25
173160,2015,0.5714285714285714
173258,2015,0.7647058823529411
173300,2015,0.3157894736842105
173328,2015,0.30952380952380953
173629,2015,0.0
173647,2015,0.7575757575757576
173665,2015,0.358974358974359
173887,2015,0.3
173902,2015,0.7142857142857143
173920,2015,0.2627118644067797
174020,2015,0.2857142857142857
174066,2015,0.6335078534031413
174075,2015,0.5909090909090909
174127,2015,1.0
174233,2015,0.46875
174251,2015,0.5
174279,2015,1.0
174358,2015,0.11428571428571428
174385,2015,0.0
174394,2015,0.0
174437,2015,0.4
174491,2015,0.625
174525,2015,0.0
174747,2015,1.0
174783,2015,0.36893203883495146
174792,2015,0.6428571428571429
174817,2015,0.25
174844,2015,0.6666666666666666
174862,2015,0.3333333333333333
174899,2015,0.7142857142857143
174914,2015,0.6333333333333333
175005,2015,0.5384615384615384
175014,2015,0.2
175078,2015,0.16666666666666666
175227,2015,0.0
175272,2015,0.5
175342,2015,0.2990990990990991
175421,2015,0.12345679012345678
175430,2015,0.5
175616,2015,0.18181818181818182
175856,2015,0.3724053724053724
175980,2015,0.25
176017,2015,0.3977485928705441
176035,2015,0.42857142857142855
176044,2015,0.3088235294117647
176053,2015,0.42857142857142855
176080,2015,0.4218512898330804
176318,2015,0.3277777777777778
176336,2015,0.2
176372,2015,0.3148148148148148
176406,2015,0.422680412371134
176479,2015,0.3333333333333333
176628,2015,0.29411764705882354
176664,2015,0.0
176789,2015,0.0
176910,2015,0.0
176947,2015,0.26666666666666666
176965,2015,0.3492063492063492
177065,2015,0.29347826086956524
177083,2015,0.0
177144,2015,0.05555555555555555
177214,2015,0.45454545454545453
177339,2015,0.38461538461538464
177418,2015,0.47058823529411764
177542,2015,0.25
177551,2015,0.05859375
177746,2015,0.5714285714285714
177940,2015,0.15
177968,2015,0.29292929292929293
178059,2015,0.4166666666666667
178208,2015,0.0
178244,2015,0.36
178341,2015,0.15217391304347827
178369,2015,0.13725490196078433
178387,2015,0.13675213675213677
178396,2015,0.5673624288425048
178402,2015,0.29120879120879123
178411,2015,0.4166666666666667
178420,2015,0.3626373626373626
178615,2015,0.6136363636363636
178624,2015,0.30612244897959184
178679,2015,0.0
178697,2015,1.0
178721,2015,0.15151515151515152
178767,2015,0.5714285714285714
178891,2015,0.2
179043,2015,0.5
179159,2015,0.4788732394366197
179256,2015,0.25
179265,2015,1.0
179326,2015,0.12195121951219512
179548,2015,0.2727272727272727
179557,2015,0.327683615819209
179566,2015,0.33064516129032256
179867,2015,0.9444444444444444
179894,2015,0.3939393939393939
179946,2015,0.375
179955,2015,0.5555555555555556
179964,2015,0.42857142857142855
180106,2015,0.5
180179,2015,0.0
180258,2015,0.5
180416,2015,1.0
180461,2015,0.5
180489,2015,0.5833333333333334
180522,2015,0.0
180595,2015,0.0
180692,2015,0.3333333333333333
180814,2015,0.0
180948,2015,0.3076923076923077
180984,2015,0.25
181002,2015,0.7142857142857143
181020,2015,0.3333333333333333
181093,2015,0.3333333333333333
181127,2015,0.46153846153846156
181215,2015,0.2
181330,2015,0.15384615384615385
181376,2015,0.16666666666666666
181394,2015,0.20224719101123595
181446,2015,0.6666666666666666
181464,2015,0.5
181534,2015,0.2
181604,2015,0.2857142857142857
181738,2015,0.25
181783,2015,0.2
181853,2015,0.3333333333333333
182111,2015,0.25
182281,2015,0.3146067415730337
182290,2015,0.45528455284552843
182458,2015,0.0
182634,2015,0.6190476190476191
182670,2015,0.972972972972973
182795,2015,0.18181818181818182
182917,2015,0.0
182980,2015,0.3076923076923077
183026,2015,0.25
183044,2015,0.8108108108108109
183062,2015,0.4444444444444444
183080,2015,0.3
183211,2015,0.6666666666666666
183239,2015,0.46153846153846156
183789,2015,0.2594594594594595
183822,2015,0.24675324675324675
183910,2015,0.5
183974,2015,0.7241379310344828
184348,2015,0.5862068965517241
184603,2015,0.38636363636363635
184612,2015,0.43103448275862066
184694,2015,0.37662337662337664
184773,2015,0.32894736842105265
184782,2015,0.559322033898305
185129,2015,0.24242424242424243
185262,2015,0.44807121661721067
185572,2015,0.59375
185590,2015,0.6432432432432432
185828,2015,0.4307692307692308
186131,2015,0.96875
186201,2015,0.4411764705882353
186283,2015,0.5434782608695652
186371,2015,0.5394736842105263
186380,2015,0.735981308411215
186399,2015,0.5492957746478874
186432,2015,0.5434782608695652
186584,2015,0.45604395604395603
186618,2015,0.46808510638297873
186867,2015,0.6086956521739131
186876,2015,0.35714285714285715
187134,2015,0.6986301369863014
187444,2015,0.3632286995515695
187648,2015,0.3076923076923077
187897,2015,0.18518518518518517
187967,2015,0.3333333333333333
187985,2015,0.3263157894736842
188030,2015,0.3229166666666667
188058,2015,0.3333333333333333
188146,2015,0.7222222222222222
188182,2015,0.3333333333333333
188304,2015,0.14285714285714285
188340,2015,0.6
188429,2015,0.5612244897959183
188526,2015,1.0
188641,2015,0.4186046511627907
188854,2015,0.4782608695652174
189088,2015,0.6666666666666666
189097,2015,0.9565217391304348
189228,2015,0.25752508361204013
189413,2015,0.56
189459,2015,0.3333333333333333
189705,2015,0.5409836065573771
189848,2015,0.46153846153846156
190044,2015,0.35714285714285715
190099,2015,0.8292682926829268
190114,2015,0.3023255813953488
190150,2015,0.8791946308724832
190248,2015,0.391304347826087
190372,2015,0.6923076923076923
190415,2015,0.9171597633136095
190512,2015,0.5753424657534246
190549,2015,0.3881578947368421
190558,2015,0.25
190567,2015,0.5280898876404494
190594,2015,0.5151515151515151
190600,2015,0.43543543543543545
190637,2015,0.3925925925925926
190646,2015,0.18120805369127516
190655,2015,0.2857142857142857
190664,2015,0.5
190691,2015,0.32741116751269034
190716,2015,0.15789473684210525
190725,2015,0.375
190761,2015,0.35
190983,2015,0.4444444444444444
191205,2015,0.2923076923076923
191241,2015,0.7619047619047619
191515,2015,0.7916666666666666
191533,2015,0.43478260869565216
191621,2015,0.2608695652173913
191630,2015,0.8
191649,2015,0.38345864661654133
191676,2015,0.6
191931,2015,0.509090909090909
191968,2015,0.7291666666666666
192040,2015,1.0
192110,2015,1.0
192192,2015,0.1875
192271,2015,0.5
192323,2015,0.5555555555555556
192439,2015,0.22082018927444794
192448,2015,0.3247863247863248
192703,2015,0.7647058823529411
192712,2015,1.0
192749,2015,0.40425531914893614
192819,2015,0.75
192864,2015,0.21951219512195122
192925,2015,0.3333333333333333
193016,2015,0.3142857142857143
193292,2015,0.5277777777777778
193308,2015,0.8177339901477833
193353,2015,0.44
193399,2015,0.49056603773584906
193584,2015,0.55
193645,2015,0.5
193654,2015,0.6129032258064516
193900,2015,0.8582089552238806
193973,2015,0.5333333333333333
194091,2015,0.34615384615384615
194161,2015,0.2112676056338028
194310,2015,0.4805194805194805
194392,2015,0.14285714285714285
194578,2015,0.6666666666666666
194824,2015,0.625
194958,2015,0.4666666666666667
195003,2015,0.5754716981132075
195030,2015,0.8363636363636363
195128,2015,0.5483870967741935
195164,2015,0.5
195173,2015,0.4074074074074074
195216,2015,0.9090909090909091
195234,2015,0.5531914893617021
195243,2015,0.5263157894736842
195304,2015,0.8888888888888888
195474,2015,0.6060606060606061
195526,2015,0.9259259259259259
195544,2015,0.5384615384615384
195720,2015,0.5217391304347826
195809,2015,0.49142857142857144
196006,2015,0.5
196015,2015,0.5
196024,2015,0.4
196033,2015,0.75
196042,2015,0.5263157894736842
196051,2015,0.1111111111111111
196060,2015,0.7615062761506276
196079,2015,0.7796610169491526
196088,2015,0.6792452830188679
196097,2015,0.7132352941176471
196103,2015,0.6666666666666666
196112,2015,0.2916666666666667
196121,2015,0.5396825396825397
196130,2015,0.4911504424778761
196149,2015,0.5945945945945946
196158,2015,0.3673469387755102
196167,2015,0.6363636363636364
196176,2015,0.6923076923076923
196185,2015,0.6944444444444444
196194,2015,0.5714285714285714
196200,2015,0.3191489361702128
196219,2015,0.6666666666666666
196237,2015,0.4198473282442748
196246,2015,0.5223880597014925
196264,2015,0.0625
196291,2015,0.6470588235294118
196413,2015,0.7927272727272727
196592,2015,0.75
196866,2015,0.7916666666666666
197027,2015,0.4444444444444444
197036,2015,0.7363636363636363
197045,2015,0.21978021978021978
197133,2015,0.8837209302325582
197142,2015,0.2857142857142857
197151,2015,0.5833333333333334
197197,2015,0.48148148148148145
197230,2015,0.2857142857142857
197285,2015,0.35714285714285715
197708,2015,1.0
197832,2015,0.29545454545454547
197869,2015,0.5301204819277109
197911,2015,0.45
197984,2015,0.4166666666666667
197993,2015,0.43315508021390375
198066,2015,0.3
198136,2015,0.49038461538461536
198215,2015,0.3541666666666667
198303,2015,0.21703296703296704
198385,2015,0.9444444444444444
198419,2015,0.9506172839506173
198464,2015,0.6383307573415765
198507,2015,0.37763713080168776
198516,2015,0.7586206896551724
198543,2015,0.31767337807606266
198561,2015,0.23809523809523808
198598,2015,0.3902439024390244
198613,2015,0.543859649122807
198677,2015,1.0
198695,2015,0.5535714285714286
198747,2015,0.0
198756,2015,0.46875
198808,2015,0.18181818181818182
198835,2015,0.3684210526315789
198862,2015,0.2454780361757106
198899,2015,0.20512820512820512
198950,2015,0.575
198969,2015,0.25217391304347825
199032,2015,0.2
199069,2015,0.5
199102,2015,0.4466277217206585
199111,2015,0.5714285714285714
199120,2015,0.8494318181818182
199139,2015,0.5439429928741093
199148,2015,0.6053459119496856
199157,2015,0.4390018484288355
199184,2015,0.7142857142857143
199193,2015,0.7142857142857143
199209,2015,0.1717171717171717
199218,2015,0.7580645161290323
199272,2015,0.42857142857142855
199281,2015,0.38440111420612816
199306,2015,0.15789473684210525
199412,2015,0.4489795918367347
199458,2015,0.5
199582,2015,0.23543123543123542
199607,2015,0.6521739130434783
199643,2015,0.1917808219178082
199698,2015,0.3333333333333333
199759,2015,0.25
199847,2015,0.8414634146341463
199865,2015,0.5
199962,2015,0.6
199971,2015,0.7777777777777778
199999,2015,0.4826446280991736
200004,2015,0.5363636363636364
200059,2015,0.16666666666666666
200156,2015,0.14285714285714285
200217,2015,0.35714285714285715
200226,2015,0.1111111111111111
200253,2015,0.14285714285714285
200280,2015,0.3448275862068966
200332,2015,0.37777777777777777
200484,2015,0.25
200572,2015,0.0
200785,2015,0.0
200800,2015,0.21342925659472423
201061,2015,0.0
201104,2015,0.4166666666666667
201195,2015,0.39215686274509803
201371,2015,0.3548387096774194
201441,2015,0.3844660194174757
201548,2015,0.43243243243243246
201645,2015,0.6938775510204082
201654,2015,0.5714285714285714
201690,2015,0.26024590163934425
201858,2015,0.25
201885,2015,0.5402843601895735
201964,2015,0.125
202046,2015,0.6153846153846154
202134,2015,0.17410714285714285
202170,2015,0.5666666666666667
202480,2015,0.5247524752475248
202514,2015,0.10344827586206896
202523,2015,0.6904761904761905
202763,2015,0.36
202806,2015,0.05263157894736842
202903,2015,0.0
203085,2015,0.2413793103448276
203128,2015,0.46875
203368,2015,0.6666666666666666
203447,2015,0.0
203456,2015,0.0
203465,2015,0.10714285714285714
203474,2015,0.022222222222222223
203483,2015,0.0
203492,2015,0.0
203517,2015,0.3688760806916426
203526,2015,0.1
203535,2015,0.7
203544,2015,0.5
203580,2015,0.25
203757,2015,0.14285714285714285
203775,2015,0.4090909090909091
203845,2015,0.48
204006,2015,0.04819277108433735
204015,2015,0.017857142857142856
204024,2015,0.7239263803680982
204176,2015,0.6666666666666666
204185,2015,0.41025641025641024
204194,2015,0.16666666666666666
204200,2015,0.2631578947368421
204264,2015,0.26666666666666666
204468,2015,0.26153846153846155
204486,2015,0.2
204501,2015,0.8035714285714286
204617,2015,0.19753086419753085
204635,2015,0.6666666666666666
204671,2015,0.1935483870967742
204680,2015,0.2
204699,2015,0.17543859649122806
204705,2015,0.25146198830409355
204796,2015,0.7381546134663342
204802,2015,0.0
204820,2015,0.0
204839,2015,0.0
204848,2015,0.0
204857,2015,0.554140127388535
204866,2015,0.25
204909,2015,0.45161290322580644
204936,2015,0.4375
205203,2015,0.16666666666666666
205443,2015,0.0967741935483871
205957,2015,1.0
206048,2015,0.36923076923076925
206084,2015,0.2
206279,2015,0.0
206330,2015,0.19230769230769232
206349,2015,0.43478260869565216
206437,2015,0.25
206491,2015,0.23076923076923078
206507,2015,0.42857142857142855
206525,2015,0.4117647058823529
206589,2015,0.8113207547169812
206604,2015,0.1757469244288225
206613,2015,0.5
206622,2015,0.53
206695,2015,0.0935672514619883
206817,2015,0.10204081632653061
206835,2015,0.1
206862,2015,0.07272727272727272
206914,2015,0.1625
206941,2015,0.2517482517482518
207041,2015,0.3939393939393939
207157,2015,0.0
207209,2015,0.18493150684931506
207263,2015,0.225
207306,2015,0.08695652173913043
207324,2015,0.39285714285714285
207351,2015,1.0
207388,2015,0.422360248447205
207403,2015,0.2916666666666667
207458,2015,0.5
207500,2015,0.5056179775280899
207564,2015,0.037037037037037035
207582,2015,0.5074626865671642
207661,2015,0.0
207689,2015,0.07692307692307693
207722,2015,0.4
207847,2015,0.22727272727272727
207856,2015,0.3333333333333333
207865,2015,0.16
207971,2015,0.5
208239,2015,0.125
208488,2015,0.2222222222222222
208646,2015,0.3333333333333333
208725,2015,0.0
208822,2015,0.3
209056,2015,0.4
209065,2015,0.5
209287,2015,0.3333333333333333
209409,2015,0.0
209506,2015,0.0
209542,2015,0.375
209551,2015,0.7023809523809523
209603,2015,0.0
209612,2015,0.5714285714285714
209807,2015,0.39622641509433965
209825,2015,0.8
209922,2015,1.0
210146,2015,0.2777777777777778
210304,2015,0.125
210331,2015,0.3333333333333333
210401,2015,0.6
210429,2015,0.3023255813953488
210492,2015,0.75
210571,2015,0.4044943820224719
210669,2015,0.7307692307692307
210739,2015,0.6363636363636364
210775,2015,0.3333333333333333
210906,2015,0.3333333333333333
210942,2015,0.22727272727272727
210960,2015,0.1388888888888889
211024,2015,0.3333333333333333
211088,2015,0.6216216216216216
211158,2015,0.3548387096774194
211273,2015,0.8
211291,2015,0.8387096774193549
211352,2015,0.45714285714285713
211361,2015,0.30357142857142855
211431,2015,0.35714285714285715
211440,2015,0.7951807228915663
211468,2015,0.3333333333333333
211477,2015,0.3064516129032258
211556,2015,0.3448275862068966
211583,2015,0.21621621621621623
211608,2015,0.167816091954023
211644,2015,0.18085106382978725
211981,2015,0.3103448275862069
212009,2015,0.8636363636363636
212054,2015,0.5
212106,2015,0.639344262295082
212115,2015,0.43037974683544306
212133,2015,0.46938775510204084
212160,2015,0.36
212197,2015,0.6875
212577,2015,0.9375
212601,2015,0.30434782608695654
212656,2015,0.1
212674,2015,0.7894736842105263
212805,2015,0.7142857142857143
212832,2015,0.3
212911,2015,0.8095238095238095
212984,2015,0.375
212993,2015,1.0
213011,2015,0.4888888888888889
213020,2015,0.33604336043360433
213251,2015,0.375
213303,2015,0.3
213321,2015,0.42105263157894735
213349,2015,0.3416149068322981
213358,2015,0.3076923076923077
213367,2015,0.5037037037037037
213385,2015,0.8055555555555556
213400,2015,1.0
213507,2015,0.75
213543,2015,0.7567567567567568
213598,2015,0.44559585492227977
213613,2015,0.3118279569892473
213668,2015,0.6190476190476191
213783,2015,0.4782608695652174
213826,2015,0.5
213987,2015,0.48148148148148145
213996,2015,0.4375
214041,2015,0.46788990825688076
214069,2015,0.5
214148,2015,0.8181818181818182
214157,2015,0.75
214166,2015,0.16666666666666666
214175,2015,0.8235294117647058
214272,2015,0.39473684210526316
214591,2015,0.34782608695652173
214625,2015,0.36363636363636365
214634,2015,0.0
214643,2015,0.5714285714285714
214652,2015,0.0
214670,2015,0.25
214689,2015,0.6634615384615384
214698,2015,0.5
214704,2015,0.38461538461538464
214713,2015,0.6666666666666666
214731,2015,0.19444444444444445
214740,2015,0.0
214759,2015,0.0
214768,2015,0.4594594594594595
214777,2015,0.7049180327868853
214786,2015,0.2803738317757009
214795,2015,0.4126984126984127
214801,2015,0.32038834951456313
214810,2015,0.3819444444444444
214829,2015,0.37037037037037035
214883,2015,0.5
214971,2015,0.5
215053,2015,0.5
215062,2015,0.9319727891156463
215099,2015,0.5915492957746479
215105,2015,0.5588235294117647
215114,2015,0.4
215132,2015,0.8
215266,2015,0.4473684210526316
215275,2015,0.5454545454545454
215284,2015,0.3888888888888889
215293,2015,0.6877637130801688
215442,2015,0.4772727272727273
215637,2015,0.2318840579710145
215655,2015,0.3684210526315789
215691,2015,0.2777777777777778
215743,2015,0.3793103448275862
215770,2015,0.5454545454545454
215798,2015,0.6153846153846154
215929,2015,0.7391304347826086
215947,2015,0.3611111111111111
216010,2015,0.3644859813084112
216038,2015,0.5
216047,2015,0.0
216278,2015,0.6470588235294118
216287,2015,0.9545454545454546
216339,2015,0.6370235934664247
216357,2015,0.20833333333333334
216524,2015,0.75
216542,2015,0.1
216597,2015,0.8939393939393939
216667,2015,0.7692307692307693
216694,2015,0.2222222222222222
216764,2015,0.5353535353535354
216807,2015,0.7692307692307693
216852,2015,0.3644067796610169
216931,2015,0.5
217013,2015,0.2
217059,2015,0.417910447761194
217156,2015,0.8811881188118812
217165,2015,0.6190476190476191
217235,2015,0.5659340659340659
217402,2015,0.6530612244897959
217420,2015,0.2875
217484,2015,0.5608108108108109
217493,2015,0.8235294117647058
217518,2015,0.45454545454545453
217536,2015,0.8
217606,2015,0.0
217624,2015,0.16993464052287582
217633,2015,0.2916666666666667
217688,2015,0.2764976958525346
217721,2015,0.21634062140391255
217749,2015,0.7142857142857143
217776,2015,0.36
217819,2015,0.6181818181818182
217864,2015,0.6301369863013698
217873,2015,0.5861182519280206
217882,2015,0.6223404255319149
217907,2015,0.358974358974359
217925,2015,0.5
217934,2015,0.4126984126984127
217961,2015,0.3333333333333333
217998,2015,0.3888888888888889
218061,2015,0.3684210526315789
218070,2015,0.7142857142857143
218229,2015,0.3434343434343434
218238,2015,0.2318840579710145
218399,2015,0.22327044025157233
218414,2015,0.40816326530612246
218441,2015,0.5116279069767442
218539,2015,0.5142857142857142
218645,2015,0.3898305084745763
218654,2015,0.22388059701492538
218663,2015,0.7022653721682848
218724,2015,0.4213197969543147
218733,2015,0.37789203084832906
218742,2015,0.4734848484848485
218919,2015,0.27232142857142855
218964,2015,0.5845070422535211
218973,2015,0.7777777777777778
219000,2015,0.3333333333333333
219046,2015,0.16666666666666666
219082,2015,0.0
219091,2015,0.0
219198,2015,0.3333333333333333
219213,2015,1.0
219259,2015,0.0
219295,2015,0.0
219347,2015,0.5
219356,2015,0.34615384615384615
219383,2015,0.4
219471,2015,0.6
219505,2015,0.21428571428571427
219602,2015,0.2972972972972973
219639,2015,0.875
219709,2015,0.7096774193548387
219718,2015,0.2073170731707317
219790,2015,0.5
219806,2015,0.3090909090909091
219833,2015,0.3253012048192771
219949,2015,0.25
219976,2015,0.35185185185185186
220002,2015,0.2
220075,2015,0.2623762376237624
220181,2015,0.4460431654676259
220215,2015,0.3103448275862069
220312,2015,0.09090909090909091
220473,2015,0.8
220516,2015,0.4666666666666667
220552,2015,0.125
220598,2015,0.19568345323741007
220604,2015,0.13114754098360656
220613,2015,0.4
220631,2015,0.375
220701,2015,0.5
220710,2015,0.35
220808,2015,0.4666666666666667
220862,2015,0.30396902226524686
220978,2015,0.4024725274725275
221254,2015,0.0
221351,2015,0.8125
221519,2015,0.8125
221661,2015,0.4880952380952381
221731,2015,0.5
221740,2015,0.36554621848739494
221759,2015,0.6055900621118012
221768,2015,0.44508670520231214
221795,2015,1.0
221838,2015,0.42
221847,2015,0.4588235294117647
221892,2015,0.11538461538461539
221953,2015,0.27631578947368424
221971,2015,0.42857142857142855
221999,2015,0.9090909090909091
222178,2015,0.3333333333333333
222831,2015,0.23684210526315788
222877,2015,0.09090909090909091
222938,2015,0.37037037037037035
222983,2015,0.4166666666666667
223232,2015,0.6434108527131783
224004,2015,0.2916666666666667
224147,2015,0.38823529411764707
224226,2015,0.34782608695652173
224244,2015,0.125
224323,2015,0.2857142857142857
224527,2015,0.18
224545,2015,0.09090909090909091
224554,2015,0.34265734265734266
224776,2015,0.1320754716981132
225201,2015,0.3333333333333333
225247,2015,0.3684210526315789
225399,2015,0.36666666666666664
225432,2015,0.11848341232227488
225502,2015,0.0967741935483871
225511,2015,0.40308747855917665
225548,2015,0.2222222222222222
225575,2015,0.2
225627,2015,0.46296296296296297
225885,2015,0.16964285714285715
226091,2015,0.22521008403361345
226152,2015,0.5
226231,2015,0.28205128205128205
226383,2015,0.14285714285714285
226471,2015,0.32
226587,2015,0.2
226833,2015,0.2875
227216,2015,0.4651639344262295
227331,2015,0.35714285714285715
227368,2015,0.45454545454545453
227429,2015,0.07894736842105263
227526,2015,0.3110555902560899
227757,2015,0.9122807017543859
227845,2015,0.631578947368421
227863,2015,0.2857142857142857
227881,2015,0.4651685393258427
228042,2015,0.375
228149,2015,0.6086956521739131
228246,2015,0.8048780487804879
228325,2015,0.20833333333333334
228343,2015,0.5454545454545454
228431,2015,0.36574746008708275
228459,2015,0.5296442687747036
228468,2015,0.43478260869565216
228501,2015,0.04878048780487805
228529,2015,0.41333333333333333
228705,2015,0.17777777777777778
228723,2015,0.7195571955719557
228769,2015,0.3857566765578635
228778,2015,0.7115987460815048
228787,2015,0.5072463768115942
228796,2015,0.2542372881355932
228802,2015,0.358974358974359
228875,2015,0.6705882352941176
228884,2015,0.17834394904458598
228981,2015,0.2727272727272727
229018,2015,0.3333333333333333
229027,2015,0.3953033268101761
229063,2015,0.1650390625
229115,2015,0.52734375
229160,2015,0.21875
229179,2015,0.2824427480916031
229267,2015,0.6
229780,2015,0.21428571428571427
229814,2015,0.21951219512195122
229887,2015,0.17647058823529413
230038,2015,0.6296296296296297
230047,2015,0.0
230171,2015,0.2
230603,2015,0.47619047619047616
230621,2015,0.5
230728,2015,0.30303030303030304
230737,2015,0.17647058823529413
230764,2015,0.9666666666666667
230782,2015,0.18181818181818182
230807,2015,0.4
230816,2015,0.75
230834,2015,0.3333333333333333
230852,2015,0.7692307692307693
230889,2015,1.0
230898,2015,0.4
230913,2015,0.6666666666666666
230931,2015,0.18181818181818182
230940,2015,0.0
230959,2015,0.7894736842105263
230977,2015,1.0
230995,2015,0.3125
231059,2015,0.375
231077,2015,0.16666666666666666
231086,2015,0.15384615384615385
231174,2015,0.7058823529411765
231420,2015,0.28169014084507044
231554,2015,0.2
231581,2015,0.5172413793103449
231624,2015,0.9021739130434783
231651,2015,0.2
231712,2015,0.6078431372549019
231837,2015,0.3333333333333333
232016,2015,0.7142857142857143
232025,2015,0.37037037037037035
232043,2015,0.18181818181818182
232089,2015,0.21782178217821782
232186,2015,0.7373271889400922
232256,2015,0.6071428571428571
232265,2015,0.5536663124335813
232308,2015,0.5909090909090909
232423,2015,0.7284768211920529
232557,2015,0.29296875
232566,2015,0.5409836065573771
232609,2015,0.4915254237288136
232672,2015,0.4017857142857143
232681,2015,0.56
232706,2015,0.3424657534246575
232937,2015,0.3826086956521739
232982,2015,0.5113960113960114
233277,2015,0.5408163265306123
233295,2015,0.4642857142857143
233301,2015,0.2727272727272727
233374,2015,0.8148148148148148
233426,2015,0.7058823529411765
233541,2015,0.5686274509803921
233611,2015,0.125
233684,2015,0.0
233718,2015,0.5882352941176471
233897,2015,0.20454545454545456
233921,2015,0.7125
234030,2015,0.5984848484848485
234076,2015,0.9107142857142857
234085,2015,0.5714285714285714
234137,2015,0.41935483870967744
234155,2015,0.44623655913978494
234164,2015,0.3295711060948081
234173,2015,0.38571428571428573
234207,2015,1.0
234492,2015,0.0
234827,2015,0.35714285714285715
234915,2015,0.0
235024,2015,0.625
235097,2015,0.3619047619047619
235167,2015,0.5263157894736842
235316,2015,1.0
236133,2015,0.4444444444444444
236230,2015,0.47058823529411764
236328,2015,0.6666666666666666
236452,2015,0.25
236577,2015,0.47619047619047616
236595,2015,0.6571428571428571
236896,2015,0.2222222222222222
236939,2015,0.5849056603773585
236948,2015,0.7771084337349398
237011,2015,0.717391304347826
237057,2015,0.8888888888888888
237066,2015,0.625
237118,2015,0.0
237136,2015,0.0
237181,2015,0.23076923076923078
237215,2015,0.16666666666666666
237312,2015,0.24561403508771928
237330,2015,0.13636363636363635
237358,2015,0.1875
237367,2015,0.1724137931034483
237385,2015,0.18181818181818182
237525,2015,0.3442622950819672
237640,2015,0.0
237783,2015,0.1
237792,2015,0.36065573770491804
237899,2015,0.2222222222222222
237932,2015,0.41379310344827586
237950,2015,0.125
237969,2015,0.21428571428571427
238032,2015,0.375609756097561
238078,2015,0.35714285714285715
238193,2015,0.2127659574468085
238333,2015,0.5384615384615384
238430,2015,0.20833333333333334
238458,2015,0.0
238476,2015,0.45
238616,2015,0.43478260869565216
238661,2015,0.6666666666666666
238980,2015,0.38095238095238093
239017,2015,0.5
239071,2015,0.0
239080,2015,0.1
239105,2015,0.5612244897959183
239309,2015,0.5384615384615384
239318,2015,0.15384615384615385
239390,2015,0.2857142857142857
239512,2015,0.5
239628,2015,0.25
239716,2015,0.0
239743,2015,0.25
240107,2015,0.5
240189,2015,0.31092436974789917
240268,2015,0.6923076923076923
240277,2015,1.0
240329,2015,0.631578947368421
240338,2015,0.46153846153846156
240365,2015,0.2
240374,2015,0.1125
240392,2015,0.2
240417,2015,0.2857142857142857
240426,2015,0.2
240444,2015,0.75
240453,2015,0.20447284345047922
240462,2015,0.24242424242424243
240471,2015,0.2413793103448276
240480,2015,0.36363636363636365
240727,2015,0.38095238095238093
240754,2015,0.3333333333333333
241191,2015,0.75
243142,2015,0.0
243221,2015,1.0
243665,2015,0.23985239852398524
243744,2015,0.9098360655737705
243780,2015,0.6666666666666666
245652,2015,0.0
245953,2015,0.3
247700,2015,0.0
248934,2015,0.42990654205607476
251312,2015,0.08771929824561403
260293,2015,0.42857142857142855
363934,2015,0.09523809523809523
366003,2015,0.5
366252,2015,0.2857142857142857
366553,2015,0.0
366711,2015,0.4166666666666667
367194,2015,0.5
367884,2015,0.16666666666666666
368452,2015,0.5
372073,2015,0.3333333333333333
377546,2015,0.0
377555,2015,0.6
377564,2015,0.3157894736842105
384254,2015,0.0
384412,2015,0.2857142857142857
385619,2015,0.49038461538461536
390701,2015,0.25
392840,2015,0.1111111111111111
398130,2015,0.3333333333333333
399869,2015,0.4
399911,2015,1.0
402776,2015,1.0
404338,2015,1.0
407009,2015,0.5714285714285714
408844,2015,0.25
409698,2015,0.5476190476190477
410502,2015,0.26666666666666666
414823,2015,0.32673267326732675
417752,2015,0.0
420307,2015,0.23529411764705882
420316,2015,0.0
420574,2015,0.38461538461538464
420866,2015,0.0
421832,2015,0.6060606060606061
426314,2015,0.3333333333333333
428286,2015,0.4166666666666667
428444,2015,0.0
430810,2015,0.0
432533,2015,0.16666666666666666
433387,2015,0.25
433660,2015,0.4153846153846154
434973,2015,1.0
436818,2015,0.5471698113207547
436827,2015,0.42857142857142855
436836,2015,0.5714285714285714
437097,2015,0.0
438151,2015,0.12903225806451613
438498,2015,1.0
438586,2015,0.2127659574468085
438902,2015,1.0
439288,2015,0.6363636363636364
439297,2015,0.6666666666666666
439613,2015,0.17647058823529413
440341,2015,0.16666666666666666
440767,2015,0.5
440794,2015,0.25
440925,2015,0.19047619047619047
441511,2015,1.0
441900,2015,0.06060606060606061
441937,2015,0.52
441982,2015,1.0
442161,2015,0.5
442569,2015,0.2553191489361702
442930,2015,0.3333333333333333
443410,2015,0.0
444088,2015,0.25
444778,2015,0.0
444927,2015,0.0
445133,2015,0.4
445188,2015,0.6857142857142857
445258,2015,0.25
445300,2015,1.0
445319,2015,1.0
445692,2015,0.5
445708,2015,0.5877862595419847
446048,2015,0.5
446233,2015,0.0
446613,2015,1.0
446640,2015,0.25
446668,2015,0.2
446677,2015,0.0
446792,2015,0.08823529411764706
446808,2015,0.5
447272,2015,0.0
447290,2015,1.0
447458,2015,0.23076923076923078
447476,2015,0.0
447689,2015,0.09774436090225563
447953,2015,0.2222222222222222
448309,2015,0.6
448345,2015,0.3103448275862069
448567,2015,1.0
448576,2015,0.1935483870967742
448673,2015,0.0
448734,2015,0.0
448752,2015,0.21428571428571427
448761,2015,0.0
448840,2015,0.2777777777777778
448886,2015,0.6176470588235294
449010,2015,0.32432432432432434
449339,2015,0.23
449764,2015,0.0
449898,2015,0.0
450085,2015,0.2682926829268293
450094,2015,0.0
450456,2015,1.0
450465,2015,0.5
450483,2015,1.0
450535,2015,1.0
450544,2015,0.0
450571,2015,0.0
450933,2015,0.2818181818181818
450979,2015,0.4117647058823529
451060,2015,0.16666666666666666
451662,2015,0.08333333333333333
451796,2015,0.21428571428571427
451820,2015,0.3181818181818182
451848,2015,0.3333333333333333
452018,2015,0.25
452027,2015,0.1724137931034483
452090,2015,0.0
454184,2015,0.3333333333333333
454236,2015,0.25
455619,2015,0.3333333333333333
456010,2015,1.0
456296,2015,0.19148936170212766
456348,2015,0.026816608996539794
456481,2015,0.0
456959,2015,0.6666666666666666
457022,2015,0.3333333333333333
457402,2015,1.0
457484,2015,0.0
458113,2015,0.0
458496,2015,0.42857142857142855
458575,2015,0.0
458919,2015,0.5
458964,2015,0.5
459259,2015,0.14285714285714285
459268,2015,0.16666666666666666
459842,2015,0.0
460613,2015,0.0
460729,2015,0.0
460783,2015,0.34375
461528,2015,1.0
462354,2015,1.0
466921,2015,0.0
468015,2015,0.0
468024,2015,0.25
470092,2015,0.125
475121,2015,0.013756613756613757
480198,2015,1.0
482149,2015,0.20242914979757085
482413,2015,0.11538461538461539
482422,2015,0.25
482431,2015,0.18181818181818182
482440,2015,0.0
482459,2015,0.28888888888888886
482468,2015,0.14414414414414414
482477,2015,0.13333333333333333
482486,2015,0.14285714285714285
482538,2015,0.16666666666666666
482547,2015,0.0
482556,2015,0.16216216216216217
482565,2015,0.0
482574,2015,0.15384615384615385
482583,2015,0.0
482608,2015,0.041666666666666664
482617,2015,0.375
482635,2015,0.11290322580645161
482653,2015,0.1935483870967742
482680,2015,0.2222222222222222
483124,2015,0.5
484613,2015,0.35714285714285715
484622,2015,0.6666666666666666
484631,2015,0.75
484668,2015,0.75
484677,2015,0.8333333333333334
484686,2015,0.8
484695,2015,0.6666666666666666
484701,2015,0.8333333333333334
484710,2015,0.4
484729,2015,0.6
484738,2015,1.0
484747,2015,0.7
484756,2015,0.375
484765,2015,1.0
484783,2015,1.0
484905,2015,0.2727272727272727
485263,2015,0.25
486284,2015,0.0
486840,2015,0.3813131313131313
486901,2015,0.46153846153846156
487524,2015,0.4
487667,2015,0.0
489937,2015,0.0
100654,2016,0.241635687732342
100663,2016,0.47506561679790027
100690,2016,0.0
100706,2016,0.29069767441860467
100724,2016,0.2729007633587786
100751,2016,0.5391432791728212
100830,2016,0.22702702702702704
100858,2016,0.6037735849056604
100937,2016,0.64
101073,2016,0.12
101116,2016,0.0
101189,2016,0.2647058823529412
101365,2016,0.6666666666666666
101435,2016,0.2222222222222222
101480,2016,0.24822695035460993
101541,2016,0.125
101587,2016,0.208
101675,2016,0.2127659574468085
101693,2016,0.12903225806451613
101709,2016,0.3382352941176471
101879,2016,0.3525641025641026
101912,2016,0.45671641791044776
102049,2016,0.625
102058,2016,0.01834862385321101
102094,2016,0.3182674199623352
102234,2016,0.3333333333333333
102270,2016,0.2743055555555556
102298,2016,0.4864864864864865
102368,2016,0.24628450106157113
102377,2016,0.5315436241610738
102553,2016,0.1875
102614,2016,0.5454545454545454
102669,2016,1.0
102845,2016,0.2597402597402597
104090,2016,0.2972972972972973
104151,2016,0.44516129032258067
104179,2016,0.5020242914979757
104364,2016,0.4
104586,2016,0.3333333333333333
104717,2016,0.21951219512195122
105330,2016,0.3333333333333333
105534,2016,0.7
105589,2016,0.0
105899,2016,0.0
106102,2016,0.0425531914893617
106245,2016,0.29464285714285715
106306,2016,0.19310344827586207
106342,2016,0.5
106397,2016,0.43722943722943725
106412,2016,0.286634460547504
106458,2016,0.39344262295081966
106467,2016,0.17355371900826447
106485,2016,0.09049773755656108
106704,2016,0.26721763085399447
106713,2016,0.07142857142857142
106810,2016,0.0
107044,2016,0.2619047619047619
107071,2016,0.23754789272030652
107080,2016,0.45454545454545453
107141,2016,0.4
107512,2016,0.37037037037037035
107558,2016,0.1
107600,2016,0.2896174863387978
107877,2016,0.15384615384615385
107983,2016,0.25153374233128833
108092,2016,0.22580645161290322
108232,2016,0.24561403508771928
109651,2016,0.0
109785,2016,0.36585365853658536
110060,2016,0.0
110097,2016,0.6666666666666666
110361,2016,0.29850746268656714
110370,2016,0.3888888888888889
110404,2016,1.0
110413,2016,0.7222222222222222
110422,2016,0.7586206896551724
110486,2016,0.26373626373626374
110495,2016,0.40816326530612246
110510,2016,0.4768211920529801
110529,2016,0.4594594594594595
110538,2016,0.5192307692307693
110547,2016,0.3972602739726027
110556,2016,0.5078125
110565,2016,0.5918367346938775
110574,2016,0.22897196261682243
110583,2016,0.5279503105590062
110592,2016,0.4076923076923077
110608,2016,0.3944954128440367
110617,2016,0.36792452830188677
110635,2016,0.8205128205128205
110644,2016,0.76
110653,2016,0.78
110662,2016,0.7467532467532467
110671,2016,0.7452229299363057
110680,2016,0.6935483870967742
110705,2016,0.7752808988764045
110714,2016,0.7777777777777778
111081,2016,0.6666666666666666
111188,2016,0.0
111948,2016,0.6086956521739131
111966,2016,0.0
112075,2016,0.5
112084,2016,0.25
112260,2016,0.8181818181818182
112394,2016,1.0
112570,2016,0.14285714285714285
113698,2016,0.7142857142857143
114813,2016,0.4
115409,2016,1.0
115728,2016,0.42105263157894735
115755,2016,0.4
115773,2016,0.5
117104,2016,0.3333333333333333
117113,2016,0.3333333333333333
117140,2016,0.4444444444444444
117627,2016,0.2
117751,2016,0.3333333333333333
117928,2016,0.0
117946,2016,0.72
118541,2016,0.2972972972972973
118693,2016,0.3333333333333333
118888,2016,0.375
119173,2016,0.5714285714285714
119605,2016,0.5
120184,2016,0.26666666666666666
120254,2016,0.8636363636363636
120403,2016,0.5555555555555556
120537,2016,0.0
120865,2016,0.4
120883,2016,0.55
121150,2016,0.75
121257,2016,1.0
121309,2016,0.5789473684210527
121345,2016,1.0
121691,2016,0.625
122409,2016,0.7102803738317757
122436,2016,0.6857142857142857
122454,2016,0.5
122506,2016,1.0
122597,2016,0.4240506329113924
122612,2016,0.71875
122728,2016,0.6666666666666666
122755,2016,0.42995169082125606
122834,2016,0.0
122931,2016,0.8823529411764706
123165,2016,1.0
123280,2016,0.0
123457,2016,0.5
123554,2016,0.5333333333333333
123572,2016,0.37142857142857144
123651,2016,0.6923076923076923
123961,2016,0.9115646258503401
125727,2016,0.5
125763,2016,0.625
125897,2016,0.2857142857142857
126182,2016,0.21428571428571427
126562,2016,0.5483870967741935
126580,2016,0.30434782608695654
126614,2016,0.4868421052631579
126669,2016,0.2
126678,2016,1.0
126702,2016,0.2
126775,2016,0.5
126818,2016,0.6147540983606558
126827,2016,0.21359223300970873
127060,2016,0.7058823529411765
127185,2016,0.45454545454545453
127556,2016,0.14285714285714285
127565,2016,0.19
127653,2016,1.0
127741,2016,0.4056603773584906
127918,2016,0.6
127945,2016,0.0
128106,2016,0.2978723404255319
128328,2016,0.6301369863013698
128391,2016,0.2
128498,2016,0.5263157894736842
128683,2016,0.4
128744,2016,0.3333333333333333
128771,2016,0.42857142857142855
128902,2016,0.7647058823529411
129020,2016,0.697560975609756
129154,2016,0.09090909090909091
129215,2016,0.39473684210526316
129242,2016,0.6071428571428571
129525,2016,0.464
129774,2016,0.20833333333333334
129941,2016,0.5164835164835165
130183,2016,0.14285714285714285
130226,2016,0.7058823529411765
130253,2016,0.6666666666666666
130314,2016,0.6190476190476191
130493,2016,0.45161290322580644
130590,2016,0.8285714285714286
130624,2016,0.5
130697,2016,0.8867924528301887
130776,2016,0.3333333333333333
130794,2016,0.9560439560439561
130934,2016,0.3652073732718894
130943,2016,0.7264150943396226
130989,2016,0.19047619047619047
131098,2016,0.13877551020408163
131113,2016,0.09090909090909091
131159,2016,0.7864077669902912
131283,2016,0.4230769230769231
131399,2016,0.41025641025641024
131450,2016,0.42424242424242425
131469,2016,0.7643312101910829
131496,2016,0.9196428571428571
131520,2016,0.6321452589105582
131876,2016,0.328042328042328
132338,2016,0.3235294117647059
132408,2016,1.0
132471,2016,0.4666666666666667
132602,2016,0.35990338164251207
132657,2016,0.48717948717948717
132879,2016,0.0
132903,2016,0.6937984496124031
133465,2016,0.125
133492,2016,0.38461538461538464
133526,2016,0.3283582089552239
133553,2016,0.4146341463414634
133650,2016,0.47892518440463644
133669,2016,0.5619266055045872
133711,2016,0.375
133809,2016,0.2222222222222222
133872,2016,0.25
133881,2016,0.4186046511627907
133951,2016,0.4077669902912621
133979,2016,0.3310580204778157
134079,2016,0.4838709677419355
134097,2016,0.7417840375586855
134112,2016,0.3194444444444444
134130,2016,0.8171140939597316
134237,2016,0.15841584158415842
134680,2016,0.18181818181818182
134811,2016,0.23076923076923078
134945,2016,0.3695652173913043
135081,2016,0.43902439024390244
135364,2016,0.0
135726,2016,0.7480916030534351
136172,2016,0.5242718446601942
136215,2016,0.3644067796610169
136330,2016,0.2857142857142857
136774,2016,0.5454545454545454
136950,2016,0.7142857142857143
137032,2016,0.4393939393939394
137272,2016,1.0
137351,2016,0.7365439093484419
137476,2016,0.3898305084745763
137546,2016,0.559322033898305
137564,2016,0.2542372881355932
137847,2016,0.6538461538461539
137953,2016,0.125
137962,2016,0.0
138275,2016,0.3235294117647059
138293,2016,0.2
138309,2016,0.0
138354,2016,0.42857142857142855
138558,2016,0.5
138600,2016,0.6710526315789473
138716,2016,0.33679354094579006
138789,2016,0.32677165354330706
138813,2016,0.46153846153846156
138868,2016,0.14893617021276595
138947,2016,0.39470198675496687
139144,2016,0.4583333333333333
139153,2016,0.025
139199,2016,0.64
139205,2016,0.23529411764705882
139250,2016,0.16666666666666666
139287,2016,0.2857142857142857
139311,2016,0.3125
139366,2016,0.31797235023041476
139393,2016,0.6666666666666666
139463,2016,0.05714285714285714
139579,2016,0.0
139630,2016,0.35294117647058826
139658,2016,0.8350515463917526
139719,2016,0.26108374384236455
139755,2016,0.7228915662650602
139764,2016,0.2
139861,2016,0.6111111111111112
139931,2016,0.47235023041474655
139940,2016,0.5741935483870968
139959,2016,0.8325991189427313
140234,2016,0.2558139534883721
140252,2016,0.0
140340,2016,0.15384615384615385
140447,2016,0.5463917525773195
140553,2016,0.5555555555555556
140696,2016,0.4603174603174603
140720,2016,0.16091954022988506
140818,2016,0.4666666666666667
140872,2016,0.2777777777777778
140951,2016,0.4876847290640394
140960,2016,0.27870370370370373
140988,2016,0.2807017543859649
141060,2016,0.746615087040619
141167,2016,0.21739130434782608
141185,2016,0.3333333333333333
141237,2016,0.18181818181818182
141264,2016,0.3519736842105263
141325,2016,0.3448275862068966
141334,2016,0.41630901287553645
141361,2016,0.2
141486,2016,0.4375
141565,2016,0.5
141574,2016,0.28
141644,2016,0.47368421052631576
142115,2016,0.3333333333333333
142276,2016,0.21428571428571427
142285,2016,0.058823529411764705
142294,2016,0.5
142328,2016,0.5
142461,2016,1.0
142522,2016,0.42857142857142855
142887,2016,0.3333333333333333
143048,2016,0.4
143084,2016,0.6451612903225806
143118,2016,0.21739130434782608
143288,2016,0.1
143358,2016,0.5111111111111111
144005,2016,0.11209439528023599
144050,2016,0.7777777777777778
144281,2016,0.2723112128146453
144351,2016,0.3
144740,2016,0.5632911392405063
144883,2016,0.0703125
144892,2016,0.45918367346938777
144962,2016,0.3870967741935484
144971,2016,0.2
145372,2016,0.13333333333333333
145460,2016,0.5
145600,2016,0.4377358490566038
145619,2016,0.20408163265306123
145637,2016,0.78
145646,2016,0.65
145691,2016,0.5
145725,2016,0.6052631578947368
145770,2016,0.0
145813,2016,0.5238095238095238
146339,2016,0.0
146393,2016,0.14285714285714285
146427,2016,0.625
146481,2016,0.7241379310344828
146612,2016,0.421875
146667,2016,0.0
146676,2016,0.0
146719,2016,0.6122448979591837
146825,2016,0.25806451612903225
147013,2016,0.40476190476190477
147244,2016,0.3625
147341,2016,0.40540540540540543
147369,2016,0.6666666666666666
147536,2016,0.16666666666666666
147660,2016,0.6666666666666666
147679,2016,0.5106382978723404
147703,2016,0.29402756508422667
147767,2016,0.8990825688073395
147776,2016,0.08108108108108109
147828,2016,0.47058823529411764
148016,2016,0.5
148131,2016,0.4166666666666667
148177,2016,0.46153846153846156
148335,2016,0.9629629629629629
148405,2016,0.15384615384615385
148487,2016,0.19767441860465115
148496,2016,0.36666666666666664
148584,2016,0.5333333333333333
148627,2016,0.3577981651376147
148654,2016,0.5882352941176471
149222,2016,0.2526817640047676
149231,2016,0.27310924369747897
149505,2016,0.4
149514,2016,0.21052631578947367
149639,2016,0.0
149772,2016,0.35984095427435386
149781,2016,0.7777777777777778
150066,2016,0.28
150136,2016,0.5418502202643172
150145,2016,0.3888888888888889
150163,2016,0.64
150172,2016,0.0
150400,2016,0.6857142857142857
150455,2016,0.5217391304347826
150534,2016,0.3888888888888889
150604,2016,0.4666666666666667
150668,2016,1.0
150677,2016,0.4166666666666667
150756,2016,0.7222222222222222
150774,2016,0.4444444444444444
150941,2016,0.375
151102,2016,0.10852713178294573
151111,2016,0.3248175182481752
151166,2016,0.16666666666666666
151263,2016,0.24561403508771928
151290,2016,0.26785714285714285
151306,2016,0.22297297297297297
151324,2016,0.2690909090909091
151333,2016,0.125
151342,2016,0.10526315789473684
151351,2016,0.5993150684931506
151360,2016,0.10457516339869281
151379,2016,0.13043478260869565
151388,2016,0.0
151458,2016,0.5
151616,2016,0.4117647058823529
151777,2016,0.15384615384615385
151786,2016,0.29411764705882354
151801,2016,0.3
151810,2016,0.06896551724137931
151944,2016,0.0
152080,2016,0.8615384615384616
152099,2016,0.5
152318,2016,0.8
152336,2016,0.23529411764705882
152381,2016,0.3333333333333333
152390,2016,0.6
152530,2016,0.6
152567,2016,0.11764705882352941
152600,2016,0.43243243243243246
152673,2016,0.7058823529411765
152992,2016,0.21739130434782608
153001,2016,0.0
153108,2016,0.8
153126,2016,0.16666666666666666
153144,2016,0.7777777777777778
153162,2016,0.7272727272727273
153250,2016,0.625
153269,2016,0.5416666666666666
153278,2016,0.2631578947368421
153320,2016,0.0
153366,2016,0.16666666666666666
153375,2016,0.3333333333333333
153384,2016,0.8888888888888888
153603,2016,0.528169014084507
153621,2016,0.14285714285714285
153658,2016,0.5862068965517241
153825,2016,0.6666666666666666
153834,2016,0.8571428571428571
153861,2016,0.75
154004,2016,0.25
154013,2016,0.2
154022,2016,0.042947779404587605
154095,2016,0.56
154101,2016,0.6666666666666666
154174,2016,1.0
154235,2016,0.25
154350,2016,0.4444444444444444
154493,2016,0.28
154518,2016,0.09090909090909091
154527,2016,0.2682926829268293
154590,2016,0.18823529411764706
154688,2016,0.4666666666666667
154712,2016,0.17857142857142858
154721,2016,0.2
154749,2016,0.058823529411764705
154855,2016,0.3157894736842105
155025,2016,0.23076923076923078
155061,2016,0.19230769230769232
155089,2016,0.15789473684210525
155317,2016,0.4678362573099415
155335,2016,0.125
155399,2016,0.3179190751445087
155414,2016,0.15384615384615385
155511,2016,0.16666666666666666
155520,2016,0.3125
155627,2016,0.4782608695652174
155681,2016,0.40350877192982454
155812,2016,0.22727272727272727
155900,2016,0.125
155937,2016,0.5454545454545454
155973,2016,0.3
156082,2016,0.12698412698412698
156125,2016,0.18461538461538463
156213,2016,0.75
156286,2016,0.5714285714285714
156295,2016,0.5733333333333334
156356,2016,0.5
156365,2016,0.10256410256410256
156408,2016,0.7727272727272727
156541,2016,0.14285714285714285
156620,2016,0.26881720430107525
156745,2016,0.48148148148148145
157058,2016,0.21631205673758866
157076,2016,0.15789473684210525
157085,2016,0.48255813953488375
157100,2016,0.15384615384615385
157216,2016,0.2222222222222222
157289,2016,0.4964788732394366
157377,2016,0.3333333333333333
157386,2016,0.3582089552238806
157401,2016,0.2923076923076923
157447,2016,0.2658959537572254
157535,2016,0.14285714285714285
157599,2016,0.25
157748,2016,1.0
157757,2016,0.25
157809,2016,0.2
157818,2016,0.6666666666666666
157863,2016,0.09090909090909091
157951,2016,0.2897196261682243
158477,2016,0.32558139534883723
158802,2016,0.39766081871345027
159009,2016,0.3613569321533923
159382,2016,0.25
159391,2016,0.5659432387312187
159416,2016,0.20634920634920634
159568,2016,0.22807017543859648
159647,2016,0.39826839826839827
159656,2016,0.4861111111111111
159717,2016,0.2845849802371542
159939,2016,0.2643171806167401
159966,2016,0.3103448275862069
159993,2016,0.3407202216066482
160038,2016,0.34576271186440677
160065,2016,0.0
160074,2016,0.11764705882352941
160409,2016,0.0
160612,2016,0.3465346534653465
160621,2016,0.292713567839196
160630,2016,0.21052631578947367
160658,2016,0.3232588699080158
160755,2016,0.7272727272727273
160904,2016,0.44145873320537427
160959,2016,0.0
160977,2016,0.8888888888888888
161004,2016,0.875
161086,2016,0.8666666666666667
161217,2016,0.0
161226,2016,0.2727272727272727
161235,2016,0.0
161244,2016,0.75
161253,2016,0.5925925925925926
161299,2016,0.5
161341,2016,0.5
161457,2016,0.3333333333333333
161509,2016,0.6666666666666666
161518,2016,0.6666666666666666
161554,2016,0.3
161563,2016,0.3684210526315789
161572,2016,0.25
161873,2016,0.25287356321839083
162007,2016,0.3915547024952015
162061,2016,0.41379310344827586
162210,2016,0.37254901960784315
162283,2016,0.23308270676691728
162584,2016,0.4618320610687023
162654,2016,0.42857142857142855
162760,2016,0.5
162928,2016,0.8939393939393939
163046,2016,0.7659574468085106
163204,2016,0.07228915662650602
163268,2016,0.6235955056179775
163286,2016,0.7950963222416813
163295,2016,0.6428571428571429
163338,2016,0.39070567986230637
163453,2016,0.37175493250259606
163462,2016,0.4074074074074074
163578,2016,0.36
163851,2016,0.6483516483516484
163912,2016,0.5476190476190477
163976,2016,0.0
164076,2016,0.7439446366782007
164155,2016,0.8222222222222222
164173,2016,0.47101449275362317
164216,2016,0.5333333333333333
164270,2016,0.6875
164438,2016,1.0
164447,2016,0.36585365853658536
164465,2016,0.9464285714285714
164492,2016,0.11538461538461539
164562,2016,0.5
164580,2016,0.8260869565217391
164632,2016,0.5
164641,2016,0.0
164720,2016,0.22916666666666666
164739,2016,0.8181818181818182
164748,2016,0.4393939393939394
164872,2016,0.0
164924,2016,0.8705882352941177
164988,2016,0.8068181818181818
165015,2016,0.875
165024,2016,0.4247787610619469
165167,2016,0.0
165334,2016,0.8095238095238095
165529,2016,0.30303030303030304
165574,2016,0.25
165644,2016,0.30434782608695654
165662,2016,0.7586206896551724
165671,2016,0.5454545454545454
165699,2016,0.8333333333333334
165802,2016,0.6666666666666666
165820,2016,0.5263157894736842
165866,2016,0.5576923076923077
165936,2016,0.5625
166018,2016,0.5714285714285714
166027,2016,0.9661016949152542
166124,2016,0.918918918918919
166391,2016,0.4827586206896552
166452,2016,0.3076923076923077
166513,2016,0.5333333333333333
166629,2016,0.7122302158273381
166638,2016,0.4430379746835443
166656,2016,0.4166666666666667
166674,2016,0.42857142857142855
166683,2016,0.85
166692,2016,0.5
166850,2016,0.5
166911,2016,0.8
166939,2016,0.7804878048780488
166948,2016,0.1917808219178082
167057,2016,1.0
167251,2016,0.36
167260,2016,0.1956521739130435
167288,2016,0.5
167358,2016,0.7864077669902912
167394,2016,0.35
167455,2016,0.375
167598,2016,0.6274509803921569
167729,2016,0.5294117647058824
167783,2016,0.5454545454545454
167835,2016,0.8076923076923077
167899,2016,0.5
167987,2016,0.4556213017751479
167996,2016,0.5555555555555556
168005,2016,0.5294117647058824
168148,2016,0.8863636363636364
168218,2016,0.9032258064516129
168227,2016,0.5777777777777777
168254,2016,0.5
168263,2016,0.48148148148148145
168281,2016,0.6521739130434783
168290,2016,0.7407407407407407
168342,2016,0.9090909090909091
168421,2016,0.76
168430,2016,0.5833333333333334
168528,2016,0.4067796610169492
168546,2016,0.375
168591,2016,0.5714285714285714
168740,2016,0.5
168786,2016,0.3076923076923077
168847,2016,0.05660377358490566
169080,2016,0.5925925925925926
169248,2016,0.38188976377952755
169363,2016,0.21052631578947367
169442,2016,0.3076923076923077
169479,2016,0.19047619047619047
169716,2016,0.29508196721311475
169798,2016,0.2190923317683881
169910,2016,0.23809523809523808
169983,2016,0.5333333333333333
170000,2016,1.0
170037,2016,0.16666666666666666
170082,2016,0.5038167938931297
170091,2016,0.06666666666666667
170301,2016,0.75
170532,2016,0.8888888888888888
170639,2016,0.36363636363636365
170675,2016,0.17647058823529413
170806,2016,0.7
170842,2016,0.3018867924528302
170967,2016,0.125
170976,2016,0.8424908424908425
171100,2016,0.653211009174312
171128,2016,0.375
171137,2016,0.49019607843137253
171146,2016,0.3389830508474576
171456,2016,0.1951219512195122
171492,2016,0.3541666666666667
171571,2016,0.2078853046594982
171599,2016,0.7
171881,2016,1.0
172051,2016,0.15384615384615385
172264,2016,0.3684210526315789
172334,2016,0.3103448275862069
172440,2016,0.14285714285714285
172644,2016,0.19875776397515527
172699,2016,0.3172268907563025
173045,2016,0.5365853658536586
173124,2016,0.4
173142,2016,0.0
173160,2016,0.5714285714285714
173258,2016,1.0
173300,2016,0.4
173328,2016,0.40476190476190477
173647,2016,0.7368421052631579
173665,2016,0.5121951219512195
173902,2016,0.9166666666666666
173920,2016,0.1901840490797546
174020,2016,0.09090909090909091
174066,2016,0.7161290322580646
174075,2016,0.5
174127,2016,0.5
174154,2016,1.0
174233,2016,0.5
174251,2016,0.4
174358,2016,0.3888888888888889
174385,2016,0.3333333333333333
174437,2016,0.07692307692307693
174491,2016,0.38461538461538464
174747,2016,0.7
174783,2016,0.1958762886597938
174792,2016,0.5
174817,2016,0.2222222222222222
174844,2016,0.7692307692307693
174899,2016,0.4444444444444444
174914,2016,0.6666666666666666
175005,2016,0.5428571428571428
175014,2016,0.5
175078,2016,0.05555555555555555
175272,2016,0.23809523809523808
175342,2016,0.3262987012987013
175421,2016,0.3148148148148148
175430,2016,0.3333333333333333
175616,2016,0.211864406779661
175856,2016,0.33003300330033003
175980,2016,0.5357142857142857
176017,2016,0.4244604316546763
176035,2016,0.3953488372093023
176044,2016,0.3373015873015873
176053,2016,0.3411764705882353
176080,2016,0.38461538461538464
176318,2016,0.3788546255506608
176372,2016,0.315702479338843
176406,2016,0.505
176479,2016,0.6956521739130435
176628,2016,0.15625
176664,2016,0.0
176789,2016,0.0
176947,2016,0.07692307692307693
176965,2016,0.3681592039800995
177065,2016,0.1437908496732026
177144,2016,0.2608695652173913
177214,2016,0.6470588235294118
177339,2016,0.25
177418,2016,0.3
177542,2016,0.09090909090909091
177551,2016,0.05785123966942149
177746,2016,0.7272727272727273
177940,2016,0.1005586592178771
177968,2016,0.23333333333333334
178059,2016,0.5294117647058824
178208,2016,1.0
178244,2016,0.2
178341,2016,0.38636363636363635
178369,2016,0.189873417721519
178387,2016,0.10588235294117647
178396,2016,0.5133079847908745
178402,2016,0.2833333333333333
178411,2016,0.4883720930232558
178420,2016,0.4631578947368421
178615,2016,0.7407407407407407
178624,2016,0.256198347107438
178679,2016,0.3333333333333333
178697,2016,0.0
178721,2016,0.14285714285714285
178891,2016,0.0
179043,2016,0.4090909090909091
179159,2016,0.5813953488372093
179265,2016,0.5833333333333334
179326,2016,0.14285714285714285
179548,2016,0.375
179557,2016,0.4175824175824176
179566,2016,0.45185185185185184
179867,2016,0.9135802469135802
179894,2016,0.5
179946,2016,0.6666666666666666
179955,2016,0.6666666666666666
179964,2016,1.0
180106,2016,1.0
180179,2016,0.0
180258,2016,1.0
180416,2016,0.2
180461,2016,0.3076923076923077
180489,2016,0.42857142857142855
180522,2016,0.0
180595,2016,0.0
180948,2016,0.47058823529411764
180984,2016,0.2727272727272727
181002,2016,0.8
181020,2016,0.6666666666666666
181093,2016,0.2
181127,2016,0.26666666666666666
181215,2016,0.07692307692307693
181330,2016,0.4166666666666667
181376,2016,0.14285714285714285
181394,2016,0.3902439024390244
181446,2016,0.25
181464,2016,0.5151515151515151
181534,2016,0.09090909090909091
181604,2016,0.14285714285714285
181738,2016,0.25
181783,2016,0.16666666666666666
181853,2016,0.29411764705882354
182111,2016,0.6666666666666666
182281,2016,0.24651162790697675
182290,2016,0.421875
182458,2016,0.0
182634,2016,0.7777777777777778
182670,2016,0.9166666666666666
182795,2016,0.6
182917,2016,0.0
182980,2016,0.16666666666666666
183026,2016,0.42857142857142855
183044,2016,0.6944444444444444
183062,2016,0.3333333333333333
183080,2016,0.42857142857142855
183211,2016,0.5
183239,2016,0.3333333333333333
183789,2016,0.22807017543859648
183822,2016,0.3058252427184466
183910,2016,0.41025641025641024
183974,2016,0.4358974358974359
184348,2016,0.4642857142857143
184603,2016,0.3904761904761905
184612,2016,0.3333333333333333
184694,2016,0.45555555555555555
184773,2016,0.328125
184782,2016,0.5436893203883495
185129,2016,0.23308270676691728
185262,2016,0.4212121212121212
185572,2016,0.5909090909090909
185590,2016,0.6261682242990654
185828,2016,0.4146341463414634
186131,2016,0.9375
186201,2016,0.5909090909090909
186283,2016,0.4563106796116505
186371,2016,0.45569620253164556
186380,2016,0.7363636363636363
186399,2016,0.6583333333333333
186432,2016,0.5043478260869565
186584,2016,0.5390070921985816
186618,2016,0.4659090909090909
186867,2016,1.0
186876,2016,0.6122448979591837
187134,2016,0.7538461538461538
187444,2016,0.4377880184331797
187648,2016,0.18421052631578946
187897,2016,0.1111111111111111
187967,2016,0.3333333333333333
187985,2016,0.36904761904761907
188030,2016,0.34285714285714286
188146,2016,0.5
188182,2016,0.0
188304,2016,0.0
188340,2016,0.3333333333333333
188429,2016,0.5280898876404494
188526,2016,0.0
188641,2016,0.3620689655172414
188854,2016,0.53125
189088,2016,0.7647058823529411
189097,2016,0.918918918918919
189228,2016,0.26406926406926406
189413,2016,0.625
189459,2016,0.0
189705,2016,0.625
189848,2016,0.391304347826087
190044,2016,0.6296296296296297
190099,2016,0.9117647058823529
190114,2016,0.16666666666666666
190150,2016,0.9174311926605505
190248,2016,0.56
190372,2016,0.7222222222222222
190415,2016,0.9038461538461539
190512,2016,0.6233766233766234
190549,2016,0.46540880503144655
190558,2016,0.21951219512195122
190567,2016,0.4577777777777778
190594,2016,0.532258064516129
190600,2016,0.45263157894736844
190637,2016,0.46621621621621623
190646,2016,0.22972972972972974
190655,2016,0.21875
190664,2016,0.48148148148148145
190691,2016,0.29775280898876405
190716,2016,0.3793103448275862
190725,2016,0.5111111111111111
190761,2016,0.352112676056338
190983,2016,0.5
191205,2016,0.3275862068965517
191241,2016,0.625
191515,2016,0.9333333333333333
191533,2016,0.3548387096774194
191621,2016,0.3170731707317073
191630,2016,0.7428571428571429
191649,2016,0.5238095238095238
191676,2016,0.5714285714285714
191931,2016,0.5483870967741935
191968,2016,0.775
192110,2016,1.0
192192,2016,0.3333333333333333
192271,2016,0.35384615384615387
192323,2016,0.7222222222222222
192439,2016,0.2661290322580645
192448,2016,0.25833333333333336
192703,2016,0.6206896551724138
192712,2016,0.6
192749,2016,0.45
192819,2016,0.6666666666666666
192864,2016,0.2727272727272727
192925,2016,0.22580645161290322
193016,2016,0.40406976744186046
193292,2016,0.5
193308,2016,0.7904191616766467
193353,2016,0.2
193399,2016,0.5
193584,2016,0.45
193645,2016,0.3344594594594595
193654,2016,0.6428571428571429
193900,2016,0.7611111111111111
193973,2016,0.4
194091,2016,0.25862068965517243
194161,2016,0.39344262295081966
194310,2016,0.41361256544502617
194392,2016,0.5
194578,2016,0.65
194824,2016,0.6785714285714286
194958,2016,0.38095238095238093
195003,2016,0.5806451612903226
195030,2016,0.8043478260869565
195128,2016,0.417910447761194
195164,2016,0.6666666666666666
195173,2016,0.3924050632911392
195216,2016,0.8125
195234,2016,0.5
195243,2016,0.44
195304,2016,0.6666666666666666
195474,2016,0.6666666666666666
195526,2016,0.8235294117647058
195544,2016,0.6451612903225806
195562,2016,0.46153846153846156
195720,2016,0.6428571428571429
195809,2016,0.5049180327868853
196006,2016,0.3333333333333333
196015,2016,0.0
196024,2016,0.5
196033,2016,0.4
196042,2016,0.39473684210526316
196051,2016,0.35
196060,2016,0.7418300653594772
196079,2016,0.768595041322314
196088,2016,0.5833333333333334
196097,2016,0.6865671641791045
196103,2016,0.5
196112,2016,0.6666666666666666
196121,2016,0.5416666666666666
196130,2016,0.43686006825938567
196149,2016,0.6136363636363636
196158,2016,0.5454545454545454
196167,2016,0.6060606060606061
196176,2016,0.7012987012987013
196185,2016,0.7666666666666667
196194,2016,0.6835443037974683
196200,2016,0.43859649122807015
196219,2016,0.76
196237,2016,0.4939759036144578
196246,2016,0.6049382716049383
196264,2016,0.125
196291,2016,0.6
196413,2016,0.8197278911564626
196592,2016,0.0
196866,2016,0.6666666666666666
197027,2016,0.8
197036,2016,0.7962962962962963
197045,2016,0.3728813559322034
197133,2016,0.8947368421052632
197142,2016,0.125
197151,2016,0.5925925925925926
197197,2016,0.5405405405405406
197230,2016,0.43478260869565216
197285,2016,0.5185185185185185
197832,2016,0.2962962962962963
197869,2016,0.6901408450704225
197911,2016,0.4230769230769231
197984,2016,0.09090909090909091
197993,2016,0.3581081081081081
198066,2016,0.08333333333333333
198136,2016,0.373015873015873
198215,2016,0.2545454545454545
198303,2016,0.22608695652173913
198385,2016,0.7857142857142857
198419,2016,0.9034090909090909
198464,2016,0.6034782608695652
198507,2016,0.3888888888888889
198516,2016,0.8404255319148937
198543,2016,0.33714285714285713
198561,2016,0.3263157894736842
198598,2016,0.1111111111111111
198613,2016,0.5
198677,2016,0.0
198695,2016,0.5833333333333334
198747,2016,0.0
198756,2016,0.42995169082125606
198808,2016,0.2857142857142857
198835,2016,0.37662337662337664
198862,2016,0.26498422712933756
198899,2016,0.16
198950,2016,0.6190476190476191
198969,2016,0.1532258064516129
199032,2016,0.0
199069,2016,0.3880597014925373
199102,2016,0.4356607039815349
199111,2016,0.5652173913043478
199120,2016,0.8670360110803325
199139,2016,0.5773420479302832
199148,2016,0.5397350993377483
199157,2016,0.4488330341113106
199184,2016,0.5714285714285714
199193,2016,0.7205882352941176
199209,2016,0.3048780487804878
199218,2016,0.7525773195876289
199272,2016,0.5
199281,2016,0.4659090909090909
199306,2016,0.2631578947368421
199412,2016,0.45614035087719296
199458,2016,0.0
199582,2016,0.2984409799554566
199607,2016,0.6333333333333333
199643,2016,0.18114143920595532
199698,2016,0.11764705882352941
199759,2016,0.5
199847,2016,0.7710843373493976
199865,2016,0.5
199962,2016,0.4307692307692308
199971,2016,0.6666666666666666
199999,2016,0.4943342776203966
200004,2016,0.5119047619047619
200059,2016,0.2
200156,2016,0.4
200217,2016,0.3333333333333333
200226,2016,0.2222222222222222
200253,2016,0.375
200280,2016,0.22727272727272727
200332,2016,0.3181818181818182
200484,2016,0.25
200554,2016,1.0
200572,2016,0.0
200624,2016,0.0
200800,2016,0.23529411764705882
201061,2016,0.75
201104,2016,0.3541666666666667
201195,2016,0.5964912280701754
201371,2016,0.1724137931034483
201441,2016,0.36996336996337
201548,2016,0.5471698113207547
201645,2016,0.6451612903225806
201654,2016,0.6
201690,2016,0.20029239766081872
201858,2016,0.6666666666666666
201885,2016,0.583710407239819
201964,2016,0.5555555555555556
202046,2016,0.52
202134,2016,0.22180451127819548
202170,2016,0.3
202480,2016,0.7068965517241379
202514,2016,0.1694915254237288
202523,2016,0.8918918918918919
202763,2016,0.29411764705882354
202806,2016,0.045454545454545456
202903,2016,0.0
203085,2016,0.2
203128,2016,0.43137254901960786
203368,2016,0.7407407407407407
203447,2016,0.0
203456,2016,0.3333333333333333
203465,2016,0.21621621621621623
203474,2016,0.09375
203492,2016,0.3333333333333333
203517,2016,0.4449438202247191
203526,2016,0.1
203535,2016,1.0
203544,2016,0.5
203580,2016,0.3181818181818182
203757,2016,0.17647058823529413
203775,2016,0.2
203845,2016,0.16
204006,2016,0.14925373134328357
204015,2016,0.02631578947368421
204024,2016,0.6515151515151515
204176,2016,0.3333333333333333
204185,2016,0.44680851063829785
204194,2016,0.375
204200,2016,0.23529411764705882
204264,2016,0.22580645161290322
204468,2016,0.2375
204501,2016,0.8108108108108109
204617,2016,0.417910447761194
204635,2016,0.37037037037037035
204671,2016,0.17647058823529413
204680,2016,0.2571428571428571
204699,2016,0.3076923076923077
204705,2016,0.2
204796,2016,0.7335092348284961
204802,2016,0.0
204820,2016,0.0
204839,2016,0.0
204848,2016,0.13333333333333333
204857,2016,0.5406976744186046
204866,2016,0.0
204909,2016,0.56
204936,2016,0.425531914893617
205203,2016,0.46153846153846156
205443,2016,0.14285714285714285
205957,2016,1.0
206048,2016,0.34375
206084,2016,0.14499424626006904
206154,2016,1.0
206330,2016,0.125
206349,2016,0.4444444444444444
206437,2016,0.30434782608695654
206491,2016,0.25688073394495414
206507,2016,0.25806451612903225
206525,2016,0.4117647058823529
206589,2016,0.6792452830188679
206604,2016,0.14576271186440679
206613,2016,0.0
206622,2016,0.5
206695,2016,0.11455847255369929
206817,2016,0.2
206835,2016,0.4166666666666667
206862,2016,0.1
206914,2016,0.15625
206941,2016,0.22857142857142856
207041,2016,0.14285714285714285
207157,2016,0.0
207209,2016,0.1897810218978102
207263,2016,0.2857142857142857
207306,2016,0.19230769230769232
207324,2016,0.525
207351,2016,0.25
207388,2016,0.335
207403,2016,0.18518518518518517
207458,2016,0.7272727272727273
207500,2016,0.5885714285714285
207564,2016,0.125
207582,2016,0.5555555555555556
207661,2016,0.09090909090909091
207722,2016,0.2
207847,2016,0.12
207856,2016,0.15
207865,2016,0.3076923076923077
207971,2016,0.625
208488,2016,0.4444444444444444
208646,2016,0.1111111111111111
208725,2016,0.0
208822,2016,0.7142857142857143
209056,2016,0.8181818181818182
209065,2016,0.6666666666666666
209542,2016,0.48717948717948717
209551,2016,0.6043956043956044
209603,2016,0.5
209612,2016,0.0
209807,2016,0.5217391304347826
209825,2016,1.0
209922,2016,1.0
210146,2016,0.14285714285714285
210304,2016,0.5555555555555556
210331,2016,0.4
210401,2016,0.6
210429,2016,0.3125
210492,2016,0.3333333333333333
210571,2016,0.3626373626373626
210669,2016,0.6785714285714286
210739,2016,0.8
210775,2016,0.3076923076923077
210942,2016,0.21428571428571427
210960,2016,0.46153846153846156
211024,2016,0.75
211088,2016,0.5151515151515151
211158,2016,0.3558282208588957
211273,2016,0.9375
211291,2016,0.9166666666666666
211352,2016,0.45454545454545453
211361,2016,0.4375
211431,2016,0.4358974358974359
211440,2016,0.8444444444444444
211468,2016,0.5555555555555556
211477,2016,0.3548387096774194
211556,2016,0.6875
211583,2016,0.16666666666666666
211608,2016,0.23497267759562843
211644,2016,0.29069767441860467
211981,2016,0.5
212009,2016,0.8095238095238095
212054,2016,0.5211267605633803
212106,2016,0.6226415094339622
212115,2016,0.3684210526315789
212133,2016,0.58
212160,2016,0.2987012987012987
212197,2016,0.42857142857142855
212577,2016,0.8
212601,2016,0.425
212656,2016,0.2
212674,2016,0.6666666666666666
212805,2016,1.0
212832,2016,0.6
212911,2016,0.8823529411764706
212984,2016,0.10526315789473684
213011,2016,0.4827586206896552
213020,2016,0.43137254901960786
213251,2016,0.8
213303,2016,0.13636363636363635
213321,2016,0.4583333333333333
213349,2016,0.3020833333333333
213358,2016,0.23684210526315788
213367,2016,0.5
213385,2016,0.8846153846153846
213400,2016,0.42857142857142855
213507,2016,0.23076923076923078
213543,2016,0.8444444444444444
213598,2016,0.42386831275720166
213613,2016,0.46511627906976744
213668,2016,0.32
213783,2016,0.6
213826,2016,1.0
213987,2016,0.4642857142857143
213996,2016,0.6
214041,2016,0.47058823529411764
214069,2016,1.0
214148,2016,0.38461538461538464
214157,2016,0.17647058823529413
214166,2016,0.0
214175,2016,0.7619047619047619
214272,2016,0.3858267716535433
214591,2016,0.38461538461538464
214625,2016,0.4
214634,2016,0.2857142857142857
214643,2016,0.6
214652,2016,0.16666666666666666
214670,2016,0.35714285714285715
214689,2016,0.48120300751879697
214698,2016,0.2903225806451613
214704,2016,0.4166666666666667
214713,2016,0.4411764705882353
214731,2016,0.3333333333333333
214740,2016,0.4
214759,2016,0.16666666666666666
214768,2016,0.5362318840579711
214777,2016,0.6519174041297935
214786,2016,0.2911392405063291
214795,2016,0.38333333333333336
214801,2016,0.391304347826087
214810,2016,0.34328358208955223
214829,2016,0.4090909090909091
214971,2016,1.0
215053,2016,0.3333333333333333
215062,2016,0.9277777777777778
215099,2016,0.42424242424242425
215105,2016,0.6111111111111112
215114,2016,0.3076923076923077
215132,2016,0.6774193548387096
215266,2016,0.29411764705882354
215275,2016,0.19047619047619047
215284,2016,0.375
215293,2016,0.6515151515151515
215442,2016,0.38461538461538464
215637,2016,0.8
215655,2016,0.3384615384615385
215691,2016,0.5806451612903226
215743,2016,0.36538461538461536
215770,2016,0.5555555555555556
215798,2016,0.38461538461538464
215929,2016,0.5
215947,2016,0.38636363636363635
216010,2016,0.42857142857142855
216038,2016,0.5
216278,2016,0.5517241379310345
216287,2016,0.84
216339,2016,0.6621004566210046
216357,2016,0.32558139534883723
216524,2016,0.6944444444444444
216542,2016,0.06666666666666667
216597,2016,0.8450704225352113
216667,2016,0.5833333333333334
216694,2016,0.43478260869565216
216764,2016,0.5595854922279793
216807,2016,0.14285714285714285
216852,2016,0.3916083916083916
216931,2016,0.47368421052631576
217013,2016,0.0
217059,2016,0.4411764705882353
217156,2016,0.9387755102040817
217165,2016,0.6578947368421053
217235,2016,0.5604838709677419
217402,2016,0.7948717948717948
217420,2016,0.2727272727272727
217484,2016,0.6492537313432836
217493,2016,0.8
217518,2016,0.3
217536,2016,0.6428571428571429
217606,2016,0.0
217624,2016,0.23595505617977527
217633,2016,0.48148148148148145
217688,2016,0.26903553299492383
217721,2016,0.26375908618899274
217749,2016,0.5833333333333334
217776,2016,0.3181818181818182
217819,2016,0.6616541353383458
217864,2016,0.5416666666666666
217873,2016,0.5208333333333334
217882,2016,0.6363636363636364
217907,2016,0.45
217925,2016,0.2
217934,2016,0.5512820512820513
217961,2016,0.625
217998,2016,0.3333333333333333
218061,2016,0.37084398976982097
218070,2016,0.6875
218229,2016,0.3287037037037037
218238,2016,0.2413793103448276
218399,2016,0.20955882352941177
218414,2016,0.38596491228070173
218441,2016,0.3111111111111111
218539,2016,0.5675675675675675
218645,2016,0.3258426966292135
218654,2016,0.21782178217821782
218663,2016,0.7357357357357357
218724,2016,0.42280285035629456
218733,2016,0.3613550815558344
218742,2016,0.43089430894308944
218919,2016,0.2962962962962963
218964,2016,0.6285714285714286
218973,2016,0.84375
219000,2016,0.5
219046,2016,0.4
219082,2016,0.3333333333333333
219091,2016,0.16666666666666666
219198,2016,0.0
219204,2016,0.0
219213,2016,0.0
219259,2016,0.6
219295,2016,0.07142857142857142
219347,2016,0.4
219356,2016,0.2727272727272727
219383,2016,0.4
219471,2016,0.0
219505,2016,0.18181818181818182
219602,2016,0.30434782608695654
219639,2016,0.75
219709,2016,0.5869565217391305
219718,2016,0.17557251908396945
219790,2016,0.0
219806,2016,0.18
219833,2016,0.3333333333333333
219949,2016,0.5
219976,2016,0.34328358208955223
220075,2016,0.2606060606060606
220181,2016,0.5392156862745098
220206,2016,0.0
220215,2016,0.34615384615384615
220312,2016,0.1
220473,2016,0.3333333333333333
220516,2016,0.375
220552,2016,0.2222222222222222
220598,2016,0.21202003338898165
220604,2016,0.1270718232044199
220613,2016,0.3018867924528302
220631,2016,0.38461538461538464
220701,2016,0.11428571428571428
220710,2016,0.7222222222222222
220808,2016,0.5263157894736842
220862,2016,0.2918287937743191
220978,2016,0.3790123456790123
221254,2016,0.0
221351,2016,0.7027027027027027
221519,2016,0.75
221661,2016,0.43373493975903615
221731,2016,0.4166666666666667
221740,2016,0.35294117647058826
221759,2016,0.5849056603773585
221768,2016,0.49748743718592964
221838,2016,0.29411764705882354
221847,2016,0.34065934065934067
221892,2016,0.3181818181818182
221953,2016,0.16129032258064516
221971,2016,0.37037037037037035
221999,2016,0.8828125
222178,2016,0.40625
222831,2016,0.24812030075187969
222877,2016,0.1111111111111111
222938,2016,0.30434782608695654
222983,2016,0.7368421052631579
223117,2016,1.0
223232,2016,0.6666666666666666
224004,2016,0.2727272727272727
224147,2016,0.4142857142857143
224226,2016,0.35
224244,2016,0.0
224323,2016,0.4
224527,2016,0.20270270270270271
224545,2016,0.11904761904761904
224554,2016,0.32432432432432434
224776,2016,0.18518518518518517
225201,2016,0.6
225247,2016,0.21428571428571427
225399,2016,0.31313131313131315
225432,2016,0.16748768472906403
225502,2016,0.15
225511,2016,0.4587737843551797
225548,2016,0.14705882352941177
225575,2016,0.2153846153846154
225627,2016,0.40816326530612246
225885,2016,0.225
226091,2016,0.19806094182825484
226152,2016,0.0
226231,2016,0.36363636363636365
226383,2016,0.17391304347826086
226471,2016,0.2247191011235955
226587,2016,0.2
226833,2016,0.24615384615384617
226879,2016,1.0
227216,2016,0.47810858143607704
227331,2016,0.38461538461538464
227368,2016,0.4
227429,2016,0.19047619047619047
227526,2016,0.3445544554455445
227757,2016,0.8840579710144928
227845,2016,0.5806451612903226
227863,2016,0.2
227881,2016,0.43358395989974935
228042,2016,0.42857142857142855
228149,2016,0.6666666666666666
228246,2016,0.7397260273972602
228325,2016,0.15151515151515152
228343,2016,0.8461538461538461
228431,2016,0.36233766233766235
228459,2016,0.44931506849315067
228468,2016,0.2777777777777778
228486,2016,1.0
228501,2016,0.12195121951219512
228529,2016,0.38028169014084506
228705,2016,0.29523809523809524
228723,2016,0.6807017543859649
228769,2016,0.4594594594594595
228778,2016,0.707936507936508
228787,2016,0.5606060606060606
228796,2016,0.27848101265822783
228802,2016,0.2608695652173913
228875,2016,0.65625
228884,2016,0.12637362637362637
228981,2016,0.29545454545454547
229018,2016,0.3684210526315789
229027,2016,0.3795066413662239
229063,2016,0.21300448430493274
229115,2016,0.576271186440678
229160,2016,0.07692307692307693
229179,2016,0.2870662460567823
229267,2016,0.631578947368421
229780,2016,0.14893617021276595
229814,2016,0.30851063829787234
229887,2016,0.19066147859922178
230038,2016,0.625
230047,2016,0.3333333333333333
230171,2016,0.17857142857142858
230603,2016,0.5789473684210527
230621,2016,0.0
230728,2016,0.43478260869565216
230737,2016,0.14285714285714285
230764,2016,0.39285714285714285
230782,2016,0.1794871794871795
230807,2016,0.5
230816,2016,1.0
230834,2016,0.2
230852,2016,0.16666666666666666
230898,2016,0.1111111111111111
230913,2016,0.16666666666666666
230931,2016,0.3333333333333333
230959,2016,1.0
230977,2016,0.0
230995,2016,0.16666666666666666
231059,2016,0.7
231077,2016,0.5
231086,2016,0.6923076923076923
231095,2016,0.0
231165,2016,0.0
231174,2016,0.5909090909090909
231420,2016,0.30357142857142855
231554,2016,0.057692307692307696
231581,2016,0.6382978723404256
231624,2016,0.8350515463917526
231651,2016,0.5238095238095238
231712,2016,0.6947368421052632
231785,2016,1.0
231828,2016,1.0
231837,2016,0.125
232025,2016,0.5517241379310345
232043,2016,0.4666666666666667
232089,2016,0.24669603524229075
232186,2016,0.7153846153846154
232256,2016,0.6296296296296297
232265,2016,0.5600882028665931
232308,2016,0.5882352941176471
232423,2016,0.697986577181208
232557,2016,0.1907514450867052
232566,2016,0.7313432835820896
232609,2016,0.5238095238095238
232672,2016,0.4489795918367347
232681,2016,0.6976744186046512
232706,2016,0.39080459770114945
232937,2016,0.43454038997214484
232982,2016,0.5
233277,2016,0.5157894736842106
233295,2016,0.5573770491803278
233301,2016,0.5833333333333334
233374,2016,0.8113207547169812
233426,2016,0.6086956521739131
233541,2016,0.6285714285714286
233611,2016,0.18181818181818182
233718,2016,0.2857142857142857
233897,2016,0.3488372093023256
233921,2016,0.7087378640776699
234030,2016,0.5982905982905983
234076,2016,0.9170506912442397
234085,2016,0.4482758620689655
234137,2016,0.10714285714285714
234155,2016,0.4311152764761012
234164,2016,0.2660098522167488
234173,2016,0.47368421052631576
234207,2016,0.9230769230769231
234492,2016,0.0
234827,2016,0.2702702702702703
235024,2016,0.7142857142857143
235097,2016,0.21818181818181817
235167,2016,0.4090909090909091
235316,2016,1.0
236133,2016,0.14285714285714285
236230,2016,0.5
236328,2016,0.6666666666666666
236452,2016,0.25
236577,2016,0.6086956521739131
236595,2016,0.47619047619047616
236896,2016,0.2857142857142857
236939,2016,0.5310344827586206
236948,2016,0.7008547008547008
237011,2016,0.6206896551724138
237057,2016,0.6666666666666666
237066,2016,0.5
237118,2016,0.4444444444444444
237181,2016,0.2727272727272727
237215,2016,0.11764705882352941
237312,2016,0.2894736842105263
237330,2016,0.22916666666666666
237358,2016,0.21428571428571427
237367,2016,0.20689655172413793
237385,2016,0.125
237525,2016,0.45454545454545453
237640,2016,0.07692307692307693
237686,2016,0.5
237783,2016,0.175
237792,2016,0.19718309859154928
237899,2016,0.11538461538461539
237932,2016,0.30434782608695654
237950,2016,0.18518518518518517
237969,2016,0.2222222222222222
238032,2016,0.4703196347031963
238078,2016,0.25
238193,2016,0.3829787234042553
238333,2016,0.8888888888888888
238430,2016,0.07142857142857142
238458,2016,0.42857142857142855
238476,2016,0.5172413793103449
238616,2016,0.6111111111111112
238661,2016,0.5
238980,2016,0.23809523809523808
239017,2016,0.5833333333333334
239071,2016,1.0
239080,2016,0.2727272727272727
239105,2016,0.7346938775510204
239309,2016,0.4444444444444444
239318,2016,0.5384615384615384
239390,2016,0.34375
239512,2016,0.0
239628,2016,0.25
239716,2016,0.625
239743,2016,0.0
240107,2016,0.5555555555555556
240189,2016,0.3786407766990291
240268,2016,0.3157894736842105
240277,2016,0.375
240329,2016,0.42857142857142855
240338,2016,0.23076923076923078
240365,2016,0.2647058823529412
240374,2016,0.24324324324324326
240392,2016,0.1111111111111111
240417,2016,0.3684210526315789
240426,2016,0.5
240444,2016,0.7666666666666667
240453,2016,0.1607717041800643
240462,2016,0.13513513513513514
240471,2016,0.20833333333333334
240480,2016,0.5217391304347826
240727,2016,0.46153846153846156
240754,2016,0.0
241191,2016,0.0
242653,2016,1.0
243179,2016,0.0
243188,2016,0.0
243221,2016,1.0
243665,2016,0.22813688212927757
243744,2016,0.9224137931034483
243780,2016,0.6553191489361702
245652,2016,0.0
245953,2016,0.75
247065,2016,0.0
248934,2016,0.3246753246753247
251312,2016,0.16
260901,2016,0.0
260947,2016,1.0
262129,2016,0.5
363934,2016,0.08333333333333333
366003,2016,0.6
366252,2016,0.2
366553,2016,0.0
366711,2016,0.4857142857142857
367884,2016,0.14285714285714285
367936,2016,0.3333333333333333
368443,2016,0.5
368452,2016,0.4
372073,2016,0.0
377555,2016,0.4444444444444444
377564,2016,0.5
384254,2016,0.7142857142857143
384412,2016,0.16666666666666666
385619,2016,0.504950495049505
388520,2016,0.0
392840,2016,0.6
398130,2016,0.5
399869,2016,0.23076923076923078
399911,2016,0.8888888888888888
402776,2016,1.0
404338,2016,0.3333333333333333
405997,2016,0.16666666666666666
407009,2016,0.35294117647058826
408039,2016,0.16666666666666666
408844,2016,0.0
409698,2016,0.527027027027027
410502,2016,0.125
414823,2016,0.5117647058823529
417752,2016,0.0
420042,2016,0.0
420307,2016,0.0
420316,2016,0.0
420574,2016,0.23529411764705882
421832,2016,0.3548387096774194
426314,2016,0.22857142857142856
428268,2016,1.0
428286,2016,0.09090909090909091
428444,2016,0.6666666666666666
430184,2016,0.4
430810,2016,0.0
432223,2016,0.1875
432241,2016,0.3333333333333333
433387,2016,0.25
433536,2016,0.0
433660,2016,0.44966442953020136
434973,2016,0.22857142857142856
436094,2016,0.0
436429,2016,0.5882352941176471
436438,2016,0.0
436483,2016,1.0
436818,2016,0.42105263157894735
436827,2016,0.5714285714285714
436836,2016,0.5897435897435898
437097,2016,0.0
438151,2016,0.13157894736842105
438586,2016,0.225
439288,2016,0.3684210526315789
439297,2016,0.18461538461538463
439613,2016,0.3333333333333333
440341,2016,0.36363636363636365
440420,2016,0.6
440457,2016,0.02666666666666667
441511,2016,0.9553571428571429
441900,2016,0.08
441937,2016,0.6956521739130435
441982,2016,1.0
442161,2016,0.1595744680851064
442222,2016,0.0
442569,2016,0.4117647058823529
442639,2016,1.0
442930,2016,0.37037037037037035
443058,2016,1.0
443410,2016,0.5
443544,2016,0.1125
444088,2016,0.4
444778,2016,0.0
445027,2016,0.1368421052631579
445133,2016,0.3157894736842105
445188,2016,0.6448598130841121
445300,2016,0.11428571428571428
445391,2016,0.25
445434,2016,0.6666666666666666
445692,2016,0.5
445708,2016,0.5628140703517588
446048,2016,0.5
446233,2016,0.0
446561,2016,1.0
446613,2016,1.0
446640,2016,0.22580645161290322
446808,2016,1.0
447272,2016,0.3333333333333333
447290,2016,0.0
447689,2016,0.08560794044665013
447953,2016,0.625
448309,2016,0.6666666666666666
448345,2016,0.35294117647058826
448567,2016,0.1
448576,2016,0.20689655172413793
448673,2016,0.0
448752,2016,0.5
448840,2016,0.37777777777777777
448886,2016,0.47368421052631576
449010,2016,0.24444444444444444
449339,2016,0.3064516129032258
449348,2016,1.0
449764,2016,0.0
449898,2016,0.0
450085,2016,0.9090909090909091
450094,2016,0.25
450456,2016,0.07792207792207792
450465,2016,0.6666666666666666
450483,2016,0.09302325581395349
450535,2016,0.0
450544,2016,0.0
450933,2016,0.20930232558139536
450979,2016,0.0
451662,2016,0.0
451796,2016,0.14285714285714285
451820,2016,0.3
452027,2016,0.34615384615384615
452090,2016,0.0
453163,2016,0.5
454184,2016,0.16666666666666666
454227,2016,0.0
455600,2016,0.0
456296,2016,0.15384615384615385
456348,2016,0.0254841997961264
456612,2016,0.8571428571428571
456959,2016,0.7
457402,2016,0.14285714285714285
458113,2016,0.0
458229,2016,0.0
458496,2016,0.32
458919,2016,0.25
458982,2016,0.4
459259,2016,0.16666666666666666
459268,2016,0.18181818181818182
460783,2016,0.37037037037037035
460871,2016,0.5
461005,2016,1.0
461023,2016,0.0
461032,2016,0.0
461148,2016,0.0
461759,2016,1.0
461795,2016,0.11764705882352941
463056,2016,0.5319148936170213
465812,2016,0.5
466930,2016,1.0
468024,2016,0.14285714285714285
474863,2016,0.0
474890,2016,1.0
475121,2016,0.019975031210986267
475608,2016,0.0
475635,2016,1.0
479956,2016,0.5
480198,2016,0.5
482149,2016,0.23618090452261306
482158,2016,0.24691358024691357
482413,2016,0.3333333333333333
482422,2016,0.25
482431,2016,0.35294117647058826
482440,2016,0.5
482459,2016,0.4666666666666667
482468,2016,0.1791044776119403
482477,2016,0.21782178217821782
482486,2016,0.2
482538,2016,0.0
482547,2016,0.0
482556,2016,0.30434782608695654
482565,2016,0.0625
482574,2016,0.07692307692307693
482608,2016,0.0
482617,2016,0.125
482635,2016,0.07407407407407407
482653,2016,0.35294117647058826
482680,2016,0.45
483018,2016,0.5
483124,2016,0.3333333333333333
484613,2016,0.08767123287671233
484622,2016,0.022900763358778626
484631,2016,0.1336405529953917
484640,2016,0.2
484668,2016,0.14102564102564102
484677,2016,0.10741687979539642
484686,2016,0.11242603550295859
484695,2016,0.07692307692307693
484701,2016,0.09655172413793103
484710,2016,0.1568627450980392
484729,2016,0.16666666666666666
484738,2016,0.1836734693877551
484747,2016,0.13550135501355012
484756,2016,0.12658227848101267
484765,2016,0.14545454545454545
484783,2016,0.13402061855670103
484905,2016,0.15
485263,2016,0.3
486840,2016,0.41284403669724773
486901,2016,1.0
487524,2016,0.14285714285714285
488846,2016,0.0
489937,2016,0.1
490805,2016,0.1564625850340136
100654,2017,0.26812585499316005
100663,2017,0.5254691689008043
100690,2017,0.0
100706,2017,0.3956043956043956
100724,2017,0.29511834319526625
100751,2017,0.5895652173913043
100830,2017,0.30256410256410254
100858,2017,0.5836575875486382
100937,2017,0.40625
101116,2017,0.05263157894736842
101189,2017,0.1452991452991453
101365,2017,0.0
101435,2017,0.3125
101480,2017,0.2921686746987952
101541,2017,0.26666666666666666
101587,2017,0.16546762589928057
101675,2017,0.24299065420560748
101693,2017,0.38461538461538464
101709,2017,0.5517241379310345
101879,2017,0.3224043715846995
101912,2017,0.4716981132075472
102049,2017,0.6153846153846154
102058,2017,0.023529411764705882
102094,2017,0.3504273504273504
102234,2017,0.4411764705882353
102270,2017,0.27358490566037735
102298,2017,0.2474747474747475
102368,2017,0.3118556701030928
102377,2017,0.5879828326180258
102553,2017,0.2
102614,2017,0.3333333333333333
102632,2017,0.0
102845,2017,0.32558139534883723
104090,2017,0.3333333333333333
104151,2017,0.5358851674641149
104179,2017,0.5098039215686274
104586,2017,0.375
104717,2017,0.2457627118644068
105330,2017,0.34375
105589,2017,0.5
105899,2017,0.0
106102,2017,0.05263157894736842
106245,2017,0.34269662921348315
106306,2017,0.17647058823529413
106342,2017,0.3333333333333333
106397,2017,0.5
106412,2017,0.28677839851024206
106458,2017,0.3346456692913386
106467,2017,0.1686746987951807
106485,2017,0.09663865546218488
106704,2017,0.2883817427385892
106713,2017,0.0
107044,2017,0.38636363636363635
107071,2017,0.2727272727272727
107080,2017,0.3684210526315789
107141,2017,0.75
107512,2017,0.28125
107558,2017,0.09090909090909091
107600,2017,0.3776223776223776
107877,2017,0.2857142857142857
107983,2017,0.20567375886524822
108092,2017,0.13043478260869565
108232,2017,0.28205128205128205
109785,2017,0.6046511627906976
110060,2017,0.125
110097,2017,0.5
110361,2017,0.34328358208955223
110370,2017,0.4117647058823529
110404,2017,1.0
110413,2017,0.6451612903225806
110422,2017,0.7142857142857143
110486,2017,0.3076923076923077
110495,2017,0.42105263157894735
110510,2017,0.49019607843137253
110529,2017,0.6504854368932039
110538,2017,0.509090909090909
110547,2017,0.44155844155844154
110556,2017,0.5
110565,2017,0.6391752577319587
110574,2017,0.36134453781512604
110583,2017,0.6082949308755761
110592,2017,0.4262295081967213
110608,2017,0.3531468531468531
110617,2017,0.4207920792079208
110635,2017,0.7659574468085106
110644,2017,0.7477477477477478
110653,2017,0.672566371681416
110662,2017,0.8095238095238095
110671,2017,0.6830601092896175
110680,2017,0.8876404494382022
110705,2017,0.7708333333333334
110714,2017,0.6025641025641025
111081,2017,0.5
111188,2017,0.5
111948,2017,0.6923076923076923
112075,2017,0.6
112084,2017,0.0
112260,2017,0.8333333333333334
112394,2017,0.2
112570,2017,0.6
113582,2017,0.0
113698,2017,0.42857142857142855
114813,2017,0.8181818181818182
115409,2017,0.5
115728,2017,0.35714285714285715
115755,2017,0.3225806451612903
115773,2017,1.0
117104,2017,0.0
117113,2017,0.3333333333333333
117140,2017,0.7096774193548387
117168,2017,0.5
117627,2017,0.5294117647058824
117751,2017,0.3333333333333333
117946,2017,0.8241758241758241
118541,2017,0.3448275862068966
118693,2017,0.2727272727272727
118888,2017,0.7142857142857143
119173,2017,0.7
119270,2017,0.0
119605,2017,0.16666666666666666
119775,2017,0.0
120184,2017,0.14285714285714285
120254,2017,0.9565217391304348
120403,2017,0.2857142857142857
120537,2017,0.3333333333333333
120865,2017,0.4
120883,2017,0.7142857142857143
121150,2017,0.7636363636363637
121257,2017,0.9230769230769231
121309,2017,0.5
121345,2017,0.9166666666666666
121691,2017,0.7391304347826086
121983,2017,0.0
122409,2017,0.7028985507246377
122436,2017,0.6666666666666666
122454,2017,0.5
122506,2017,0.5
122597,2017,0.49282296650717705
122612,2017,0.6363636363636364
122728,2017,0.6666666666666666
122755,2017,0.5819672131147541
122931,2017,0.9117647058823529
123165,2017,1.0
123457,2017,0.4
123554,2017,0.7391304347826086
123572,2017,0.6444444444444445
123651,2017,0.47619047619047616
123961,2017,0.890625
125727,2017,0.25
125763,2017,0.631578947368421
125897,2017,0.25
126182,2017,0.15384615384615385
126562,2017,0.42105263157894735
126580,2017,0.2894736842105263
126614,2017,0.5730337078651685
126669,2017,0.3333333333333333
126678,2017,0.8125
126775,2017,0.5555555555555556
126818,2017,0.5612244897959183
126827,2017,0.21935483870967742
127060,2017,0.84375
127185,2017,0.25
127556,2017,0.38095238095238093
127565,2017,0.13953488372093023
127741,2017,0.32653061224489793
127918,2017,0.75
127945,2017,1.0
128106,2017,0.25301204819277107
128328,2017,0.6229508196721312
128391,2017,0.42857142857142855
128498,2017,0.6086956521739131
128744,2017,0.3730769230769231
128771,2017,0.453125
128902,2017,0.7222222222222222
129020,2017,0.7777777777777778
129154,2017,0.3888888888888889
129215,2017,0.5
129242,2017,0.7142857142857143
129525,2017,0.41739130434782606
129774,2017,0.47368421052631576
129941,2017,0.46153846153846156
130183,2017,0.06944444444444445
130226,2017,0.6931818181818182
130253,2017,0.6875
130314,2017,0.6190476190476191
130493,2017,0.4690721649484536
130590,2017,0.8235294117647058
130624,2017,0.2222222222222222
130697,2017,0.847457627118644
130776,2017,0.3888888888888889
130794,2017,0.9494949494949495
130934,2017,0.39436619718309857
130943,2017,0.7134502923976608
130989,2017,0.20689655172413793
131098,2017,0.27491408934707906
131113,2017,0.11538461538461539
131159,2017,0.822429906542056
131283,2017,0.6388888888888888
131399,2017,0.45652173913043476
131450,2017,0.391304347826087
131469,2017,0.768
131496,2017,0.9278350515463918
131520,2017,0.6257763975155279
131876,2017,0.2692307692307692
132471,2017,0.28662420382165604
132602,2017,0.3412604042806183
132657,2017,0.5333333333333333
132879,2017,0.0
132903,2017,0.6954128440366972
133465,2017,0.2222222222222222
133492,2017,0.5882352941176471
133526,2017,0.20772946859903382
133553,2017,0.4074074074074074
133650,2017,0.5125808770668584
133669,2017,0.543859649122807
133711,2017,0.5185185185185185
133809,2017,0.16666666666666666
133872,2017,0.3333333333333333
133881,2017,0.56
133951,2017,0.5098389982110912
133979,2017,0.3392226148409894
134079,2017,0.53125
134097,2017,0.818639798488665
134112,2017,0.25225225225225223
134130,2017,0.7900943396226415
134237,2017,0.15268941584731058
134811,2017,0.0
134945,2017,0.415929203539823
135081,2017,0.4444444444444444
135726,2017,0.7085714285714285
136172,2017,0.5294117647058824
136215,2017,0.3469387755102041
136330,2017,0.40540540540540543
136774,2017,0.5
136950,2017,0.5333333333333333
137032,2017,0.47674418604651164
137272,2017,1.0
137351,2017,0.7309941520467836
137476,2017,0.31666666666666665
137546,2017,0.5223880597014925
137564,2017,0.3125
137847,2017,0.5230769230769231
137953,2017,0.35
137962,2017,0.25
138275,2017,0.24193548387096775
138293,2017,0.1111111111111111
138309,2017,0.0
138354,2017,0.3682008368200837
138558,2017,0.5714285714285714
138600,2017,0.6746987951807228
138716,2017,0.37176470588235294
138813,2017,0.24
138868,2017,0.19230769230769232
138901,2017,0.25
138947,2017,0.42857142857142855
139144,2017,0.5769230769230769
139153,2017,0.15384615384615385
139199,2017,0.41509433962264153
139205,2017,0.2222222222222222
139250,2017,0.15384615384615385
139311,2017,0.3102409638554217
139366,2017,0.34558823529411764
139393,2017,0.5
139463,2017,0.25
139579,2017,0.1111111111111111
139630,2017,0.34375
139658,2017,0.9306930693069307
139719,2017,0.2824302134646962
139755,2017,0.7628205128205128
139764,2017,0.21428571428571427
139861,2017,0.6730769230769231
139931,2017,0.5128205128205128
139940,2017,0.5721352019785655
139959,2017,0.8125
140234,2017,0.35714285714285715
140252,2017,0.23076923076923078
140340,2017,0.0625
140447,2017,0.5929203539823009
140553,2017,0.5310734463276836
140696,2017,0.38095238095238093
140720,2017,0.25477707006369427
140818,2017,0.4
140872,2017,0.2222222222222222
140951,2017,0.6078431372549019
140960,2017,0.28768699654775604
140988,2017,0.2857142857142857
141060,2017,0.7542016806722689
141167,2017,0.36363636363636365
141185,2017,0.4444444444444444
141237,2017,0.1111111111111111
141264,2017,0.39470198675496687
141325,2017,0.4444444444444444
141334,2017,0.45348837209302323
141361,2017,0.2916666666666667
141486,2017,0.5
141565,2017,0.3333333333333333
141574,2017,0.5
141644,2017,0.4166666666666667
141981,2017,1.0
142115,2017,0.3783783783783784
142276,2017,0.36363636363636365
142285,2017,0.3333333333333333
142294,2017,0.5714285714285714
142328,2017,0.75
142461,2017,0.25
142522,2017,0.2
142887,2017,0.5
143048,2017,0.3888888888888889
143084,2017,0.5675675675675675
143118,2017,0.3225806451612903
143288,2017,0.4166666666666667
143358,2017,0.6666666666666666
144005,2017,0.18556701030927836
144050,2017,0.88
144281,2017,0.3374083129584352
144351,2017,0.23076923076923078
144740,2017,0.6240601503759399
144883,2017,0.05555555555555555
144892,2017,0.4161073825503356
144962,2017,0.475
144971,2017,0.2222222222222222
145372,2017,0.34615384615384615
145600,2017,0.4779116465863454
145619,2017,0.2459016393442623
145637,2017,0.6885644768856448
145646,2017,0.7142857142857143
145691,2017,0.5
145725,2017,0.6538461538461539
145770,2017,0.043478260869565216
145813,2017,0.49137931034482757
146339,2017,0.25
146427,2017,0.6666666666666666
146481,2017,0.6296296296296297
146612,2017,0.3953488372093023
146667,2017,0.5
146676,2017,0.13333333333333333
146719,2017,0.673469387755102
146825,2017,0.375
147013,2017,0.3170731707317073
147244,2017,0.38333333333333336
147341,2017,0.3972602739726027
147369,2017,0.4117647058823529
147536,2017,0.0
147660,2017,0.5
147679,2017,0.391304347826087
147703,2017,0.23901098901098902
147767,2017,0.9099099099099099
147776,2017,0.08035714285714286
147828,2017,0.30612244897959184
148016,2017,0.0
148131,2017,0.45
148335,2017,0.9743589743589743
148405,2017,0.0
148487,2017,0.33
148496,2017,0.391304347826087
148584,2017,0.45161290322580644
148627,2017,0.3283582089552239
148654,2017,0.582089552238806
148876,2017,0.5
149222,2017,0.22695035460992907
149231,2017,0.2860635696821516
149505,2017,0.3888888888888889
149514,2017,0.19047619047619047
149639,2017,0.0
149772,2017,0.27944111776447106
149781,2017,0.8181818181818182
150066,2017,0.3448275862068966
150136,2017,0.5241935483870968
150145,2017,0.6666666666666666
150163,2017,0.6923076923076923
150172,2017,0.13513513513513514
150400,2017,0.7142857142857143
150455,2017,0.34545454545454546
150534,2017,0.6842105263157895
150604,2017,0.16666666666666666
150668,2017,0.6666666666666666
150677,2017,0.3333333333333333
150756,2017,0.8181818181818182
150774,2017,0.25
150941,2017,0.42857142857142855
151102,2017,0.1702127659574468
151111,2017,0.3671875
151263,2017,0.3888888888888889
151290,2017,0.16521739130434782
151306,2017,0.2289156626506024
151324,2017,0.24846625766871167
151333,2017,0.21428571428571427
151342,2017,0.125
151351,2017,0.6132075471698113
151360,2017,0.14150943396226415
151379,2017,0.15
151388,2017,0.2
151777,2017,0.42105263157894735
151786,2017,0.4
151801,2017,0.6666666666666666
151810,2017,0.038461538461538464
152080,2017,0.9315068493150684
152099,2017,1.0
152318,2017,0.8
152336,2017,0.3939393939393939
152381,2017,0.4
152390,2017,1.0
152530,2017,0.5714285714285714
152567,2017,0.26666666666666666
152600,2017,0.6896551724137931
152637,2017,0.0
152673,2017,0.631578947368421
152992,2017,0.15384615384615385
153001,2017,1.0
153108,2017,1.0
153126,2017,1.0
153144,2017,0.7222222222222222
153162,2017,0.5714285714285714
153250,2017,0.6
153269,2017,0.5517241379310345
153278,2017,0.2692307692307692
153302,2017,0.5
153366,2017,0.25
153375,2017,0.2
153384,2017,0.7142857142857143
153603,2017,0.5481481481481482
153621,2017,0.10526315789473684
153658,2017,0.5642857142857143
153825,2017,0.75
153834,2017,0.5555555555555556
153861,2017,0.6
154004,2017,0.0
154013,2017,1.0
154022,2017,0.049166666666666664
154095,2017,0.45652173913043476
154101,2017,0.25
154235,2017,0.34782608695652173
154350,2017,0.3333333333333333
154493,2017,0.18181818181818182
154518,2017,0.14814814814814814
154527,2017,0.34375
154590,2017,0.09859154929577464
154688,2017,0.625
154712,2017,0.5
154721,2017,0.23076923076923078
154749,2017,0.3
154855,2017,0.2
155025,2017,0.3888888888888889
155061,2017,0.22641509433962265
155070,2017,0.25
155089,2017,0.09090909090909091
155283,2017,0.0
155317,2017,0.38620689655172413
155335,2017,0.25
155399,2017,0.35714285714285715
155414,2017,0.4
155496,2017,0.0
155511,2017,0.23076923076923078
155520,2017,0.16666666666666666
155627,2017,0.26666666666666666
155681,2017,0.29411764705882354
155812,2017,0.4666666666666667
155900,2017,0.375
155937,2017,0.5
155973,2017,0.2
156082,2017,0.16666666666666666
156125,2017,0.2987012987012987
156213,2017,1.0
156286,2017,0.7142857142857143
156295,2017,0.5614035087719298
156356,2017,0.0
156365,2017,0.16
156408,2017,0.7777777777777778
156417,2017,0.5
156541,2017,0.125
156620,2017,0.4117647058823529
156745,2017,0.2608695652173913
157058,2017,0.16287878787878787
157076,2017,0.23809523809523808
157085,2017,0.5098039215686274
157100,2017,0.13043478260869565
157216,2017,0.24390243902439024
157289,2017,0.5802919708029197
157377,2017,0.4
157386,2017,0.3111111111111111
157401,2017,0.39669421487603307
157447,2017,0.3178294573643411
157535,2017,0.20512820512820512
157748,2017,0.0
157757,2017,0.14814814814814814
157809,2017,0.13636363636363635
157818,2017,0.625
157863,2017,0.07692307692307693
157951,2017,0.26666666666666666
158477,2017,0.7083333333333334
158802,2017,0.41042345276872966
159009,2017,0.3314366998577525
159382,2017,0.18181818181818182
159391,2017,0.5356643356643357
159416,2017,0.18333333333333332
159568,2017,0.19047619047619047
159647,2017,0.3660130718954248
159656,2017,0.5263157894736842
159717,2017,0.35436893203883496
159939,2017,0.32867132867132864
159948,2017,1.0
159966,2017,0.263681592039801
159993,2017,0.3684210526315789
160038,2017,0.4024390243902439
160065,2017,0.4
160074,2017,0.0
160612,2017,0.2505800464037123
160621,2017,0.31313131313131315
160630,2017,0.2459016393442623
160658,2017,0.38945827232796487
160755,2017,0.7407407407407407
160904,2017,0.5023041474654378
160959,2017,0.0
160977,2017,0.8181818181818182
161004,2017,0.8695652173913043
161086,2017,0.8333333333333334
161217,2017,0.3333333333333333
161226,2017,0.8333333333333334
161235,2017,0.25
161244,2017,0.0
161253,2017,0.35714285714285715
161341,2017,0.5
161457,2017,0.25
161509,2017,0.0
161518,2017,0.8
161554,2017,0.26666666666666666
161563,2017,0.2857142857142857
161572,2017,0.5
161873,2017,0.3793103448275862
162007,2017,0.39950980392156865
162061,2017,0.3793103448275862
162210,2017,0.43478260869565216
162283,2017,0.22839506172839505
162584,2017,0.4652173913043478
162654,2017,0.625
162760,2017,0.5185185185185185
162928,2017,0.8888888888888888
163046,2017,0.7611940298507462
163204,2017,0.1
163268,2017,0.6826347305389222
163286,2017,0.7824497257769653
163295,2017,0.7307692307692307
163338,2017,0.37155963302752293
163453,2017,0.3894500561167228
163462,2017,0.4583333333333333
163578,2017,0.45614035087719296
163851,2017,0.6261682242990654
163912,2017,0.5555555555555556
163976,2017,1.0
164076,2017,0.7712418300653595
164155,2017,0.8953488372093024
164173,2017,0.49074074074074076
164216,2017,0.4444444444444444
164270,2017,0.55
164438,2017,1.0
164447,2017,0.38333333333333336
164465,2017,0.9375
164492,2017,0.25806451612903225
164562,2017,0.5769230769230769
164580,2017,0.9310344827586207
164632,2017,0.47368421052631576
164641,2017,0.4
164720,2017,0.1724137931034483
164739,2017,0.7878787878787878
164748,2017,0.5588235294117647
164872,2017,0.0
164924,2017,0.8877551020408163
164988,2017,0.875968992248062
165015,2017,0.8157894736842105
165024,2017,0.5779816513761468
165167,2017,0.0
165334,2017,0.85
165529,2017,0.39622641509433965
165574,2017,0.22727272727272727
165644,2017,0.36666666666666664
165662,2017,0.8095238095238095
165671,2017,0.6785714285714286
165699,2017,0.75
165802,2017,0.5555555555555556
165820,2017,0.8275862068965517
165866,2017,0.5079365079365079
165936,2017,0.6470588235294118
166018,2017,0.5714285714285714
166027,2017,0.9903846153846154
166124,2017,0.9230769230769231
166391,2017,0.5777777777777777
166452,2017,0.8333333333333334
166513,2017,0.6271186440677966
166629,2017,0.6447368421052632
166638,2017,0.4429530201342282
166656,2017,0.5
166674,2017,0.7142857142857143
166683,2017,0.8923076923076924
166692,2017,1.0
166850,2017,0.38095238095238093
166911,2017,0.42857142857142855
166939,2017,0.9354838709677419
167057,2017,1.0
167251,2017,0.25806451612903225
167260,2017,0.46153846153846156
167288,2017,0.53125
167358,2017,0.8524590163934426
167394,2017,0.17647058823529413
167455,2017,0.6111111111111112
167598,2017,0.5522388059701493
167729,2017,0.631578947368421
167783,2017,0.45454545454545453
167835,2017,0.8333333333333334
167899,2017,0.6153846153846154
167987,2017,0.5081081081081081
167996,2017,0.7333333333333333
168005,2017,0.5921052631578947
168148,2017,0.8571428571428571
168218,2017,1.0
168227,2017,0.46511627906976744
168254,2017,0.4358974358974359
168263,2017,0.42857142857142855
168281,2017,0.7692307692307693
168290,2017,0.6428571428571429
168342,2017,0.918918918918919
168421,2017,0.9
168430,2017,0.4722222222222222
168528,2017,0.18518518518518517
168546,2017,0.5294117647058824
168591,2017,0.21428571428571427
168740,2017,0.5483870967741935
168786,2017,0.4166666666666667
168847,2017,0.15384615384615385
169080,2017,0.6190476190476191
169248,2017,0.5247933884297521
169327,2017,1.0
169363,2017,0.038461538461538464
169442,2017,0.3
169479,2017,0.23529411764705882
169716,2017,0.48148148148148145
169798,2017,0.2849673202614379
169910,2017,0.30303030303030304
169983,2017,0.4166666666666667
170000,2017,0.25
170037,2017,0.5555555555555556
170082,2017,0.45907473309608543
170091,2017,0.0
170301,2017,0.625
170532,2017,0.6842105263157895
170639,2017,0.0
170675,2017,0.125
170806,2017,0.25
170842,2017,0.39080459770114945
170967,2017,0.3333333333333333
170976,2017,0.8075471698113208
171100,2017,0.6613861386138614
171128,2017,0.375
171137,2017,0.39215686274509803
171146,2017,0.4090909090909091
171456,2017,0.2222222222222222
171492,2017,0.2857142857142857
171571,2017,0.3286384976525822
171599,2017,0.36
171881,2017,0.0
172051,2017,0.24727272727272728
172264,2017,0.34210526315789475
172334,2017,0.34782608695652173
172440,2017,0.2
172644,2017,0.22282608695652173
172699,2017,0.35456475583864117
173045,2017,0.5434782608695652
173124,2017,0.25
173142,2017,0.0
173160,2017,0.7142857142857143
173258,2017,0.9333333333333333
173300,2017,0.42857142857142855
173328,2017,0.35714285714285715
173452,2017,1.0
173647,2017,0.5
173665,2017,0.3488372093023256
173902,2017,0.8333333333333334
173920,2017,0.3228346456692913
174020,2017,0.25
174066,2017,0.7297297297297297
174075,2017,0.21428571428571427
174127,2017,0.5
174233,2017,0.3829787234042553
174251,2017,0.5555555555555556
174358,2017,0.43478260869565216
174437,2017,0.4444444444444444
174491,2017,0.35714285714285715
174525,2017,0.0
174747,2017,0.6153846153846154
174783,2017,0.32407407407407407
174792,2017,0.38461538461538464
174817,2017,0.0
174844,2017,0.5833333333333334
174862,2017,0.0
174899,2017,0.2857142857142857
174914,2017,0.6052631578947368
175005,2017,0.5
175078,2017,0.16666666666666666
175272,2017,0.4
175342,2017,0.40148698884758366
175421,2017,0.37777777777777777
175430,2017,0.3333333333333333
175616,2017,0.29411764705882354
175856,2017,0.4262899262899263
175980,2017,0.4358974358974359
176017,2017,0.44861660079051385
176035,2017,0.3076923076923077
176044,2017,0.3087818696883853
176053,2017,0.1978021978021978
176080,2017,0.3784916201117318
176318,2017,0.3230769230769231
176336,2017,0.3333333333333333
176372,2017,0.3468586387434555
176406,2017,0.3659574468085106
176479,2017,0.3235294117647059
176628,2017,0.5
176664,2017,0.3333333333333333
176789,2017,0.0
176910,2017,0.3333333333333333
176947,2017,0.21428571428571427
176965,2017,0.3865546218487395
177065,2017,0.23529411764705882
177117,2017,1.0
177144,2017,0.3611111111111111
177214,2017,0.6
177339,2017,0.24
177418,2017,0.5384615384615384
177542,2017,0.11764705882352941
177551,2017,0.08812260536398467
177746,2017,1.0
177940,2017,0.1674641148325359
177968,2017,0.4020618556701031
178059,2017,0.6428571428571429
178244,2017,0.1891891891891892
178341,2017,0.27586206896551724
178369,2017,0.15555555555555556
178387,2017,0.26126126126126126
178396,2017,0.5337423312883436
178402,2017,0.3406113537117904
178411,2017,0.4864864864864865
178420,2017,0.31868131868131866
178615,2017,0.8604651162790697
178624,2017,0.2708333333333333
178679,2017,0.3333333333333333
178697,2017,1.0
178721,2017,0.10714285714285714
178891,2017,0.0
179043,2017,0.3684210526315789
179159,2017,0.5352112676056338
179256,2017,0.0
179326,2017,0.2222222222222222
179548,2017,0.36
179557,2017,0.4198895027624309
179566,2017,0.3018867924528302
179867,2017,0.9425287356321839
179894,2017,0.5178571428571429
179946,2017,0.13333333333333333
179955,2017,0.65
179964,2017,1.0
180106,2017,0.3333333333333333
180179,2017,0.16666666666666666
180258,2017,0.3333333333333333
180416,2017,0.5
180461,2017,0.14285714285714285
180489,2017,0.2222222222222222
180522,2017,0.0
180595,2017,0.5
180692,2017,0.5
180948,2017,0.13043478260869565
180984,2017,0.375
181002,2017,0.6153846153846154
181020,2017,0.5
181127,2017,0.18181818181818182
181215,2017,0.26666666666666666
181297,2017,0.0
181330,2017,0.125
181376,2017,0.25
181394,2017,0.35555555555555557
181446,2017,0.5
181464,2017,0.3979591836734694
181534,2017,0.2
181604,2017,0.0
181738,2017,0.2857142857142857
181783,2017,0.09523809523809523
181853,2017,0.42857142857142855
182111,2017,1.0
182281,2017,0.3568627450980392
182290,2017,0.35668789808917195
182634,2017,0.5454545454545454
182670,2017,0.9324324324324325
182795,2017,0.5238095238095238
182980,2017,0.23684210526315788
183026,2017,0.6
183044,2017,0.6571428571428571
183062,2017,0.4666666666666667
183080,2017,0.45
183211,2017,0.42857142857142855
183239,2017,0.75
183789,2017,0.22972972972972974
183822,2017,0.32
183910,2017,0.4827586206896552
183974,2017,0.4411764705882353
184348,2017,0.5957446808510638
184603,2017,0.4153846153846154
184612,2017,0.42857142857142855
184694,2017,0.3150684931506849
184773,2017,0.4583333333333333
184782,2017,0.5163934426229508
185129,2017,0.31976744186046513
185262,2017,0.37104072398190047
185572,2017,0.5
185590,2017,0.6268656716417911
185828,2017,0.582089552238806
186131,2017,0.9423076923076923
186201,2017,0.675
186283,2017,0.5233644859813084
186371,2017,0.44285714285714284
186380,2017,0.7268518518518519
186399,2017,0.6097560975609756
186432,2017,0.4057971014492754
186584,2017,0.5766423357664233
186618,2017,0.42857142857142855
186867,2017,0.875
186876,2017,0.6666666666666666
187134,2017,0.7160493827160493
187444,2017,0.4266666666666667
187648,2017,0.2894736842105263
187897,2017,0.15625
187967,2017,0.5
187985,2017,0.36470588235294116
188030,2017,0.2777777777777778
188182,2017,0.0
188304,2017,0.14285714285714285
188340,2017,0.3333333333333333
188429,2017,0.5806451612903226
188526,2017,0.5
188641,2017,0.4444444444444444
188854,2017,0.53125
189088,2017,0.7435897435897436
189097,2017,0.9375
189228,2017,0.31343283582089554
189413,2017,0.5
189705,2017,0.5185185185185185
189848,2017,0.42105263157894735
190044,2017,0.5652173913043478
190099,2017,0.7857142857142857
190114,2017,0.3684210526315789
190150,2017,0.9291338582677166
190248,2017,0.41379310344827586
190372,2017,1.0
190415,2017,0.8736263736263736
190512,2017,0.4533333333333333
190549,2017,0.5
190558,2017,0.2830188679245283
190567,2017,0.5428571428571428
190594,2017,0.5125
190600,2017,0.5036231884057971
190637,2017,0.4444444444444444
190646,2017,0.15254237288135594
190655,2017,0.3333333333333333
190664,2017,0.5058823529411764
190691,2017,0.3324607329842932
190716,2017,0.21052631578947367
190725,2017,0.5362318840579711
190761,2017,0.4528301886792453
190983,2017,0.5
191205,2017,0.4117647058823529
191241,2017,0.7
191515,2017,0.8333333333333334
191533,2017,0.48484848484848486
191621,2017,0.4666666666666667
191630,2017,0.9
191649,2017,0.4793388429752066
191676,2017,0.6
191931,2017,0.6
191968,2017,0.7012987012987013
192110,2017,0.8
192192,2017,0.5833333333333334
192271,2017,0.4523809523809524
192323,2017,0.5185185185185185
192448,2017,0.33098591549295775
192703,2017,0.6216216216216216
192712,2017,0.0
192749,2017,0.6875
192819,2017,0.5161290322580645
192864,2017,0.22580645161290322
192925,2017,0.3089430894308943
193016,2017,0.4146341463414634
193292,2017,0.7105263157894737
193308,2017,0.7362204724409449
193353,2017,0.6875
193399,2017,0.45569620253164556
193584,2017,0.5454545454545454
193645,2017,0.3695652173913043
193654,2017,0.5740740740740741
193900,2017,0.8075471698113208
193973,2017,0.4146341463414634
194091,2017,0.4032258064516129
194161,2017,0.375
194310,2017,0.5139664804469274
194392,2017,0.4
194569,2017,0.3333333333333333
194578,2017,0.45454545454545453
194824,2017,0.8333333333333334
194958,2017,0.48
195003,2017,0.5727272727272728
195030,2017,0.7792207792207793
195128,2017,0.5614035087719298
195164,2017,0.5
195173,2017,0.4482758620689655
195216,2017,0.7058823529411765
195234,2017,0.4897959183673469
195243,2017,0.25
195304,2017,0.6842105263157895
195474,2017,0.5172413793103449
195526,2017,0.8333333333333334
195544,2017,0.6666666666666666
195562,2017,0.6153846153846154
195720,2017,0.5882352941176471
195809,2017,0.5112781954887218
196006,2017,0.5
196015,2017,0.5384615384615384
196024,2017,0.38461538461538464
196033,2017,0.3
196042,2017,0.53125
196051,2017,0.2727272727272727
196060,2017,0.7391304347826086
196079,2017,0.7341772151898734
196088,2017,0.725
196097,2017,0.7254901960784313
196103,2017,0.4
196112,2017,0.625
196121,2017,0.7285714285714285
196130,2017,0.5016835016835017
196149,2017,0.6363636363636364
196158,2017,0.5652173913043478
196167,2017,0.7666666666666667
196176,2017,0.7868852459016393
196185,2017,0.5277777777777778
196194,2017,0.6756756756756757
196200,2017,0.5972222222222222
196219,2017,0.6190476190476191
196237,2017,0.5658914728682171
196246,2017,0.7361111111111112
196264,2017,0.2608695652173913
196291,2017,0.5555555555555556
196413,2017,0.8178438661710037
196866,2017,0.9
197027,2017,0.8333333333333334
197036,2017,0.75
197045,2017,0.28169014084507044
197133,2017,0.8974358974358975
197142,2017,0.16666666666666666
197151,2017,0.6730769230769231
197197,2017,0.6666666666666666
197230,2017,0.4583333333333333
197285,2017,0.6666666666666666
197869,2017,0.6551724137931034
197911,2017,0.20930232558139536
197984,2017,0.30303030303030304
197993,2017,0.3350253807106599
198066,2017,0.2413793103448276
198136,2017,0.37410071942446044
198215,2017,0.3076923076923077
198303,2017,0.26005361930294907
198385,2017,0.8
198419,2017,0.9532163742690059
198464,2017,0.6127272727272727
198507,2017,0.4459770114942529
198516,2017,0.8488372093023255
198543,2017,0.35403726708074534
198561,2017,0.3764705882352941
198598,2017,0.25
198613,2017,0.4411764705882353
198677,2017,0.0
198695,2017,0.4426229508196721
198756,2017,0.31223628691983124
198808,2017,0.25
198835,2017,0.46551724137931033
198862,2017,0.22950819672131148
198899,2017,0.2540983606557377
198950,2017,0.5
198969,2017,0.19801980198019803
199032,2017,0.09090909090909091
199069,2017,0.275
199102,2017,0.5408805031446541
199111,2017,0.5555555555555556
199120,2017,0.8157894736842105
199139,2017,0.5489021956087824
199148,2017,0.5612535612535613
199157,2017,0.4680161943319838
199184,2017,0.6666666666666666
199193,2017,0.7363344051446945
199209,2017,0.225
199218,2017,0.6172839506172839
199272,2017,0.32075471698113206
199281,2017,0.4251968503937008
199306,2017,0.34375
199412,2017,0.3698630136986301
199458,2017,0.14285714285714285
199582,2017,0.3015075376884422
199607,2017,0.5555555555555556
199643,2017,0.14988290398126464
199698,2017,0.3235294117647059
199759,2017,0.3333333333333333
199847,2017,0.8518518518518519
199865,2017,0.2727272727272727
199962,2017,0.3258426966292135
199999,2017,0.494949494949495
200004,2017,0.6730769230769231
200059,2017,1.0
200156,2017,0.13333333333333333
200217,2017,0.6
200226,2017,0.0
200253,2017,0.6666666666666666
200280,2017,0.2903225806451613
200332,2017,0.3548387096774194
200484,2017,0.0
200572,2017,0.17391304347826086
200624,2017,1.0
200800,2017,0.18489583333333334
201061,2017,1.0
201104,2017,0.45161290322580644
201195,2017,0.4727272727272727
201371,2017,0.16666666666666666
201441,2017,0.3390191897654584
201548,2017,0.3125
201645,2017,0.7692307692307693
201654,2017,0.65
201690,2017,0.23076923076923078
201858,2017,0.5
201885,2017,0.5982905982905983
201964,2017,0.2608695652173913
202046,2017,0.5
202134,2017,0.23711340206185566
202170,2017,0.5
202480,2017,0.6615384615384615
202514,2017,0.05263157894736842
202523,2017,0.8378378378378378
202763,2017,0.1875
202806,2017,0.5
202903,2017,1.0
203085,2017,0.125
203128,2017,0.37254901960784315
203368,2017,0.7619047619047619
203447,2017,0.0
203456,2017,0.4
203465,2017,0.06666666666666667
203474,2017,0.09090909090909091
203483,2017,0.0
203492,2017,0.0
203517,2017,0.4708860759493671
203526,2017,0.22580645161290322
203535,2017,0.7333333333333333
203544,2017,0.0
203580,2017,0.35714285714285715
203757,2017,0.14
203775,2017,0.47619047619047616
203845,2017,0.2564102564102564
203960,2017,0.0
204006,2017,0.13636363636363635
204015,2017,0.041666666666666664
204024,2017,0.7241379310344828
204176,2017,0.2
204185,2017,0.5135135135135135
204194,2017,0.35714285714285715
204200,2017,0.25
204264,2017,0.375
204468,2017,0.24444444444444444
204486,2017,0.0
204501,2017,0.8333333333333334
204617,2017,0.2222222222222222
204635,2017,0.4
204671,2017,0.19230769230769232
204680,2017,0.14545454545454545
204699,2017,0.1
204705,2017,0.19786096256684493
204796,2017,0.7306501547987616
204802,2017,0.0
204839,2017,0.0
204848,2017,0.09090909090909091
204857,2017,0.5128205128205128
204866,2017,0.0
204909,2017,0.6764705882352942
204936,2017,0.34375
205203,2017,0.2692307692307692
205443,2017,0.10588235294117647
205957,2017,0.0
206048,2017,0.35185185185185186
206084,2017,0.2127329192546584
206279,2017,0.2
206330,2017,0.10638297872340426
206349,2017,0.2413793103448276
206437,2017,0.32142857142857145
206491,2017,0.16666666666666666
206507,2017,0.17857142857142858
206525,2017,0.3617021276595745
206589,2017,0.723404255319149
206604,2017,0.17136150234741784
206613,2017,0.0
206622,2017,0.5238095238095238
206695,2017,0.11647727272727272
206817,2017,0.08928571428571429
206835,2017,0.09523809523809523
206862,2017,0.12195121951219512
206914,2017,0.18571428571428572
206941,2017,0.17061611374407584
207041,2017,0.35714285714285715
207157,2017,0.0
207209,2017,0.24166666666666667
207254,2017,0.425
207263,2017,0.17142857142857143
207306,2017,0.19607843137254902
207324,2017,0.4
207351,2017,0.0
207388,2017,0.4190871369294606
207403,2017,0.16666666666666666
207458,2017,0.6153846153846154
207500,2017,0.5652173913043478
207564,2017,0.2
207582,2017,0.4722222222222222
207661,2017,0.5
207722,2017,0.4
207847,2017,0.17073170731707318
207856,2017,0.26666666666666666
207865,2017,0.2727272727272727
207971,2017,0.6585365853658537
208488,2017,0.375
208646,2017,0.5555555555555556
208725,2017,0.0
208822,2017,0.5
209056,2017,0.8571428571428571
209065,2017,0.625
209287,2017,0.0
209409,2017,0.25
209506,2017,0.3333333333333333
209542,2017,0.5625
209551,2017,0.5529411764705883
209603,2017,0.0
209612,2017,0.5
209807,2017,0.5
209825,2017,0.7142857142857143
209922,2017,0.3333333333333333
210146,2017,0.2631578947368421
210304,2017,0.16666666666666666
210401,2017,0.8
210429,2017,0.28125
210492,2017,0.3333333333333333
210571,2017,0.3068181818181818
210669,2017,0.5517241379310345
210739,2017,0.4666666666666667
210775,2017,0.2571428571428571
210960,2017,0.43243243243243246
211024,2017,1.0
211088,2017,0.5178571428571429
211158,2017,0.3932038834951456
211273,2017,0.9166666666666666
211291,2017,0.8333333333333334
211352,2017,0.35185185185185186
211361,2017,0.40298507462686567
211431,2017,0.4117647058823529
211440,2017,0.7846153846153846
211468,2017,0.3181818181818182
211477,2017,0.14285714285714285
211556,2017,0.4444444444444444
211583,2017,0.4864864864864865
211608,2017,0.14893617021276595
211644,2017,0.43636363636363634
211893,2017,1.0
211981,2017,0.21951219512195122
212009,2017,0.9444444444444444
212054,2017,0.6055045871559633
212106,2017,0.7391304347826086
212115,2017,0.34615384615384615
212133,2017,0.40476190476190477
212160,2017,0.40384615384615385
212197,2017,0.4444444444444444
212577,2017,0.8378378378378378
212601,2017,0.42857142857142855
212656,2017,0.5
212674,2017,0.7894736842105263
212805,2017,0.625
212832,2017,0.5
212911,2017,0.8333333333333334
212984,2017,0.2916666666666667
213011,2017,0.4230769230769231
213020,2017,0.391304347826087
213251,2017,0.5
213303,2017,0.29411764705882354
213321,2017,0.35714285714285715
213349,2017,0.4
213358,2017,0.45454545454545453
213367,2017,0.5466666666666666
213385,2017,0.9090909090909091
213400,2017,0.3333333333333333
213507,2017,0.16666666666666666
213543,2017,0.7346938775510204
213598,2017,0.4804177545691906
213613,2017,0.3923076923076923
213668,2017,0.4782608695652174
213783,2017,0.2692307692307692
213826,2017,0.5
213987,2017,0.5238095238095238
213996,2017,0.45
214041,2017,0.36363636363636365
214069,2017,0.2857142857142857
214148,2017,0.35714285714285715
214157,2017,0.5555555555555556
214166,2017,0.25
214175,2017,0.8888888888888888
214272,2017,0.3253968253968254
214591,2017,0.4576271186440678
214625,2017,0.2857142857142857
214634,2017,0.5
214643,2017,0.16666666666666666
214652,2017,0.2
214670,2017,0.5555555555555556
214689,2017,0.49606299212598426
214698,2017,0.38461538461538464
214704,2017,0.4186046511627907
214713,2017,0.525
214731,2017,0.2631578947368421
214740,2017,0.5
214759,2017,0.4
214768,2017,0.3870967741935484
214777,2017,0.7262357414448669
214786,2017,0.3541666666666667
214795,2017,0.48484848484848486
214801,2017,0.4222222222222222
214810,2017,0.43617021276595747
214829,2017,0.1111111111111111
214883,2017,0.25
214971,2017,0.0
215053,2017,0.8
215062,2017,0.9096045197740112
215105,2017,0.5671641791044776
215114,2017,0.4375
215132,2017,0.7272727272727273
215266,2017,0.38636363636363635
215275,2017,0.2857142857142857
215284,2017,0.43478260869565216
215293,2017,0.7734806629834254
215442,2017,0.35185185185185186
215637,2017,1.0
215655,2017,0.375
215691,2017,0.3684210526315789
215743,2017,0.3170731707317073
215770,2017,0.7619047619047619
215798,2017,0.4666666666666667
215929,2017,0.7
215947,2017,0.3684210526315789
216010,2017,0.38372093023255816
216038,2017,0.47674418604651164
216278,2017,0.6744186046511628
216287,2017,0.9047619047619048
216339,2017,0.6601466992665037
216357,2017,0.2571428571428571
216366,2017,0.582089552238806
216524,2017,0.6333333333333333
216542,2017,0.25
216597,2017,0.9210526315789473
216667,2017,0.5714285714285714
216694,2017,0.42857142857142855
216764,2017,0.5829383886255924
216807,2017,0.3333333333333333
216852,2017,0.41
216931,2017,0.45
217013,2017,0.0
217059,2017,0.4406779661016949
217156,2017,0.8796296296296297
217165,2017,0.6585365853658537
217235,2017,0.5947368421052631
217402,2017,0.90625
217420,2017,0.4266666666666667
217484,2017,0.5703125
217493,2017,0.75
217518,2017,0.7777777777777778
217536,2017,0.5
217606,2017,0.0
217624,2017,0.31932773109243695
217633,2017,0.2413793103448276
217688,2017,0.3384615384615385
217721,2017,0.29160935350756534
217749,2017,0.6666666666666666
217776,2017,0.36363636363636365
217819,2017,0.732824427480916
217864,2017,0.5689655172413793
217873,2017,0.4794871794871795
217882,2017,0.6233183856502242
217891,2017,1.0
217907,2017,0.3448275862068966
217925,2017,1.0
217934,2017,0.41935483870967744
217961,2017,0.5714285714285714
217998,2017,0.5
218061,2017,0.3497536945812808
218070,2017,0.6739130434782609
218229,2017,0.3076923076923077
218238,2017,0.2711864406779661
218399,2017,0.30739299610894943
218414,2017,0.4473684210526316
218441,2017,0.30434782608695654
218539,2017,0.5333333333333333
218645,2017,0.3624161073825503
218654,2017,0.3625
218663,2017,0.740506329113924
218724,2017,0.42923433874709976
218733,2017,0.3385093167701863
218742,2017,0.4297872340425532
218919,2017,0.4117647058823529
218964,2017,0.5340314136125655
218973,2017,0.8611111111111112
219000,2017,0.0
219046,2017,0.6666666666666666
219082,2017,0.23076923076923078
219198,2017,0.3333333333333333
219259,2017,0.0
219295,2017,0.0
219347,2017,0.6
219356,2017,0.5
219383,2017,0.2
219471,2017,0.36363636363636365
219505,2017,0.2
219602,2017,0.35585585585585583
219639,2017,0.35714285714285715
219709,2017,0.7428571428571429
219718,2017,0.1896551724137931
219790,2017,0.25
219806,2017,0.21212121212121213
219833,2017,0.4
219949,2017,0.21739130434782608
219976,2017,0.48936170212765956
220002,2017,0.5
220075,2017,0.2916666666666667
220181,2017,0.44370860927152317
220206,2017,0.25
220215,2017,0.2
220312,2017,0.6666666666666666
220473,2017,0.0
220516,2017,0.36363636363636365
220552,2017,0.23076923076923078
220598,2017,0.24
220604,2017,0.12280701754385964
220613,2017,0.2765957446808511
220631,2017,0.7
220701,2017,0.22580645161290322
220710,2017,0.5789473684210527
220808,2017,0.6153846153846154
220862,2017,0.3584905660377358
220978,2017,0.41333333333333333
221351,2017,0.875
221519,2017,0.8421052631578947
221661,2017,0.48148148148148145
221731,2017,0.14285714285714285
221740,2017,0.4078014184397163
221759,2017,0.627906976744186
221768,2017,0.32160804020100503
221838,2017,0.32160194174757284
221847,2017,0.39080459770114945
221892,2017,0.2631578947368421
221953,2017,0.18478260869565216
221971,2017,0.3939393939393939
221999,2017,0.8503937007874016
222178,2017,0.5285714285714286
222831,2017,0.23741007194244604
222877,2017,0.15384615384615385
222938,2017,0.07692307692307693
222983,2017,0.6470588235294118
223232,2017,0.6769911504424779
223463,2017,0.6666666666666666
224004,2017,0.09375
224147,2017,0.30526315789473685
224226,2017,0.22580645161290322
224244,2017,0.1
224323,2017,0.2
224527,2017,0.24691358024691357
224545,2017,0.3611111111111111
224554,2017,0.3056768558951965
224776,2017,0.0
225201,2017,0.2
225247,2017,0.1891891891891892
225399,2017,0.27350427350427353
225432,2017,0.09644670050761421
225502,2017,0.20634920634920634
225511,2017,0.5215189873417722
225548,2017,0.2682926829268293
225575,2017,0.24050632911392406
225627,2017,0.42
225885,2017,0.18840579710144928
226091,2017,0.18267929634641408
226152,2017,0.0
226231,2017,0.38461538461538464
226383,2017,0.23076923076923078
226471,2017,0.2716049382716049
226587,2017,0.2653061224489796
226833,2017,0.32098765432098764
227216,2017,0.42234848484848486
227331,2017,0.14285714285714285
227368,2017,0.3125
227429,2017,0.21951219512195122
227526,2017,0.3500717360114778
227757,2017,0.859375
227845,2017,0.72
227863,2017,0.21428571428571427
227881,2017,0.4294234592445328
228042,2017,0.23076923076923078
228149,2017,0.7142857142857143
228246,2017,0.6142857142857143
228325,2017,0.3888888888888889
228343,2017,0.6363636363636364
228431,2017,0.4564831261101243
228459,2017,0.5186170212765957
228468,2017,0.5833333333333334
228486,2017,1.0
228501,2017,0.2916666666666667
228529,2017,0.35833333333333334
228705,2017,0.34
228723,2017,0.6124567474048442
228769,2017,0.41368078175895767
228778,2017,0.7406340057636888
228787,2017,0.6037735849056604
228796,2017,0.2602739726027397
228802,2017,0.3
228875,2017,0.7176470588235294
228884,2017,0.06779661016949153
228981,2017,0.40540540540540543
229018,2017,0.7142857142857143
229027,2017,0.4146341463414634
229063,2017,0.20786516853932585
229115,2017,0.5327868852459017
229160,2017,0.32
229179,2017,0.314878892733564
229267,2017,0.5833333333333334
229780,2017,0.08695652173913043
229814,2017,0.15294117647058825
229887,2017,0.38869257950530034
230038,2017,0.6190476190476191
230047,2017,1.0
230171,2017,0.3
230603,2017,0.06666666666666667
230621,2017,0.0
230728,2017,0.28
230737,2017,0.125
230764,2017,0.56
230782,2017,0.2558139534883721
230807,2017,0.5
230816,2017,0.5
230834,2017,0.5
230852,2017,0.4375
230898,2017,0.5
230913,2017,0.3
230959,2017,0.8421052631578947
230977,2017,1.0
230995,2017,0.5
231059,2017,0.7307692307692307
231077,2017,0.2222222222222222
231086,2017,0.6666666666666666
231095,2017,0.0
231174,2017,0.7142857142857143
231420,2017,0.37209302325581395
231554,2017,0.17647058823529413
231581,2017,0.43636363636363634
231624,2017,0.8319327731092437
231651,2017,0.4482758620689655
231712,2017,0.6138613861386139
231837,2017,0.0
232025,2017,0.52
232043,2017,0.30434782608695654
232089,2017,0.15942028985507245
232186,2017,0.6526315789473685
232256,2017,0.47619047619047616
232265,2017,0.5824308062575211
232308,2017,0.4
232423,2017,0.7176470588235294
232557,2017,0.3164983164983165
232566,2017,0.6829268292682927
232609,2017,0.6222222222222222
232672,2017,0.47058823529411764
232681,2017,0.5094339622641509
232706,2017,0.5189873417721519
232937,2017,0.39753086419753086
232982,2017,0.49019607843137253
233277,2017,0.6020408163265306
233295,2017,0.4772727272727273
233301,2017,0.6296296296296297
233374,2017,0.9056603773584906
233426,2017,0.5757575757575758
233541,2017,0.4482758620689655
233611,2017,0.3
233684,2017,1.0
233718,2017,0.2
233897,2017,0.3968253968253968
233921,2017,0.7636363636363637
234030,2017,0.6283662477558348
234076,2017,0.8723404255319149
234085,2017,0.6
234137,2017,0.1388888888888889
234155,2017,0.38961038961038963
234164,2017,0.3351206434316354
234173,2017,0.4336283185840708
234207,2017,1.0
234492,2017,0.0
234827,2017,0.4
235024,2017,0.75
235097,2017,0.25
235167,2017,0.47368421052631576
235316,2017,0.7272727272727273
235422,2017,0.0
236133,2017,0.3333333333333333
236230,2017,0.5384615384615384
236328,2017,0.42857142857142855
236452,2017,0.5714285714285714
236577,2017,0.65625
236595,2017,0.5185185185185185
236896,2017,0.2
236939,2017,0.47191011235955055
236948,2017,0.7372881355932204
237011,2017,0.5510204081632653
237057,2017,1.0
237066,2017,0.8888888888888888
237118,2017,0.17391304347826086
237136,2017,0.0
237181,2017,0.1686746987951807
237215,2017,0.13333333333333333
237312,2017,0.1724137931034483
237330,2017,0.24324324324324326
237358,2017,0.5
237367,2017,0.18181818181818182
237385,2017,0.11764705882352941
237525,2017,0.3076923076923077
237640,2017,0.3333333333333333
237783,2017,0.11764705882352941
237792,2017,0.4
237899,2017,0.25
237932,2017,0.34782608695652173
237950,2017,0.1111111111111111
237969,2017,0.1746031746031746
238032,2017,0.44635193133047213
238078,2017,0.4
238193,2017,0.22641509433962265
238333,2017,0.8571428571428571
238430,2017,0.2857142857142857
238458,2017,0.375
238476,2017,0.6060606060606061
238616,2017,0.5909090909090909
238661,2017,0.125
238980,2017,0.3333333333333333
239017,2017,0.5454545454545454
239080,2017,0.2619047619047619
239105,2017,0.8152173913043478
239309,2017,0.2
239318,2017,0.125
239390,2017,0.1111111111111111
239512,2017,0.0
239628,2017,0.8
239716,2017,0.0
239743,2017,0.17647058823529413
240107,2017,0.5
240189,2017,0.3333333333333333
240268,2017,0.4666666666666667
240277,2017,0.6666666666666666
240329,2017,0.4375
240338,2017,0.4
240365,2017,0.25757575757575757
240374,2017,0.22
240392,2017,0.2857142857142857
240417,2017,0.25
240426,2017,0.125
240444,2017,0.8137254901960784
240453,2017,0.2549800796812749
240462,2017,0.07692307692307693
240471,2017,0.25
240480,2017,0.5185185185185185
240727,2017,0.3333333333333333
240754,2017,1.0
241191,2017,1.0
242705,2017,0.0
243106,2017,0.5
243142,2017,0.3333333333333333
243179,2017,0.4583333333333333
243221,2017,0.3333333333333333
243665,2017,0.24110671936758893
243744,2017,0.9021739130434783
243780,2017,0.6780487804878049
245953,2017,0.3
247065,2017,0.25
248934,2017,0.3153153153153153
251312,2017,0.2608695652173913
260813,2017,1.0
262129,2017,0.625
363934,2017,0.2777777777777778
366252,2017,0.3076923076923077
366711,2017,0.55
367884,2017,0.09090909090909091
367936,2017,0.0
368443,2017,0.75
368452,2017,0.9444444444444444
372958,2017,1.0
377555,2017,0.72
377564,2017,0.6666666666666666
384254,2017,0.5
384412,2017,0.2702702702702703
385619,2017,0.5051546391752577
386472,2017,0.3333333333333333
388520,2017,0.3333333333333333
392840,2017,0.6
399869,2017,0.09090909090909091
399911,2017,1.0
402776,2017,1.0
404338,2017,0.0
407009,2017,0.5
408844,2017,1.0
409698,2017,0.45454545454545453
410502,2017,0.21052631578947367
412599,2017,0.5
414595,2017,1.0
414823,2017,0.5104895104895105
420042,2017,0.0
420574,2017,0.5
421832,2017,0.39285714285714285
426314,2017,0.0851063829787234
430184,2017,0.25
430810,2017,0.3333333333333333
432223,2017,0.16666666666666666
433004,2017,0.0
433387,2017,0.0
433536,2017,0.25
433660,2017,0.4744897959183674
434973,2017,0.3333333333333333
436094,2017,0.0
436429,2017,0.7592592592592593
436818,2017,0.75
436827,2017,0.5
436836,2017,0.7586206896551724
437097,2017,0.0
438151,2017,0.03333333333333333
438179,2017,0.0
438498,2017,0.3333333333333333
438586,2017,0.25925925925925924
439057,2017,0.5
439288,2017,0.5555555555555556
439613,2017,0.6666666666666666
440396,2017,0.0
440794,2017,0.2727272727272727
441511,2017,0.98989898989899
441900,2017,0.25
441937,2017,0.5428571428571428
442161,2017,0.0
442569,2017,0.06666666666666667
442639,2017,0.6666666666666666
442930,2017,0.5555555555555556
444088,2017,0.3333333333333333
444255,2017,0.3333333333333333
444778,2017,0.5
445027,2017,0.13725490196078433
445133,2017,0.4166666666666667
445188,2017,0.6666666666666666
445300,2017,0.13333333333333333
445391,2017,0.0
445692,2017,0.7
445708,2017,0.5149700598802395
446048,2017,0.18181818181818182
446233,2017,0.0
446640,2017,0.28888888888888886
447272,2017,0.4
447458,2017,0.0
447689,2017,0.10244648318042814
447953,2017,0.16666666666666666
448309,2017,0.5714285714285714
448567,2017,0.07407407407407407
448752,2017,0.2857142857142857
448840,2017,0.22666666666666666
448886,2017,0.6181818181818182
449339,2017,0.35964912280701755
449348,2017,1.0
449764,2017,0.0
449898,2017,0.0
450483,2017,0.21052631578947367
450933,2017,0.12236286919831224
450979,2017,0.1111111111111111
451556,2017,0.5
451662,2017,0.0
451820,2017,0.16
452090,2017,0.0
453163,2017,0.0
454184,2017,0.4166666666666667
454829,2017,0.0
456348,2017,0.036585365853658534
456959,2017,1.0
457402,2017,0.5
458229,2017,0.0
458496,2017,0.3333333333333333
458964,2017,0.5
458973,2017,1.0
458982,2017,0.125
459259,2017,0.0
459268,2017,0.1111111111111111
459842,2017,0.5
459851,2017,0.0
460783,2017,0.5348837209302325
460871,2017,0.0
460899,2017,0.0
461005,2017,1.0
461032,2017,1.0
461148,2017,0.5
461759,2017,0.6
461795,2017,0.08
462354,2017,0.0
463056,2017,0.5333333333333333
465812,2017,0.04285714285714286
466921,2017,0.0
468024,2017,0.0
474890,2017,0.5
475121,2017,0.022508038585209004
475237,2017,1.0
475608,2017,0.0
475635,2017,0.5
479956,2017,0.0
480073,2017,0.0
480082,2017,0.0
482149,2017,0.24675324675324675
482158,2017,0.22321428571428573
482413,2017,0.5384615384615384
482422,2017,0.0
482431,2017,0.3333333333333333
482459,2017,0.2777777777777778
482468,2017,0.14814814814814814
482477,2017,0.34615384615384615
482486,2017,0.0
482538,2017,0.0
482547,2017,0.0
482556,2017,0.5
482565,2017,1.0
482574,2017,0.42857142857142855
482608,2017,0.2727272727272727
482635,2017,0.125
482653,2017,0.25
482680,2017,0.46153846153846156
483018,2017,0.6666666666666666
483124,2017,0.3142857142857143
484613,2017,0.05925925925925926
484631,2017,0.11864406779661017
484640,2017,0.3333333333333333
484668,2017,0.22727272727272727
484677,2017,0.13970588235294118
484686,2017,0.2
484695,2017,0.08
484701,2017,0.1951219512195122
484710,2017,0.07142857142857142
484729,2017,0.18604651162790697
484747,2017,0.11842105263157894
484756,2017,0.09859154929577464
484765,2017,0.1111111111111111
484783,2017,0.0625
484905,2017,0.08823529411764706
485263,2017,0.44
485768,2017,0.75
486840,2017,0.4178794178794179
486901,2017,0.5
487524,2017,0.21428571428571427
489937,2017,0.25
490805,2017,0.11949685534591195
492069,2017,0.125
492801,2017,0.3333333333333333
492962,2017,0.32019704433497537
100654,2018,0.30103806228373703
100663,2018,0.5572916666666666
100690,2018,0.0
100706,2018,0.42857142857142855
100724,2018,0.3079710144927536
100751,2018,0.5657237936772047
100830,2018,0.23943661971830985
100858,2018,0.6347826086956522
100937,2018,0.5333333333333333
101189,2018,0.15492957746478872
101435,2018,0.35294117647058826
101480,2018,0.268
101541,2018,0.3333333333333333
101587,2018,0.34965034965034963
101675,2018,0.2506393861892583
101693,2018,0.2916666666666667
101709,2018,0.5492957746478874
101879,2018,0.3710691823899371
101912,2018,0.5228758169934641
102049,2018,0.6842105263157895
102058,2018,0.01834862385321101
102094,2018,0.3616557734204793
102234,2018,0.546875
102270,2018,0.2792207792207792
102298,2018,0.35436893203883496
102368,2018,0.328125
102377,2018,0.5207877461706784
102553,2018,0.28
102614,2018,0.25
102845,2018,0.17721518987341772
104090,2018,0.15254237288135594
104151,2018,0.49137931034482757
104179,2018,0.5446009389671361
104188,2018,0.0
104586,2018,0.6666666666666666
104717,2018,0.3445378151260504
105330,2018,0.3291139240506329
105589,2018,0.0
105899,2018,0.0
106245,2018,0.30978260869565216
106306,2018,0.16666666666666666
106342,2018,0.375
106397,2018,0.4797979797979798
106412,2018,0.33648393194706994
106458,2018,0.42660550458715596
106467,2018,0.17647058823529413
106485,2018,0.1592356687898089
106704,2018,0.27637130801687765
106713,2018,0.1
106810,2018,0.0
107044,2018,0.40425531914893614
107071,2018,0.20093457943925233
107080,2018,0.5789473684210527
107141,2018,0.25
107512,2018,0.2553191489361702
107558,2018,0.3333333333333333
107600,2018,0.4049586776859504
107877,2018,0.0
107983,2018,0.29559748427672955
108092,2018,0.17142857142857143
108232,2018,0.20833333333333334
109651,2018,1.0
109785,2018,0.7142857142857143
110060,2018,0.4
110097,2018,0.6111111111111112
110361,2018,0.4426229508196721
110370,2018,0.625
110404,2018,0.75
110413,2018,0.6842105263157895
110422,2018,0.6
110468,2018,0.0
110486,2018,0.3411764705882353
110495,2018,0.52
110510,2018,0.4603174603174603
110529,2018,0.5901639344262295
110538,2018,0.4642857142857143
110547,2018,0.3804878048780488
110556,2018,0.49056603773584906
110565,2018,0.5185185185185185
110574,2018,0.365296803652968
110583,2018,0.6950354609929078
110592,2018,0.42528735632183906
110608,2018,0.4195804195804196
110617,2018,0.43119266055045874
110635,2018,0.7619047619047619
110644,2018,0.8555555555555555
110653,2018,0.8064516129032258
110662,2018,0.7953216374269005
110671,2018,0.7452229299363057
110680,2018,0.7714285714285715
110705,2018,0.68
110714,2018,0.6987951807228916
111081,2018,0.5384615384615384
111188,2018,0.5
111948,2018,0.5555555555555556
111966,2018,0.6666666666666666
112075,2018,0.2857142857142857
112084,2018,0.2727272727272727
112260,2018,0.8095238095238095
112394,2018,0.0
112570,2018,0.25
113698,2018,0.5625
114813,2018,0.7142857142857143
115409,2018,1.0
115728,2018,0.6923076923076923
115755,2018,0.36363636363636365
117104,2018,0.0
117140,2018,0.7407407407407407
117168,2018,0.0
117627,2018,0.5
117751,2018,1.0
117946,2018,0.8181818181818182
118541,2018,0.5625
118693,2018,0.4
118888,2018,0.5625
119173,2018,0.5833333333333334
119605,2018,0.25
120184,2018,0.35714285714285715
120254,2018,0.8846153846153846
120403,2018,0.5
120537,2018,0.75
120865,2018,0.3684210526315789
120883,2018,0.5555555555555556
121150,2018,0.8076923076923077
121257,2018,0.6363636363636364
121309,2018,0.375
121345,2018,0.8888888888888888
121691,2018,0.8181818181818182
122409,2018,0.6742424242424242
122436,2018,0.7714285714285715
122506,2018,0.0
122597,2018,0.6125
122612,2018,0.6842105263157895
122728,2018,0.375
122755,2018,0.5034013605442177
122931,2018,0.9215686274509803
123165,2018,0.8571428571428571
123457,2018,1.0
123554,2018,0.7333333333333333
123572,2018,0.5306122448979592
123651,2018,0.5
123961,2018,0.875
125727,2018,1.0
125763,2018,0.6428571428571429
125897,2018,0.25
126182,2018,0.24
126562,2018,0.391304347826087
126580,2018,0.359375
126614,2018,0.5206611570247934
126669,2018,0.14285714285714285
126678,2018,0.6153846153846154
126711,2018,1.0
126775,2018,0.8
126818,2018,0.632183908045977
126827,2018,0.1597222222222222
127060,2018,0.782608695652174
127185,2018,0.16666666666666666
127556,2018,0.16
127565,2018,0.18666666666666668
127653,2018,1.0
127741,2018,0.46464646464646464
127918,2018,0.3333333333333333
127945,2018,0.3333333333333333
128106,2018,0.3442622950819672
128328,2018,0.8021978021978022
128391,2018,0.3888888888888889
128498,2018,0.38461538461538464
128744,2018,0.36752136752136755
128771,2018,0.40540540540540543
128902,2018,0.7894736842105263
129020,2018,0.72
129154,2018,0.45454545454545453
129215,2018,0.4107142857142857
129242,2018,0.8125
129525,2018,0.4
129774,2018,0.5161290322580645
129941,2018,0.5111111111111111
130110,2018,1.0
130183,2018,0.3333333333333333
130226,2018,0.6896551724137931
130253,2018,0.9333333333333333
130314,2018,0.4
130493,2018,0.41621621621621624
130590,2018,0.90625
130624,2018,0.75
130697,2018,0.9583333333333334
130776,2018,0.45348837209302323
130794,2018,0.9680851063829787
130934,2018,0.45156482861400893
130943,2018,0.7129186602870813
130989,2018,0.41935483870967744
131098,2018,0.2403846153846154
131113,2018,0.0967741935483871
131159,2018,0.7525773195876289
131283,2018,0.5714285714285714
131399,2018,0.2807017543859649
131450,2018,0.34615384615384615
131469,2018,0.719626168224299
131496,2018,0.8653846153846154
131520,2018,0.6421052631578947
131876,2018,0.33519553072625696
132408,2018,0.0
132471,2018,0.3103448275862069
132602,2018,0.3227222832052689
132657,2018,0.4864864864864865
132842,2018,0.0
132879,2018,0.2857142857142857
132903,2018,0.676818950930626
133465,2018,0.1
133492,2018,0.5
133526,2018,0.2752808988764045
133553,2018,0.45
133650,2018,0.5322997416020672
133669,2018,0.5213358070500927
133711,2018,0.34782608695652173
133809,2018,0.3333333333333333
133872,2018,0.2727272727272727
133881,2018,0.4642857142857143
133951,2018,0.5588235294117647
133979,2018,0.29218106995884774
134079,2018,0.6071428571428571
134097,2018,0.8034398034398035
134112,2018,0.2222222222222222
134130,2018,0.7743589743589744
134237,2018,0.281648675171737
134510,2018,0.0
134811,2018,0.875
134945,2018,0.32673267326732675
135081,2018,0.45454545454545453
135364,2018,0.5
135726,2018,0.7740112994350282
136172,2018,0.6538461538461539
136215,2018,0.4659090909090909
136330,2018,0.5416666666666666
136774,2018,0.6666666666666666
136950,2018,0.6470588235294118
137032,2018,0.47619047619047616
137272,2018,1.0
137351,2018,0.7803468208092486
137476,2018,0.23404255319148937
137546,2018,0.5974025974025974
137564,2018,0.30597014925373134
137847,2018,0.49295774647887325
137953,2018,0.15789473684210525
137962,2018,0.0
138275,2018,0.4489795918367347
138293,2018,0.26666666666666666
138309,2018,0.25
138354,2018,0.35428571428571426
138558,2018,0.1111111111111111
138600,2018,0.7317073170731707
138716,2018,0.37901498929336186
138813,2018,0.38636363636363635
138868,2018,0.14545454545454545
138901,2018,0.5
138947,2018,0.4454828660436137
139144,2018,0.5862068965517241
139153,2018,0.13333333333333333
139199,2018,0.46153846153846156
139205,2018,0.2
139250,2018,0.16279069767441862
139311,2018,0.33212996389891697
139366,2018,0.37822349570200575
139393,2018,0.4444444444444444
139463,2018,0.1111111111111111
139579,2018,0.07142857142857142
139630,2018,0.4166666666666667
139658,2018,0.9174311926605505
139719,2018,0.348
139755,2018,0.7547169811320755
139764,2018,0.29591836734693877
139861,2018,0.717391304347826
139931,2018,0.4847926267281106
139940,2018,0.5852140077821012
139959,2018,0.8624338624338624
140234,2018,0.2962962962962963
140252,2018,0.04
140340,2018,0.15384615384615385
140447,2018,0.6326530612244898
140553,2018,0.5504385964912281
140696,2018,0.4791666666666667
140720,2018,0.12017167381974249
140818,2018,0.29411764705882354
140872,2018,0.1896551724137931
140951,2018,0.5789473684210527
140960,2018,0.299469964664311
140988,2018,0.25316455696202533
141060,2018,0.7509803921568627
141167,2018,0.26666666666666666
141185,2018,0.35294117647058826
141237,2018,0.10526315789473684
141264,2018,0.3932411674347158
141325,2018,0.34285714285714286
141334,2018,0.4735023041474654
141361,2018,0.21212121212121213
141486,2018,0.2857142857142857
141565,2018,0.4
141574,2018,0.40625
141644,2018,0.23529411764705882
141981,2018,0.6666666666666666
142090,2018,1.0
142115,2018,0.45
142276,2018,0.375
142285,2018,0.6538461538461539
142294,2018,0.75
142328,2018,1.0
142461,2018,0.0
142522,2018,0.3
142887,2018,0.0
142957,2018,0.0
143048,2018,0.6666666666666666
143084,2018,0.6923076923076923
143118,2018,0.42857142857142855
143288,2018,0.8
143358,2018,0.546875
144005,2018,0.1650485436893204
144050,2018,0.9444444444444444
144281,2018,0.35376044568245124
144351,2018,0.22807017543859648
144740,2018,0.5506329113924051
144883,2018,0.10655737704918032
144892,2018,0.35517241379310344
144962,2018,0.36363636363636365
144971,2018,0.07142857142857142
145372,2018,0.3103448275862069
145600,2018,0.462406015037594
145619,2018,0.1702127659574468
145637,2018,0.7146171693735499
145646,2018,0.72
145691,2018,0.45098039215686275
145725,2018,0.4444444444444444
145813,2018,0.5376712328767124
146339,2018,0.5
146427,2018,0.6666666666666666
146481,2018,0.7037037037037037
146612,2018,0.56
146667,2018,0.0
146676,2018,0.05
146719,2018,0.6
146825,2018,0.1875
147013,2018,0.46
147129,2018,1.0
147244,2018,0.4067796610169492
147341,2018,0.3333333333333333
147369,2018,0.0
147536,2018,0.0
147660,2018,0.5
147679,2018,0.48
147703,2018,0.30040053404539385
147767,2018,0.8925619834710744
147776,2018,0.10526315789473684
147828,2018,0.3484848484848485
148016,2018,0.0
148131,2018,0.3225806451612903
148335,2018,0.7894736842105263
148405,2018,0.05263157894736842
148487,2018,0.29850746268656714
148496,2018,0.52
148584,2018,0.4
148627,2018,0.3904761904761905
148654,2018,0.4375
148876,2018,0.1111111111111111
149222,2018,0.28859060402684567
149231,2018,0.3359580052493438
149505,2018,0.4
149514,2018,0.3333333333333333
149639,2018,0.0
149772,2018,0.32779097387173395
149781,2018,0.9444444444444444
150066,2018,0.21052631578947367
150136,2018,0.5072463768115942
150145,2018,0.35714285714285715
150163,2018,0.6944444444444444
150172,2018,0.125
150400,2018,0.813953488372093
150455,2018,0.5
150534,2018,0.4444444444444444
150604,2018,0.6
150668,2018,0.36363636363636365
150677,2018,0.5
150756,2018,0.4375
150774,2018,0.6
150941,2018,0.4
151102,2018,0.19047619047619047
151111,2018,0.3345323741007194
151263,2018,0.3888888888888889
151290,2018,0.2441860465116279
151306,2018,0.2876712328767123
151324,2018,0.278393351800554
151333,2018,0.07692307692307693
151342,2018,0.24324324324324326
151351,2018,0.598705501618123
151360,2018,0.12087912087912088
151379,2018,0.15217391304347827
151388,2018,0.14285714285714285
151777,2018,0.45
151786,2018,0.5
151801,2018,0.4375
151810,2018,0.09090909090909091
151962,2018,1.0
152080,2018,0.8604651162790697
152099,2018,0.0
152318,2018,0.5833333333333334
152336,2018,0.23333333333333334
152381,2018,0.5714285714285714
152390,2018,0.8333333333333334
152530,2018,0.4
152567,2018,0.3333333333333333
152600,2018,0.5333333333333333
152637,2018,0.0
152673,2018,0.7333333333333333
152992,2018,0.05555555555555555
153001,2018,0.2222222222222222
153108,2018,0.5714285714285714
153126,2018,0.42857142857142855
153144,2018,0.5625
153162,2018,0.5
153250,2018,0.8333333333333334
153269,2018,0.7241379310344828
153278,2018,0.30120481927710846
153302,2018,0.5
153320,2018,0.0
153366,2018,0.2
153375,2018,0.2962962962962963
153384,2018,0.7241379310344828
153603,2018,0.5533333333333333
153621,2018,0.125
153658,2018,0.5571428571428572
153825,2018,0.25
153834,2018,0.5
153861,2018,1.0
154004,2018,0.5
154013,2018,0.3333333333333333
154022,2018,0.04284103720405862
154095,2018,0.40540540540540543
154101,2018,0.25
154235,2018,0.13793103448275862
154350,2018,0.8
154493,2018,0.0
154518,2018,0.1
154527,2018,0.17647058823529413
154590,2018,0.21739130434782608
154688,2018,0.5294117647058824
154712,2018,0.2222222222222222
154721,2018,0.3333333333333333
154749,2018,0.11538461538461539
154855,2018,0.11428571428571428
155025,2018,0.37142857142857144
155061,2018,0.23684210526315788
155070,2018,0.25
155089,2018,0.29411764705882354
155283,2018,0.3333333333333333
155317,2018,0.4696969696969697
155335,2018,0.14285714285714285
155399,2018,0.38562091503267976
155414,2018,0.4666666666666667
155496,2018,0.0
155511,2018,0.24
155520,2018,0.2
155627,2018,0.25
155681,2018,0.3076923076923077
155812,2018,0.45454545454545453
155900,2018,0.5
155937,2018,0.5384615384615384
155973,2018,0.1111111111111111
156082,2018,0.09375
156125,2018,0.39705882352941174
156189,2018,0.0
156213,2018,0.45454545454545453
156286,2018,0.5652173913043478
156295,2018,0.7333333333333333
156356,2018,0.4444444444444444
156365,2018,0.2
156408,2018,0.95
156541,2018,0.08333333333333333
156620,2018,0.3392857142857143
156745,2018,0.2692307692307692
157058,2018,0.25297619047619047
157076,2018,0.2727272727272727
157085,2018,0.5214285714285715
157100,2018,0.2
157216,2018,0.225
157289,2018,0.5551601423487544
157377,2018,0.25
157386,2018,0.43209876543209874
157401,2018,0.33858267716535434
157447,2018,0.3825503355704698
157535,2018,0.0625
157748,2018,0.0
157757,2018,0.19047619047619047
157809,2018,0.2857142857142857
157818,2018,0.7272727272727273
157863,2018,0.35
157951,2018,0.30666666666666664
158477,2018,0.7142857142857143
158802,2018,0.495
159009,2018,0.3595166163141994
159382,2018,0.14285714285714285
159391,2018,0.5617021276595745
159416,2018,0.16923076923076924
159568,2018,0.20253164556962025
159647,2018,0.4270833333333333
159656,2018,0.6147540983606558
159717,2018,0.3183673469387755
159939,2018,0.3288590604026846
159948,2018,0.0
159966,2018,0.3417085427135678
159993,2018,0.40700808625336926
160038,2018,0.33933933933933935
160065,2018,0.13333333333333333
160074,2018,0.16666666666666666
160409,2018,0.0
160612,2018,0.26948775055679286
160621,2018,0.4090909090909091
160630,2018,0.21844660194174756
160658,2018,0.4103852596314908
160755,2018,0.8679245283018868
160904,2018,0.5184275184275184
160959,2018,0.0
160977,2018,0.9487179487179487
161004,2018,0.9629629629629629
161086,2018,0.9444444444444444
161217,2018,0.0
161226,2018,0.6666666666666666
161235,2018,0.0
161244,2018,0.0
161253,2018,0.3333333333333333
161299,2018,1.0
161341,2018,0.0
161457,2018,0.7142857142857143
161509,2018,0.0
161518,2018,1.0
161554,2018,0.2916666666666667
161563,2018,0.23076923076923078
161572,2018,0.5
161873,2018,0.39855072463768115
162007,2018,0.44483985765124556
162061,2018,0.3157894736842105
162210,2018,0.421875
162283,2018,0.25
162584,2018,0.47692307692307695
162654,2018,0.65625
162760,2018,0.4897959183673469
162928,2018,0.7848101265822784
163046,2018,0.8275862068965517
163204,2018,0.13157894736842105
163268,2018,0.7351351351351352
163286,2018,0.8127413127413128
163295,2018,0.65
163338,2018,0.4144144144144144
163453,2018,0.4375821287779238
163462,2018,0.5476190476190477
163578,2018,0.4
163851,2018,0.65625
163912,2018,0.7027027027027027
163976,2018,0.0
164076,2018,0.726790450928382
164155,2018,0.8658536585365854
164173,2018,0.5625
164216,2018,0.7777777777777778
164270,2018,0.5645161290322581
164447,2018,0.36065573770491804
164465,2018,0.9655172413793104
164492,2018,0.27586206896551724
164562,2018,0.59375
164580,2018,0.8571428571428571
164632,2018,0.21428571428571427
164641,2018,1.0
164720,2018,0.3870967741935484
164739,2018,0.8787878787878788
164748,2018,0.4
164872,2018,0.0
164924,2018,0.9294117647058824
164988,2018,0.8548387096774194
165015,2018,0.8421052631578947
165024,2018,0.5677966101694916
165167,2018,0.0
165264,2018,0.0
165334,2018,0.7692307692307693
165529,2018,0.4107142857142857
165574,2018,0.5294117647058824
165644,2018,0.3448275862068966
165662,2018,0.625
165671,2018,0.8461538461538461
165699,2018,0.9090909090909091
165802,2018,0.26666666666666666
165820,2018,0.6296296296296297
165866,2018,0.5416666666666666
165936,2018,0.7894736842105263
166018,2018,0.625
166027,2018,0.9557522123893806
166124,2018,1.0
166391,2018,0.3888888888888889
166452,2018,0.6
166513,2018,0.5
166629,2018,0.7364864864864865
166638,2018,0.43373493975903615
166656,2018,0.4186046511627907
166674,2018,0.8
166683,2018,0.9807692307692307
166692,2018,0.8
166850,2018,0.7692307692307693
166911,2018,0.6666666666666666
166939,2018,0.7241379310344828
167057,2018,0.5
167260,2018,0.45
167288,2018,0.5365853658536586
167358,2018,0.8131868131868132
167394,2018,0.6
167455,2018,0.5714285714285714
167598,2018,0.5967741935483871
167729,2018,0.609375
167783,2018,0.8947368421052632
167835,2018,0.8846153846153846
167899,2018,0.4666666666666667
167987,2018,0.525
167996,2018,0.6956521739130435
168005,2018,0.5277777777777778
168148,2018,0.9375
168218,2018,0.925
168227,2018,0.6333333333333333
168254,2018,0.5333333333333333
168263,2018,0.5789473684210527
168281,2018,0.76
168342,2018,0.8536585365853658
168421,2018,0.7727272727272727
168430,2018,0.5925925925925926
168528,2018,0.21052631578947367
168546,2018,0.4
168591,2018,0.7142857142857143
168740,2018,0.6271186440677966
168786,2018,0.6363636363636364
168847,2018,0.045454545454545456
169080,2018,0.46153846153846156
169248,2018,0.5113122171945701
169327,2018,1.0
169363,2018,0.21428571428571427
169442,2018,0.5416666666666666
169479,2018,0.29411764705882354
169716,2018,0.3684210526315789
169798,2018,0.29892141756548535
169910,2018,0.17647058823529413
169983,2018,0.4
170000,2018,0.6666666666666666
170037,2018,0.4666666666666667
170082,2018,0.5145228215767634
170091,2018,0.0
170301,2018,0.5882352941176471
170532,2018,0.7894736842105263
170639,2018,0.2857142857142857
170675,2018,0.12
170806,2018,0.20689655172413793
170967,2018,0.2857142857142857
170976,2018,0.8448979591836735
171100,2018,0.6086206896551725
171128,2018,1.0
171137,2018,0.2857142857142857
171146,2018,0.26126126126126126
171456,2018,0.25806451612903225
171492,2018,0.13157894736842105
171571,2018,0.3238095238095238
171599,2018,0.23255813953488372
171881,2018,0.0
172051,2018,0.17256637168141592
172264,2018,0.3333333333333333
172334,2018,0.37037037037037035
172440,2018,0.3333333333333333
172644,2018,0.23607427055702918
172699,2018,0.36926605504587157
173045,2018,0.5348837209302325
173124,2018,0.3333333333333333
173142,2018,0.0
173160,2018,0.3333333333333333
173258,2018,0.9090909090909091
173300,2018,0.46153846153846156
173328,2018,0.4418604651162791
173452,2018,0.2
173647,2018,0.6666666666666666
173665,2018,0.5217391304347826
173902,2018,0.9333333333333333
173920,2018,0.2827586206896552
174020,2018,0.6
174066,2018,0.7241379310344828
174075,2018,0.16666666666666666
174127,2018,1.0
174233,2018,0.5652173913043478
174251,2018,0.5454545454545454
174358,2018,0.3
174437,2018,0.16666666666666666
174491,2018,0.6
174507,2018,0.0
174747,2018,0.6
174783,2018,0.30097087378640774
174792,2018,0.6923076923076923
174817,2018,0.25
174844,2018,0.7777777777777778
174862,2018,0.17391304347826086
174899,2018,0.7692307692307693
174914,2018,0.6666666666666666
175005,2018,0.5555555555555556
175014,2018,0.5
175078,2018,0.23529411764705882
175272,2018,0.3939393939393939
175342,2018,0.4
175421,2018,0.3
175430,2018,0.8571428571428571
175616,2018,0.2922077922077922
175856,2018,0.37168141592920356
175980,2018,0.6666666666666666
176017,2018,0.4403292181069959
176035,2018,0.36
176044,2018,0.35516372795969775
176053,2018,0.32222222222222224
176080,2018,0.4018445322793149
176318,2018,0.28294573643410853
176336,2018,0.3333333333333333
176372,2018,0.3557422969187675
176406,2018,0.5133333333333333
176479,2018,0.3333333333333333
176628,2018,0.23529411764705882
176664,2018,0.0
176789,2018,0.4
176910,2018,0.0
176947,2018,0.25925925925925924
176965,2018,0.36585365853658536
177065,2018,0.15841584158415842
177117,2018,1.0
177144,2018,0.32
177214,2018,0.3076923076923077
177339,2018,0.2413793103448276
177418,2018,0.5
177542,2018,0.1111111111111111
177551,2018,0.1476510067114094
177746,2018,0.6666666666666666
177940,2018,0.1912568306010929
177968,2018,0.42424242424242425
178059,2018,0.4
178244,2018,0.225
178341,2018,0.19672131147540983
178369,2018,0.16831683168316833
178387,2018,0.2222222222222222
178396,2018,0.5833333333333334
178402,2018,0.3333333333333333
178411,2018,0.35294117647058826
178420,2018,0.3088235294117647
178615,2018,0.6296296296296297
178624,2018,0.3025210084033613
178679,2018,0.0
178697,2018,1.0
178721,2018,0.3333333333333333
178767,2018,1.0
178891,2018,0.25
179043,2018,0.5454545454545454
179159,2018,0.582089552238806
179256,2018,1.0
179326,2018,0.20588235294117646
179548,2018,0.1724137931034483
179557,2018,0.3626943005181347
179566,2018,0.41818181818181815
179867,2018,0.935064935064935
179894,2018,0.41379310344827586
179946,2018,0.14285714285714285
179955,2018,0.35294117647058826
179964,2018,1.0
180106,2018,0.6666666666666666
180179,2018,0.0
180258,2018,0.3333333333333333
180461,2018,0.25
180489,2018,0.2857142857142857
180595,2018,0.375
180692,2018,0.5
180814,2018,0.0
180948,2018,0.14285714285714285
180984,2018,0.5263157894736842
181002,2018,0.7333333333333333
181020,2018,0.16666666666666666
181127,2018,0.5
181215,2018,0.1875
181330,2018,0.2222222222222222
181394,2018,0.26506024096385544
181446,2018,0.0
181464,2018,0.5042735042735043
181534,2018,0.043478260869565216
181543,2018,0.0
181604,2018,0.4
181738,2018,0.4666666666666667
181783,2018,0.3793103448275862
181853,2018,0.3076923076923077
182281,2018,0.26277372262773724
182290,2018,0.4909090909090909
182306,2018,0.0
182458,2018,0.0
182634,2018,0.6666666666666666
182670,2018,0.9178082191780822
182795,2018,0.5
182980,2018,0.22727272727272727
183026,2018,0.20634920634920634
183044,2018,0.5862068965517241
183062,2018,0.75
183080,2018,0.45
183211,2018,0.0
183239,2018,0.8571428571428571
183275,2018,0.0
183789,2018,0.23157894736842105
183822,2018,0.3
183910,2018,0.6382978723404256
183974,2018,0.3333333333333333
184348,2018,0.5434782608695652
184603,2018,0.42857142857142855
184612,2018,0.3870967741935484
184694,2018,0.5857142857142857
184773,2018,0.36363636363636365
184782,2018,0.5488721804511278
185129,2018,0.2868217054263566
185262,2018,0.3935483870967742
185572,2018,0.6666666666666666
185590,2018,0.6723549488054608
185828,2018,0.5555555555555556
186131,2018,0.970873786407767
186201,2018,0.65625
186283,2018,0.5806451612903226
186371,2018,0.5294117647058824
186380,2018,0.7975903614457831
186399,2018,0.6439393939393939
186432,2018,0.4682080924855491
186584,2018,0.5847457627118644
186618,2018,0.5272727272727272
186867,2018,0.8
186876,2018,0.6530612244897959
187134,2018,0.7580645161290323
187444,2018,0.4644808743169399
187648,2018,0.3333333333333333
187897,2018,0.14285714285714285
187967,2018,0.3333333333333333
187985,2018,0.42857142857142855
188030,2018,0.47761194029850745
188058,2018,0.0
188182,2018,1.0
188304,2018,0.23809523809523808
188340,2018,0.08333333333333333
188429,2018,0.6578947368421053
188526,2018,0.0
188641,2018,0.4666666666666667
188854,2018,0.7307692307692307
189088,2018,0.7777777777777778
189097,2018,0.8333333333333334
189228,2018,0.33088235294117646
189413,2018,0.88
189705,2018,0.5517241379310345
189848,2018,0.41935483870967744
190044,2018,0.75
190099,2018,0.8620689655172413
190114,2018,0.16666666666666666
190150,2018,0.9805825242718447
190248,2018,0.36
190372,2018,1.0
190415,2018,0.92
190512,2018,0.5196078431372549
190549,2018,0.4972067039106145
190558,2018,0.44047619047619047
190567,2018,0.5699481865284974
190594,2018,0.5246913580246914
190600,2018,0.4745762711864407
190637,2018,0.5254237288135594
190646,2018,0.23529411764705882
190655,2018,0.2087912087912088
190664,2018,0.38571428571428573
190691,2018,0.3651685393258427
190716,2018,0.16666666666666666
190725,2018,0.47619047619047616
190761,2018,0.5185185185185185
190983,2018,0.6428571428571429
191205,2018,0.45161290322580644
191241,2018,0.8870967741935484
191515,2018,0.8947368421052632
191533,2018,0.6046511627906976
191621,2018,0.38095238095238093
191630,2018,0.875
191649,2018,0.5035971223021583
191676,2018,0.5
191931,2018,0.44565217391304346
191968,2018,0.648936170212766
192110,2018,1.0
192192,2018,0.47058823529411764
192271,2018,0.4262295081967213
192323,2018,0.75
192448,2018,0.3487654320987654
192703,2018,0.53125
192712,2018,1.0
192749,2018,0.43548387096774194
192819,2018,0.6
192864,2018,0.36363636363636365
192925,2018,0.2773109243697479
193016,2018,0.4153846153846154
193292,2018,0.6530612244897959
193308,2018,0.8127853881278538
193353,2018,0.48148148148148145
193399,2018,0.4230769230769231
193584,2018,0.5
193654,2018,0.5714285714285714
193900,2018,0.7952755905511811
193973,2018,0.5882352941176471
194091,2018,0.5151515151515151
194116,2018,0.5
194161,2018,0.3
194310,2018,0.47752808988764045
194392,2018,1.0
194569,2018,0.0
194578,2018,0.5517241379310345
194824,2018,0.6666666666666666
194958,2018,0.3125
195003,2018,0.625
195030,2018,0.8450704225352113
195128,2018,0.6363636363636364
195164,2018,0.5833333333333334
195173,2018,0.44554455445544555
195216,2018,0.8636363636363636
195234,2018,0.423728813559322
195243,2018,0.48484848484848486
195304,2018,0.7857142857142857
195474,2018,0.75
195526,2018,0.75
195544,2018,0.4
195562,2018,0.4
195720,2018,0.5625
195809,2018,0.5354609929078015
196006,2018,1.0
196015,2018,0.5333333333333333
196024,2018,0.6153846153846154
196033,2018,0.8461538461538461
196042,2018,0.6333333333333333
196051,2018,0.47058823529411764
196060,2018,0.68
196079,2018,0.7962962962962963
196088,2018,0.6381909547738693
196097,2018,0.7552447552447552
196103,2018,0.25
196112,2018,0.6842105263157895
196121,2018,0.5684210526315789
196130,2018,0.48626373626373626
196149,2018,0.6949152542372882
196158,2018,0.5416666666666666
196167,2018,0.8301886792452831
196176,2018,0.7547169811320755
196185,2018,0.7428571428571429
196194,2018,0.6126126126126126
196200,2018,0.5066666666666667
196219,2018,0.5416666666666666
196237,2018,0.5140845070422535
196246,2018,0.5645161290322581
196264,2018,0.19230769230769232
196291,2018,0.75
196413,2018,0.801980198019802
196592,2018,0.0
196866,2018,0.92
197027,2018,0.625
197036,2018,0.7111111111111111
197045,2018,0.4605263157894737
197133,2018,0.9
197142,2018,0.1724137931034483
197151,2018,0.6470588235294118
197197,2018,0.64
197230,2018,0.45454545454545453
197285,2018,0.7142857142857143
197869,2018,0.6078431372549019
197911,2018,0.21739130434782608
197984,2018,0.22580645161290322
197993,2018,0.7579617834394905
198066,2018,0.26666666666666666
198136,2018,0.46923076923076923
198215,2018,0.32857142857142857
198303,2018,0.2559366754617414
198385,2018,0.9090909090909091
198419,2018,0.9202453987730062
198464,2018,0.6401098901098901
198507,2018,0.4263565891472868
198516,2018,0.8717948717948718
198543,2018,0.34440559440559443
198561,2018,0.39285714285714285
198598,2018,0.203125
198613,2018,0.3880597014925373
198677,2018,0.5
198695,2018,0.7428571428571429
198756,2018,0.46195652173913043
198808,2018,0.36
198835,2018,0.4426229508196721
198862,2018,0.23743016759776536
198899,2018,0.16470588235294117
198950,2018,0.5434782608695652
198969,2018,0.35964912280701755
198978,2018,0.23809523809523808
199032,2018,0.07692307692307693
199069,2018,0.375
199102,2018,0.5184705119896306
199111,2018,0.7222222222222222
199120,2018,0.858085808580858
199139,2018,0.6657303370786517
199148,2018,0.6372980910425844
199157,2018,0.49813200498132004
199184,2018,0.5384615384615384
199193,2018,0.7819905213270142
199209,2018,0.2647058823529412
199218,2018,0.6666666666666666
199272,2018,0.3185840707964602
199281,2018,0.4051948051948052
199306,2018,0.23076923076923078
199412,2018,0.5428571428571428
199458,2018,0.0
199582,2018,0.16614420062695925
199607,2018,0.6176470588235294
199643,2018,0.22058823529411764
199698,2018,0.2608695652173913
199759,2018,0.0
199847,2018,0.9066666666666666
199865,2018,0.5
199962,2018,0.5053763440860215
199971,2018,1.0
199999,2018,0.5316045380875203
200004,2018,0.5925925925925926
200059,2018,0.5
200156,2018,0.2727272727272727
200217,2018,0.2
200226,2018,0.17647058823529413
200253,2018,0.5
200280,2018,0.28
200332,2018,0.3888888888888889
200484,2018,0.3333333333333333
200572,2018,0.25
200800,2018,0.2775330396475771
201061,2018,0.4
201104,2018,0.43243243243243246
201195,2018,0.4492753623188406
201371,2018,0.35294117647058826
201441,2018,0.4553314121037464
201469,2018,0.0
201548,2018,0.4523809523809524
201645,2018,0.696969696969697
201654,2018,0.7142857142857143
201690,2018,0.2756892230576441
201885,2018,0.6290909090909091
201964,2018,0.38095238095238093
202046,2018,0.38461538461538464
202073,2018,1.0
202134,2018,0.2026578073089701
202170,2018,0.5
202480,2018,0.7222222222222222
202514,2018,0.11904761904761904
202523,2018,0.8222222222222222
202763,2018,0.34782608695652173
202806,2018,0.0
202903,2018,0.0
203085,2018,0.22580645161290322
203128,2018,0.3469387755102041
203368,2018,0.6756756756756757
203447,2018,0.25
203456,2018,0.0
203465,2018,0.0975609756097561
203474,2018,0.03571428571428571
203483,2018,0.0
203492,2018,0.0
203517,2018,0.5529100529100529
203526,2018,0.10526315789473684
203535,2018,0.8888888888888888
203544,2018,0.0
203580,2018,0.375
203757,2018,0.2765957446808511
203775,2018,0.14285714285714285
203845,2018,0.32
204006,2018,0.07894736842105263
204015,2018,0.09090909090909091
204024,2018,0.7238095238095238
204176,2018,0.8333333333333334
204185,2018,0.6
204194,2018,0.4
204200,2018,0.14705882352941177
204264,2018,0.08108108108108109
204468,2018,0.26804123711340205
204486,2018,0.2
204501,2018,0.8
204617,2018,0.3695652173913043
204635,2018,0.3333333333333333
204671,2018,0.14285714285714285
204680,2018,0.06521739130434782
204699,2018,0.125
204705,2018,0.12571428571428572
204796,2018,0.7378640776699029
204802,2018,0.0
204820,2018,0.0
204839,2018,1.0
204848,2018,0.1
204857,2018,0.5882352941176471
204866,2018,0.16666666666666666
204909,2018,0.56
204936,2018,0.42857142857142855
205203,2018,0.125
205443,2018,0.15853658536585366
205957,2018,0.0
206048,2018,0.3076923076923077
206084,2018,0.26220614828209765
206154,2018,1.0
206279,2018,0.4
206349,2018,0.42857142857142855
206437,2018,0.5454545454545454
206491,2018,0.208955223880597
206507,2018,0.391304347826087
206525,2018,0.375
206589,2018,0.7
206604,2018,0.20666666666666667
206613,2018,0.0
206622,2018,0.6111111111111112
206695,2018,0.15018315018315018
206817,2018,0.20930232558139536
206835,2018,0.2777777777777778
206862,2018,0.19444444444444445
206914,2018,0.18421052631578946
206941,2018,0.21311475409836064
207041,2018,0.10714285714285714
207157,2018,0.0
207209,2018,0.32195121951219513
207263,2018,0.17777777777777778
207306,2018,0.23529411764705882
207324,2018,0.3333333333333333
207351,2018,0.0
207388,2018,0.398989898989899
207403,2018,0.5161290322580645
207458,2018,0.5
207500,2018,0.6742424242424242
207582,2018,0.5223880597014925
207661,2018,0.0
207722,2018,0.5
207847,2018,0.20588235294117646
207856,2018,0.1111111111111111
207865,2018,0.2647058823529412
207971,2018,0.5428571428571428
208488,2018,0.5
208646,2018,0.3125
208725,2018,0.0
208822,2018,0.42857142857142855
209056,2018,0.42857142857142855
209065,2018,0.6666666666666666
209409,2018,0.0
209506,2018,0.2
209542,2018,0.5576923076923077
209551,2018,0.6588235294117647
209612,2018,0.36363636363636365
209807,2018,0.4166666666666667
209825,2018,1.0
209922,2018,0.75
210076,2018,0.0
210146,2018,0.42857142857142855
210304,2018,0.2857142857142857
210331,2018,0.5
210401,2018,0.4
210429,2018,0.3191489361702128
210492,2018,0.5625
210571,2018,0.43902439024390244
210669,2018,0.7083333333333334
210739,2018,0.5555555555555556
210775,2018,0.25
211024,2018,1.0
211088,2018,0.574468085106383
211158,2018,0.37799043062200954
211273,2018,0.8823529411764706
211291,2018,0.8666666666666667
211352,2018,0.41935483870967744
211361,2018,0.3727810650887574
211431,2018,0.4074074074074074
211440,2018,0.8
211468,2018,0.47619047619047616
211477,2018,0.3
211556,2018,0.5
211583,2018,0.5151515151515151
211608,2018,0.27
211644,2018,0.375
211981,2018,0.21428571428571427
212009,2018,0.8888888888888888
212054,2018,0.5297619047619048
212106,2018,0.5686274509803921
212115,2018,0.2826086956521739
212133,2018,0.5121951219512195
212160,2018,0.3829787234042553
212197,2018,0.42857142857142855
212577,2018,0.8846153846153846
212601,2018,0.4074074074074074
212656,2018,0.1
212674,2018,0.8636363636363636
212805,2018,0.75
212832,2018,0.125
212911,2018,0.8947368421052632
212984,2018,0.36363636363636365
213011,2018,0.46153846153846156
213020,2018,0.3256578947368421
213251,2018,0.5555555555555556
213303,2018,0.26666666666666666
213321,2018,0.35714285714285715
213349,2018,0.40816326530612246
213358,2018,0.53125
213367,2018,0.5276073619631901
213385,2018,0.8378378378378378
213400,2018,0.7
213507,2018,0.5333333333333333
213543,2018,0.8333333333333334
213598,2018,0.4746376811594203
213613,2018,0.3142857142857143
213668,2018,0.5652173913043478
213783,2018,0.2916666666666667
213826,2018,0.125
213987,2018,0.48
213996,2018,0.631578947368421
214041,2018,0.3533834586466165
214069,2018,0.75
214148,2018,0.6153846153846154
214157,2018,0.45454545454545453
214166,2018,0.2727272727272727
214175,2018,0.7272727272727273
214272,2018,0.5
214777,2018,0.46407185628742514
214883,2018,1.0
214971,2018,0.3333333333333333
215053,2018,0.4
215062,2018,0.9421965317919075
215105,2018,0.43859649122807015
215114,2018,0.2222222222222222
215132,2018,0.6551724137931034
215266,2018,0.40816326530612246
215275,2018,0.2608695652173913
215284,2018,0.3
215293,2018,0.7804878048780488
215442,2018,0.43103448275862066
215637,2018,0.3684210526315789
215655,2018,0.35714285714285715
215691,2018,0.4791666666666667
215743,2018,0.4074074074074074
215770,2018,0.5365853658536586
215798,2018,0.41935483870967744
215929,2018,0.8333333333333334
215947,2018,0.4
216010,2018,0.4011299435028249
216038,2018,0.5945945945945946
216278,2018,0.6444444444444445
216287,2018,0.85
216339,2018,0.6673960612691466
216357,2018,0.4166666666666667
216366,2018,0.7307692307692307
216524,2018,0.6190476190476191
216542,2018,0.3333333333333333
216597,2018,0.8421052631578947
216667,2018,0.6666666666666666
216694,2018,0.375
216764,2018,0.5579399141630901
216807,2018,0.36363636363636365
216852,2018,0.4791666666666667
216931,2018,0.3888888888888889
217013,2018,1.0
217059,2018,0.3918918918918919
217156,2018,0.9385964912280702
217165,2018,0.75
217235,2018,0.6445497630331753
217402,2018,0.8478260869565217
217420,2018,0.30612244897959184
217484,2018,0.5588235294117647
217493,2018,0.7692307692307693
217518,2018,0.5
217536,2018,0.8
217606,2018,0.0
217624,2018,0.22598870056497175
217633,2018,0.4583333333333333
217688,2018,0.365
217721,2018,0.2349624060150376
217749,2018,0.5
217776,2018,0.3111111111111111
217819,2018,0.671875
217864,2018,0.6511627906976745
217873,2018,0.5070028011204482
217882,2018,0.634020618556701
217891,2018,0.7631578947368421
217907,2018,0.3620689655172414
217925,2018,0.4
217934,2018,0.5151515151515151
217961,2018,0.43478260869565216
217998,2018,0.3142857142857143
218061,2018,0.39080459770114945
218070,2018,0.8529411764705882
218229,2018,0.3790849673202614
218238,2018,0.2159090909090909
218399,2018,0.2616033755274262
218414,2018,0.5396825396825397
218441,2018,0.34375
218539,2018,0.6578947368421053
218645,2018,0.38285714285714284
218654,2018,0.2571428571428571
218663,2018,0.6948051948051948
218724,2018,0.4473684210526316
218733,2018,0.35150375939849626
218742,2018,0.4714285714285714
218919,2018,0.42857142857142855
218964,2018,0.5965909090909091
218973,2018,0.8333333333333334
219000,2018,0.5
219046,2018,0.8
219082,2018,0.0
219091,2018,0.0
219204,2018,0.0
219259,2018,0.4
219277,2018,0.0
219295,2018,0.11764705882352941
219347,2018,0.3333333333333333
219356,2018,0.30434782608695654
219383,2018,0.625
219471,2018,0.3333333333333333
219505,2018,0.2857142857142857
219602,2018,0.423728813559322
219639,2018,0.5185185185185185
219709,2018,0.6140350877192983
219718,2018,0.2
219790,2018,0.42857142857142855
219806,2018,0.37777777777777777
219833,2018,0.4375
219949,2018,0.41935483870967744
219976,2018,0.3877551020408163
220002,2018,1.0
220075,2018,0.38620689655172413
220181,2018,0.5142857142857142
220206,2018,0.5
220215,2018,0.2
220473,2018,0.5
220516,2018,0.625
220552,2018,0.16666666666666666
220598,2018,0.2222222222222222
220604,2018,0.1390728476821192
220613,2018,0.3125
220631,2018,0.23076923076923078
220701,2018,0.19607843137254902
220710,2018,0.34210526315789475
220808,2018,0.5
220862,2018,0.43167701863354035
220978,2018,0.4095808383233533
221351,2018,0.7741935483870968
221519,2018,0.6551724137931034
221661,2018,0.5142857142857142
221731,2018,0.23076923076923078
221740,2018,0.3942652329749104
221759,2018,0.6415094339622641
221768,2018,0.31797235023041476
221838,2018,0.30883720930232555
221847,2018,0.36893203883495146
221892,2018,0.125
221953,2018,0.2708333333333333
221971,2018,0.42857142857142855
221999,2018,0.8920863309352518
222178,2018,0.5327102803738317
222831,2018,0.25833333333333336
222877,2018,0.2
222938,2018,0.13333333333333333
222983,2018,0.5909090909090909
223232,2018,0.6872427983539094
223463,2018,0.75
224004,2018,0.3157894736842105
224147,2018,0.3157894736842105
224226,2018,0.47619047619047616
224244,2018,0.1
224323,2018,0.42857142857142855
224527,2018,0.21428571428571427
224545,2018,0.22727272727272727
224554,2018,0.3462897526501767
224776,2018,0.2222222222222222
225201,2018,0.3333333333333333
225247,2018,0.45454545454545453
225399,2018,0.3508771929824561
225432,2018,0.18032786885245902
225502,2018,0.1746031746031746
225511,2018,0.5107033639143731
225548,2018,0.06976744186046512
225575,2018,0.2558139534883721
225627,2018,0.5056179775280899
225885,2018,0.11570247933884298
226091,2018,0.1652892561983471
226152,2018,0.0
226231,2018,0.6153846153846154
226383,2018,0.4166666666666667
226471,2018,0.3333333333333333
226587,2018,0.20408163265306123
226833,2018,0.40625
227216,2018,0.5171102661596958
227331,2018,0.28205128205128205
227368,2018,0.47368421052631576
227429,2018,0.19047619047619047
227526,2018,0.35506134969325154
227757,2018,0.8148148148148148
227845,2018,0.627906976744186
227863,2018,0.42857142857142855
227881,2018,0.46629213483146065
228042,2018,0.7272727272727273
228149,2018,0.4375
228246,2018,0.7297297297297297
228325,2018,0.45454545454545453
228343,2018,0.6842105263157895
228431,2018,0.45021645021645024
228459,2018,0.516260162601626
228468,2018,0.21428571428571427
228501,2018,0.14705882352941177
228529,2018,0.35714285714285715
228705,2018,0.36
228723,2018,0.7094240837696335
228769,2018,0.46405228758169936
228778,2018,0.7517482517482518
228787,2018,0.5714285714285714
228796,2018,0.20238095238095238
228802,2018,0.43103448275862066
228875,2018,0.6666666666666666
228884,2018,0.11475409836065574
228981,2018,0.41379310344827586
229018,2018,0.3
229027,2018,0.44871794871794873
229063,2018,0.21753607103218647
229115,2018,0.5034013605442177
229160,2018,0.3181818181818182
229179,2018,0.3115942028985507
229267,2018,0.65
229780,2018,0.15217391304347827
229814,2018,0.24242424242424243
229887,2018,0.30526315789473685
230038,2018,0.5789473684210527
230047,2018,1.0
230171,2018,0.5
230603,2018,0.18181818181818182
230621,2018,0.0
230728,2018,0.3
230737,2018,0.14285714285714285
230764,2018,0.6
230782,2018,0.16216216216216217
230807,2018,0.6
230816,2018,1.0
230834,2018,0.5555555555555556
230852,2018,0.3076923076923077
230889,2018,0.0
230913,2018,0.2631578947368421
230959,2018,0.896551724137931
230977,2018,0.0
230995,2018,0.631578947368421
231059,2018,0.6
231095,2018,1.0
231174,2018,0.7741935483870968
231420,2018,0.2857142857142857
231554,2018,0.06666666666666667
231581,2018,0.5370370370370371
231624,2018,0.8818181818181818
231651,2018,0.5384615384615384
231712,2018,0.6923076923076923
231837,2018,0.4
232025,2018,0.30303030303030304
232043,2018,0.3888888888888889
232089,2018,0.14492753623188406
232186,2018,0.7366863905325444
232256,2018,0.4117647058823529
232265,2018,0.6229508196721312
232308,2018,0.6666666666666666
232423,2018,0.7411764705882353
232557,2018,0.22569444444444445
232566,2018,0.6288659793814433
232609,2018,0.5
232672,2018,0.38461538461538464
232681,2018,0.6346153846153846
232706,2018,0.4807692307692308
232937,2018,0.3588957055214724
232982,2018,0.5313953488372093
233277,2018,0.5669291338582677
233295,2018,0.4857142857142857
233301,2018,0.5
233374,2018,0.8285714285714286
233426,2018,0.6333333333333333
233541,2018,0.45901639344262296
233611,2018,0.14285714285714285
233684,2018,0.3333333333333333
233718,2018,0.15
233897,2018,0.4782608695652174
233921,2018,0.7650273224043715
234030,2018,0.6683087027914614
234076,2018,0.8970588235294118
234085,2018,0.8
234137,2018,0.06896551724137931
234155,2018,0.388671875
234164,2018,0.2927461139896373
234173,2018,0.4322033898305085
234207,2018,0.8571428571428571
234827,2018,0.45714285714285713
234915,2018,0.0
235024,2018,0.2
235097,2018,0.36363636363636365
235167,2018,0.4
235316,2018,0.8571428571428571
235422,2018,0.0
236133,2018,0.5
236230,2018,0.2857142857142857
236328,2018,1.0
236452,2018,0.5
236577,2018,0.6190476190476191
236595,2018,0.6
236896,2018,0.7142857142857143
236939,2018,0.43005181347150256
236948,2018,0.7540983606557377
237011,2018,0.7435897435897436
237057,2018,1.0
237066,2018,0.9
237118,2018,0.18181818181818182
237181,2018,0.26
237215,2018,0.36363636363636365
237312,2018,0.2
237330,2018,0.28888888888888886
237358,2018,0.5
237367,2018,0.21818181818181817
237385,2018,0.2727272727272727
237525,2018,0.44
237640,2018,0.125
237783,2018,0.10344827586206896
237792,2018,0.32
237899,2018,0.1935483870967742
237932,2018,0.5625
237950,2018,0.2222222222222222
237969,2018,0.4375
238032,2018,0.4607329842931937
238078,2018,0.45
238193,2018,0.25
238333,2018,0.47619047619047616
238430,2018,0.2857142857142857
238458,2018,0.18181818181818182
238476,2018,0.5277777777777778
238616,2018,0.5862068965517241
238661,2018,0.5
238980,2018,0.23529411764705882
239017,2018,0.8571428571428571
239071,2018,0.0
239080,2018,0.21052631578947367
239105,2018,0.65
239309,2018,0.36363636363636365
239318,2018,0.3333333333333333
239390,2018,0.5714285714285714
239512,2018,0.5
239628,2018,0.5
239716,2018,0.3333333333333333
239743,2018,0.375
240107,2018,0.2
240189,2018,0.44954128440366975
240268,2018,0.25
240277,2018,0.25
240329,2018,0.2727272727272727
240338,2018,0.26666666666666666
240365,2018,0.27586206896551724
240374,2018,0.3225806451612903
240392,2018,0.0
240417,2018,0.36
240426,2018,0.0
240444,2018,0.7551020408163265
240453,2018,0.24642857142857144
240462,2018,0.42105263157894735
240471,2018,0.5
240480,2018,0.3404255319148936
240727,2018,0.2857142857142857
240754,2018,0.0
241191,2018,0.6666666666666666
242617,2018,0.0
242653,2018,1.0
242699,2018,1.0
242705,2018,0.0
243179,2018,0.5
243221,2018,0.75
243665,2018,0.33649289099526064
243744,2018,0.9381443298969072
243780,2018,0.7191011235955056
245652,2018,0.0
245953,2018,0.2716049382716049
247065,2018,0.3333333333333333
248934,2018,0.3229166666666667
251312,2018,0.23529411764705882
262129,2018,0.6666666666666666
363934,2018,0.09090909090909091
366003,2018,0.8333333333333334
366252,2018,0.0
366553,2018,1.0
366711,2018,0.3695652173913043
367884,2018,0.4
368443,2018,0.3333333333333333
368452,2018,0.25
369516,2018,1.0
372958,2018,1.0
377342,2018,0.4
377546,2018,0.0
377555,2018,0.7
377564,2018,0.4583333333333333
384254,2018,0.7777777777777778
384412,2018,0.625
385619,2018,0.44594594594594594
388520,2018,0.2
392257,2018,0.75
392840,2018,0.25
399869,2018,0.5
399911,2018,1.0
402776,2018,1.0
404338,2018,0.3333333333333333
407009,2018,0.35714285714285715
408844,2018,0.25
409698,2018,0.46808510638297873
412599,2018,0.5454545454545454
414823,2018,0.4452054794520548
420042,2018,0.5
420574,2018,0.26666666666666666
421832,2018,0.3333333333333333
426314,2018,0.2391304347826087
430184,2018,0.0
433387,2018,0.3333333333333333
433536,2018,0.5
433660,2018,0.4896907216494845
436429,2018,0.5760869565217391
436818,2018,0.45
436827,2018,0.2222222222222222
436836,2018,0.6875
438151,2018,0.10869565217391304
438179,2018,0.5
438498,2018,0.6
438586,2018,0.2916666666666667
439288,2018,0.5294117647058824
439969,2018,1.0
440794,2018,0.07692307692307693
441511,2018,0.9666666666666667
441900,2018,0.1111111111111111
441937,2018,0.38095238095238093
442161,2018,0.125
442356,2018,0.0
442569,2018,0.16176470588235295
442639,2018,1.0
442930,2018,0.6428571428571429
443049,2018,0.0
443340,2018,0.5
443784,2018,1.0
444088,2018,0.5
444255,2018,1.0
444778,2018,0.3333333333333333
445027,2018,0.2079207920792079
445133,2018,0.2
445188,2018,0.726027397260274
445300,2018,0.14285714285714285
445692,2018,0.6
445708,2018,0.4797979797979798
446048,2018,0.2631578947368421
446233,2018,0.0
446394,2018,0.5126903553299492
446525,2018,0.4166666666666667
446640,2018,0.1891891891891892
447458,2018,1.0
447689,2018,0.1303538175046555
447953,2018,0.3
448752,2018,0.25
448840,2018,0.2682926829268293
448886,2018,0.4090909090909091
449038,2018,0.0
449339,2018,0.2524271844660194
449764,2018,0.4
449870,2018,0.0
449898,2018,0.0
450933,2018,0.11204481792717087
450979,2018,0.08823529411764706
451556,2018,1.0
451671,2018,0.3333333333333333
451750,2018,0.0
451820,2018,0.23529411764705882
451927,2018,0.0
453163,2018,1.0
454184,2018,0.0
454227,2018,1.0
454236,2018,0.0
456959,2018,0.4444444444444444
457484,2018,0.0
457688,2018,1.0
458229,2018,0.0
458496,2018,0.35
458575,2018,0.0
458919,2018,0.0
458964,2018,0.0
458982,2018,0.26666666666666666
459259,2018,0.2
459268,2018,0.4
459842,2018,0.0
459851,2018,0.0
460783,2018,0.35135135135135137
461032,2018,0.5
461148,2018,0.3333333333333333
461528,2018,0.3333333333333333
461795,2018,0.2
463056,2018,0.5581395348837209
465812,2018,0.06220095693779904
474863,2018,0.0
474890,2018,0.0
475121,2018,0.03642384105960265
475741,2018,0.5
478634,2018,1.0
480657,2018,0.0
481225,2018,0.0
481720,2018,0.0
482149,2018,0.4293785310734463
482158,2018,0.20833333333333334
482413,2018,0.17647058823529413
482422,2018,0.6666666666666666
482431,2018,0.16666666666666666
482440,2018,0.0
482459,2018,0.23529411764705882
482468,2018,0.16666666666666666
482477,2018,0.28888888888888886
482486,2018,0.5
482538,2018,0.0
482556,2018,0.07142857142857142
482565,2018,0.14285714285714285
482574,2018,0.5
482608,2018,0.2
482635,2018,0.06666666666666667
482653,2018,0.1111111111111111
482680,2018,0.5185185185185185
483018,2018,0.6666666666666666
483124,2018,0.006369426751592357
484613,2018,0.09205776173285199
484631,2018,0.20588235294117646
484640,2018,0.5
484668,2018,0.2
484677,2018,0.21212121212121213
484695,2018,0.23076923076923078
484710,2018,0.25
484729,2018,0.3333333333333333
484747,2018,0.12
484756,2018,0.2962962962962963
484765,2018,0.0
484783,2018,0.07692307692307693
484905,2018,0.05263157894736842
485263,2018,0.35
486284,2018,0.5
486840,2018,0.45789473684210524
486901,2018,0.5
487524,2018,0.4166666666666667
488785,2018,0.0
489779,2018,0.0
489937,2018,0.0
490805,2018,0.20202020202020202
492962,2018,0.18181818181818182
494597,2018,1.0
494603,2018,0.0
100654,2019,0.2814814814814815
100663,2019,0.5924276169265034
100690,2019,0.0
100706,2019,0.4782608695652174
100724,2019,0.3218970736629667
100751,2019,0.6157894736842106
100830,2019,0.23893805309734514
100858,2019,0.6933333333333334
100937,2019,0.525
101116,2019,0.2
101189,2019,0.21487603305785125
101435,2019,0.5714285714285714
101480,2019,0.28193832599118945
101541,2019,0.6666666666666666
101587,2019,0.35135135135135137
101675,2019,0.23819742489270387
101693,2019,0.18421052631578946
101709,2019,0.578125
101879,2019,0.3790322580645161
101912,2019,0.4968553459119497
102049,2019,0.5454545454545454
102094,2019,0.3678373382624769
102234,2019,0.44
102270,2019,0.21338912133891214
102298,2019,0.3018867924528302
102368,2019,0.3443708609271523
102377,2019,0.5199115044247787
102553,2019,0.18181818181818182
102614,2019,0.0
102632,2019,0.0
102669,2019,0.0
104090,2019,0.16666666666666666
104151,2019,0.5404814004376368
104179,2019,0.4346153846153846
104586,2019,0.375
104717,2019,0.3954802259887006
105330,2019,0.3227848101265823
105589,2019,0.0
105899,2019,0.14285714285714285
106245,2019,0.32653061224489793
106306,2019,0.1875
106342,2019,0.42857142857142855
106397,2019,0.5590909090909091
106412,2019,0.3905579399141631
106458,2019,0.39037433155080214
106467,2019,0.2088888888888889
106485,2019,0.12781954887218044
106704,2019,0.26024590163934425
106713,2019,0.14285714285714285
107044,2019,0.5681818181818182
107071,2019,0.16666666666666666
107080,2019,0.5
107141,2019,0.5
107512,2019,0.34285714285714286
107558,2019,0.36363636363636365
107600,2019,0.3113207547169811
107877,2019,0.47058823529411764
107983,2019,0.28780487804878047
108092,2019,0.18421052631578946
108232,2019,0.21739130434782608
109651,2019,0.3333333333333333
109785,2019,0.4
110060,2019,0.17647058823529413
110097,2019,0.5714285714285714
110219,2019,0.6153846153846154
110361,2019,0.46296296296296297
110370,2019,0.6428571428571429
110404,2019,0.5
110413,2019,0.64
110422,2019,0.5757575757575758
110486,2019,0.34444444444444444
110495,2019,0.3
110510,2019,0.5390625
110529,2019,0.528169014084507
110538,2019,0.574468085106383
110547,2019,0.43410852713178294
110556,2019,0.41739130434782606
110565,2019,0.7142857142857143
110574,2019,0.30386740331491713
110583,2019,0.6148148148148148
110592,2019,0.4787234042553192
110608,2019,0.4123076923076923
110617,2019,0.4343891402714932
110635,2019,0.8252427184466019
110644,2019,0.8235294117647058
110653,2019,0.8191489361702128
110662,2019,0.8128342245989305
110671,2019,0.7814569536423841
110680,2019,0.7708333333333334
110705,2019,0.7837837837837838
110714,2019,0.7407407407407407
111081,2019,0.6111111111111112
111188,2019,0.0
111948,2019,0.6666666666666666
112075,2019,0.375
112084,2019,0.3333333333333333
112260,2019,0.9285714285714286
112394,2019,0.42857142857142855
112570,2019,0.3
113698,2019,0.6842105263157895
114813,2019,0.3333333333333333
115409,2019,0.4
115728,2019,0.38461538461538464
115755,2019,0.3333333333333333
115773,2019,0.0
117104,2019,0.0
117140,2019,0.6585365853658537
117168,2019,0.5
117627,2019,0.26666666666666666
117751,2019,0.0
117946,2019,0.75
118541,2019,0.5294117647058824
118693,2019,0.36363636363636365
118888,2019,0.6666666666666666
119173,2019,0.3076923076923077
119605,2019,1.0
119775,2019,0.0
120184,2019,0.3076923076923077
120254,2019,0.7368421052631579
120403,2019,0.46153846153846156
120537,2019,0.0
120865,2019,0.4827586206896552
120883,2019,0.7272727272727273
121150,2019,0.8214285714285714
121257,2019,1.0
121309,2019,0.5
121345,2019,0.8974358974358975
121691,2019,0.6153846153846154
122409,2019,0.7528089887640449
122436,2019,0.6388888888888888
122454,2019,0.0
122597,2019,0.4861878453038674
122612,2019,0.5961538461538461
122728,2019,0.4
122755,2019,0.5581395348837209
122931,2019,0.9791666666666666
123165,2019,0.8571428571428571
123457,2019,0.25
123554,2019,0.6538461538461539
123572,2019,0.5813953488372093
123651,2019,0.5294117647058824
123961,2019,0.8633093525179856
124487,2019,0.0
125727,2019,0.7142857142857143
125763,2019,0.44
125897,2019,0.25
126182,2019,0.4444444444444444
126562,2019,0.3958333333333333
126580,2019,0.2898550724637681
126614,2019,0.7111111111111111
126669,2019,0.3333333333333333
126678,2019,0.875
126775,2019,1.0
126818,2019,0.6504065040650406
126827,2019,0.22321428571428573
127060,2019,0.8148148148148148
127185,2019,0.0
127556,2019,0.2631578947368421
127565,2019,0.208955223880597
127653,2019,0.0
127741,2019,0.4247787610619469
127918,2019,0.5555555555555556
127945,2019,0.5
128106,2019,0.30666666666666664
128328,2019,0.8793103448275862
128391,2019,0.2857142857142857
128498,2019,0.375
128744,2019,0.3355263157894737
128771,2019,0.41304347826086957
128902,2019,0.8461538461538461
129020,2019,0.7512953367875648
129154,2019,0.46153846153846156
129215,2019,0.4727272727272727
129242,2019,0.782608695652174
129525,2019,0.45714285714285713
129774,2019,0.43478260869565216
129941,2019,0.5132743362831859
130110,2019,0.0
130183,2019,0.13157894736842105
130226,2019,0.5444444444444444
130253,2019,0.5692307692307692
130314,2019,0.6363636363636364
130493,2019,0.3850267379679144
130590,2019,0.8275862068965517
130624,2019,0.6363636363636364
130697,2019,0.8620689655172413
130776,2019,0.3541666666666667
130794,2019,0.9540229885057471
130934,2019,0.5
130943,2019,0.703125
130989,2019,0.43859649122807015
131098,2019,0.22346368715083798
131113,2019,0.1375
131159,2019,0.7383177570093458
131283,2019,0.6341463414634146
131399,2019,0.3877551020408163
131450,2019,0.4
131469,2019,0.8181818181818182
131496,2019,0.9239130434782609
131520,2019,0.6281560826319816
131803,2019,1.0
131876,2019,0.4065934065934066
132471,2019,0.3333333333333333
132602,2019,0.3221476510067114
132657,2019,0.5714285714285714
132879,2019,0.0
132903,2019,0.7479541734860884
133465,2019,0.2
133492,2019,0.6666666666666666
133526,2019,0.24390243902439024
133553,2019,0.5138888888888888
133650,2019,0.5623028391167192
133669,2019,0.5835051546391753
133711,2019,0.5
133809,2019,0.42857142857142855
133872,2019,0.26666666666666666
133881,2019,0.5102040816326531
133951,2019,0.5949367088607594
133979,2019,0.28338762214983715
134079,2019,0.5666666666666667
134097,2019,0.8043478260869565
134130,2019,0.8272980501392758
134237,2019,0.3038095238095238
134945,2019,0.2549019607843137
135081,2019,0.6222222222222222
135726,2019,0.8143712574850299
136172,2019,0.6434782608695652
136215,2019,0.5614035087719298
136330,2019,0.4473684210526316
136774,2019,1.0
136950,2019,0.7692307692307693
137032,2019,0.4329896907216495
137272,2019,1.0
137351,2019,0.7517241379310344
137476,2019,0.21212121212121213
137546,2019,0.589041095890411
137564,2019,0.29310344827586204
137847,2019,0.5
137953,2019,0.05263157894736842
137962,2019,0.3333333333333333
138275,2019,0.47058823529411764
138293,2019,0.26666666666666666
138309,2019,0.0
138354,2019,0.4431818181818182
138558,2019,0.26666666666666666
138600,2019,0.7142857142857143
138716,2019,0.4271356783919598
138868,2019,0.19480519480519481
138947,2019,0.4230118443316413
139144,2019,0.6666666666666666
139153,2019,0.0
139199,2019,0.40384615384615385
139205,2019,0.037037037037037035
139250,2019,0.2
139311,2019,0.3062730627306273
139366,2019,0.3116883116883117
139393,2019,0.8
139463,2019,0.15
139579,2019,0.16666666666666666
139630,2019,0.15384615384615385
139658,2019,0.8909090909090909
139719,2019,0.4405940594059406
139755,2019,0.821917808219178
139764,2019,0.25
139861,2019,0.582089552238806
139931,2019,0.5136054421768708
139940,2019,0.5356164383561643
139959,2019,0.8298429319371727
139968,2019,0.16666666666666666
140234,2019,0.3076923076923077
140252,2019,0.1111111111111111
140340,2019,0.25
140447,2019,0.7397260273972602
140553,2019,0.550098231827112
140696,2019,0.41509433962264153
140720,2019,0.05913978494623656
140818,2019,0.2222222222222222
140872,2019,0.2833333333333333
140951,2019,0.5862068965517241
140960,2019,0.2785646836638338
140988,2019,0.3150684931506849
141060,2019,0.746031746031746
141167,2019,0.25
141185,2019,0.13333333333333333
141237,2019,0.2631578947368421
141264,2019,0.39419795221843
141325,2019,0.3333333333333333
141334,2019,0.4547563805104408
141361,2019,0.3793103448275862
141486,2019,0.2222222222222222
141565,2019,0.14285714285714285
141574,2019,0.35294117647058826
141644,2019,0.2222222222222222
141981,2019,0.3333333333333333
142115,2019,0.3333333333333333
142276,2019,0.3888888888888889
142285,2019,0.25
142294,2019,0.2
142328,2019,0.16666666666666666
142461,2019,0.3333333333333333
142522,2019,0.16666666666666666
142887,2019,0.4
143048,2019,0.4166666666666667
143084,2019,0.6153846153846154
143118,2019,0.3269230769230769
143288,2019,0.23809523809523808
143358,2019,0.6111111111111112
144005,2019,0.13071895424836602
144050,2019,0.9436619718309859
144281,2019,0.3320754716981132
144351,2019,0.25806451612903225
144740,2019,0.6153846153846154
144883,2019,0.16666666666666666
144892,2019,0.3382899628252788
144962,2019,0.5333333333333333
144971,2019,0.25
145336,2019,0.2014388489208633
145372,2019,0.3
145600,2019,0.5441696113074205
145619,2019,0.21621621621621623
145637,2019,0.7584269662921348
145646,2019,0.631578947368421
145691,2019,0.475
145725,2019,0.65
145813,2019,0.45151515151515154
146339,2019,0.23076923076923078
146427,2019,0.65
146481,2019,0.78125
146612,2019,0.55
146667,2019,0.0
146676,2019,0.08
146719,2019,0.7428571428571429
147013,2019,0.34
147244,2019,0.3645833333333333
147341,2019,0.35294117647058826
147369,2019,0.4444444444444444
147536,2019,0.5
147660,2019,0.6086956521739131
147679,2019,0.3
147703,2019,0.2944693572496263
147767,2019,0.9217391304347826
147776,2019,0.06060606060606061
147828,2019,0.4186046511627907
148016,2019,1.0
148131,2019,0.36363636363636365
148405,2019,0.2631578947368421
148487,2019,0.42857142857142855
148496,2019,0.4666666666666667
148584,2019,0.22727272727272727
148627,2019,0.3707865168539326
148654,2019,0.47058823529411764
149222,2019,0.2728380024360536
149231,2019,0.3506849315068493
149505,2019,0.4666666666666667
149514,2019,0.3125
149639,2019,0.0
149772,2019,0.2975970425138632
149781,2019,0.7894736842105263
150066,2019,0.24
150136,2019,0.5753424657534246
150145,2019,0.3
150163,2019,0.7297297297297297
150172,2019,0.25806451612903225
150400,2019,0.8333333333333334
150455,2019,0.6875
150534,2019,0.5
150604,2019,0.375
150668,2019,0.0
150677,2019,0.6
150756,2019,0.625
150774,2019,0.6363636363636364
150941,2019,0.0
151102,2019,0.14035087719298245
151111,2019,0.3964285714285714
151263,2019,0.5961538461538461
151290,2019,0.21518987341772153
151306,2019,0.3037974683544304
151324,2019,0.25
151333,2019,0.48148148148148145
151342,2019,0.35185185185185186
151351,2019,0.5765765765765766
151360,2019,0.1125
151379,2019,0.23404255319148937
151388,2019,0.21428571428571427
151777,2019,0.3333333333333333
151786,2019,0.26666666666666666
151801,2019,0.3333333333333333
151810,2019,0.1
152080,2019,0.8947368421052632
152099,2019,0.75
152318,2019,0.6923076923076923
152336,2019,0.3142857142857143
152381,2019,0.5
152390,2019,0.25
152530,2019,0.7058823529411765
152567,2019,0.3157894736842105
152600,2019,0.5581395348837209
152637,2019,0.0
152673,2019,0.6666666666666666
152992,2019,0.16666666666666666
153001,2019,0.0
153108,2019,0.6363636363636364
153126,2019,0.5
153144,2019,0.6060606060606061
153162,2019,0.375
153250,2019,0.5
153269,2019,0.7692307692307693
153278,2019,0.2191780821917808
153302,2019,0.75
153366,2019,0.21153846153846154
153375,2019,0.3225806451612903
153384,2019,0.8695652173913043
153603,2019,0.5393939393939394
153621,2019,0.0
153658,2019,0.55625
153825,2019,0.2
153834,2019,0.6
153861,2019,0.0
154004,2019,0.3
154013,2019,0.2857142857142857
154022,2019,0.04257907542579075
154095,2019,0.3958333333333333
154101,2019,0.2
154235,2019,0.25
154350,2019,0.8
154493,2019,0.15789473684210525
154518,2019,0.3333333333333333
154527,2019,0.42857142857142855
154590,2019,0.11538461538461539
154688,2019,0.5833333333333334
154712,2019,0.19047619047619047
154721,2019,0.1282051282051282
154749,2019,0.17391304347826086
154855,2019,0.11504424778761062
155025,2019,0.2558139534883721
155061,2019,0.3235294117647059
155070,2019,0.3333333333333333
155089,2019,0.5
155317,2019,0.3949579831932773
155335,2019,0.3
155399,2019,0.4122137404580153
155414,2019,0.7142857142857143
155496,2019,0.0
155511,2019,0.29411764705882354
155520,2019,0.09090909090909091
155627,2019,0.5
155681,2019,0.375
155812,2019,0.375
155900,2019,0.47058823529411764
155937,2019,0.16666666666666666
155973,2019,0.07692307692307693
156082,2019,0.25806451612903225
156125,2019,0.28431372549019607
156189,2019,0.0
156213,2019,0.4
156286,2019,0.4583333333333333
156295,2019,0.6142857142857143
156356,2019,0.3333333333333333
156365,2019,0.16129032258064516
156408,2019,0.9230769230769231
156541,2019,0.10344827586206896
156620,2019,0.39814814814814814
156745,2019,0.30434782608695654
157058,2019,0.2736318407960199
157076,2019,0.37209302325581395
157085,2019,0.48936170212765956
157100,2019,0.11538461538461539
157216,2019,0.3333333333333333
157289,2019,0.5541666666666667
157377,2019,0.5
157386,2019,0.2777777777777778
157401,2019,0.3046875
157447,2019,0.3624161073825503
157535,2019,0.12195121951219512
157748,2019,0.6666666666666666
157757,2019,0.4782608695652174
157809,2019,0.16
157818,2019,0.5714285714285714
157863,2019,0.09090909090909091
157951,2019,0.3308550185873606
158477,2019,0.5217391304347826
158802,2019,0.4864864864864865
159009,2019,0.42613636363636365
159382,2019,0.36585365853658536
159391,2019,0.5650887573964497
159416,2019,0.36065573770491804
159568,2019,0.19298245614035087
159647,2019,0.4807692307692308
159656,2019,0.5612244897959183
159717,2019,0.33183856502242154
159939,2019,0.323943661971831
159948,2019,0.3333333333333333
159966,2019,0.3025210084033613
159993,2019,0.49264705882352944
160038,2019,0.4289855072463768
160065,2019,0.3333333333333333
160074,2019,0.375
160612,2019,0.26495726495726496
160621,2019,0.28587830080367393
160630,2019,0.1935483870967742
160658,2019,0.41566265060240964
160755,2019,0.711864406779661
160904,2019,0.4738292011019284
160977,2019,0.9523809523809523
161004,2019,0.96
161086,2019,0.9444444444444444
161226,2019,0.5
161235,2019,0.0
161244,2019,0.0
161253,2019,0.4406779661016949
161299,2019,1.0
161341,2019,0.4
161457,2019,0.0
161509,2019,0.3333333333333333
161554,2019,0.35714285714285715
161563,2019,0.2857142857142857
161873,2019,0.2589928057553957
162007,2019,0.44294003868471954
162061,2019,0.5238095238095238
162210,2019,0.4915254237288136
162283,2019,0.32547169811320753
162584,2019,0.5628571428571428
162654,2019,0.5283018867924528
162760,2019,0.3877551020408163
162928,2019,0.9076923076923077
163046,2019,0.8085106382978723
163204,2019,0.07575757575757576
163268,2019,0.7222222222222222
163286,2019,0.8365384615384616
163295,2019,0.88
163338,2019,0.4006677796327212
163453,2019,0.4592178770949721
163462,2019,0.5970149253731343
163578,2019,0.4117647058823529
163851,2019,0.6153846153846154
163912,2019,0.5142857142857142
163976,2019,1.0
164076,2019,0.7438692098092643
164155,2019,0.8918918918918919
164173,2019,0.5641025641025641
164216,2019,0.6666666666666666
164270,2019,0.5
164447,2019,0.375
164465,2019,0.8983050847457628
164492,2019,0.42857142857142855
164562,2019,0.7352941176470589
164580,2019,0.9642857142857143
164632,2019,0.375
164641,2019,0.0
164720,2019,0.3076923076923077
164739,2019,0.7419354838709677
164748,2019,0.7083333333333334
164872,2019,1.0
164924,2019,0.8089887640449438
164988,2019,0.8888888888888888
165015,2019,0.9285714285714286
165024,2019,0.509090909090909
165167,2019,0.25
165334,2019,0.75
165529,2019,0.32653061224489793
165574,2019,0.6
165644,2019,0.25925925925925924
165662,2019,0.7777777777777778
165671,2019,0.5
165699,2019,0.6363636363636364
165802,2019,0.2
165820,2019,0.6379310344827587
165866,2019,0.576271186440678
165936,2019,0.8125
166018,2019,0.6153846153846154
166027,2019,0.9741379310344828
166124,2019,0.9655172413793104
166391,2019,0.5714285714285714
166452,2019,0.6153846153846154
166513,2019,0.6349206349206349
166629,2019,0.76
166638,2019,0.5228426395939086
166656,2019,0.5806451612903226
166674,2019,0.6666666666666666
166683,2019,0.9
166692,2019,0.6666666666666666
166850,2019,0.48148148148148145
166911,2019,0.5
166939,2019,0.8666666666666667
167260,2019,0.4642857142857143
167288,2019,0.38095238095238093
167358,2019,0.8333333333333334
167394,2019,0.30434782608695654
167455,2019,0.2692307692307692
167598,2019,0.5614035087719298
167729,2019,0.5263157894736842
167783,2019,0.5714285714285714
167835,2019,0.8
167899,2019,0.48148148148148145
167987,2019,0.4444444444444444
167996,2019,0.7435897435897436
168005,2019,0.5692307692307692
168148,2019,0.9107142857142857
168218,2019,0.8787878787878788
168227,2019,0.5319148936170213
168254,2019,0.46296296296296297
168263,2019,0.5344827586206896
168281,2019,0.7941176470588235
168342,2019,0.9428571428571428
168421,2019,0.8076923076923077
168430,2019,0.48936170212765956
168528,2019,0.34
168546,2019,0.3333333333333333
168591,2019,0.38095238095238093
168740,2019,0.6730769230769231
168786,2019,0.5
168847,2019,0.09259259259259259
169080,2019,0.48
169248,2019,0.5021097046413502
169327,2019,1.0
169363,2019,0.21428571428571427
169442,2019,0.4230769230769231
169479,2019,0.23529411764705882
169716,2019,0.3333333333333333
169798,2019,0.29850746268656714
169910,2019,0.2857142857142857
169983,2019,0.5
170000,2019,0.2
170037,2019,0.42105263157894735
170082,2019,0.4520547945205479
170091,2019,0.0
170301,2019,0.75
170532,2019,0.7931034482758621
170639,2019,0.25
170675,2019,0.28
170806,2019,0.2903225806451613
170967,2019,0.3333333333333333
170976,2019,0.8565400843881856
171100,2019,0.6307947019867549
171128,2019,0.631578947368421
171137,2019,0.3875
171146,2019,0.21804511278195488
171456,2019,0.16666666666666666
171492,2019,0.2692307692307692
171571,2019,0.27601809954751133
171599,2019,0.2608695652173913
171881,2019,0.0
172051,2019,0.2777777777777778
172264,2019,0.25806451612903225
172334,2019,0.47619047619047616
172440,2019,0.0
172644,2019,0.24797843665768193
172699,2019,0.38181818181818183
173045,2019,0.39215686274509803
173124,2019,0.2
173142,2019,0.4
173160,2019,0.2727272727272727
173258,2019,0.7142857142857143
173300,2019,0.36363636363636365
173328,2019,0.24
173452,2019,0.3333333333333333
173647,2019,0.75
173665,2019,0.6176470588235294
173902,2019,0.7692307692307693
173920,2019,0.3333333333333333
174020,2019,0.4
174066,2019,0.7554347826086957
174075,2019,0.07692307692307693
174127,2019,0.6666666666666666
174154,2019,1.0
174233,2019,0.4782608695652174
174251,2019,0.5
174358,2019,0.16666666666666666
174437,2019,0.16666666666666666
174491,2019,0.5
174525,2019,0.0
174747,2019,0.75
174783,2019,0.35514018691588783
174792,2019,0.5
174817,2019,0.6875
174844,2019,0.7894736842105263
174862,2019,0.16666666666666666
174899,2019,0.4
174914,2019,0.5666666666666667
175005,2019,0.4594594594594595
175014,2019,1.0
175078,2019,0.1111111111111111
175272,2019,0.42857142857142855
175342,2019,0.4543478260869565
175421,2019,0.3063063063063063
175430,2019,0.42857142857142855
175616,2019,0.3333333333333333
175856,2019,0.4338235294117647
175980,2019,0.5
176017,2019,0.463302752293578
176035,2019,0.44680851063829785
176044,2019,0.29850746268656714
176053,2019,0.4861111111111111
176080,2019,0.4183206106870229
176318,2019,0.20463320463320464
176372,2019,0.3810375670840787
176406,2019,0.40718562874251496
176479,2019,0.3870967741935484
176628,2019,0.3333333333333333
176664,2019,0.0
176789,2019,0.0
176910,2019,0.0
176947,2019,0.29411764705882354
176965,2019,0.3711340206185567
177065,2019,0.1794871794871795
177083,2019,0.0
177117,2019,0.6666666666666666
177144,2019,0.275
177214,2019,0.6
177339,2019,0.2
177418,2019,0.5714285714285714
177542,2019,0.16666666666666666
177551,2019,0.12871287128712872
177746,2019,0.5555555555555556
177940,2019,0.24691358024691357
177968,2019,0.36
178059,2019,0.7777777777777778
178208,2019,0.0
178244,2019,0.16216216216216217
178341,2019,0.16666666666666666
178369,2019,0.11764705882352941
178387,2019,0.1746031746031746
178396,2019,0.6231617647058824
178402,2019,0.3742690058479532
178411,2019,0.5483870967741935
178420,2019,0.4117647058823529
178615,2019,0.625
178624,2019,0.27884615384615385
178679,2019,1.0
178697,2019,0.5
178721,2019,0.23076923076923078
178891,2019,0.3333333333333333
179043,2019,0.4444444444444444
179159,2019,0.5483870967741935
179265,2019,0.5625
179326,2019,0.23333333333333334
179548,2019,0.5517241379310345
179557,2019,0.32620320855614976
179566,2019,0.375
179867,2019,0.9545454545454546
179894,2019,0.3484848484848485
179946,2019,0.3333333333333333
179955,2019,0.5
179964,2019,0.5
180106,2019,0.5
180179,2019,0.0
180258,2019,0.2857142857142857
180416,2019,1.0
180461,2019,0.5833333333333334
180489,2019,0.21428571428571427
180595,2019,0.2857142857142857
180692,2019,0.0
180814,2019,0.14285714285714285
180832,2019,0.0
180948,2019,0.1111111111111111
180984,2019,0.22727272727272727
181002,2019,0.68
181020,2019,0.2
181127,2019,0.6
181215,2019,0.25
181330,2019,0.07142857142857142
181394,2019,0.32051282051282054
181446,2019,0.2727272727272727
181464,2019,0.5564516129032258
181534,2019,0.13043478260869565
181738,2019,0.7
181783,2019,0.3076923076923077
181853,2019,0.1111111111111111
182281,2019,0.36059479553903345
182290,2019,0.5033557046979866
182306,2019,1.0
182458,2019,0.2
182634,2019,0.5806451612903226
182670,2019,0.9166666666666666
182795,2019,0.4827586206896552
182980,2019,0.1271186440677966
183026,2019,0.14678899082568808
183044,2019,0.6818181818181818
183062,2019,0.5
183080,2019,0.5
183211,2019,0.5
183239,2019,0.5555555555555556
183257,2019,0.0
183789,2019,0.20454545454545456
183822,2019,0.3281853281853282
183910,2019,0.48
183974,2019,0.5
184348,2019,0.75
184603,2019,0.4639175257731959
184612,2019,0.49206349206349204
184694,2019,0.4567901234567901
184773,2019,0.3829787234042553
184782,2019,0.5091743119266054
185129,2019,0.2677165354330709
185262,2019,0.42574257425742573
185572,2019,0.68
185590,2019,0.6951219512195121
185828,2019,0.6111111111111112
186131,2019,0.9719626168224299
186201,2019,0.4925373134328358
186283,2019,0.45714285714285713
186371,2019,0.5161290322580645
186380,2019,0.7720588235294118
186399,2019,0.6066666666666667
186432,2019,0.46703296703296704
186584,2019,0.5666666666666667
186618,2019,0.4444444444444444
186867,2019,0.6923076923076923
186876,2019,0.6419753086419753
187134,2019,0.7555555555555555
187444,2019,0.4946808510638298
187648,2019,0.28888888888888886
187897,2019,0.2
187967,2019,0.6666666666666666
187985,2019,0.4153846153846154
188030,2019,0.41509433962264153
188058,2019,0.0
188182,2019,0.0
188304,2019,0.09090909090909091
188340,2019,0.25
188429,2019,0.6440677966101694
188526,2019,0.0
188641,2019,0.45652173913043476
188854,2019,0.34285714285714286
189088,2019,0.7111111111111111
189097,2019,0.88
189228,2019,0.2966101694915254
189413,2019,0.75
189705,2019,0.39622641509433965
189848,2019,0.5333333333333333
190044,2019,0.5833333333333334
190099,2019,0.9393939393939394
190114,2019,0.3125
190150,2019,0.943089430894309
190248,2019,0.3939393939393939
190372,2019,1.0
190415,2019,0.9444444444444444
190512,2019,0.625
190549,2019,0.4307692307692308
190558,2019,0.37735849056603776
190567,2019,0.5869565217391305
190594,2019,0.5161290322580645
190600,2019,0.4630541871921182
190637,2019,0.5354330708661418
190646,2019,0.2891566265060241
190655,2019,0.19387755102040816
190664,2019,0.5119047619047619
190691,2019,0.3463855421686747
190716,2019,0.45
190725,2019,0.42857142857142855
190761,2019,0.625
190983,2019,0.6428571428571429
191205,2019,0.36
191241,2019,0.76
191515,2019,0.9130434782608695
191533,2019,0.4444444444444444
191621,2019,0.2857142857142857
191630,2019,0.7666666666666667
191649,2019,0.5
191676,2019,0.5
191931,2019,0.45454545454545453
191968,2019,0.7264150943396226
192110,2019,1.0
192192,2019,0.3157894736842105
192271,2019,0.3170731707317073
192323,2019,0.5588235294117647
192448,2019,0.35081967213114756
192703,2019,0.6153846153846154
192712,2019,1.0
192749,2019,0.5714285714285714
192819,2019,0.6052631578947368
192864,2019,0.43902439024390244
192925,2019,0.23214285714285715
193016,2019,0.41818181818181815
193292,2019,0.7333333333333333
193308,2019,0.8210526315789474
193353,2019,0.4666666666666667
193399,2019,0.5303030303030303
193584,2019,0.65
193654,2019,0.527027027027027
193900,2019,0.8438538205980066
193973,2019,0.3055555555555556
194091,2019,0.3880597014925373
194161,2019,0.18604651162790697
194310,2019,0.507177033492823
194392,2019,0.0
194569,2019,0.2
194578,2019,0.5
194824,2019,0.7843137254901961
194958,2019,0.35294117647058826
195003,2019,0.5929203539823009
195030,2019,0.704225352112676
195128,2019,0.4878048780487805
195164,2019,0.8076923076923077
195173,2019,0.44554455445544555
195216,2019,0.782608695652174
195234,2019,0.625
195243,2019,0.15789473684210525
195304,2019,0.3333333333333333
195474,2019,0.6111111111111112
195526,2019,0.9666666666666667
195544,2019,0.6086956521739131
195720,2019,0.6111111111111112
195809,2019,0.556640625
196006,2019,0.5
196015,2019,0.6923076923076923
196024,2019,0.5
196033,2019,0.3333333333333333
196042,2019,0.43333333333333335
196051,2019,0.29411764705882354
196060,2019,0.6774193548387096
196079,2019,0.8053097345132744
196088,2019,0.6407766990291263
196097,2019,0.7575757575757576
196103,2019,0.6363636363636364
196112,2019,0.23076923076923078
196121,2019,0.5904761904761905
196130,2019,0.3964757709251101
196149,2019,0.6923076923076923
196158,2019,0.5714285714285714
196167,2019,0.6976744186046512
196176,2019,0.7571428571428571
196185,2019,0.6571428571428571
196194,2019,0.6330275229357798
196200,2019,0.40229885057471265
196219,2019,0.7368421052631579
196237,2019,0.5067567567567568
196246,2019,0.746031746031746
196264,2019,0.2903225806451613
196291,2019,0.5714285714285714
196413,2019,0.7910447761194029
196866,2019,0.8181818181818182
197027,2019,0.7777777777777778
197036,2019,0.7133333333333334
197045,2019,0.4473684210526316
197133,2019,0.875
197142,2019,0.11538461538461539
197151,2019,0.46808510638297873
197197,2019,0.6176470588235294
197230,2019,0.5555555555555556
197285,2019,0.5714285714285714
197869,2019,0.6559139784946236
197911,2019,0.42857142857142855
197984,2019,0.3448275862068966
197993,2019,0.31297709923664124
198066,2019,0.07407407407407407
198136,2019,0.4533333333333333
198215,2019,0.45454545454545453
198303,2019,0.2972972972972973
198385,2019,0.9032258064516129
198419,2019,0.8988095238095238
198464,2019,0.6454005934718101
198507,2019,0.43790849673202614
198516,2019,0.8225806451612904
198543,2019,0.3415977961432507
198561,2019,0.32926829268292684
198598,2019,0.2537313432835821
198613,2019,0.410958904109589
198695,2019,0.5833333333333334
198756,2019,0.42786069651741293
198808,2019,0.21428571428571427
198835,2019,0.26229508196721313
198862,2019,0.29736842105263156
198899,2019,0.232
198950,2019,0.5897435897435898
198969,2019,0.21739130434782608
198978,2019,0.15789473684210525
199032,2019,0.14285714285714285
199069,2019,0.3333333333333333
199102,2019,0.5412907702984039
199111,2019,0.75
199120,2019,0.875
199139,2019,0.6851851851851852
199148,2019,0.5981554677206851
199157,2019,0.5287356321839081
199184,2019,0.7307692307692307
199193,2019,0.7857142857142857
199209,2019,0.21367521367521367
199218,2019,0.6341463414634146
199272,2019,0.42
199281,2019,0.43103448275862066
199306,2019,0.3125
199412,2019,0.5
199458,2019,0.1111111111111111
199582,2019,0.1843137254901961
199607,2019,0.8205128205128205
199643,2019,0.18098159509202455
199698,2019,0.30434782608695654
199759,2019,0.0
199847,2019,0.8125
199865,2019,0.25
199962,2019,0.42045454545454547
199971,2019,1.0
199999,2019,0.5035360678925035
200004,2019,0.5887850467289719
200059,2019,0.2
200156,2019,0.0
200217,2019,0.2
200226,2019,0.043478260869565216
200253,2019,0.25
200280,2019,0.34375
200332,2019,0.4418604651162791
200484,2019,0.2
200572,2019,0.16666666666666666
200800,2019,0.2750809061488673
201061,2019,0.16666666666666666
201104,2019,0.2727272727272727
201195,2019,0.5769230769230769
201371,2019,0.4666666666666667
201441,2019,0.4599406528189911
201548,2019,0.42028985507246375
201645,2019,0.8064516129032258
201654,2019,0.6
201690,2019,0.28272251308900526
201885,2019,0.6754385964912281
201964,2019,0.23529411764705882
202046,2019,0.6
202134,2019,0.3004115226337449
202170,2019,0.4444444444444444
202480,2019,0.7352941176470589
202514,2019,0.15
202523,2019,0.7959183673469388
202763,2019,0.3076923076923077
202806,2019,0.23636363636363636
202903,2019,0.0
203085,2019,0.45
203128,2019,0.3548387096774194
203368,2019,0.5769230769230769
203447,2019,0.0
203456,2019,0.0
203465,2019,0.06818181818181818
203474,2019,0.05555555555555555
203483,2019,0.0
203492,2019,0.0
203517,2019,0.5725593667546174
203526,2019,0.06666666666666667
203535,2019,0.8333333333333334
203544,2019,1.0
203580,2019,0.2962962962962963
203757,2019,0.2222222222222222
203775,2019,0.34615384615384615
203845,2019,0.15384615384615385
203960,2019,0.0
204006,2019,0.10526315789473684
204015,2019,0.09523809523809523
204024,2019,0.7523809523809524
204176,2019,0.75
204185,2019,0.3448275862068966
204194,2019,0.4
204200,2019,0.41935483870967744
204264,2019,0.18518518518518517
204468,2019,0.2872340425531915
204486,2019,0.0
204501,2019,0.9069767441860465
204617,2019,0.5217391304347826
204635,2019,0.3333333333333333
204671,2019,0.045454545454545456
204680,2019,0.08955223880597014
204699,2019,0.05263157894736842
204705,2019,0.2222222222222222
204796,2019,0.7862068965517242
204820,2019,0.1111111111111111
204839,2019,0.0
204848,2019,0.25
204857,2019,0.5982532751091703
204866,2019,0.3333333333333333
204909,2019,0.5882352941176471
204936,2019,0.4
205203,2019,0.09090909090909091
205443,2019,0.46153846153846156
206048,2019,0.28
206084,2019,0.26278659611992944
206279,2019,0.0
206349,2019,0.2727272727272727
206437,2019,0.41379310344827586
206491,2019,0.3939393939393939
206507,2019,0.34
206525,2019,0.35294117647058826
206589,2019,0.7307692307692307
206604,2019,0.24455205811138014
206613,2019,0.0
206622,2019,0.5037593984962406
206695,2019,0.22085889570552147
206817,2019,0.06557377049180328
206835,2019,0.09090909090909091
206862,2019,0.11363636363636363
206914,2019,0.20689655172413793
206941,2019,0.2879581151832461
207041,2019,0.3181818181818182
207157,2019,0.25
207209,2019,0.325
207254,2019,0.8
207263,2019,0.19444444444444445
207306,2019,0.20833333333333334
207324,2019,0.4186046511627907
207351,2019,0.0
207388,2019,0.4632768361581921
207403,2019,0.21875
207458,2019,0.625
207500,2019,0.5895522388059702
207582,2019,0.44594594594594594
207661,2019,0.0
207722,2019,0.16666666666666666
207847,2019,0.1951219512195122
207856,2019,0.3
207865,2019,0.2413793103448276
207971,2019,0.5813953488372093
208646,2019,0.4
208822,2019,0.4
209056,2019,0.7333333333333333
209065,2019,0.375
209287,2019,0.0
209409,2019,0.0
209506,2019,0.2
209542,2019,0.47368421052631576
209551,2019,0.6419753086419753
209603,2019,0.0
209612,2019,0.5384615384615384
209807,2019,0.33962264150943394
209825,2019,1.0
209922,2019,0.8571428571428571
210146,2019,0.3181818181818182
210304,2019,0.15384615384615385
210331,2019,0.0
210401,2019,0.8461538461538461
210429,2019,0.2222222222222222
210492,2019,0.2916666666666667
210571,2019,0.45689655172413796
210669,2019,0.5666666666666667
210739,2019,0.21739130434782608
210775,2019,0.358974358974359
211024,2019,0.0
211088,2019,0.39705882352941174
211158,2019,0.37383177570093457
211273,2019,1.0
211291,2019,0.8620689655172413
211352,2019,0.4235294117647059
211361,2019,0.35714285714285715
211431,2019,0.34210526315789475
211440,2019,0.9206349206349206
211468,2019,0.5769230769230769
211477,2019,0.36363636363636365
211556,2019,0.5
211583,2019,0.5
211608,2019,0.27906976744186046
211644,2019,0.3
211893,2019,0.6666666666666666
211981,2019,0.3114754098360656
212009,2019,0.8529411764705882
212054,2019,0.6075268817204301
212106,2019,0.64
212115,2019,0.4111111111111111
212133,2019,0.32653061224489793
212160,2019,0.375
212197,2019,0.4117647058823529
212577,2019,0.8947368421052632
212601,2019,0.41935483870967744
212656,2019,0.391304347826087
212674,2019,0.8571428571428571
212805,2019,0.16666666666666666
212832,2019,0.15384615384615385
212911,2019,0.8888888888888888
212984,2019,0.3333333333333333
213011,2019,0.5625
213020,2019,0.32460732984293195
213251,2019,0.6428571428571429
213303,2019,0.5
213321,2019,0.37037037037037035
213349,2019,0.3375
213358,2019,0.7931034482758621
213367,2019,0.5061728395061729
213385,2019,0.9642857142857143
213400,2019,0.7777777777777778
213507,2019,0.4090909090909091
213543,2019,0.8113207547169812
213598,2019,0.468503937007874
213613,2019,0.2571428571428571
213668,2019,0.5121951219512195
213783,2019,0.3
213826,2019,0.6363636363636364
213987,2019,0.5128205128205128
213996,2019,0.5
214041,2019,0.32575757575757575
214069,2019,0.4
214148,2019,0.6190476190476191
214157,2019,0.6666666666666666
214166,2019,0.125
214175,2019,0.8095238095238095
214272,2019,0.38235294117647056
214883,2019,1.0
214971,2019,0.0
215053,2019,0.0
215062,2019,0.9319727891156463
215105,2019,0.46153846153846156
215114,2019,0.0
215132,2019,0.7741935483870968
215266,2019,0.3333333333333333
215275,2019,0.34210526315789475
215284,2019,0.391304347826087
215293,2019,0.65
215442,2019,0.3902439024390244
215655,2019,0.34328358208955223
215691,2019,0.3888888888888889
215743,2019,0.40476190476190477
215770,2019,0.7450980392156863
215798,2019,0.5172413793103449
215929,2019,0.5454545454545454
215947,2019,0.3888888888888889
216010,2019,0.375
216038,2019,0.4852941176470588
216047,2019,1.0
216278,2019,0.5
216287,2019,1.0
216339,2019,0.6626984126984127
216357,2019,0.2
216366,2019,0.582089552238806
216524,2019,0.55
216542,2019,0.34782608695652173
216597,2019,0.9076923076923077
216667,2019,0.55
216694,2019,0.6363636363636364
216764,2019,0.5780590717299579
216807,2019,0.35
216852,2019,0.5176470588235295
216931,2019,0.30434782608695654
217013,2019,0.5833333333333334
217059,2019,0.34782608695652173
217156,2019,0.9523809523809523
217165,2019,0.775
217235,2019,0.5868544600938967
217402,2019,0.8478260869565217
217420,2019,0.29473684210526313
217484,2019,0.562874251497006
217493,2019,0.8888888888888888
217518,2019,0.8125
217536,2019,0.6363636363636364
217606,2019,0.3333333333333333
217624,2019,0.1935483870967742
217633,2019,0.3333333333333333
217688,2019,0.35185185185185186
217721,2019,0.2828096118299446
217749,2019,0.375
217776,2019,0.38095238095238093
217819,2019,0.6030534351145038
217864,2019,0.6101694915254238
217873,2019,0.48863636363636365
217882,2019,0.7020408163265306
217891,2019,0.09523809523809523
217907,2019,0.5769230769230769
217925,2019,0.4
217934,2019,0.6764705882352942
217961,2019,0.5454545454545454
217998,2019,0.32
218061,2019,0.3821138211382114
218070,2019,0.7692307692307693
218229,2019,0.3359375
218238,2019,0.19337016574585636
218399,2019,0.26576576576576577
218414,2019,0.35
218441,2019,0.2857142857142857
218539,2019,0.4883720930232558
218645,2019,0.37254901960784315
218654,2019,0.3698630136986301
218663,2019,0.7323943661971831
218724,2019,0.4382284382284382
218733,2019,0.2955665024630542
218742,2019,0.4696969696969697
218919,2019,0.3969465648854962
218964,2019,0.5548172757475083
218973,2019,0.8064516129032258
219000,2019,0.5555555555555556
219046,2019,0.0
219082,2019,0.09090909090909091
219091,2019,0.75
219198,2019,0.0
219259,2019,0.2222222222222222
219295,2019,0.5
219347,2019,0.16666666666666666
219356,2019,0.22580645161290322
219383,2019,0.0
219471,2019,0.3793103448275862
219505,2019,0.6363636363636364
219602,2019,0.44495412844036697
219639,2019,0.125
219709,2019,0.6714285714285714
219718,2019,0.23711340206185566
219790,2019,0.75
219806,2019,0.3157894736842105
219833,2019,0.4056603773584906
219949,2019,0.25
219976,2019,0.4
220075,2019,0.2717391304347826
220181,2019,0.5114942528735632
220206,2019,1.0
220215,2019,0.3181818181818182
220473,2019,0.2857142857142857
220516,2019,0.5
220552,2019,0.0
220598,2019,0.22756410256410256
220604,2019,0.14084507042253522
220613,2019,0.35
220631,2019,0.3684210526315789
220701,2019,0.14285714285714285
220710,2019,0.2459016393442623
220862,2019,0.4194915254237288
220978,2019,0.4453125
221351,2019,0.7058823529411765
221519,2019,0.75
221661,2019,0.48148148148148145
221731,2019,0.3076923076923077
221740,2019,0.4763779527559055
221759,2019,0.6084507042253521
221768,2019,0.46564885496183206
221838,2019,0.29780876494023906
221847,2019,0.4634146341463415
221892,2019,0.4375
221953,2019,0.2
221971,2019,0.4230769230769231
221999,2019,0.8627450980392157
222178,2019,0.5280898876404494
222831,2019,0.25688073394495414
222877,2019,0.0
222938,2019,0.15217391304347827
222983,2019,0.46153846153846156
223232,2019,0.7351778656126482
223463,2019,0.75
224004,2019,0.35294117647058826
224147,2019,0.2992125984251969
224226,2019,0.32142857142857145
224244,2019,0.08333333333333333
224323,2019,0.5555555555555556
224527,2019,0.21839080459770116
224545,2019,0.2857142857142857
224554,2019,0.37293729372937295
224776,2019,0.06896551724137931
225201,2019,0.5
225247,2019,0.46153846153846156
225399,2019,0.4097222222222222
225414,2019,0.25
225432,2019,0.24719101123595505
225502,2019,0.14285714285714285
225511,2019,0.5672371638141809
225548,2019,0.24390243902439024
225575,2019,0.24793388429752067
225627,2019,0.5074626865671642
225885,2019,0.15789473684210525
226091,2019,0.2469437652811736
226152,2019,0.0
226231,2019,0.1
226383,2019,0.2222222222222222
226471,2019,0.30303030303030304
226587,2019,0.20967741935483872
226833,2019,0.39285714285714285
227216,2019,0.5422222222222223
227331,2019,0.2564102564102564
227368,2019,0.25
227429,2019,0.2
227526,2019,0.36648501362397823
227757,2019,0.8607594936708861
227845,2019,0.358974358974359
227863,2019,0.6666666666666666
227881,2019,0.5478991596638656
228042,2019,0.5454545454545454
228149,2019,0.5263157894736842
228246,2019,0.7540983606557377
228325,2019,0.42857142857142855
228343,2019,0.7333333333333333
228431,2019,0.4168618266978923
228459,2019,0.5082781456953642
228468,2019,0.34782608695652173
228486,2019,0.3333333333333333
228501,2019,0.13636363636363635
228529,2019,0.35545023696682465
228705,2019,0.18085106382978725
228723,2019,0.8373493975903614
228769,2019,0.5248447204968945
228778,2019,0.7419354838709677
228787,2019,0.6974789915966386
228796,2019,0.3548387096774194
228802,2019,0.3684210526315789
228875,2019,0.759493670886076
228884,2019,0.1503267973856209
228981,2019,0.5416666666666666
229018,2019,0.058823529411764705
229027,2019,0.5447316103379721
229063,2019,0.17423616845582163
229115,2019,0.562111801242236
229160,2019,0.3225806451612903
229179,2019,0.2612244897959184
229267,2019,0.782608695652174
229780,2019,0.07317073170731707
229814,2019,0.24074074074074073
229887,2019,0.2833333333333333
230038,2019,0.75
230047,2019,0.6666666666666666
230171,2019,0.2903225806451613
230603,2019,0.3333333333333333
230621,2019,0.3333333333333333
230728,2019,0.3448275862068966
230737,2019,0.23076923076923078
230764,2019,0.5
230782,2019,0.2558139534883721
230807,2019,0.8333333333333334
230816,2019,0.3333333333333333
230834,2019,0.1111111111111111
230852,2019,0.5833333333333334
230913,2019,0.2727272727272727
230959,2019,0.9230769230769231
230977,2019,0.0
230995,2019,0.46875
231059,2019,0.5714285714285714
231095,2019,0.0
231174,2019,0.696969696969697
231420,2019,0.33783783783783783
231554,2019,0.2391304347826087
231581,2019,0.6031746031746031
231624,2019,0.8629032258064516
231651,2019,0.4074074074074074
231712,2019,0.7714285714285715
232025,2019,0.21621621621621623
232043,2019,0.475
232089,2019,0.2631578947368421
232186,2019,0.6858789625360231
232256,2019,0.5384615384615384
232265,2019,0.6085825747724317
232308,2019,0.5172413793103449
232423,2019,0.7172774869109948
232557,2019,0.3008474576271186
232566,2019,0.5487804878048781
232609,2019,0.5641025641025641
232672,2019,0.5116279069767442
232681,2019,0.4807692307692308
232706,2019,0.43636363636363634
232937,2019,0.4008810572687225
232982,2019,0.5
233277,2019,0.5109034267912772
233295,2019,0.5
233301,2019,0.5
233374,2019,0.8775510204081632
233426,2019,0.631578947368421
233541,2019,0.5303030303030303
233611,2019,0.42857142857142855
233684,2019,0.0
233718,2019,0.22727272727272727
233897,2019,0.24
233921,2019,0.7428571428571429
234030,2019,0.6654740608228981
234076,2019,0.8893617021276595
234085,2019,0.6896551724137931
234137,2019,0.5555555555555556
234155,2019,0.4593939393939394
234164,2019,0.3573200992555831
234173,2019,0.4090909090909091
234207,2019,0.7777777777777778
234827,2019,0.54
235024,2019,0.3333333333333333
235097,2019,0.4342105263157895
235167,2019,0.4166666666666667
235316,2019,0.7692307692307693
236133,2019,0.6363636363636364
236230,2019,0.3125
236328,2019,0.8571428571428571
236452,2019,0.8
236577,2019,0.5294117647058824
236595,2019,0.75
236896,2019,0.09090909090909091
236939,2019,0.4673913043478261
236948,2019,0.7218543046357616
237011,2019,0.5652173913043478
237057,2019,0.8
237066,2019,0.4
237118,2019,0.14084507042253522
237181,2019,0.2909090909090909
237215,2019,0.18181818181818182
237312,2019,0.375
237330,2019,0.14705882352941177
237358,2019,0.46153846153846156
237367,2019,0.1875
237385,2019,0.9090909090909091
237525,2019,0.46153846153846156
237640,2019,0.0
237783,2019,0.19047619047619047
237792,2019,0.3275862068965517
237899,2019,0.2222222222222222
237932,2019,0.42857142857142855
237950,2019,0.35
237969,2019,0.23076923076923078
238032,2019,0.40930232558139534
238078,2019,0.12
238193,2019,0.15789473684210525
238333,2019,0.9
238430,2019,0.2631578947368421
238458,2019,0.0
238476,2019,0.37037037037037035
238573,2019,1.0
238616,2019,0.2
238661,2019,0.3333333333333333
238980,2019,0.36363636363636365
239017,2019,0.6521739130434783
239071,2019,0.3333333333333333
239080,2019,0.2727272727272727
239105,2019,0.7076923076923077
239309,2019,0.4
239318,2019,0.5
239390,2019,0.37209302325581395
239512,2019,0.0
239628,2019,0.2222222222222222
239716,2019,0.6
240107,2019,1.0
240189,2019,0.3953488372093023
240268,2019,0.46153846153846156
240277,2019,0.5
240329,2019,0.3125
240338,2019,0.625
240365,2019,0.288135593220339
240374,2019,0.3111111111111111
240392,2019,0.16666666666666666
240417,2019,0.39285714285714285
240426,2019,0.5
240444,2019,0.8
240453,2019,0.24203821656050956
240462,2019,0.25
240471,2019,0.4
240480,2019,0.22033898305084745
240727,2019,0.4117647058823529
240754,2019,0.3333333333333333
240790,2019,0.0
241191,2019,0.0
242617,2019,0.0
242653,2019,1.0
242662,2019,0.0
242705,2019,0.6
243221,2019,0.5
243665,2019,0.3008474576271186
243744,2019,0.9504950495049505
243780,2019,0.7237569060773481
245652,2019,1.0
245953,2019,0.13636363636363635
247065,2019,0.0
248934,2019,0.33146067415730335
251312,2019,0.08333333333333333
262129,2019,0.4
363439,2019,1.0
363934,2019,0.0
366003,2019,0.25
366252,2019,0.2727272727272727
366711,2019,0.5675675675675675
367884,2019,0.25
368443,2019,0.6666666666666666
368452,2019,1.0
369516,2019,0.5
377342,2019,1.0
377546,2019,1.0
377555,2019,0.5
377564,2019,0.5882352941176471
384254,2019,0.6666666666666666
384412,2019,0.42857142857142855
385619,2019,0.5512820512820513
388520,2019,0.0
392257,2019,0.3333333333333333
399869,2019,0.6363636363636364
399911,2019,0.75
404338,2019,0.3333333333333333
405997,2019,0.0
408844,2019,0.0
409698,2019,0.5225225225225225
412599,2019,0.5833333333333334
414823,2019,0.49586776859504134
417752,2019,0.0
420042,2019,0.0
421832,2019,0.25
421878,2019,0.6
426314,2019,0.14634146341463414
433387,2019,0.25925925925925924
433536,2019,0.16666666666666666
433660,2019,0.6721311475409836
436429,2019,0.39285714285714285
436614,2019,1.0
436818,2019,0.5
436827,2019,0.3333333333333333
436836,2019,0.5476190476190477
437097,2019,0.0
438151,2019,0.12222222222222222
438498,2019,0.45454545454545453
438586,2019,0.3333333333333333
439288,2019,0.5333333333333333
439969,2019,1.0
440794,2019,0.08333333333333333
441900,2019,0.13636363636363635
441937,2019,0.4146341463414634
441982,2019,1.0
442161,2019,0.18181818181818182
442569,2019,0.1038961038961039
442930,2019,1.0
443049,2019,0.0
444088,2019,0.0
444398,2019,0.0
445027,2019,0.14130434782608695
445133,2019,0.625
445188,2019,0.6842105263157895
445203,2019,0.75
445300,2019,0.0
445692,2019,0.8333333333333334
445708,2019,0.4891304347826087
446048,2019,0.23076923076923078
446233,2019,0.0
446640,2019,0.16071428571428573
447458,2019,0.17647058823529413
447689,2019,0.12531645569620253
447953,2019,0.3076923076923077
448354,2019,0.6666666666666666
449339,2019,0.345679012345679
449764,2019,0.0
449898,2019,0.0
450933,2019,0.1937984496124031
451556,2019,0.5
451750,2019,0.0
451820,2019,0.3333333333333333
451866,2019,0.7142857142857143
454184,2019,0.3333333333333333
454236,2019,0.0
456959,2019,0.3333333333333333
457484,2019,1.0
458113,2019,1.0
458210,2019,0.0
458496,2019,0.5
458982,2019,0.26666666666666666
459259,2019,0.14285714285714285
459842,2019,0.0
460783,2019,0.3333333333333333
460899,2019,0.0
461023,2019,0.0
461148,2019,0.14285714285714285
461528,2019,1.0
461759,2019,1.0
461795,2019,0.375
463056,2019,0.46774193548387094
465812,2019,0.08620689655172414
466930,2019,1.0
474863,2019,0.0
475121,2019,0.017977528089887642
475608,2019,0.3333333333333333
475732,2019,0.5
478634,2019,0.8333333333333334
480198,2019,0.3333333333333333
480912,2019,1.0
481225,2019,1.0
481720,2019,0.1
482149,2019,0.43037974683544306
482158,2019,0.18253968253968253
482413,2019,0.3333333333333333
482422,2019,0.0
482431,2019,0.23076923076923078
482459,2019,0.125
482468,2019,0.1875
482477,2019,0.125
482486,2019,0.0
482538,2019,0.0
482556,2019,0.2
482565,2019,0.0
482574,2019,0.2222222222222222
482608,2019,0.2857142857142857
482617,2019,1.0
482635,2019,0.0
482653,2019,0.0
482680,2019,0.5
482936,2019,0.5185185185185185
483018,2019,0.6666666666666666
483124,2019,0.25
483780,2019,1.0
484613,2019,0.0632582322357019
484631,2019,0.3
484668,2019,0.0
484677,2019,0.23076923076923078
484710,2019,0.0
484756,2019,0.14285714285714285
484783,2019,0.0
484905,2019,0.3125
485263,2019,0.5882352941176471
485768,2019,0.9090909090909091
486284,2019,0.5
486840,2019,0.4740932642487047
486901,2019,0.3333333333333333
486965,2019,1.0
487524,2019,0.35135135135135137
488846,2019,0.5
489779,2019,0.0
489937,2019,0.0
490805,2019,0.17424242424242425
491525,2019,0.0
492962,2019,0.07936507936507936
495767,2019,0.5015015015015015
100654,2020,0.2804986642920748
100663,2020,0.5552407932011332
100690,2020,0.5
100706,2020,0.4845360824742268
100724,2020,0.2843551797040169
100751,2020,0.5663338088445078
100830,2020,0.3287037037037037
100858,2020,0.6897810218978102
100937,2020,0.5818181818181818
101116,2020,0.07142857142857142
101189,2020,0.13043478260869565
101435,2020,0.45454545454545453
101480,2020,0.3764705882352941
101587,2020,0.3053435114503817
101675,2020,0.24069478908188585
101693,2020,0.2413793103448276
101709,2020,0.589041095890411
101879,2020,0.3621621621621622
101912,2020,0.516728624535316
102049,2020,0.6666666666666666
102058,2020,0.07194244604316546
102094,2020,0.41935483870967744
102234,2020,0.5306122448979592
102270,2020,0.15315315315315314
102298,2020,0.2897727272727273
102368,2020,0.38202247191011235
102377,2020,0.5440860215053763
102553,2020,0.13043478260869565
102614,2020,0.5
102669,2020,0.0
104090,2020,0.0
104151,2020,0.5042194092827004
104179,2020,0.5465116279069767
104586,2020,0.4117647058823529
104717,2020,0.3870967741935484
105330,2020,0.42424242424242425
105589,2020,0.5
105899,2020,0.1875
106245,2020,0.2905982905982906
106342,2020,0.13333333333333333
106397,2020,0.6
106412,2020,0.4073482428115016
106458,2020,0.4110429447852761
106467,2020,0.18468468468468469
106485,2020,0.12903225806451613
106704,2020,0.3633633633633634
106713,2020,0.0
106810,2020,0.0
107044,2020,0.37735849056603776
107071,2020,0.21076233183856502
107080,2020,0.6153846153846154
107141,2020,0.0
107512,2020,0.48484848484848486
107558,2020,0.5384615384615384
107600,2020,0.27848101265822783
107877,2020,0.25
107983,2020,0.29004329004329005
108092,2020,0.23076923076923078
108232,2020,0.23076923076923078
109651,2020,0.5
109785,2020,0.5964912280701754
110060,2020,0.5
110097,2020,0.625
110219,2020,0.3333333333333333
110361,2020,0.4155844155844156
110370,2020,0.42857142857142855
110404,2020,1.0
110413,2020,0.6875
110422,2020,0.7
110468,2020,0.0
110486,2020,0.39805825242718446
110495,2020,0.5294117647058824
110510,2020,0.4461538461538462
110529,2020,0.625
110538,2020,0.43023255813953487
110547,2020,0.39090909090909093
110556,2020,0.38095238095238093
110565,2020,0.7142857142857143
110574,2020,0.405
110583,2020,0.6467065868263473
110592,2020,0.48507462686567165
110608,2020,0.4094955489614243
110617,2020,0.4807692307692308
110635,2020,0.8144329896907216
110644,2020,0.8245614035087719
110653,2020,0.7889908256880734
110662,2020,0.7979274611398963
110671,2020,0.6949152542372882
110680,2020,0.8245614035087719
110705,2020,0.7641509433962265
110714,2020,0.5901639344262295
111081,2020,0.75
111188,2020,0.5
111948,2020,0.75
112075,2020,0.6190476190476191
112084,2020,0.3333333333333333
112260,2020,0.8461538461538461
112394,2020,0.3333333333333333
112570,2020,0.5
113698,2020,0.7222222222222222
114813,2020,0.38461538461538464
115409,2020,0.7
115728,2020,0.7368421052631579
115755,2020,0.2826086956521739
117104,2020,0.6666666666666666
117140,2020,0.6285714285714286
117168,2020,1.0
117627,2020,0.5454545454545454
117751,2020,0.4
117946,2020,0.7578947368421053
118541,2020,0.2916666666666667
118693,2020,0.5833333333333334
118888,2020,0.8571428571428571
119173,2020,0.6923076923076923
119605,2020,1.0
119775,2020,0.0
120184,2020,0.45454545454545453
120254,2020,0.875
120403,2020,0.7692307692307693
120537,2020,0.5
120865,2020,0.18181818181818182
120883,2020,0.5769230769230769
121150,2020,0.9230769230769231
121257,2020,0.8666666666666667
121309,2020,0.7272727272727273
121345,2020,0.9743589743589743
121691,2020,0.5555555555555556
122409,2020,0.7425742574257426
122436,2020,0.6808510638297872
122454,2020,0.25
122506,2020,1.0
122597,2020,0.4321608040201005
122612,2020,0.6739130434782609
122728,2020,0.5
122755,2020,0.6341463414634146
122931,2020,0.7647058823529411
123165,2020,0.6923076923076923
123457,2020,0.5
123554,2020,0.6206896551724138
123572,2020,0.40425531914893614
123651,2020,0.4642857142857143
123961,2020,0.8402777777777778
124292,2020,1.0
125727,2020,0.4
125763,2020,0.375
125897,2020,0.5
126182,2020,0.2
126562,2020,0.546875
126580,2020,0.45
126614,2020,0.6796116504854369
126669,2020,0.3333333333333333
126678,2020,0.7368421052631579
126775,2020,0.8
126818,2020,0.6285714285714286
126827,2020,0.1484375
127060,2020,0.6153846153846154
127185,2020,0.5
127556,2020,0.3157894736842105
127565,2020,0.205607476635514
127653,2020,0.0
127741,2020,0.4594594594594595
127918,2020,0.4444444444444444
127945,2020,0.75
128106,2020,0.21568627450980393
128328,2020,0.7166666666666667
128391,2020,0.4
128498,2020,0.696969696969697
128744,2020,0.38308457711442784
128771,2020,0.4861111111111111
128902,2020,0.7916666666666666
129020,2020,0.7622950819672131
129154,2020,0.2
129215,2020,0.5
129242,2020,0.7142857142857143
129525,2020,0.46116504854368934
129774,2020,0.45454545454545453
129941,2020,0.5080645161290323
130183,2020,0.05454545454545454
130226,2020,0.6923076923076923
130253,2020,0.6274509803921569
130314,2020,0.5757575757575758
130493,2020,0.42586750788643535
130590,2020,0.7837837837837838
130624,2020,0.9230769230769231
130697,2020,0.9107142857142857
130776,2020,0.37349397590361444
130794,2020,0.946236559139785
130934,2020,0.4941002949852507
130943,2020,0.7025641025641025
130989,2020,0.4827586206896552
131098,2020,0.25287356321839083
131113,2020,0.10227272727272728
131159,2020,0.7210884353741497
131283,2020,0.5454545454545454
131399,2020,0.36
131450,2020,0.2857142857142857
131469,2020,0.7235772357723578
131496,2020,0.8888888888888888
131520,2020,0.6269545793000745
131876,2020,0.31496062992125984
132471,2020,0.39568345323741005
132602,2020,0.31024531024531027
132657,2020,0.32608695652173914
132879,2020,0.0
132903,2020,0.7161500815660685
133465,2020,0.3333333333333333
133492,2020,0.5
133526,2020,0.25888324873096447
133553,2020,0.425531914893617
133650,2020,0.5555555555555556
133669,2020,0.5415094339622641
133711,2020,0.48148148148148145
133809,2020,0.3333333333333333
133872,2020,0.36363636363636365
133881,2020,0.6410256410256411
133951,2020,0.5922330097087378
133979,2020,0.3103448275862069
134079,2020,0.5757575757575758
134097,2020,0.827906976744186
134130,2020,0.8456057007125891
134237,2020,0.29437706725468576
134510,2020,0.0
134811,2020,0.26666666666666666
134945,2020,0.3013698630136986
135081,2020,0.4666666666666667
135726,2020,0.8571428571428571
136172,2020,0.6511627906976745
136215,2020,0.49411764705882355
136330,2020,0.46153846153846156
136774,2020,0.7
136950,2020,0.8571428571428571
137032,2020,0.43010752688172044
137351,2020,0.7325
137476,2020,0.3829787234042553
137546,2020,0.5529411764705883
137564,2020,0.4380165289256198
137847,2020,0.5802469135802469
137953,2020,0.23076923076923078
137962,2020,0.36363636363636365
138275,2020,0.325
138293,2020,0.13559322033898305
138354,2020,0.41578947368421054
138558,2020,0.16
138600,2020,0.6590909090909091
138716,2020,0.34598214285714285
138813,2020,0.22727272727272727
138868,2020,0.16455696202531644
138901,2020,0.25
138947,2020,0.4205748865355522
139144,2020,0.7142857142857143
139153,2020,0.0
139199,2020,0.5294117647058824
139205,2020,0.075
139250,2020,0.2535211267605634
139311,2020,0.3389261744966443
139366,2020,0.41895261845386533
139393,2020,0.6666666666666666
139463,2020,0.2608695652173913
139579,2020,0.14285714285714285
139630,2020,0.275
139658,2020,0.905982905982906
139719,2020,0.4621409921671018
139755,2020,0.8020304568527918
139764,2020,0.2653061224489796
139861,2020,0.5084745762711864
139931,2020,0.5188374596340151
139940,2020,0.569327731092437
139959,2020,0.8329113924050633
139968,2020,0.1794871794871795
140234,2020,0.2878787878787879
140252,2020,0.2631578947368421
140340,2020,0.38461538461538464
140447,2020,0.746268656716418
140553,2020,0.4716312056737589
140696,2020,0.5901639344262295
140720,2020,0.09009009009009009
140818,2020,0.2222222222222222
140872,2020,0.25
140951,2020,0.5592592592592592
140960,2020,0.24158653846153846
140988,2020,0.23636363636363636
141060,2020,0.7661870503597122
141167,2020,0.15384615384615385
141185,2020,0.2727272727272727
141237,2020,0.125
141264,2020,0.4015748031496063
141325,2020,0.55
141334,2020,0.4242105263157895
141361,2020,0.4
141486,2020,0.7142857142857143
141565,2020,1.0
141574,2020,0.3333333333333333
141644,2020,0.1875
141981,2020,0.0
142115,2020,0.391304347826087
142276,2020,0.29411764705882354
142285,2020,0.4090909090909091
142294,2020,0.3333333333333333
142328,2020,0.5
142461,2020,1.0
142522,2020,0.19047619047619047
142887,2020,0.4
143048,2020,0.5
143084,2020,0.68
143118,2020,0.2830188679245283
143288,2020,0.21428571428571427
143358,2020,0.62
144005,2020,0.15714285714285714
144050,2020,0.8902439024390244
144281,2020,0.379182156133829
144351,2020,0.2222222222222222
144740,2020,0.5480225988700564
144883,2020,0.06930693069306931
144892,2020,0.35517241379310344
144962,2020,0.2727272727272727
144971,2020,0.23076923076923078
145336,2020,0.09375
145372,2020,0.43333333333333335
145600,2020,0.5159235668789809
145619,2020,0.22950819672131148
145637,2020,0.689873417721519
145646,2020,0.7777777777777778
145691,2020,0.43243243243243246
145725,2020,0.5652173913043478
145813,2020,0.4808259587020649
146339,2020,0.375
146427,2020,0.896551724137931
146481,2020,0.68
146612,2020,0.3170731707317073
146667,2020,0.2
146676,2020,0.05263157894736842
146719,2020,0.5841584158415841
147013,2020,0.5106382978723404
147244,2020,0.40625
147341,2020,0.30434782608695654
147369,2020,0.5
147536,2020,0.3076923076923077
147660,2020,0.56
147679,2020,0.2608695652173913
147703,2020,0.3247706422018349
147767,2020,0.9076923076923077
147776,2020,0.09876543209876543
147828,2020,0.3191489361702128
148016,2020,0.75
148131,2020,0.14
148405,2020,0.09523809523809523
148487,2020,0.12162162162162163
148496,2020,0.25
148584,2020,0.36363636363636365
148627,2020,0.28888888888888886
148654,2020,0.42028985507246375
149222,2020,0.24311926605504589
149231,2020,0.2882205513784461
149505,2020,0.5454545454545454
149514,2020,0.2916666666666667
149639,2020,1.0
149772,2020,0.34934497816593885
149781,2020,0.8235294117647058
150066,2020,0.2903225806451613
150136,2020,0.5593869731800766
150145,2020,0.42857142857142855
150163,2020,0.7551020408163265
150172,2020,0.3
150400,2020,0.8214285714285714
150455,2020,0.6363636363636364
150534,2020,0.4
150604,2020,0.36363636363636365
150668,2020,0.75
150677,2020,0.25
150756,2020,0.7142857142857143
150774,2020,0.3333333333333333
150941,2020,0.75
151102,2020,0.2564102564102564
151111,2020,0.4166666666666667
151263,2020,0.39622641509433965
151290,2020,0.24242424242424243
151306,2020,0.3333333333333333
151324,2020,0.25449101796407186
151333,2020,0.2631578947368421
151342,2020,0.3076923076923077
151351,2020,0.6888297872340425
151360,2020,0.078125
151379,2020,0.08888888888888889
151388,2020,0.4444444444444444
151777,2020,0.41935483870967744
151786,2020,0.7222222222222222
151801,2020,0.42857142857142855
151810,2020,0.25
151962,2020,1.0
152080,2020,0.9113924050632911
152099,2020,0.5
152318,2020,0.7142857142857143
152336,2020,0.15151515151515152
152381,2020,0.3333333333333333
152390,2020,0.4666666666666667
152530,2020,0.42857142857142855
152567,2020,0.44
152600,2020,0.44680851063829785
152637,2020,0.0
152673,2020,0.6875
152992,2020,0.47368421052631576
153001,2020,0.5
153108,2020,0.6
153126,2020,0.7272727272727273
153144,2020,0.5
153162,2020,0.5714285714285714
153250,2020,0.2727272727272727
153269,2020,0.4444444444444444
153278,2020,0.2169811320754717
153302,2020,0.6666666666666666
153366,2020,0.2
153375,2020,0.25
153384,2020,0.7692307692307693
153603,2020,0.5696969696969697
153621,2020,0.14814814814814814
153658,2020,0.5942028985507246
153825,2020,0.16666666666666666
153834,2020,0.5
153861,2020,0.0
153977,2020,0.0
154004,2020,0.0
154013,2020,0.35714285714285715
154022,2020,0.048701298701298704
154095,2020,0.44680851063829785
154101,2020,0.0
154235,2020,0.2631578947368421
154350,2020,1.0
154493,2020,0.10344827586206896
154518,2020,0.37037037037037035
154527,2020,0.5454545454545454
154590,2020,0.17525773195876287
154688,2020,0.2857142857142857
154712,2020,0.35714285714285715
154721,2020,0.21875
154749,2020,0.4375
154855,2020,0.12048192771084337
155025,2020,0.4666666666666667
155061,2020,0.30303030303030304
155070,2020,1.0
155089,2020,0.2857142857142857
155317,2020,0.4715909090909091
155335,2020,0.625
155399,2020,0.5043478260869565
155414,2020,0.26666666666666666
155496,2020,0.6666666666666666
155511,2020,0.2777777777777778
155520,2020,0.21428571428571427
155627,2020,0.3
155681,2020,0.29545454545454547
155812,2020,0.42857142857142855
155900,2020,0.3333333333333333
155937,2020,0.16666666666666666
155973,2020,0.13636363636363635
156082,2020,0.21875
156125,2020,0.3698630136986301
156189,2020,0.0
156213,2020,0.35714285714285715
156286,2020,0.6206896551724138
156295,2020,0.5441176470588235
156356,2020,0.4666666666666667
156365,2020,0.1320754716981132
156408,2020,0.8947368421052632
156417,2020,1.0
156541,2020,0.24242424242424243
156620,2020,0.27884615384615385
156745,2020,0.13636363636363635
157030,2020,1.0
157058,2020,0.4298245614035088
157076,2020,0.20689655172413793
157085,2020,0.5301204819277109
157100,2020,0.08333333333333333
157216,2020,0.26229508196721313
157289,2020,0.5668016194331984
157377,2020,0.5
157386,2020,0.21568627450980393
157401,2020,0.39215686274509803
157447,2020,0.4154929577464789
157535,2020,0.25
157748,2020,0.5
157757,2020,0.4
157809,2020,0.29411764705882354
157818,2020,0.6428571428571429
157863,2020,0.3170731707317073
157951,2020,0.33
158477,2020,0.38095238095238093
158802,2020,0.5328467153284672
159009,2020,0.28125
159382,2020,0.14583333333333334
159391,2020,0.5700934579439252
159416,2020,0.2878787878787879
159568,2020,0.11904761904761904
159647,2020,0.4866920152091255
159656,2020,0.5634920634920635
159717,2020,0.25301204819277107
159939,2020,0.2694610778443114
159948,2020,0.8571428571428571
159966,2020,0.38181818181818183
159993,2020,0.43853820598006643
160038,2020,0.3651685393258427
160065,2020,0.16666666666666666
160074,2020,0.5
160409,2020,0.0
160612,2020,0.27755905511811024
160621,2020,0.31669691470054445
160630,2020,0.1870967741935484
160658,2020,0.3888130968622101
160755,2020,0.6949152542372882
160904,2020,0.4737991266375546
160959,2020,0.0
160977,2020,0.75
161004,2020,0.8620689655172413
161086,2020,0.8333333333333334
161217,2020,0.0
161226,2020,0.42857142857142855
161235,2020,0.0
161253,2020,0.33962264150943394
161299,2020,0.14285714285714285
161341,2020,0.14285714285714285
161457,2020,0.375
161509,2020,1.0
161518,2020,0.75
161554,2020,0.3170731707317073
161563,2020,0.21428571428571427
161572,2020,1.0
161873,2020,0.26666666666666666
162007,2020,0.4112734864300626
162061,2020,0.3548387096774194
162210,2020,0.3888888888888889
162283,2020,0.25139664804469275
162584,2020,0.44416243654822335
162654,2020,0.48
162760,2020,0.5128205128205128
162928,2020,0.9285714285714286
163046,2020,0.7564102564102564
163204,2020,0.0196078431372549
163268,2020,0.7012448132780082
163286,2020,0.8256302521008403
163295,2020,0.65
163338,2020,0.32626619552414604
163453,2020,0.4309799789251844
163462,2020,0.4942528735632184
163578,2020,0.52
163851,2020,0.6307692307692307
163912,2020,0.6857142857142857
163976,2020,0.5
164076,2020,0.7365967365967366
164155,2020,0.8214285714285714
164173,2020,0.5759162303664922
164216,2020,0.5454545454545454
164270,2020,0.5443037974683544
164447,2020,0.34375
164465,2020,0.94
164492,2020,0.24324324324324326
164562,2020,0.5714285714285714
164580,2020,0.9545454545454546
164632,2020,0.45
164641,2020,0.0
164739,2020,0.9
164748,2020,0.559322033898305
164872,2020,0.0
164924,2020,0.8478260869565217
164988,2020,0.8321167883211679
165015,2020,0.8372093023255814
165024,2020,0.5954198473282443
165334,2020,0.6285714285714286
165529,2020,0.43103448275862066
165574,2020,0.32142857142857145
165644,2020,0.5
165662,2020,0.5185185185185185
165671,2020,0.5
165699,2020,0.6
165802,2020,0.8
165820,2020,0.5753424657534246
165866,2020,0.44047619047619047
165936,2020,0.6190476190476191
166018,2020,0.5384615384615384
166027,2020,0.9642857142857143
166124,2020,0.8214285714285714
166391,2020,0.5
166452,2020,0.5
166513,2020,0.5737704918032787
166629,2020,0.7446808510638298
166638,2020,0.4396551724137931
166656,2020,0.625
166674,2020,0.8888888888888888
166683,2020,0.9333333333333333
166692,2020,0.0
166850,2020,0.2962962962962963
166939,2020,0.875
167057,2020,0.6666666666666666
167260,2020,0.2857142857142857
167288,2020,0.4722222222222222
167358,2020,0.9020979020979021
167394,2020,0.625
167455,2020,0.21428571428571427
167598,2020,0.4576271186440678
167729,2020,0.5862068965517241
167783,2020,0.8484848484848485
167835,2020,0.8409090909090909
167899,2020,0.6538461538461539
167987,2020,0.5120967741935484
167996,2020,0.6666666666666666
168005,2020,0.6129032258064516
168148,2020,0.8837209302325582
168218,2020,0.925
168227,2020,0.5365853658536586
168254,2020,0.2894736842105263
168263,2020,0.39622641509433965
168281,2020,0.7407407407407407
168342,2020,0.9038461538461539
168421,2020,0.6875
168430,2020,0.5116279069767442
168528,2020,0.23076923076923078
168546,2020,0.38181818181818183
168591,2020,0.42857142857142855
168740,2020,0.6785714285714286
168786,2020,0.38461538461538464
168847,2020,0.057692307692307696
169080,2020,0.6470588235294118
169248,2020,0.5035460992907801
169327,2020,0.0
169363,2020,0.375
169442,2020,0.4166666666666667
169479,2020,0.14285714285714285
169716,2020,0.40816326530612246
169798,2020,0.3535660091047041
169910,2020,0.45
169983,2020,0.7142857142857143
170000,2020,0.5
170037,2020,0.26666666666666666
170082,2020,0.53125
170091,2020,0.16666666666666666
170301,2020,0.7777777777777778
170532,2020,0.6842105263157895
170639,2020,0.2
170675,2020,0.25
170806,2020,0.35
170967,2020,0.125
170976,2020,0.8686868686868687
171100,2020,0.6466049382716049
171128,2020,0.5384615384615384
171137,2020,0.42168674698795183
171146,2020,0.18493150684931506
171456,2020,0.375
171492,2020,0.3103448275862069
171571,2020,0.2924901185770751
171599,2020,0.18421052631578946
171881,2020,0.0
172051,2020,0.2159090909090909
172264,2020,0.25
172334,2020,0.5416666666666666
172440,2020,0.13636363636363635
172644,2020,0.34626865671641793
172699,2020,0.3469387755102041
173045,2020,0.49206349206349204
173124,2020,0.3
173142,2020,0.6
173160,2020,0.6
173258,2020,0.7727272727272727
173300,2020,0.45454545454545453
173328,2020,0.425
173452,2020,0.25
173647,2020,0.2857142857142857
173665,2020,0.47368421052631576
173902,2020,0.9285714285714286
173920,2020,0.3063063063063063
174020,2020,0.5789473684210527
174066,2020,0.72
174075,2020,0.25
174127,2020,0.75
174154,2020,0.0
174233,2020,0.5818181818181818
174251,2020,0.38461538461538464
174358,2020,0.45454545454545453
174437,2020,0.3333333333333333
174491,2020,0.5
174747,2020,0.7368421052631579
174783,2020,0.2857142857142857
174792,2020,0.6875
174817,2020,0.6111111111111112
174844,2020,0.6666666666666666
174862,2020,0.25
174899,2020,0.3333333333333333
174914,2020,0.6129032258064516
175005,2020,0.5
175078,2020,0.2
175227,2020,0.0
175272,2020,0.35714285714285715
175342,2020,0.42160278745644597
175421,2020,0.4492753623188406
175430,2020,0.16666666666666666
175616,2020,0.3465346534653465
175856,2020,0.3870967741935484
175980,2020,0.5853658536585366
176017,2020,0.5167958656330749
176035,2020,0.4842105263157895
176044,2020,0.2619047619047619
176053,2020,0.38095238095238093
176080,2020,0.43478260869565216
176318,2020,0.26406926406926406
176372,2020,0.40725806451612906
176406,2020,0.33766233766233766
176479,2020,0.4897959183673469
176628,2020,0.4418604651162791
176664,2020,0.0
176910,2020,0.0
176947,2020,0.1875
176965,2020,0.33816425120772947
177065,2020,0.1875
177117,2020,0.8333333333333334
177144,2020,0.2391304347826087
177214,2020,0.3333333333333333
177339,2020,0.375
177418,2020,0.631578947368421
177542,2020,0.2
177551,2020,0.1574074074074074
177746,2020,0.5
177940,2020,0.232620320855615
177968,2020,0.41836734693877553
178059,2020,0.6
178208,2020,0.0
178244,2020,0.18421052631578946
178341,2020,0.14285714285714285
178369,2020,0.12359550561797752
178387,2020,0.2692307692307692
178396,2020,0.6506024096385542
178402,2020,0.47107438016528924
178411,2020,0.29545454545454547
178420,2020,0.45054945054945056
178615,2020,0.47058823529411764
178624,2020,0.2033898305084746
178679,2020,0.5
178697,2020,0.3333333333333333
178721,2020,0.21428571428571427
178767,2020,1.0
178891,2020,1.0
179043,2020,0.5
179159,2020,0.6274509803921569
179256,2020,0.0
179265,2020,1.0
179326,2020,0.14705882352941177
179548,2020,0.6666666666666666
179557,2020,0.36363636363636365
179566,2020,0.47150259067357514
179867,2020,0.9173553719008265
179894,2020,0.3333333333333333
179946,2020,0.5
179955,2020,1.0
179964,2020,0.8
180106,2020,0.75
180179,2020,0.0
180258,2020,0.14285714285714285
180416,2020,1.0
180461,2020,0.2
180489,2020,0.14285714285714285
180522,2020,0.0
180595,2020,0.3333333333333333
180692,2020,0.0
180814,2020,0.0
180948,2020,0.21739130434782608
180984,2020,0.15384615384615385
181002,2020,0.75
181020,2020,0.2857142857142857
181127,2020,0.18181818181818182
181215,2020,0.0625
181330,2020,0.6666666666666666
181394,2020,0.3626373626373626
181446,2020,0.3333333333333333
181464,2020,0.41044776119402987
181534,2020,0.1111111111111111
181604,2020,0.2
181738,2020,0.5
181783,2020,0.13333333333333333
181853,2020,0.3181818181818182
182281,2020,0.33687943262411346
182290,2020,0.5114942528735632
182306,2020,1.0
182458,2020,0.14285714285714285
182634,2020,0.5625
182670,2020,0.8378378378378378
182795,2020,0.4666666666666667
182980,2020,0.14953271028037382
183026,2020,0.12844036697247707
183044,2020,0.6222222222222222
183062,2020,0.4166666666666667
183080,2020,0.34375
183211,2020,0.42857142857142855
183239,2020,0.38461538461538464
183789,2020,0.18181818181818182
183822,2020,0.3789954337899543
183910,2020,0.5227272727272727
183974,2020,0.7419354838709677
184348,2020,0.4473684210526316
184603,2020,0.38271604938271603
184612,2020,0.4342105263157895
184694,2020,0.4659090909090909
184773,2020,0.35714285714285715
184782,2020,0.6236559139784946
185129,2020,0.26737967914438504
185262,2020,0.42207792207792205
185572,2020,0.5737704918032787
185590,2020,0.5677749360613811
185828,2020,0.6226415094339622
186131,2020,0.9555555555555556
186201,2020,0.5476190476190477
186283,2020,0.43478260869565216
186371,2020,0.6166666666666667
186380,2020,0.7577777777777778
186399,2020,0.5757575757575758
186432,2020,0.5031055900621118
186584,2020,0.5333333333333333
186618,2020,0.4
186867,2020,0.7
186876,2020,0.6349206349206349
187134,2020,0.7411764705882353
187444,2020,0.4291044776119403
187648,2020,0.21951219512195122
187897,2020,0.10526315789473684
187967,2020,0.5
187985,2020,0.3770491803278688
188030,2020,0.5166666666666667
188058,2020,0.0
188182,2020,0.26666666666666666
188304,2020,0.22727272727272727
188340,2020,0.5
188429,2020,0.5833333333333334
188526,2020,1.0
188641,2020,0.5416666666666666
188854,2020,0.75
189088,2020,0.6538461538461539
189097,2020,0.9111111111111111
189228,2020,0.3137254901960784
189413,2020,0.8333333333333334
189705,2020,0.5866666666666667
189848,2020,0.391304347826087
190044,2020,0.5
190099,2020,0.95
190114,2020,0.29411764705882354
190150,2020,0.9107142857142857
190372,2020,0.6666666666666666
190415,2020,0.8968609865470852
190512,2020,0.6370370370370371
190549,2020,0.4823529411764706
190558,2020,0.2826086956521739
190567,2020,0.5674157303370787
190594,2020,0.5345911949685535
190600,2020,0.519774011299435
190637,2020,0.5616438356164384
190646,2020,0.37681159420289856
190655,2020,0.2909090909090909
190664,2020,0.5581395348837209
190691,2020,0.3211009174311927
190716,2020,0.6923076923076923
190725,2020,0.3541666666666667
190761,2020,0.3188405797101449
190983,2020,0.2222222222222222
191205,2020,0.38461538461538464
191241,2020,0.7746478873239436
191515,2020,0.92
191533,2020,0.3235294117647059
191621,2020,0.09090909090909091
191630,2020,0.7567567567567568
191649,2020,0.5819672131147541
191676,2020,0.3333333333333333
191931,2020,0.3855421686746988
191968,2020,0.711864406779661
192110,2020,1.0
192192,2020,0.16216216216216217
192271,2020,0.5526315789473685
192323,2020,0.7
192448,2020,0.3645320197044335
192703,2020,0.7027027027027027
192712,2020,1.0
192749,2020,0.5306122448979592
192819,2020,0.717391304347826
192864,2020,0.47368421052631576
192925,2020,0.2736842105263158
193016,2020,0.4304635761589404
193292,2020,0.47619047619047616
193308,2020,0.7650602409638554
193353,2020,0.4482758620689655
193399,2020,0.5357142857142857
193584,2020,0.575
193654,2020,0.575
193900,2020,0.8504672897196262
193973,2020,0.38461538461538464
194091,2020,0.4594594594594595
194161,2020,0.425531914893617
194310,2020,0.5459459459459459
194392,2020,0.2222222222222222
194578,2020,0.627906976744186
194824,2020,0.8653846153846154
194958,2020,0.3125
195003,2020,0.616
195030,2020,0.8059701492537313
195128,2020,0.6060606060606061
195164,2020,0.5555555555555556
195173,2020,0.4431818181818182
195216,2020,0.6470588235294118
195234,2020,0.4789915966386555
195243,2020,0.32432432432432434
195304,2020,0.8
195474,2020,0.6842105263157895
195526,2020,0.8571428571428571
195544,2020,0.5714285714285714
195720,2020,0.631578947368421
195809,2020,0.5763239875389408
196006,2020,0.3235294117647059
196015,2020,0.5
196024,2020,0.4
196033,2020,0.6
196042,2020,0.5238095238095238
196051,2020,0.21621621621621623
196060,2020,0.699228791773779
196079,2020,0.7913043478260869
196088,2020,0.6188524590163934
196097,2020,0.7421052631578947
196103,2020,0.6
196112,2020,0.4666666666666667
196121,2020,0.5964912280701754
196130,2020,0.4477401129943503
196149,2020,0.4935064935064935
196158,2020,0.543859649122807
196167,2020,0.6
196176,2020,0.6491228070175439
196185,2020,0.7096774193548387
196194,2020,0.6212121212121212
196200,2020,0.3865546218487395
196219,2020,0.5975609756097561
196237,2020,0.5042016806722689
196246,2020,0.58
196264,2020,0.21052631578947367
196291,2020,0.875
196413,2020,0.7654320987654321
196592,2020,0.42857142857142855
196866,2020,0.9285714285714286
197027,2020,1.0
197036,2020,0.6907894736842105
197045,2020,0.48695652173913045
197133,2020,0.8846153846153846
197142,2020,0.1388888888888889
197151,2020,0.5757575757575758
197197,2020,0.5172413793103449
197230,2020,0.5
197285,2020,0.875
197869,2020,0.6727272727272727
197911,2020,0.45714285714285713
197984,2020,0.3
197993,2020,0.2523364485981308
198066,2020,0.13636363636363635
198136,2020,0.3983739837398374
198215,2020,0.5681818181818182
198303,2020,0.2711864406779661
198385,2020,0.9428571428571428
198419,2020,0.9259259259259259
198464,2020,0.6173913043478261
198507,2020,0.39908256880733944
198516,2020,0.8117647058823529
198543,2020,0.3850687622789784
198561,2020,0.3116883116883117
198598,2020,0.19047619047619047
198613,2020,0.3968253968253968
198695,2020,0.6666666666666666
198756,2020,0.3945578231292517
198808,2020,0.19230769230769232
198835,2020,0.26506024096385544
198862,2020,0.23283582089552238
198899,2020,0.17272727272727273
198950,2020,0.5384615384615384
198969,2020,0.2846715328467153
198978,2020,0.11607142857142858
199032,2020,0.3
199069,2020,0.3958333333333333
199102,2020,0.5453951665578054
199111,2020,0.7272727272727273
199120,2020,0.8533333333333334
199139,2020,0.6674757281553398
199148,2020,0.6025641025641025
199157,2020,0.5206971677559913
199184,2020,0.7
199193,2020,0.8032786885245902
199209,2020,0.24369747899159663
199218,2020,0.6266666666666667
199272,2020,0.3875
199281,2020,0.4697986577181208
199306,2020,0.22857142857142856
199412,2020,0.6388888888888888
199458,2020,0.2
199582,2020,0.21105527638190955
199607,2020,0.7333333333333333
199643,2020,0.21487603305785125
199698,2020,0.0
199759,2020,0.5
199847,2020,0.8780487804878049
199865,2020,0.3125
199962,2020,0.5853658536585366
199999,2020,0.48824343015214383
200004,2020,0.5172413793103449
200059,2020,0.0
200156,2020,0.38461538461538464
200217,2020,0.0
200226,2020,0.0
200253,2020,0.45454545454545453
200280,2020,0.39285714285714285
200332,2020,0.5333333333333333
200484,2020,0.0
200572,2020,0.1111111111111111
200785,2020,0.0
200800,2020,0.33136094674556216
201061,2020,0.25
201104,2020,0.22727272727272727
201195,2020,0.5609756097560976
201371,2020,0.11538461538461539
201441,2020,0.4674922600619195
201548,2020,0.41025641025641024
201645,2020,0.6785714285714286
201654,2020,0.375
201690,2020,0.23203285420944558
201885,2020,0.6370370370370371
201964,2020,0.625
202046,2020,0.4
202134,2020,0.27169811320754716
202170,2020,0.5806451612903226
202480,2020,0.5970149253731343
202514,2020,0.42857142857142855
202523,2020,0.8108108108108109
202763,2020,0.2894736842105263
202806,2020,0.07407407407407407
203085,2020,0.4
203128,2020,0.38461538461538464
203368,2020,0.5714285714285714
203447,2020,0.0
203456,2020,0.0
203465,2020,0.12121212121212122
203474,2020,0.14285714285714285
203483,2020,0.5
203492,2020,0.0
203517,2020,0.5919540229885057
203526,2020,0.1111111111111111
203535,2020,0.9090909090909091
203544,2020,1.0
203580,2020,0.25
203757,2020,0.46153846153846156
203775,2020,0.28
203845,2020,0.21739130434782608
203960,2020,0.0
204006,2020,0.11627906976744186
204015,2020,0.058823529411764705
204024,2020,0.7457627118644068
204176,2020,1.0
204185,2020,0.46511627906976744
204194,2020,0.3333333333333333
204200,2020,0.36585365853658536
204264,2020,0.16
204468,2020,0.2711864406779661
204486,2020,0.4
204501,2020,0.75
204617,2020,0.4444444444444444
204635,2020,0.42857142857142855
204671,2020,0.11764705882352941
204680,2020,0.07894736842105263
204699,2020,0.0
204705,2020,0.1744186046511628
204796,2020,0.7948717948717948
204802,2020,0.0
204820,2020,0.0
204839,2020,0.5
204848,2020,0.0
204857,2020,0.5821596244131455
204866,2020,0.3333333333333333
204909,2020,0.575
204936,2020,0.5789473684210527
205203,2020,0.3125
205443,2020,0.2857142857142857
205957,2020,0.3333333333333333
206048,2020,0.2698412698412698
206084,2020,0.34177215189873417
206279,2020,0.3333333333333333
206349,2020,0.3076923076923077
206437,2020,0.43478260869565216
206491,2020,0.18333333333333332
206507,2020,0.3333333333333333
206525,2020,0.5
206589,2020,0.7021276595744681
206604,2020,0.22
206613,2020,0.0
206622,2020,0.5981308411214953
206695,2020,0.29901960784313725
206817,2020,0.03571428571428571
206835,2020,0.0
206862,2020,0.3333333333333333
206914,2020,0.46153846153846156
206941,2020,0.271889400921659
207041,2020,0.23076923076923078
207157,2020,0.1111111111111111
207209,2020,0.2880658436213992
207263,2020,0.23809523809523808
207306,2020,0.3076923076923077
207324,2020,0.5
207351,2020,0.16666666666666666
207388,2020,0.4519774011299435
207403,2020,0.30612244897959184
207458,2020,0.8
207500,2020,0.7021276595744681
207582,2020,0.5185185185185185
207661,2020,0.5
207722,2020,0.25
207847,2020,0.17647058823529413
207856,2020,0.14285714285714285
207865,2020,0.28
207971,2020,0.7435897435897436
208646,2020,0.36363636363636365
208725,2020,0.0
208822,2020,0.4117647058823529
209056,2020,0.8
209065,2020,0.5625
209287,2020,0.0
209409,2020,0.6
209506,2020,0.0
209542,2020,0.42592592592592593
209551,2020,0.5866666666666667
209612,2020,0.625
209807,2020,0.4067796610169492
209825,2020,0.7272727272727273
209922,2020,0.7857142857142857
210146,2020,0.3333333333333333
210304,2020,0.0
210331,2020,0.5
210401,2020,0.7142857142857143
210429,2020,0.3333333333333333
210492,2020,0.16666666666666666
210571,2020,0.38524590163934425
210669,2020,0.7555555555555555
210739,2020,0.46153846153846156
210775,2020,0.2857142857142857
211024,2020,0.4
211088,2020,0.45
211158,2020,0.3933649289099526
211273,2020,0.9473684210526315
211291,2020,0.9
211352,2020,0.33884297520661155
211361,2020,0.2866666666666667
211431,2020,0.10714285714285714
211440,2020,0.9027777777777778
211468,2020,0.4482758620689655
211477,2020,0.22727272727272727
211556,2020,0.3333333333333333
211583,2020,0.4375
211608,2020,0.40789473684210525
211644,2020,0.32894736842105265
211981,2020,0.22807017543859648
212009,2020,0.7241379310344828
212054,2020,0.6283783783783784
212106,2020,0.6571428571428571
212115,2020,0.3442622950819672
212133,2020,0.5238095238095238
212160,2020,0.24528301886792453
212197,2020,0.631578947368421
212577,2020,0.8285714285714286
212601,2020,0.45714285714285713
212656,2020,0.42857142857142855
212674,2020,0.7058823529411765
212805,2020,1.0
212832,2020,0.55
212911,2020,0.8666666666666667
212984,2020,0.36666666666666664
212993,2020,0.5
213011,2020,0.46153846153846156
213020,2020,0.3232876712328767
213251,2020,0.8181818181818182
213303,2020,0.3181818181818182
213321,2020,0.5
213349,2020,0.32972972972972975
213358,2020,0.5555555555555556
213367,2020,0.43243243243243246
213385,2020,0.8611111111111112
213400,2020,0.125
213507,2020,0.3333333333333333
213543,2020,0.7435897435897436
213598,2020,0.4846938775510204
213613,2020,0.32710280373831774
213668,2020,0.5897435897435898
213783,2020,0.18181818181818182
213826,2020,0.5714285714285714
213987,2020,0.5
213996,2020,0.6818181818181818
214041,2020,0.3793103448275862
214069,2020,0.5294117647058824
214148,2020,0.6538461538461539
214157,2020,0.4482758620689655
214166,2020,0.09090909090909091
214175,2020,0.6521739130434783
214272,2020,0.3978494623655914
214971,2020,0.3333333333333333
215053,2020,0.5
215062,2020,0.9636363636363636
215105,2020,0.5967741935483871
215114,2020,0.38461538461538464
215132,2020,0.5555555555555556
215266,2020,0.225
215275,2020,0.2962962962962963
215284,2020,0.34615384615384615
215293,2020,0.7486033519553073
215442,2020,0.484375
215655,2020,0.45454545454545453
215691,2020,0.3793103448275862
215743,2020,0.5555555555555556
215770,2020,0.75
215798,2020,0.48
215929,2020,0.64
215947,2020,0.5555555555555556
216010,2020,0.30113636363636365
216038,2020,0.4714285714285714
216278,2020,0.66
216287,2020,0.9629629629629629
216339,2020,0.6243822075782537
216357,2020,0.15384615384615385
216366,2020,0.5106382978723404
216524,2020,0.7
216542,2020,0.5384615384615384
216597,2020,0.8631578947368421
216667,2020,0.5925925925925926
216694,2020,0.42857142857142855
216764,2020,0.5680933852140078
216807,2020,0.3
216852,2020,0.5327868852459017
216931,2020,0.4444444444444444
217013,2020,0.4
217059,2020,0.5
217156,2020,0.9797979797979798
217165,2020,0.7741935483870968
217235,2020,0.5691056910569106
217402,2020,0.7428571428571429
217420,2020,0.308411214953271
217484,2020,0.6190476190476191
217493,2020,0.7692307692307693
217518,2020,0.7
217536,2020,0.6923076923076923
217606,2020,0.5
217624,2020,0.23214285714285715
217633,2020,0.3684210526315789
217688,2020,0.3333333333333333
217721,2020,0.24537037037037038
217749,2020,0.5
217776,2020,0.35714285714285715
217819,2020,0.6606060606060606
217864,2020,0.8032786885245902
217873,2020,0.5107398568019093
217882,2020,0.6940298507462687
217891,2020,0.8
217907,2020,0.3157894736842105
217925,2020,0.2
217934,2020,0.46774193548387094
217961,2020,0.35294117647058826
217998,2020,0.3103448275862069
218061,2020,0.417910447761194
218070,2020,0.8292682926829268
218229,2020,0.38095238095238093
218238,2020,0.20118343195266272
218399,2020,0.2548076923076923
218414,2020,0.4307692307692308
218441,2020,0.35555555555555557
218539,2020,0.3125
218645,2020,0.3401360544217687
218654,2020,0.29411764705882354
218663,2020,0.7322033898305085
218724,2020,0.5188679245283019
218733,2020,0.2972972972972973
218742,2020,0.47368421052631576
218919,2020,0.34782608695652173
218964,2020,0.5306122448979592
218973,2020,0.7894736842105263
219000,2020,0.6666666666666666
219046,2020,0.18181818181818182
219082,2020,0.125
219091,2020,1.0
219198,2020,0.0
219204,2020,0.0
219259,2020,0.0
219295,2020,0.125
219347,2020,0.4
219356,2020,0.42857142857142855
219383,2020,0.8571428571428571
219471,2020,0.2727272727272727
219505,2020,0.3
219602,2020,0.41304347826086957
219639,2020,0.6
219709,2020,0.5394736842105263
219718,2020,0.22857142857142856
219790,2020,0.0
219806,2020,0.3269230769230769
219833,2020,0.4857142857142857
219949,2020,0.5185185185185185
219976,2020,0.5
220002,2020,0.7
220075,2020,0.31382978723404253
220181,2020,0.46774193548387094
220206,2020,0.0
220215,2020,0.36363636363636365
220473,2020,0.5
220516,2020,0.46153846153846156
220552,2020,0.3333333333333333
220598,2020,0.24537037037037038
220604,2020,0.1839080459770115
220613,2020,0.40540540540540543
220631,2020,0.5714285714285714
220701,2020,0.1875
220710,2020,0.3898305084745763
220862,2020,0.45454545454545453
220978,2020,0.44140625
221351,2020,0.8421052631578947
221519,2020,0.9411764705882353
221661,2020,0.4339622641509434
221731,2020,0.5
221740,2020,0.44339622641509435
221759,2020,0.6388888888888888
221768,2020,0.3728813559322034
221838,2020,0.2765335929892892
221847,2020,0.6027397260273972
221892,2020,0.25
221953,2020,0.2222222222222222
221971,2020,0.5555555555555556
221999,2020,0.9096774193548387
222178,2020,0.46808510638297873
222831,2020,0.3942307692307692
222877,2020,0.09090909090909091
222938,2020,0.3793103448275862
222983,2020,0.5416666666666666
223232,2020,0.7616580310880829
223463,2020,0.6
224004,2020,0.20588235294117646
224147,2020,0.2727272727272727
224226,2020,0.4166666666666667
224244,2020,0.125
224323,2020,0.3333333333333333
224527,2020,0.26865671641791045
224545,2020,0.21739130434782608
224554,2020,0.3709677419354839
224776,2020,0.20833333333333334
225201,2020,0.3333333333333333
225247,2020,0.6190476190476191
225399,2020,0.3068181818181818
225414,2020,0.6666666666666666
225432,2020,0.2903225806451613
225502,2020,0.1643835616438356
225511,2020,0.542654028436019
225548,2020,0.16129032258064516
225575,2020,0.3465346534653465
225627,2020,0.5957446808510638
225885,2020,0.42045454545454547
226091,2020,0.2619047619047619
226152,2020,0.3333333333333333
226231,2020,0.45454545454545453
226383,2020,0.16666666666666666
226471,2020,0.37272727272727274
226587,2020,0.23333333333333334
226833,2020,0.3333333333333333
227216,2020,0.5941278065630398
227331,2020,0.23333333333333334
227368,2020,0.8235294117647058
227429,2020,0.19327731092436976
227526,2020,0.421160409556314
227757,2020,0.8225806451612904
227845,2020,0.6538461538461539
227863,2020,0.6875
227881,2020,0.49899396378269617
228042,2020,0.3333333333333333
228149,2020,0.4090909090909091
228246,2020,0.7692307692307693
228325,2020,0.2727272727272727
228343,2020,0.42857142857142855
228431,2020,0.4683257918552036
228459,2020,0.493891797556719
228468,2020,0.3888888888888889
228486,2020,0.6666666666666666
228501,2020,0.27906976744186046
228529,2020,0.3236994219653179
228705,2020,0.30337078651685395
228723,2020,0.7493670886075949
228769,2020,0.41368078175895767
228778,2020,0.7936962750716332
228787,2020,0.6509433962264151
228796,2020,0.2361111111111111
228802,2020,0.3076923076923077
228875,2020,0.8301886792452831
228884,2020,0.19607843137254902
228981,2020,0.4
229018,2020,0.3181818181818182
229027,2020,0.5550935550935551
229063,2020,0.2220324508966695
229115,2020,0.589041095890411
229160,2020,0.22857142857142856
229179,2020,0.33203125
229267,2020,0.84
229780,2020,0.11904761904761904
229814,2020,0.26506024096385544
229887,2020,0.2740740740740741
230038,2020,0.56
230047,2020,0.0
230171,2020,0.1282051282051282
230603,2020,0.38235294117647056
230728,2020,0.5
230737,2020,0.125
230764,2020,0.7666666666666667
230782,2020,0.09803921568627451
230807,2020,0.5
230816,2020,0.4
230834,2020,0.42857142857142855
230852,2020,0.6111111111111112
230913,2020,0.11764705882352941
230959,2020,0.8260869565217391
230995,2020,0.35294117647058826
231059,2020,0.5833333333333334
231095,2020,0.0
231174,2020,0.7096774193548387
231420,2020,0.28865979381443296
231554,2020,0.12121212121212122
231581,2020,0.6376811594202898
231624,2020,0.8932038834951457
231651,2020,0.5238095238095238
231712,2020,0.6702127659574468
232025,2020,0.3
232043,2020,0.45714285714285713
232089,2020,0.22527472527472528
232186,2020,0.6520618556701031
232256,2020,0.5
232265,2020,0.573170731707317
232308,2020,0.6071428571428571
232423,2020,0.7772727272727272
232557,2020,0.42134831460674155
232566,2020,0.5566037735849056
232609,2020,0.5714285714285714
232672,2020,0.46153846153846156
232681,2020,0.6610169491525424
232706,2020,0.45901639344262296
232937,2020,0.3695090439276486
232982,2020,0.48250265111346763
233277,2020,0.4845679012345679
233295,2020,0.6756756756756757
233301,2020,0.5862068965517241
233374,2020,0.9047619047619048
233426,2020,0.46153846153846156
233541,2020,0.5454545454545454
233611,2020,0.14285714285714285
233684,2020,0.3333333333333333
233718,2020,0.0
233897,2020,0.08333333333333333
233921,2020,0.7796610169491526
234030,2020,0.6256345177664975
234076,2020,0.8647540983606558
234085,2020,0.5333333333333333
234137,2020,0.5
234155,2020,0.4880450070323488
234164,2020,0.41304347826086957
234173,2020,0.4174757281553398
234207,2020,0.8333333333333334
234827,2020,0.28125
235024,2020,0.0
235097,2020,0.288135593220339
235167,2020,0.2631578947368421
235316,2020,0.8571428571428571
236133,2020,0.2727272727272727
236230,2020,0.5294117647058824
236328,2020,0.6666666666666666
236452,2020,0.5555555555555556
236577,2020,0.47619047619047616
236595,2020,0.7777777777777778
236896,2020,0.625
236939,2020,0.4260355029585799
236948,2020,0.75
237011,2020,0.6031746031746031
237057,2020,0.6666666666666666
237066,2020,0.8125
237118,2020,0.171875
237181,2020,0.2391304347826087
237215,2020,0.2857142857142857
237312,2020,0.24444444444444444
237330,2020,0.08
237358,2020,0.2222222222222222
237367,2020,0.38461538461538464
237385,2020,0.20689655172413793
237525,2020,0.40441176470588236
237783,2020,0.17142857142857143
237792,2020,0.2597402597402597
237899,2020,0.14925373134328357
237932,2020,0.08333333333333333
237950,2020,0.20689655172413793
237969,2020,0.37777777777777777
238032,2020,0.42783505154639173
238078,2020,0.6521739130434783
238193,2020,0.2857142857142857
238333,2020,0.6206896551724138
238430,2020,0.45454545454545453
238458,2020,0.4666666666666667
238476,2020,0.43902439024390244
238616,2020,0.4666666666666667
238661,2020,0.4444444444444444
238980,2020,0.27906976744186046
239017,2020,0.8571428571428571
239071,2020,0.0
239080,2020,0.125
239105,2020,0.6794871794871795
239309,2020,0.6666666666666666
239318,2020,0.5714285714285714
239390,2020,0.3076923076923077
239628,2020,0.0
239716,2020,1.0
240107,2020,0.42857142857142855
240189,2020,0.38571428571428573
240268,2020,0.3448275862068966
240277,2020,0.125
240329,2020,0.6086956521739131
240338,2020,0.38461538461538464
240365,2020,0.40350877192982454
240374,2020,0.2909090909090909
240392,2020,0.21428571428571427
240417,2020,0.47368421052631576
240426,2020,0.6666666666666666
240444,2020,0.8110236220472441
240453,2020,0.2803738317757009
240462,2020,0.03333333333333333
240471,2020,0.13043478260869565
240480,2020,0.25301204819277107
240727,2020,0.4782608695652174
240754,2020,0.3333333333333333
240790,2020,0.0
241191,2020,0.5
241410,2020,1.0
242617,2020,0.4
242626,2020,0.0
242653,2020,0.3333333333333333
242705,2020,0.8
242972,2020,0.5
243142,2020,0.0
243221,2020,0.6666666666666666
243665,2020,0.3283582089552239
243744,2020,0.8878504672897196
243780,2020,0.7538461538461538
245953,2020,0.17391304347826086
247065,2020,0.3333333333333333
248934,2020,0.2485207100591716
251312,2020,0.0
262129,2020,0.8
363934,2020,0.14285714285714285
366252,2020,0.25
366553,2020,0.0
366711,2020,0.46153846153846156
367884,2020,0.0
368443,2020,0.3333333333333333
368452,2020,0.6666666666666666
369516,2020,1.0
377546,2020,0.0
377555,2020,0.5849056603773585
377564,2020,0.5681818181818182
384254,2020,0.3333333333333333
384412,2020,0.6666666666666666
385619,2020,0.47619047619047616
386472,2020,0.0
388520,2020,0.0
392257,2020,0.29411764705882354
399869,2020,0.8333333333333334
399911,2020,0.6666666666666666
404338,2020,0.5
408844,2020,0.07692307692307693
409698,2020,0.46236559139784944
412599,2020,0.6470588235294118
421832,2020,0.25925925925925924
421878,2020,0.0
426314,2020,0.08888888888888889
430184,2020,0.2
433387,2020,0.5
433536,2020,0.2727272727272727
433660,2020,0.5735294117647058
436429,2020,0.448
436818,2020,0.5789473684210527
436827,2020,0.18181818181818182
436836,2020,0.6
438498,2020,1.0
438586,2020,0.15384615384615385
440794,2020,0.23076923076923078
441229,2020,1.0
441900,2020,0.21428571428571427
441937,2020,0.32
442569,2020,0.17647058823529413
442639,2020,0.0
442930,2020,0.42857142857142855
443410,2020,0.0
443784,2020,1.0
444255,2020,0.6
444398,2020,0.0
445027,2020,0.07216494845360824
445133,2020,0.4444444444444444
445188,2020,0.639344262295082
445203,2020,0.5
445692,2020,0.45454545454545453
445708,2020,0.4816326530612245
446048,2020,0.2857142857142857
446233,2020,0.0
446394,2020,1.0
446561,2020,1.0
446640,2020,0.22641509433962265
447458,2020,0.3125
447689,2020,0.13930348258706468
447953,2020,0.0
448354,2020,0.6666666666666666
449038,2020,0.3333333333333333
449339,2020,0.3968253968253968
449764,2020,0.0
449898,2020,0.25
450933,2020,0.2222222222222222
451103,2020,0.0
451556,2020,0.5
451820,2020,0.2222222222222222
451866,2020,0.625
451927,2020,0.6666666666666666
454184,2020,0.2857142857142857
454227,2020,0.0
454236,2020,0.5
455770,2020,0.0
456959,2020,0.4
457688,2020,0.8
458229,2020,1.0
458496,2020,0.35
458919,2020,0.0
458964,2020,0.0
458973,2020,0.3333333333333333
458982,2020,0.35714285714285715
459259,2020,0.125
459842,2020,0.0
459851,2020,1.0
459994,2020,0.6666666666666666
460871,2020,0.5
461023,2020,0.0
461032,2020,1.0
461148,2020,0.5454545454545454
461528,2020,1.0
461759,2020,0.7142857142857143
461795,2020,0.21739130434782608
462354,2020,0.0
463056,2020,0.46774193548387094
474863,2020,0.5
475121,2020,0.01729106628242075
475732,2020,0.0
480073,2020,0.0
480781,2020,0.6666666666666666
481225,2020,1.0
481720,2020,0.14285714285714285
482149,2020,0.546448087431694
482158,2020,0.2014388489208633
482228,2020,0.0
482413,2020,0.14285714285714285
482422,2020,0.25
482431,2020,0.0
482459,2020,0.0
482468,2020,0.09090909090909091
482477,2020,0.16
482556,2020,0.0
482574,2020,0.25
482608,2020,0.5
482617,2020,0.0
482635,2020,0.0
482680,2020,0.4827586206896552
482936,2020,0.3684210526315789
483018,2020,1.0
483124,2020,0.125
484473,2020,0.25
484613,2020,0.08592321755027423
484631,2020,0.0
484710,2020,0.0
484756,2020,0.0
484905,2020,0.3783783783783784
485768,2020,0.4
486284,2020,1.0
486840,2020,0.4765625
486901,2020,0.8333333333333334
486965,2020,0.0
487524,2020,0.25
487603,2020,1.0
488846,2020,0.0
489779,2020,0.0
489937,2020,1.0
490805,2020,0.18072289156626506
492962,2020,0.046153846153846156
494597,2020,0.8421052631578947
494603,2020,0.0
494685,2020,0.0
495767,2020,0.5446516192345436
496636,2020,0.46153846153846156
