institution,unitid,state,control,carnegie,page_type,timestamp,statuscode,digest,original_url,archived_url,local_path,bytes
Arizona State University,104151,AZ,Public,R1,ai,20240728201356,200,,provost_asu_edu_academic_integrity_officers_ai_officer_lisa_murphy,,data/snapshots_raw/104151/ai/provost_asu_edu_academic_integrity_officers_ai_officer_lisa_murphy__20240728201356.html,34012
Arizona State University,104151,AZ,Public,R1,ai,20240727223623,200,,provost_asu_edu_academic_integrity_officers_ai_officer_travis_leybeck,,data/snapshots_raw/104151/ai/provost_asu_edu_academic_integrity_officers_ai_officer_travis_leybeck__20240727223623.html,34098
Arizona State University,104151,AZ,Public,R1,ai,20230612183024,200,,provost_asu_edu_generative_ai,,data/snapshots_raw/104151/ai/provost_asu_edu_generative_ai__20230612183024.html,54403
Arizona State University,104151,AZ,Public,R1,ai,20230705190247,200,,provost_asu_edu_generative_ai,,data/snapshots_raw/104151/ai/provost_asu_edu_generative_ai__20230705190247.html,54348
Arizona State University,104151,AZ,Public,R1,ai,20240123204024,200,,provost_asu_edu_generative_ai,,data/snapshots_raw/104151/ai/provost_asu_edu_generative_ai__20240123204024.html,13198
Arizona State University,104151,AZ,Public,R1,ai,20240228204157,200,,provost_asu_edu_generative_ai,,data/snapshots_raw/104151/ai/provost_asu_edu_generative_ai__20240228204157.html,56229
Arizona State University,104151,AZ,Public,R1,ai,20240324185538,200,,provost_asu_edu_generative_ai,,data/snapshots_raw/104151/ai/provost_asu_edu_generative_ai__20240324185538.html,13277
Arizona State University,104151,AZ,Public,R1,ai,20240619084153,200,,provost_asu_edu_generative_ai,,data/snapshots_raw/104151/ai/provost_asu_edu_generative_ai__20240619084153.html,56111
Arizona State University,104151,AZ,Public,R1,ai,20230927152612,200,,provost_asu_edu_generative_ai_community_of_practice,,data/snapshots_raw/104151/ai/provost_asu_edu_generative_ai_community_of_practice__20230927152612.html,44411
Arizona State University,104151,AZ,Public,R1,ai,20240221015159,200,,provost_asu_edu_generative_ai_community_of_practice,,data/snapshots_raw/104151/ai/provost_asu_edu_generative_ai_community_of_practice__20240221015159.html,44152
Arizona State University,104151,AZ,Public,R1,ai,20240605165329,200,,provost_asu_edu_generative_ai_community_of_practice,,data/snapshots_raw/104151/ai/provost_asu_edu_generative_ai_community_of_practice__20240605165329.html,44035
Arizona State University,104151,AZ,Public,R1,ai,20230923052340,200,,provost_asu_edu_generative_ai_faqs,,data/snapshots_raw/104151/ai/provost_asu_edu_generative_ai_faqs__20230923052340.html,57096
Arizona State University,104151,AZ,Public,R1,ai,20231210000057,200,,provost_asu_edu_generative_ai_faqs,,data/snapshots_raw/104151/ai/provost_asu_edu_generative_ai_faqs__20231210000057.html,57104
Arizona State University,104151,AZ,Public,R1,ai,20240516215321,200,,provost_asu_edu_generative_ai_faqs,,data/snapshots_raw/104151/ai/provost_asu_edu_generative_ai_faqs__20240516215321.html,56778
Arizona State University,104151,AZ,Public,R1,ai,20241007055621,200,,provost_asu_edu_generative_ai_faqs,,data/snapshots_raw/104151/ai/provost_asu_edu_generative_ai_faqs__20241007055621.html,56928
Arizona State University,104151,AZ,Public,R1,integrity,20210113184519,200,,provost_asu_edu_academic_integrity,,data/snapshots_raw/104151/integrity/provost_asu_edu_academic_integrity__20210113184519.html,119927
Arizona State University,104151,AZ,Public,R1,integrity,20210219104254,200,,provost_asu_edu_academic_integrity,,data/snapshots_raw/104151/integrity/provost_asu_edu_academic_integrity__20210219104254.html,105351
Arizona State University,104151,AZ,Public,R1,integrity,20210413110708,200,,provost_asu_edu_academic_integrity,,data/snapshots_raw/104151/integrity/provost_asu_edu_academic_integrity__20210413110708.html,106171
Arizona State University,104151,AZ,Public,R1,integrity,20210723154930,200,,provost_asu_edu_academic_integrity,,data/snapshots_raw/104151/integrity/provost_asu_edu_academic_integrity__20210723154930.html,105830
Arizona State University,104151,AZ,Public,R1,integrity,20210822110128,200,,provost_asu_edu_academic_integrity,,data/snapshots_raw/104151/integrity/provost_asu_edu_academic_integrity__20210822110128.html,104387
Arizona State University,104151,AZ,Public,R1,integrity,20211119205104,200,,provost_asu_edu_academic_integrity,,data/snapshots_raw/104151/integrity/provost_asu_edu_academic_integrity__20211119205104.html,105957
Arizona State University,104151,AZ,Public,R1,integrity,20211203153745,200,,provost_asu_edu_academic_integrity,,data/snapshots_raw/104151/integrity/provost_asu_edu_academic_integrity__20211203153745.html,105918
Arizona State University,104151,AZ,Public,R1,integrity,20220107061034,200,,provost_asu_edu_academic_integrity,,data/snapshots_raw/104151/integrity/provost_asu_edu_academic_integrity__20220107061034.html,106061
Arizona State University,104151,AZ,Public,R1,integrity,20220222225233,200,,provost_asu_edu_academic_integrity,,data/snapshots_raw/104151/integrity/provost_asu_edu_academic_integrity__20220222225233.html,107558
Arizona State University,104151,AZ,Public,R1,integrity,20220418012605,200,,provost_asu_edu_academic_integrity,,data/snapshots_raw/104151/integrity/provost_asu_edu_academic_integrity__20220418012605.html,102926
Arizona State University,104151,AZ,Public,R1,integrity,20220715131234,200,,provost_asu_edu_academic_integrity,,data/snapshots_raw/104151/integrity/provost_asu_edu_academic_integrity__20220715131234.html,21565
Arizona State University,104151,AZ,Public,R1,integrity,20220930000812,200,,provost_asu_edu_academic_integrity,,data/snapshots_raw/104151/integrity/provost_asu_edu_academic_integrity__20220930000812.html,88297
Arizona State University,104151,AZ,Public,R1,integrity,20221229055212,200,,provost_asu_edu_academic_integrity,,data/snapshots_raw/104151/integrity/provost_asu_edu_academic_integrity__20221229055212.html,83899
Arizona State University,104151,AZ,Public,R1,integrity,20230218031905,200,,provost_asu_edu_academic_integrity,,data/snapshots_raw/104151/integrity/provost_asu_edu_academic_integrity__20230218031905.html,9445
Arizona State University,104151,AZ,Public,R1,integrity,20230318152546,200,,provost_asu_edu_academic_integrity,,data/snapshots_raw/104151/integrity/provost_asu_edu_academic_integrity__20230318152546.html,41775
Arizona State University,104151,AZ,Public,R1,integrity,20230630102658,200,,provost_asu_edu_academic_integrity,,data/snapshots_raw/104151/integrity/provost_asu_edu_academic_integrity__20230630102658.html,41624
Arizona State University,104151,AZ,Public,R1,integrity,20240325031939,200,,provost_asu_edu_academic_integrity,,data/snapshots_raw/104151/integrity/provost_asu_edu_academic_integrity__20240325031939.html,9691
Arizona State University,104151,AZ,Public,R1,integrity,20240825161151,200,,provost_asu_edu_academic_integrity,,data/snapshots_raw/104151/integrity/provost_asu_edu_academic_integrity__20240825161151.html,9597
Arizona State University,104151,AZ,Public,R1,integrity,20241229001811,200,,provost_asu_edu_academic_integrity,,data/snapshots_raw/104151/integrity/provost_asu_edu_academic_integrity__20241229001811.html,40957
Arizona State University,104151,AZ,Public,R1,integrity,20210113184605,200,,provost_asu_edu_academic_integrity_impact,,data/snapshots_raw/104151/integrity/provost_asu_edu_academic_integrity_impact__20210113184605.html,125558
Arizona State University,104151,AZ,Public,R1,integrity,20210117024604,200,,provost_asu_edu_academic_integrity_impact,,data/snapshots_raw/104151/integrity/provost_asu_edu_academic_integrity_impact__20210117024604.html,125409
Arizona State University,104151,AZ,Public,R1,integrity,20210413174435,200,,provost_asu_edu_academic_integrity_impact,,data/snapshots_raw/104151/integrity/provost_asu_edu_academic_integrity_impact__20210413174435.html,111406
Arizona State University,104151,AZ,Public,R1,integrity,20210414030257,200,,provost_asu_edu_academic_integrity_impact,,data/snapshots_raw/104151/integrity/provost_asu_edu_academic_integrity_impact__20210414030257.html,111460
Arizona State University,104151,AZ,Public,R1,integrity,20210514032928,200,,provost_asu_edu_academic_integrity_impact,,data/snapshots_raw/104151/integrity/provost_asu_edu_academic_integrity_impact__20210514032928.html,112205
Arizona State University,104151,AZ,Public,R1,integrity,20211022024620,200,,provost_asu_edu_academic_integrity_impact,,data/snapshots_raw/104151/integrity/provost_asu_edu_academic_integrity_impact__20211022024620.html,111243
Arizona State University,104151,AZ,Public,R1,integrity,20211124203048,200,,provost_asu_edu_academic_integrity_impact,,data/snapshots_raw/104151/integrity/provost_asu_edu_academic_integrity_impact__20211124203048.html,111317
Arizona State University,104151,AZ,Public,R1,integrity,20220121031915,200,,provost_asu_edu_academic_integrity_impact,,data/snapshots_raw/104151/integrity/provost_asu_edu_academic_integrity_impact__20220121031915.html,112932
Arizona State University,104151,AZ,Public,R1,integrity,20220715131251,200,,provost_asu_edu_academic_integrity_impact,,data/snapshots_raw/104151/integrity/provost_asu_edu_academic_integrity_impact__20220715131251.html,23239
Arizona State University,104151,AZ,Public,R1,integrity,20220810194449,200,,provost_asu_edu_academic_integrity_impact,,data/snapshots_raw/104151/integrity/provost_asu_edu_academic_integrity_impact__20220810194449.html,106879
Arizona State University,104151,AZ,Public,R1,integrity,20230208031442,200,,provost_asu_edu_academic_integrity_impact,,data/snapshots_raw/104151/integrity/provost_asu_edu_academic_integrity_impact__20230208031442.html,89090
Arizona State University,104151,AZ,Public,R1,integrity,20230318152546,200,,provost_asu_edu_academic_integrity_impact,,data/snapshots_raw/104151/integrity/provost_asu_edu_academic_integrity_impact__20230318152546.html,49016
Arizona State University,104151,AZ,Public,R1,integrity,20230528123145,200,,provost_asu_edu_academic_integrity_impact,,data/snapshots_raw/104151/integrity/provost_asu_edu_academic_integrity_impact__20230528123145.html,48920
Arizona State University,104151,AZ,Public,R1,integrity,20231210163202,200,,provost_asu_edu_academic_integrity_impact,,data/snapshots_raw/104151/integrity/provost_asu_edu_academic_integrity_impact__20231210163202.html,48859
Arizona State University,104151,AZ,Public,R1,integrity,20240529081730,200,,provost_asu_edu_academic_integrity_impact,,data/snapshots_raw/104151/integrity/provost_asu_edu_academic_integrity_impact__20240529081730.html,48418
Arizona State University,104151,AZ,Public,R1,integrity,20240825161151,200,,provost_asu_edu_academic_integrity_impact,,data/snapshots_raw/104151/integrity/provost_asu_edu_academic_integrity_impact__20240825161151.html,11933
Arizona State University,104151,AZ,Public,R1,integrity,20241007044003,200,,provost_asu_edu_academic_integrity_impact,,data/snapshots_raw/104151/integrity/provost_asu_edu_academic_integrity_impact__20241007044003.html,48568
Arizona State University,104151,AZ,Public,R1,integrity,20241208115524,200,,provost_asu_edu_academic_integrity_impact,,data/snapshots_raw/104151/integrity/provost_asu_edu_academic_integrity_impact__20241208115524.html,11908
Arizona State University,104151,AZ,Public,R1,integrity,20230923035200,200,,provost_asu_edu_academic_integrity_pledge,,data/snapshots_raw/104151/integrity/provost_asu_edu_academic_integrity_pledge__20230923035200.html,42438
Arizona State University,104151,AZ,Public,R1,integrity,20240221011622,200,,provost_asu_edu_academic_integrity_pledge,,data/snapshots_raw/104151/integrity/provost_asu_edu_academic_integrity_pledge__20240221011622.html,42383
Arizona State University,104151,AZ,Public,R1,integrity,20240704113630,200,,provost_asu_edu_academic_integrity_pledge,,data/snapshots_raw/104151/integrity/provost_asu_edu_academic_integrity_pledge__20240704113630.html,42057
Arizona State University,104151,AZ,Public,R1,integrity,20240705173107,200,,provost_asu_edu_academic_integrity_pledge,,data/snapshots_raw/104151/integrity/provost_asu_edu_academic_integrity_pledge__20240705173107.html,42058
Arizona State University,104151,AZ,Public,R1,integrity,20240715172622,200,,provost_asu_edu_academic_integrity_pledge,,data/snapshots_raw/104151/integrity/provost_asu_edu_academic_integrity_pledge__20240715172622.html,42057
Arizona State University,104151,AZ,Public,R1,integrity,20240811092152,200,,provost_asu_edu_academic_integrity_pledge,,data/snapshots_raw/104151/integrity/provost_asu_edu_academic_integrity_pledge__20240811092152.html,42057
California Polytechnic State University-San Luis Obispo,110422,CA,Public,M,ai,20210414233404,200,,catalog_calpoly_edu_collegesandprograms_collegeofengineering_computersciencesoft,,data/snapshots_raw/110422/ai/catalog_calpoly_edu_collegesandprograms_collegeofengineering_computersciencesoft__20210414233404.html,30066
California Polytechnic State University-San Luis Obispo,110422,CA,Public,M,ai,20211009025943,200,,catalog_calpoly_edu_collegesandprograms_collegeofengineering_computersciencesoft,,data/snapshots_raw/110422/ai/catalog_calpoly_edu_collegesandprograms_collegeofengineering_computersciencesoft__20211009025943.html,28573
California Polytechnic State University-San Luis Obispo,110422,CA,Public,M,ai,20220110142937,200,,catalog_calpoly_edu_collegesandprograms_collegeofengineering_computersciencesoft,,data/snapshots_raw/110422/ai/catalog_calpoly_edu_collegesandprograms_collegeofengineering_computersciencesoft__20220110142937.html,28584
California Polytechnic State University-San Luis Obispo,110422,CA,Public,M,ai,20220709035524,200,,catalog_calpoly_edu_collegesandprograms_collegeofengineering_computersciencesoft,,data/snapshots_raw/110422/ai/catalog_calpoly_edu_collegesandprograms_collegeofengineering_computersciencesoft__20220709035524.html,28911
California Polytechnic State University-San Luis Obispo,110422,CA,Public,M,ai,20220926151447,200,,catalog_calpoly_edu_collegesandprograms_collegeofengineering_computersciencesoft,,data/snapshots_raw/110422/ai/catalog_calpoly_edu_collegesandprograms_collegeofengineering_computersciencesoft__20220926151447.html,28975
California Polytechnic State University-San Luis Obispo,110422,CA,Public,M,ai,20240412120624,200,,catalog_calpoly_edu_collegesandprograms_collegeofengineering_computersciencesoft,,data/snapshots_raw/110422/ai/catalog_calpoly_edu_collegesandprograms_collegeofengineering_computersciencesoft__20240412120624.html,29067
California Polytechnic State University-San Luis Obispo,110422,CA,Public,M,ai,20240606065245,200,,catalog_calpoly_edu_previouscatalogs_2021_2022_collegesandprograms_collegeofengi,,data/snapshots_raw/110422/ai/catalog_calpoly_edu_previouscatalogs_2021_2022_collegesandprograms_collegeofengi__20240606065245.html,32763
California Polytechnic State University-San Luis Obispo,110422,CA,Public,M,integrity,20220308164704,200,,catalog_calpoly_edu_previouscatalogs_2019_2020_academicsupportandcampuslife_acad,,data/snapshots_raw/110422/integrity/catalog_calpoly_edu_previouscatalogs_2019_2020_academicsupportandcampuslife_acad__20220308164704.html,122757
California Polytechnic State University-San Luis Obispo,110422,CA,Public,M,integrity,20240606064709,200,,catalog_calpoly_edu_previouscatalogs_2021_2022_academicsupportandcampuslife_acad,,data/snapshots_raw/110422/integrity/catalog_calpoly_edu_previouscatalogs_2021_2022_academicsupportandcampuslife_acad__20240606064709.html,128542
California Polytechnic State University-San Luis Obispo,110422,CA,Public,M,integrity,20210323035117,200,,www_catalog_calpoly_edu_academicsupportandcampuslife_academicservicesandprograms,,data/snapshots_raw/110422/integrity/www_catalog_calpoly_edu_academicsupportandcampuslife_academicservicesandprograms__20210323035117.html,127177
California Polytechnic State University-San Luis Obispo,110422,CA,Public,M,integrity,20210515111756,200,,www_catalog_calpoly_edu_academicsupportandcampuslife_academicservicesandprograms,,data/snapshots_raw/110422/integrity/www_catalog_calpoly_edu_academicsupportandcampuslife_academicservicesandprograms__20210515111756.html,123663
California Polytechnic State University-San Luis Obispo,110422,CA,Public,M,integrity,20210613150340,200,,www_catalog_calpoly_edu_academicsupportandcampuslife_academicservicesandprograms,,data/snapshots_raw/110422/integrity/www_catalog_calpoly_edu_academicsupportandcampuslife_academicservicesandprograms__20210613150340.html,124356
California Polytechnic State University-San Luis Obispo,110422,CA,Public,M,integrity,20210926131937,200,,www_catalog_calpoly_edu_academicsupportandcampuslife_academicservicesandprograms,,data/snapshots_raw/110422/integrity/www_catalog_calpoly_edu_academicsupportandcampuslife_academicservicesandprograms__20210926131937.html,122870
California Polytechnic State University-San Luis Obispo,110422,CA,Public,M,integrity,20220525181145,200,,www_catalog_calpoly_edu_academicsupportandcampuslife_academicservicesandprograms,,data/snapshots_raw/110422/integrity/www_catalog_calpoly_edu_academicsupportandcampuslife_academicservicesandprograms__20220525181145.html,124472
California Polytechnic State University-San Luis Obispo,110422,CA,Public,M,integrity,20220705162518,200,,www_catalog_calpoly_edu_academicsupportandcampuslife_academicservicesandprograms,,data/snapshots_raw/110422/integrity/www_catalog_calpoly_edu_academicsupportandcampuslife_academicservicesandprograms__20220705162518.html,132007
California Polytechnic State University-San Luis Obispo,110422,CA,Public,M,integrity,20230324162740,200,,www_catalog_calpoly_edu_academicsupportandcampuslife_academicservicesandprograms,,data/snapshots_raw/110422/integrity/www_catalog_calpoly_edu_academicsupportandcampuslife_academicservicesandprograms__20230324162740.html,132070
California Polytechnic State University-San Luis Obispo,110422,CA,Public,M,integrity,20230926095753,200,,www_catalog_calpoly_edu_academicsupportandcampuslife_academicservicesandprograms,,data/snapshots_raw/110422/integrity/www_catalog_calpoly_edu_academicsupportandcampuslife_academicservicesandprograms__20230926095753.html,132474
California Polytechnic State University-San Luis Obispo,110422,CA,Public,M,integrity,20231024220024,200,,www_catalog_calpoly_edu_academicsupportandcampuslife_academicservicesandprograms,,data/snapshots_raw/110422/integrity/www_catalog_calpoly_edu_academicsupportandcampuslife_academicservicesandprograms__20231024220024.html,132425
University of California-Davis,110644,CA,Public,R1,integrity,20210413155901,200,,ossja_ucdavis_edu_academic_integrity,,data/snapshots_raw/110644/integrity/ossja_ucdavis_edu_academic_integrity__20210413155901.html,41038
University of California-Davis,110644,CA,Public,R1,integrity,20210921230128,200,,ossja_ucdavis_edu_academic_integrity,,data/snapshots_raw/110644/integrity/ossja_ucdavis_edu_academic_integrity__20210921230128.html,47006
University of California-Davis,110644,CA,Public,R1,integrity,20210926230800,200,,ossja_ucdavis_edu_academic_integrity,,data/snapshots_raw/110644/integrity/ossja_ucdavis_edu_academic_integrity__20210926230800.html,47006
University of California-Davis,110644,CA,Public,R1,integrity,20211124174747,200,,ossja_ucdavis_edu_academic_integrity,,data/snapshots_raw/110644/integrity/ossja_ucdavis_edu_academic_integrity__20211124174747.html,47718
University of California-Davis,110644,CA,Public,R1,integrity,20220127025328,200,,ossja_ucdavis_edu_academic_integrity,,data/snapshots_raw/110644/integrity/ossja_ucdavis_edu_academic_integrity__20220127025328.html,48010
University of California-Davis,110644,CA,Public,R1,integrity,20220816004141,200,,ossja_ucdavis_edu_academic_integrity,,data/snapshots_raw/110644/integrity/ossja_ucdavis_edu_academic_integrity__20220816004141.html,47799
University of California-Davis,110644,CA,Public,R1,integrity,20220927022856,200,,ossja_ucdavis_edu_academic_integrity,,data/snapshots_raw/110644/integrity/ossja_ucdavis_edu_academic_integrity__20220927022856.html,48130
University of California-Davis,110644,CA,Public,R1,integrity,20221006021709,200,,ossja_ucdavis_edu_academic_integrity,,data/snapshots_raw/110644/integrity/ossja_ucdavis_edu_academic_integrity__20221006021709.html,13635
University of California-Davis,110644,CA,Public,R1,integrity,20230204150542,200,,ossja_ucdavis_edu_academic_integrity,,data/snapshots_raw/110644/integrity/ossja_ucdavis_edu_academic_integrity__20230204150542.html,64811
University of California-Davis,110644,CA,Public,R1,integrity,20230927091624,200,,ossja_ucdavis_edu_academic_integrity,,data/snapshots_raw/110644/integrity/ossja_ucdavis_edu_academic_integrity__20230927091624.html,67420
University of California-Davis,110644,CA,Public,R1,integrity,20240331030511,200,,ossja_ucdavis_edu_academic_integrity,,data/snapshots_raw/110644/integrity/ossja_ucdavis_edu_academic_integrity__20240331030511.html,9140
University of California-Davis,110644,CA,Public,R1,integrity,20240805093726,200,,ossja_ucdavis_edu_academic_integrity,,data/snapshots_raw/110644/integrity/ossja_ucdavis_edu_academic_integrity__20240805093726.html,36426
University of California-Davis,110644,CA,Public,R1,integrity,20240826003644,200,,ossja_ucdavis_edu_academic_integrity,,data/snapshots_raw/110644/integrity/ossja_ucdavis_edu_academic_integrity__20240826003644.html,9364
University of California-Davis,110644,CA,Public,R1,integrity,20240921083109,200,,ossja_ucdavis_edu_academic_integrity,,data/snapshots_raw/110644/integrity/ossja_ucdavis_edu_academic_integrity__20240921083109.html,9200
University of California-Davis,110644,CA,Public,R1,integrity,20241001144327,200,,ossja_ucdavis_edu_academic_integrity,,data/snapshots_raw/110644/integrity/ossja_ucdavis_edu_academic_integrity__20241001144327.html,35708
University of California-Davis,110644,CA,Public,R1,integrity,20210506130027,200,,ossja_ucdavis_edu_academic_integrity_utm_source_sja_utm_medium_redirect_page,,data/snapshots_raw/110644/integrity/ossja_ucdavis_edu_academic_integrity_utm_source_sja_utm_medium_redirect_page__20210506130027.html,40989
University of California-Davis,110644,CA,Public,R1,integrity,20220127021714,200,,ossja_ucdavis_edu_academic_integrity_utm_source_sja_utm_medium_redirect_page,,data/snapshots_raw/110644/integrity/ossja_ucdavis_edu_academic_integrity_utm_source_sja_utm_medium_redirect_page__20220127021714.html,48010
University of California-Davis,110644,CA,Public,R1,integrity,20220411084721,200,,ossja_ucdavis_edu_academic_integrity_utm_source_sja_utm_medium_redirect_page,,data/snapshots_raw/110644/integrity/ossja_ucdavis_edu_academic_integrity_utm_source_sja_utm_medium_redirect_page__20220411084721.html,47953
University of California-Davis,110644,CA,Public,R1,integrity,20221002012407,200,,ossja_ucdavis_edu_academic_integrity_utm_source_sja_utm_medium_redirect_page,,data/snapshots_raw/110644/integrity/ossja_ucdavis_edu_academic_integrity_utm_source_sja_utm_medium_redirect_page__20221002012407.html,13635
University of California-Irvine,110653,CA,Public,R1,ai,20240521084055,200,,dtei_uci_edu_generative_ai,,data/snapshots_raw/110653/ai/dtei_uci_edu_generative_ai__20240521084055.html,156515
University of California-Irvine,110653,CA,Public,R1,ai,20240614212927,200,,dtei_uci_edu_generative_ai,,data/snapshots_raw/110653/ai/dtei_uci_edu_generative_ai__20240614212927.html,156767
University of California-Irvine,110653,CA,Public,R1,ai,20240621101045,200,,dtei_uci_edu_generative_ai,,data/snapshots_raw/110653/ai/dtei_uci_edu_generative_ai__20240621101045.html,156768
University of California-Irvine,110653,CA,Public,R1,ai,20240829091252,200,,dtei_uci_edu_generative_ai,,data/snapshots_raw/110653/ai/dtei_uci_edu_generative_ai__20240829091252.html,157342
University of California-Irvine,110653,CA,Public,R1,ai,20240913042727,200,,dtei_uci_edu_generative_ai,,data/snapshots_raw/110653/ai/dtei_uci_edu_generative_ai__20240913042727.html,157964
University of California-Irvine,110653,CA,Public,R1,ai,20241231105209,200,,dtei_uci_edu_generative_ai,,data/snapshots_raw/110653/ai/dtei_uci_edu_generative_ai__20241231105209.html,156890
University of California-Irvine,110653,CA,Public,R1,integrity,20210413062854,200,,aisc_uci_edu_students_academic_integrity_index_php,,data/snapshots_raw/110653/integrity/aisc_uci_edu_students_academic_integrity_index_php__20210413062854.html,22033
University of California-Irvine,110653,CA,Public,R1,integrity,20210812220304,200,,aisc_uci_edu_students_academic_integrity_index_php,,data/snapshots_raw/110653/integrity/aisc_uci_edu_students_academic_integrity_index_php__20210812220304.html,22081
University of California-Irvine,110653,CA,Public,R1,integrity,20220302224620,200,,aisc_uci_edu_students_academic_integrity_index_php,,data/snapshots_raw/110653/integrity/aisc_uci_edu_students_academic_integrity_index_php__20220302224620.html,22081
University of California-Irvine,110653,CA,Public,R1,integrity,20220928231902,200,,aisc_uci_edu_students_academic_integrity_index_php,,data/snapshots_raw/110653/integrity/aisc_uci_edu_students_academic_integrity_index_php__20220928231902.html,20291
University of California-Irvine,110653,CA,Public,R1,integrity,20230127132328,200,,aisc_uci_edu_students_academic_integrity_index_php,,data/snapshots_raw/110653/integrity/aisc_uci_edu_students_academic_integrity_index_php__20230127132328.html,20292
University of California-Irvine,110653,CA,Public,R1,integrity,20230206065954,200,,aisc_uci_edu_students_academic_integrity_index_php,,data/snapshots_raw/110653/integrity/aisc_uci_edu_students_academic_integrity_index_php__20230206065954.html,20671
University of California-Irvine,110653,CA,Public,R1,integrity,20230608092355,200,,aisc_uci_edu_students_academic_integrity_index_php,,data/snapshots_raw/110653/integrity/aisc_uci_edu_students_academic_integrity_index_php__20230608092355.html,20908
University of California-Irvine,110653,CA,Public,R1,integrity,20231130145431,200,,aisc_uci_edu_students_academic_integrity_index_php,,data/snapshots_raw/110653/integrity/aisc_uci_edu_students_academic_integrity_index_php__20231130145431.html,20924
University of California-Los Angeles,110662,CA,Public,R1,integrity,20210118062901,200,,www_deanofstudents_ucla_edu_Academic_Integrity,,data/snapshots_raw/110662/integrity/www_deanofstudents_ucla_edu_Academic_Integrity__20210118062901.html,32157
University of California-Los Angeles,110662,CA,Public,R1,integrity,20210413175118,200,,www_deanofstudents_ucla_edu_Academic_Integrity,,data/snapshots_raw/110662/integrity/www_deanofstudents_ucla_edu_Academic_Integrity__20210413175118.html,9160
University of California-Los Angeles,110662,CA,Public,R1,integrity,20210924143226,200,,www_deanofstudents_ucla_edu_Academic_Integrity,,data/snapshots_raw/110662/integrity/www_deanofstudents_ucla_edu_Academic_Integrity__20210924143226.html,9357
University of California-Los Angeles,110662,CA,Public,R1,integrity,20211230051219,200,,www_deanofstudents_ucla_edu_Academic_Integrity,,data/snapshots_raw/110662/integrity/www_deanofstudents_ucla_edu_Academic_Integrity__20211230051219.html,3357
University of California-Los Angeles,110662,CA,Public,R1,integrity,20220121091626,200,,www_deanofstudents_ucla_edu_Academic_Integrity,,data/snapshots_raw/110662/integrity/www_deanofstudents_ucla_edu_Academic_Integrity__20220121091626.html,9358
University of California-Los Angeles,110662,CA,Public,R1,integrity,20220228073130,200,,www_deanofstudents_ucla_edu_Academic_Integrity,,data/snapshots_raw/110662/integrity/www_deanofstudents_ucla_edu_Academic_Integrity__20220228073130.html,3359
University of California-Los Angeles,110662,CA,Public,R1,integrity,20220427012032,200,,www_deanofstudents_ucla_edu_Academic_Integrity,,data/snapshots_raw/110662/integrity/www_deanofstudents_ucla_edu_Academic_Integrity__20220427012032.html,3399
University of California-Los Angeles,110662,CA,Public,R1,integrity,20220601225328,200,,www_deanofstudents_ucla_edu_Academic_Integrity,,data/snapshots_raw/110662/integrity/www_deanofstudents_ucla_edu_Academic_Integrity__20220601225328.html,3396
University of California-Los Angeles,110662,CA,Public,R1,integrity,20220628145126,200,,www_deanofstudents_ucla_edu_Academic_Integrity,,data/snapshots_raw/110662/integrity/www_deanofstudents_ucla_edu_Academic_Integrity__20220628145126.html,9455
University of California-Los Angeles,110662,CA,Public,R1,integrity,20230119063222,200,,www_deanofstudents_ucla_edu_Academic_Integrity,,data/snapshots_raw/110662/integrity/www_deanofstudents_ucla_edu_Academic_Integrity__20230119063222.html,3360
University of California-Los Angeles,110662,CA,Public,R1,integrity,20230206215449,200,,www_deanofstudents_ucla_edu_Academic_Integrity,,data/snapshots_raw/110662/integrity/www_deanofstudents_ucla_edu_Academic_Integrity__20230206215449.html,9325
University of California-Los Angeles,110662,CA,Public,R1,integrity,20231128154241,200,,www_deanofstudents_ucla_edu_Academic_Integrity,,data/snapshots_raw/110662/integrity/www_deanofstudents_ucla_edu_Academic_Integrity__20231128154241.html,8308
University of California-Los Angeles,110662,CA,Public,R1,integrity,20240106010819,200,,www_deanofstudents_ucla_edu_Academic_Integrity,,data/snapshots_raw/110662/integrity/www_deanofstudents_ucla_edu_Academic_Integrity__20240106010819.html,3075
University of California-Los Angeles,110662,CA,Public,R1,integrity,20240326200606,200,,www_deanofstudents_ucla_edu_Academic_Integrity,,data/snapshots_raw/110662/integrity/www_deanofstudents_ucla_edu_Academic_Integrity__20240326200606.html,3077
University of California-Los Angeles,110662,CA,Public,R1,integrity,20240413092124,200,,www_deanofstudents_ucla_edu_Academic_Integrity,,data/snapshots_raw/110662/integrity/www_deanofstudents_ucla_edu_Academic_Integrity__20240413092124.html,8320
University of California-Los Angeles,110662,CA,Public,R1,integrity,20240418194300,200,,www_deanofstudents_ucla_edu_Academic_Integrity,,data/snapshots_raw/110662/integrity/www_deanofstudents_ucla_edu_Academic_Integrity__20240418194300.html,8316
University of California-Los Angeles,110662,CA,Public,R1,integrity,20240721190056,200,,www_deanofstudents_ucla_edu_Academic_Integrity,,data/snapshots_raw/110662/integrity/www_deanofstudents_ucla_edu_Academic_Integrity__20240721190056.html,8882
University of California-Los Angeles,110662,CA,Public,R1,integrity,20240724091523,200,,www_deanofstudents_ucla_edu_Academic_Integrity,,data/snapshots_raw/110662/integrity/www_deanofstudents_ucla_edu_Academic_Integrity__20240724091523.html,8320
University of California-Los Angeles,110662,CA,Public,R1,integrity,20241214135607,200,,www_deanofstudents_ucla_edu_Academic_Integrity,,data/snapshots_raw/110662/integrity/www_deanofstudents_ucla_edu_Academic_Integrity__20241214135607.html,11683
University of California-Los Angeles,110662,CA,Public,R1,integrity,20241217211512,200,,www_deanofstudents_ucla_edu_Academic_Integrity,,data/snapshots_raw/110662/integrity/www_deanofstudents_ucla_edu_Academic_Integrity__20241217211512.html,4004
University of California-San Diego,110680,CA,Public,R1,ai,20240506032051,200,,academicintegrity_ucsd_edu_excel_integrity_gen_ai,,data/snapshots_raw/110680/ai/academicintegrity_ucsd_edu_excel_integrity_gen_ai__20240506032051.html,54866
University of California-San Diego,110680,CA,Public,R1,ai,20241217192233,200,,academicintegrity_ucsd_edu_excel_integrity_gen_ai,,data/snapshots_raw/110680/ai/academicintegrity_ucsd_edu_excel_integrity_gen_ai__20241217192233.html,59567
University of California-San Diego,110680,CA,Public,R1,integrity,20211217030738,200,,academicintegrity_ucsd_edu_Barley,,data/snapshots_raw/110680/integrity/academicintegrity_ucsd_edu_Barley__20211217030738.html,97933
University of California-San Diego,110680,CA,Public,R1,integrity,20210413061801,200,,academicintegrity_ucsd_edu,,data/snapshots_raw/110680/integrity/academicintegrity_ucsd_edu__20210413061801.html,31771
University of California-San Diego,110680,CA,Public,R1,integrity,20211120071326,200,,academicintegrity_ucsd_edu,,data/snapshots_raw/110680/integrity/academicintegrity_ucsd_edu__20211120071326.html,30782
University of California-San Diego,110680,CA,Public,R1,integrity,20220212063749,200,,academicintegrity_ucsd_edu,,data/snapshots_raw/110680/integrity/academicintegrity_ucsd_edu__20220212063749.html,31167
University of California-San Diego,110680,CA,Public,R1,integrity,20220405002736,200,,academicintegrity_ucsd_edu,,data/snapshots_raw/110680/integrity/academicintegrity_ucsd_edu__20220405002736.html,31546
University of California-San Diego,110680,CA,Public,R1,integrity,20220520005444,200,,academicintegrity_ucsd_edu,,data/snapshots_raw/110680/integrity/academicintegrity_ucsd_edu__20220520005444.html,30738
University of California-San Diego,110680,CA,Public,R1,integrity,20220618031835,200,,academicintegrity_ucsd_edu,,data/snapshots_raw/110680/integrity/academicintegrity_ucsd_edu__20220618031835.html,30877
University of California-San Diego,110680,CA,Public,R1,integrity,20220625143214,200,,academicintegrity_ucsd_edu,,data/snapshots_raw/110680/integrity/academicintegrity_ucsd_edu__20220625143214.html,30884
University of California-San Diego,110680,CA,Public,R1,integrity,20221020203842,200,,academicintegrity_ucsd_edu,,data/snapshots_raw/110680/integrity/academicintegrity_ucsd_edu__20221020203842.html,30075
University of California-San Diego,110680,CA,Public,R1,integrity,20230120215341,200,,academicintegrity_ucsd_edu,,data/snapshots_raw/110680/integrity/academicintegrity_ucsd_edu__20230120215341.html,30295
University of California-San Diego,110680,CA,Public,R1,integrity,20230201144422,200,,academicintegrity_ucsd_edu,,data/snapshots_raw/110680/integrity/academicintegrity_ucsd_edu__20230201144422.html,31440
University of California-San Diego,110680,CA,Public,R1,integrity,20230216001901,200,,academicintegrity_ucsd_edu,,data/snapshots_raw/110680/integrity/academicintegrity_ucsd_edu__20230216001901.html,31729
University of California-San Diego,110680,CA,Public,R1,integrity,20230301165515,200,,academicintegrity_ucsd_edu,,data/snapshots_raw/110680/integrity/academicintegrity_ucsd_edu__20230301165515.html,31538
University of California-San Diego,110680,CA,Public,R1,integrity,20230320224937,200,,academicintegrity_ucsd_edu,,data/snapshots_raw/110680/integrity/academicintegrity_ucsd_edu__20230320224937.html,32945
University of California-San Diego,110680,CA,Public,R1,integrity,20230620231336,200,,academicintegrity_ucsd_edu,,data/snapshots_raw/110680/integrity/academicintegrity_ucsd_edu__20230620231336.html,31537
University of California-San Diego,110680,CA,Public,R1,integrity,20230721045149,200,,academicintegrity_ucsd_edu,,data/snapshots_raw/110680/integrity/academicintegrity_ucsd_edu__20230721045149.html,30784
University of California-San Diego,110680,CA,Public,R1,integrity,20231211064127,200,,academicintegrity_ucsd_edu,,data/snapshots_raw/110680/integrity/academicintegrity_ucsd_edu__20231211064127.html,30879
University of California-San Diego,110680,CA,Public,R1,integrity,20240406051838,200,,academicintegrity_ucsd_edu,,data/snapshots_raw/110680/integrity/academicintegrity_ucsd_edu__20240406051838.html,53882
University of California-San Diego,110680,CA,Public,R1,integrity,20240917034333,200,,academicintegrity_ucsd_edu,,data/snapshots_raw/110680/integrity/academicintegrity_ucsd_edu__20240917034333.html,55566
University of California-San Diego,110680,CA,Public,R1,integrity,20241108165152,200,,academicintegrity_ucsd_edu,,data/snapshots_raw/110680/integrity/academicintegrity_ucsd_edu__20241108165152.html,59502
University of California-San Diego,110680,CA,Public,R1,integrity,20241214170353,200,,academicintegrity_ucsd_edu,,data/snapshots_raw/110680/integrity/academicintegrity_ucsd_edu__20241214170353.html,60260
University of California-San Diego,110680,CA,Public,R1,integrity,20230403173530,200,,academicintegrity_ucsd_edu_faq,,data/snapshots_raw/110680/integrity/academicintegrity_ucsd_edu_faq__20230403173530.html,71374
University of California-San Diego,110680,CA,Public,R1,integrity,20240506032102,200,,academicintegrity_ucsd_edu_faq,,data/snapshots_raw/110680/integrity/academicintegrity_ucsd_edu_faq__20240506032102.html,93533
University of California-San Diego,110680,CA,Public,R1,integrity,20241217220913,200,,academicintegrity_ucsd_edu_faq,,data/snapshots_raw/110680/integrity/academicintegrity_ucsd_edu_faq__20241217220913.html,55242
Pomona College,121345,CA,Private,BAC,integrity,20240513190408,200,,catalog_pomona_edu_content_php_catoid_28_navoid_5638_hl_22academic_integrity_22,,data/snapshots_raw/121345/integrity/catalog_pomona_edu_content_php_catoid_28_navoid_5638_hl_22academic_integrity_22__20240513190408.html,52680
Pomona College,121345,CA,Private,BAC,integrity,20240513151613,200,,catalog_pomona_edu_content_php_catoid_28_navoid_5638_hl_22academic_integrity_22_,,data/snapshots_raw/121345/integrity/catalog_pomona_edu_content_php_catoid_28_navoid_5638_hl_22academic_integrity_22___20240513151613.html,52712
Pomona College,121345,CA,Private,BAC,integrity,20240405094327,200,,catalog_pomona_edu_content_php_catoid_44_navoid_8835_print3_36conduct,,data/snapshots_raw/121345/integrity/catalog_pomona_edu_content_php_catoid_44_navoid_8835_print3_36conduct__20240405094327.html,196069
San Diego State University,122409,CA,Public,R2,ai,20231205081930,200,,its_sdsu_edu_ai,,data/snapshots_raw/122409/ai/its_sdsu_edu_ai__20231205081930.html,53945
San Diego State University,122409,CA,Public,R2,ai,20231216193542,200,,its_sdsu_edu_ai,,data/snapshots_raw/122409/ai/its_sdsu_edu_ai__20231216193542.html,53849
San Diego State University,122409,CA,Public,R2,ai,20240404075346,200,,its_sdsu_edu_ai_publications,,data/snapshots_raw/122409/ai/its_sdsu_edu_ai_publications__20240404075346.html,38929
San Diego State University,122409,CA,Public,R2,ai,20240819122909,200,,its_sdsu_edu_ai_utm_source_salesforce_utm_medium_email,,data/snapshots_raw/122409/ai/its_sdsu_edu_ai_utm_source_salesforce_utm_medium_email__20240819122909.html,59552
Santa Clara University,122931,CA,Private,M,integrity,20210414120159,200,,www_scu_edu_academic_integrity,,data/snapshots_raw/122931/integrity/www_scu_edu_academic_integrity__20210414120159.html,22937
Santa Clara University,122931,CA,Private,M,integrity,20211130031355,200,,www_scu_edu_academic_integrity,,data/snapshots_raw/122931/integrity/www_scu_edu_academic_integrity__20211130031355.html,23804
Santa Clara University,122931,CA,Private,M,integrity,20220130132650,200,,www_scu_edu_academic_integrity,,data/snapshots_raw/122931/integrity/www_scu_edu_academic_integrity__20220130132650.html,23804
Santa Clara University,122931,CA,Private,M,integrity,20220521081544,200,,www_scu_edu_academic_integrity,,data/snapshots_raw/122931/integrity/www_scu_edu_academic_integrity__20220521081544.html,23797
Santa Clara University,122931,CA,Private,M,integrity,20221007211330,200,,www_scu_edu_academic_integrity,,data/snapshots_raw/122931/integrity/www_scu_edu_academic_integrity__20221007211330.html,24226
Santa Clara University,122931,CA,Private,M,integrity,20230130070948,200,,www_scu_edu_academic_integrity,,data/snapshots_raw/122931/integrity/www_scu_edu_academic_integrity__20230130070948.html,24226
Santa Clara University,122931,CA,Private,M,integrity,20231206174422,200,,www_scu_edu_academic_integrity,,data/snapshots_raw/122931/integrity/www_scu_edu_academic_integrity__20231206174422.html,23093
Santa Clara University,122931,CA,Private,M,integrity,20240619123927,200,,www_scu_edu_academic_integrity,,data/snapshots_raw/122931/integrity/www_scu_edu_academic_integrity__20240619123927.html,23204
Santa Clara University,122931,CA,Private,M,integrity,20210420080916,200,,www_scu_edu_academic_integrity_about_the_pledge,,data/snapshots_raw/122931/integrity/www_scu_edu_academic_integrity_about_the_pledge__20210420080916.html,21962
Santa Clara University,122931,CA,Private,M,integrity,20220127015150,200,,www_scu_edu_academic_integrity_about_the_pledge,,data/snapshots_raw/122931/integrity/www_scu_edu_academic_integrity_about_the_pledge__20220127015150.html,22058
Santa Clara University,122931,CA,Private,M,integrity,20220809040851,200,,www_scu_edu_academic_integrity_about_the_pledge,,data/snapshots_raw/122931/integrity/www_scu_edu_academic_integrity_about_the_pledge__20220809040851.html,22416
Santa Clara University,122931,CA,Private,M,integrity,20240722163026,200,,www_scu_edu_academic_integrity_about_the_pledge,,data/snapshots_raw/122931/integrity/www_scu_edu_academic_integrity_about_the_pledge__20240722163026.html,22782
Santa Clara University,122931,CA,Private,M,integrity,20241204053117,200,,www_scu_edu_academic_integrity_about_the_pledge,,data/snapshots_raw/122931/integrity/www_scu_edu_academic_integrity_about_the_pledge__20241204053117.html,22361
Santa Clara University,122931,CA,Private,M,integrity,20210420042339,200,,www_scu_edu_academic_integrity_faculty_resources,,data/snapshots_raw/122931/integrity/www_scu_edu_academic_integrity_faculty_resources__20210420042339.html,20950
Santa Clara University,122931,CA,Private,M,integrity,20220127024023,200,,www_scu_edu_academic_integrity_faculty_resources,,data/snapshots_raw/122931/integrity/www_scu_edu_academic_integrity_faculty_resources__20220127024023.html,21162
Santa Clara University,122931,CA,Private,M,integrity,20220809045344,200,,www_scu_edu_academic_integrity_faculty_resources,,data/snapshots_raw/122931/integrity/www_scu_edu_academic_integrity_faculty_resources__20220809045344.html,21525
Santa Clara University,122931,CA,Private,M,integrity,20240722063512,200,,www_scu_edu_academic_integrity_faculty_resources,,data/snapshots_raw/122931/integrity/www_scu_edu_academic_integrity_faculty_resources__20240722063512.html,21789
Santa Clara University,122931,CA,Private,M,integrity,20241203053144,200,,www_scu_edu_academic_integrity_faculty_resources,,data/snapshots_raw/122931/integrity/www_scu_edu_academic_integrity_faculty_resources__20241203053144.html,21739
University of Southern California,123961,CA,Private,R1,ai,20210222231112,200,,www_provost_usc_edu_nai_program_serves_as_a_model_for_higher_education_instituti,,data/snapshots_raw/123961/ai/www_provost_usc_edu_nai_program_serves_as_a_model_for_higher_education_instituti__20210222231112.html,30877
University of Southern California,123961,CA,Private,R1,ai,20210523030405,200,,www_provost_usc_edu_nai_program_serves_as_a_model_for_higher_education_instituti,,data/snapshots_raw/123961/ai/www_provost_usc_edu_nai_program_serves_as_a_model_for_higher_education_instituti__20210523030405.html,31588
University of Southern California,123961,CA,Private,R1,ai,20211124012120,200,,www_provost_usc_edu_nai_program_serves_as_a_model_for_higher_education_instituti,,data/snapshots_raw/123961/ai/www_provost_usc_edu_nai_program_serves_as_a_model_for_higher_education_instituti__20211124012120.html,32213
University of Southern California,123961,CA,Private,R1,ai,20220524112233,200,,www_provost_usc_edu_nai_program_serves_as_a_model_for_higher_education_instituti,,data/snapshots_raw/123961/ai/www_provost_usc_edu_nai_program_serves_as_a_model_for_higher_education_instituti__20220524112233.html,31217
University of Southern California,123961,CA,Private,R1,ai,20220823064146,200,,www_provost_usc_edu_nai_program_serves_as_a_model_for_higher_education_instituti,,data/snapshots_raw/123961/ai/www_provost_usc_edu_nai_program_serves_as_a_model_for_higher_education_instituti__20220823064146.html,54475
University of Southern California,123961,CA,Private,R1,ai,20221123023646,200,,www_provost_usc_edu_nai_program_serves_as_a_model_for_higher_education_instituti,,data/snapshots_raw/123961/ai/www_provost_usc_edu_nai_program_serves_as_a_model_for_higher_education_instituti__20221123023646.html,56650
University of Southern California,123961,CA,Private,R1,ai,20230522160124,200,,www_provost_usc_edu_nai_program_serves_as_a_model_for_higher_education_instituti,,data/snapshots_raw/123961/ai/www_provost_usc_edu_nai_program_serves_as_a_model_for_higher_education_instituti__20230522160124.html,59560
University of Southern California,123961,CA,Private,R1,ai,20230822132623,200,,www_provost_usc_edu_nai_program_serves_as_a_model_for_higher_education_instituti,,data/snapshots_raw/123961/ai/www_provost_usc_edu_nai_program_serves_as_a_model_for_higher_education_instituti__20230822132623.html,59271
University of Southern California,123961,CA,Private,R1,ai,20231122144500,200,,www_provost_usc_edu_nai_program_serves_as_a_model_for_higher_education_instituti,,data/snapshots_raw/123961/ai/www_provost_usc_edu_nai_program_serves_as_a_model_for_higher_education_instituti__20231122144500.html,65188
University of Southern California,123961,CA,Private,R1,ai,20240227230837,200,,www_provost_usc_edu_nai_program_serves_as_a_model_for_higher_education_instituti,,data/snapshots_raw/123961/ai/www_provost_usc_edu_nai_program_serves_as_a_model_for_higher_education_instituti__20240227230837.html,66794
University of Southern California,123961,CA,Private,R1,ai,20240524194338,200,,www_provost_usc_edu_nai_program_serves_as_a_model_for_higher_education_instituti,,data/snapshots_raw/123961/ai/www_provost_usc_edu_nai_program_serves_as_a_model_for_higher_education_instituti__20240524194338.html,66607
University of Southern California,123961,CA,Private,R1,ai,20240625050536,200,,www_provost_usc_edu_nai_program_serves_as_a_model_for_higher_education_instituti,,data/snapshots_raw/123961/ai/www_provost_usc_edu_nai_program_serves_as_a_model_for_higher_education_instituti__20240625050536.html,66523
University of Southern California,123961,CA,Private,R1,ai,20240816132330,200,,www_provost_usc_edu_nai_program_serves_as_a_model_for_higher_education_instituti,,data/snapshots_raw/123961/ai/www_provost_usc_edu_nai_program_serves_as_a_model_for_higher_education_instituti__20240816132330.html,66815
University of Southern California,123961,CA,Private,R1,ai,20241102204010,200,,www_provost_usc_edu_nai_program_serves_as_a_model_for_higher_education_instituti,,data/snapshots_raw/123961/ai/www_provost_usc_edu_nai_program_serves_as_a_model_for_higher_education_instituti__20241102204010.html,73001
University of Southern California,123961,CA,Private,R1,ai,20241122090740,200,,www_provost_usc_edu_nai_program_serves_as_a_model_for_higher_education_instituti,,data/snapshots_raw/123961/ai/www_provost_usc_edu_nai_program_serves_as_a_model_for_higher_education_instituti__20241122090740.html,73177
University of Southern California,123961,CA,Private,R1,ai,20210224172555,200,,www_provost_usc_edu_reappointment_of_avishai_sadan,,data/snapshots_raw/123961/ai/www_provost_usc_edu_reappointment_of_avishai_sadan__20210224172555.html,29382
University of Southern California,123961,CA,Private,R1,ai,20210525114750,200,,www_provost_usc_edu_reappointment_of_avishai_sadan,,data/snapshots_raw/123961/ai/www_provost_usc_edu_reappointment_of_avishai_sadan__20210525114750.html,29868
University of Southern California,123961,CA,Private,R1,ai,20220823201125,200,,www_provost_usc_edu_reappointment_of_avishai_sadan,,data/snapshots_raw/123961/ai/www_provost_usc_edu_reappointment_of_avishai_sadan__20220823201125.html,52077
University of Southern California,123961,CA,Private,R1,ai,20221123091204,200,,www_provost_usc_edu_reappointment_of_avishai_sadan,,data/snapshots_raw/123961/ai/www_provost_usc_edu_reappointment_of_avishai_sadan__20221123091204.html,54252
University of Southern California,123961,CA,Private,R1,ai,20230223102938,200,,www_provost_usc_edu_reappointment_of_avishai_sadan,,data/snapshots_raw/123961/ai/www_provost_usc_edu_reappointment_of_avishai_sadan__20230223102938.html,54645
University of Southern California,123961,CA,Private,R1,ai,20230522220150,200,,www_provost_usc_edu_reappointment_of_avishai_sadan,,data/snapshots_raw/123961/ai/www_provost_usc_edu_reappointment_of_avishai_sadan__20230522220150.html,57201
University of Southern California,123961,CA,Private,R1,ai,20230822165605,200,,www_provost_usc_edu_reappointment_of_avishai_sadan,,data/snapshots_raw/123961/ai/www_provost_usc_edu_reappointment_of_avishai_sadan__20230822165605.html,56918
University of Southern California,123961,CA,Private,R1,ai,20231122163342,200,,www_provost_usc_edu_reappointment_of_avishai_sadan,,data/snapshots_raw/123961/ai/www_provost_usc_edu_reappointment_of_avishai_sadan__20231122163342.html,62587
University of Southern California,123961,CA,Private,R1,ai,20240223112943,200,,www_provost_usc_edu_reappointment_of_avishai_sadan,,data/snapshots_raw/123961/ai/www_provost_usc_edu_reappointment_of_avishai_sadan__20240223112943.html,64214
University of Southern California,123961,CA,Private,R1,ai,20240618022509,200,,www_provost_usc_edu_reappointment_of_avishai_sadan,,data/snapshots_raw/123961/ai/www_provost_usc_edu_reappointment_of_avishai_sadan__20240618022509.html,63871
University of Southern California,123961,CA,Private,R1,ai,20240816105312,200,,www_provost_usc_edu_reappointment_of_avishai_sadan,,data/snapshots_raw/123961/ai/www_provost_usc_edu_reappointment_of_avishai_sadan__20240816105312.html,64163
University of Southern California,123961,CA,Private,R1,ai,20240825071333,200,,www_provost_usc_edu_reappointment_of_avishai_sadan,,data/snapshots_raw/123961/ai/www_provost_usc_edu_reappointment_of_avishai_sadan__20240825071333.html,69873
University of Southern California,123961,CA,Private,R1,ai,20241114105558,200,,www_provost_usc_edu_reappointment_of_avishai_sadan,,data/snapshots_raw/123961/ai/www_provost_usc_edu_reappointment_of_avishai_sadan__20241114105558.html,70349
University of Southern California,123961,CA,Private,R1,ai,20241123083629,200,,www_provost_usc_edu_reappointment_of_avishai_sadan,,data/snapshots_raw/123961/ai/www_provost_usc_edu_reappointment_of_avishai_sadan__20241123083629.html,70550
University of Southern California,123961,CA,Private,R1,ai,20210525124144,200,,www_provost_usc_edu_reappointment_of_avishai_sadan_embed,,data/snapshots_raw/123961/ai/www_provost_usc_edu_reappointment_of_avishai_sadan_embed__20210525124144.html,19183
University of Southern California,123961,CA,Private,R1,ai,20221125224127,200,,www_provost_usc_edu_reappointment_of_avishai_sadan_embed,,data/snapshots_raw/123961/ai/www_provost_usc_edu_reappointment_of_avishai_sadan_embed__20221125224127.html,19522
University of Southern California,123961,CA,Private,R1,ai,20230224220009,200,,www_provost_usc_edu_reappointment_of_avishai_sadan_embed,,data/snapshots_raw/123961/ai/www_provost_usc_edu_reappointment_of_avishai_sadan_embed__20230224220009.html,19522
University of Southern California,123961,CA,Private,R1,ai,20230525151453,200,,www_provost_usc_edu_reappointment_of_avishai_sadan_embed,,data/snapshots_raw/123961/ai/www_provost_usc_edu_reappointment_of_avishai_sadan_embed__20230525151453.html,19927
University of Southern California,123961,CA,Private,R1,ai,20230824054352,200,,www_provost_usc_edu_reappointment_of_avishai_sadan_embed,,data/snapshots_raw/123961/ai/www_provost_usc_edu_reappointment_of_avishai_sadan_embed__20230824054352.html,20010
University of Southern California,123961,CA,Private,R1,ai,20231125105900,200,,www_provost_usc_edu_reappointment_of_avishai_sadan_embed,,data/snapshots_raw/123961/ai/www_provost_usc_edu_reappointment_of_avishai_sadan_embed__20231125105900.html,21153
University of Southern California,123961,CA,Private,R1,ai,20240225034528,200,,www_provost_usc_edu_reappointment_of_avishai_sadan_embed,,data/snapshots_raw/123961/ai/www_provost_usc_edu_reappointment_of_avishai_sadan_embed__20240225034528.html,20965
University of Southern California,123961,CA,Private,R1,ai,20240825081923,200,,www_provost_usc_edu_reappointment_of_avishai_sadan_embed,,data/snapshots_raw/123961/ai/www_provost_usc_edu_reappointment_of_avishai_sadan_embed__20240825081923.html,20932
University of Southern California,123961,CA,Private,R1,ai,20241123085014,200,,www_provost_usc_edu_reappointment_of_avishai_sadan_embed,,data/snapshots_raw/123961/ai/www_provost_usc_edu_reappointment_of_avishai_sadan_embed__20241123085014.html,20903
University of Southern California,123961,CA,Private,R1,integrity,20230104174734,200,,academicintegrity_usc_edu,,data/snapshots_raw/123961/integrity/academicintegrity_usc_edu__20230104174734.html,101845
University of Southern California,123961,CA,Private,R1,integrity,20230127213445,200,,academicintegrity_usc_edu,,data/snapshots_raw/123961/integrity/academicintegrity_usc_edu__20230127213445.html,100295
University of Southern California,123961,CA,Private,R1,integrity,20230421193636,200,,academicintegrity_usc_edu,,data/snapshots_raw/123961/integrity/academicintegrity_usc_edu__20230421193636.html,100291
University of Southern California,123961,CA,Private,R1,integrity,20230528101723,200,,academicintegrity_usc_edu,,data/snapshots_raw/123961/integrity/academicintegrity_usc_edu__20230528101723.html,100285
University of Southern California,123961,CA,Private,R1,integrity,20231210173424,200,,academicintegrity_usc_edu,,data/snapshots_raw/123961/integrity/academicintegrity_usc_edu__20231210173424.html,98338
University of Southern California,123961,CA,Private,R1,integrity,20240112052116,200,,academicintegrity_usc_edu,,data/snapshots_raw/123961/integrity/academicintegrity_usc_edu__20240112052116.html,19103
University of Southern California,123961,CA,Private,R1,integrity,20240222060209,200,,academicintegrity_usc_edu,,data/snapshots_raw/123961/integrity/academicintegrity_usc_edu__20240222060209.html,19443
University of Southern California,123961,CA,Private,R1,integrity,20240506032102,200,,academicintegrity_usc_edu,,data/snapshots_raw/123961/integrity/academicintegrity_usc_edu__20240506032102.html,19202
University of Southern California,123961,CA,Private,R1,integrity,20240508092230,200,,academicintegrity_usc_edu,,data/snapshots_raw/123961/integrity/academicintegrity_usc_edu__20240508092230.html,95897
University of Southern California,123961,CA,Private,R1,integrity,20240523034521,200,,academicintegrity_usc_edu,,data/snapshots_raw/123961/integrity/academicintegrity_usc_edu__20240523034521.html,94961
University of Southern California,123961,CA,Private,R1,integrity,20240705051838,200,,academicintegrity_usc_edu,,data/snapshots_raw/123961/integrity/academicintegrity_usc_edu__20240705051838.html,95973
University of Southern California,123961,CA,Private,R1,integrity,20240904163839,200,,academicintegrity_usc_edu,,data/snapshots_raw/123961/integrity/academicintegrity_usc_edu__20240904163839.html,19115
University of Southern California,123961,CA,Private,R1,integrity,20240923002229,200,,academicintegrity_usc_edu,,data/snapshots_raw/123961/integrity/academicintegrity_usc_edu__20240923002229.html,20199
University of Southern California,123961,CA,Private,R1,integrity,20241113122530,200,,academicintegrity_usc_edu,,data/snapshots_raw/123961/integrity/academicintegrity_usc_edu__20241113122530.html,20365
University of Southern California,123961,CA,Private,R1,integrity,20241118130113,200,,academicintegrity_usc_edu,,data/snapshots_raw/123961/integrity/academicintegrity_usc_edu__20241118130113.html,105102
University of Southern California,123961,CA,Private,R1,integrity,20220308054309,200,,sjacs_usc_edu_students_academic_integrity_E2_80_A2,,data/snapshots_raw/123961/integrity/sjacs_usc_edu_students_academic_integrity_E2_80_A2__20220308054309.html,5188
University of Southern California,123961,CA,Private,R1,integrity,20210413192102,200,,sjacs_usc_edu_students_academic_integrity,,data/snapshots_raw/123961/integrity/sjacs_usc_edu_students_academic_integrity__20210413192102.html,22576
University of Southern California,123961,CA,Private,R1,integrity,20210512072503,200,,sjacs_usc_edu_students_academic_integrity,,data/snapshots_raw/123961/integrity/sjacs_usc_edu_students_academic_integrity__20210512072503.html,22720
University of Southern California,123961,CA,Private,R1,integrity,20210729080845,200,,sjacs_usc_edu_students_academic_integrity,,data/snapshots_raw/123961/integrity/sjacs_usc_edu_students_academic_integrity__20210729080845.html,22779
University of Southern California,123961,CA,Private,R1,integrity,20211028103421,200,,sjacs_usc_edu_students_academic_integrity,,data/snapshots_raw/123961/integrity/sjacs_usc_edu_students_academic_integrity__20211028103421.html,22924
University of Southern California,123961,CA,Private,R1,integrity,20211101182400,200,,sjacs_usc_edu_students_academic_integrity,,data/snapshots_raw/123961/integrity/sjacs_usc_edu_students_academic_integrity__20211101182400.html,23068
University of Southern California,123961,CA,Private,R1,integrity,20220303055638,200,,sjacs_usc_edu_students_academic_integrity,,data/snapshots_raw/123961/integrity/sjacs_usc_edu_students_academic_integrity__20220303055638.html,5188
University of Southern California,123961,CA,Private,R1,integrity,20220331115154,200,,sjacs_usc_edu_students_academic_integrity,,data/snapshots_raw/123961/integrity/sjacs_usc_edu_students_academic_integrity__20220331115154.html,73860
University of Southern California,123961,CA,Private,R1,integrity,20220519143746,200,,sjacs_usc_edu_students_academic_integrity,,data/snapshots_raw/123961/integrity/sjacs_usc_edu_students_academic_integrity__20220519143746.html,73860
University of Southern California,123961,CA,Private,R1,integrity,20220815144218,200,,sjacs_usc_edu_students_academic_integrity,,data/snapshots_raw/123961/integrity/sjacs_usc_edu_students_academic_integrity__20220815144218.html,73860
Colorado State University,126818,CO,Public,R1,ai,20210126183720,200,,catalog_colostate_edu_general_catalog_colleges_natural_sciences_computer_science,,data/snapshots_raw/126818/ai/catalog_colostate_edu_general_catalog_colleges_natural_sciences_computer_science__20210126183720.html,88332
Colorado State University,126818,CO,Public,R1,ai,20211215034525,200,,catalog_colostate_edu_general_catalog_colleges_natural_sciences_computer_science,,data/snapshots_raw/126818/ai/catalog_colostate_edu_general_catalog_colleges_natural_sciences_computer_science__20211215034525.html,91347
Colorado State University,126818,CO,Public,R1,ai,20221020192957,200,,catalog_colostate_edu_general_catalog_colleges_natural_sciences_computer_science,,data/snapshots_raw/126818/ai/catalog_colostate_edu_general_catalog_colleges_natural_sciences_computer_science__20221020192957.html,94813
Colorado State University,126818,CO,Public,R1,ai,20231128231403,200,,catalog_colostate_edu_general_catalog_colleges_natural_sciences_computer_science,,data/snapshots_raw/126818/ai/catalog_colostate_edu_general_catalog_colleges_natural_sciences_computer_science__20231128231403.html,98328
Colorado State University,126818,CO,Public,R1,ai,20241009003722,200,,catalog_colostate_edu_general_catalog_colleges_natural_sciences_computer_science,,data/snapshots_raw/126818/ai/catalog_colostate_edu_general_catalog_colleges_natural_sciences_computer_science__20241009003722.html,98516
Colorado State University,126818,CO,Public,R1,integrity,20210227223842,200,,catalog_colostate_edu_general_catalog_colleges_liberal_arts_music_theatre_dance_,,data/snapshots_raw/126818/integrity/catalog_colostate_edu_general_catalog_colleges_liberal_arts_music_theatre_dance___20210227223842.html,43069
Colorado State University,126818,CO,Public,R1,integrity,20210301061711,200,,catalog_colostate_edu_general_catalog_colleges_liberal_arts_music_theatre_dance_,,data/snapshots_raw/126818/integrity/catalog_colostate_edu_general_catalog_colleges_liberal_arts_music_theatre_dance___20210301061711.html,51631
Colorado State University,126818,CO,Public,R1,integrity,20220120213727,200,,catalog_colostate_edu_general_catalog_colleges_liberal_arts_music_theatre_dance_,,data/snapshots_raw/126818/integrity/catalog_colostate_edu_general_catalog_colleges_liberal_arts_music_theatre_dance___20220120213727.html,44340
Colorado State University,126818,CO,Public,R1,integrity,20220120214414,200,,catalog_colostate_edu_general_catalog_colleges_liberal_arts_music_theatre_dance_,,data/snapshots_raw/126818/integrity/catalog_colostate_edu_general_catalog_colleges_liberal_arts_music_theatre_dance___20220120214414.html,53151
Colorado State University,126818,CO,Public,R1,integrity,20221020192942,200,,catalog_colostate_edu_general_catalog_colleges_liberal_arts_music_theatre_dance_,,data/snapshots_raw/126818/integrity/catalog_colostate_edu_general_catalog_colleges_liberal_arts_music_theatre_dance___20221020192942.html,44296
Colorado State University,126818,CO,Public,R1,integrity,20221020192954,200,,catalog_colostate_edu_general_catalog_colleges_liberal_arts_music_theatre_dance_,,data/snapshots_raw/126818/integrity/catalog_colostate_edu_general_catalog_colleges_liberal_arts_music_theatre_dance___20221020192954.html,52572
Colorado State University,126818,CO,Public,R1,integrity,20231206032211,200,,catalog_colostate_edu_general_catalog_colleges_liberal_arts_music_theatre_dance_,,data/snapshots_raw/126818/integrity/catalog_colostate_edu_general_catalog_colleges_liberal_arts_music_theatre_dance___20231206032211.html,54178
Colorado State University,126818,CO,Public,R1,integrity,20240615234440,200,,catalog_colostate_edu_general_catalog_colleges_liberal_arts_music_theatre_dance_,,data/snapshots_raw/126818/integrity/catalog_colostate_edu_general_catalog_colleges_liberal_arts_music_theatre_dance___20240615234440.html,46475
Colorado State University,126818,CO,Public,R1,integrity,20240914031421,200,,catalog_colostate_edu_general_catalog_colleges_liberal_arts_music_theatre_dance_,,data/snapshots_raw/126818/integrity/catalog_colostate_edu_general_catalog_colleges_liberal_arts_music_theatre_dance___20240914031421.html,60784
Colorado State University,126818,CO,Public,R1,integrity,20211125193253,200,,catalog_colostate_edu_general_catalog_university_wide_programs_honors,,data/snapshots_raw/126818/integrity/catalog_colostate_edu_general_catalog_university_wide_programs_honors__20211125193253.html,58080
Colorado State University,126818,CO,Public,R1,integrity,20240708064224,200,,catalog_colostate_edu_general_catalog_university_wide_programs_honors,,data/snapshots_raw/126818/integrity/catalog_colostate_edu_general_catalog_university_wide_programs_honors__20240708064224.html,58240
Colorado State University,126818,CO,Public,R1,integrity,20241008190250,200,,catalog_colostate_edu_general_catalog_university_wide_programs_honors,,data/snapshots_raw/126818/integrity/catalog_colostate_edu_general_catalog_university_wide_programs_honors__20241008190250.html,59125
Wesleyan University,130697,CT,Private,BAC,integrity,20210413082052,200,,catalog_wesleyan_edu_academic_regulations_honors,,data/snapshots_raw/130697/integrity/catalog_wesleyan_edu_academic_regulations_honors__20210413082052.html,20825
Wesleyan University,130697,CT,Private,BAC,integrity,20210506030039,200,,catalog_wesleyan_edu_academic_regulations_honors,,data/snapshots_raw/130697/integrity/catalog_wesleyan_edu_academic_regulations_honors__20210506030039.html,20825
Wesleyan University,130697,CT,Private,BAC,integrity,20210905203601,200,,catalog_wesleyan_edu_academic_regulations_honors,,data/snapshots_raw/130697/integrity/catalog_wesleyan_edu_academic_regulations_honors__20210905203601.html,20825
Wesleyan University,130697,CT,Private,BAC,integrity,20220505205149,200,,catalog_wesleyan_edu_academic_regulations_honors,,data/snapshots_raw/130697/integrity/catalog_wesleyan_edu_academic_regulations_honors__20220505205149.html,20825
Wesleyan University,130697,CT,Private,BAC,integrity,20220906025041,200,,catalog_wesleyan_edu_academic_regulations_honors,,data/snapshots_raw/130697/integrity/catalog_wesleyan_edu_academic_regulations_honors__20220906025041.html,20825
Wesleyan University,130697,CT,Private,BAC,integrity,20230105214509,200,,catalog_wesleyan_edu_academic_regulations_honors,,data/snapshots_raw/130697/integrity/catalog_wesleyan_edu_academic_regulations_honors__20230105214509.html,20400
Wesleyan University,130697,CT,Private,BAC,integrity,20230201090926,200,,catalog_wesleyan_edu_academic_regulations_honors,,data/snapshots_raw/130697/integrity/catalog_wesleyan_edu_academic_regulations_honors__20230201090926.html,20400
Wesleyan University,130697,CT,Private,BAC,integrity,20230607122004,200,,catalog_wesleyan_edu_academic_regulations_honors,,data/snapshots_raw/130697/integrity/catalog_wesleyan_edu_academic_regulations_honors__20230607122004.html,20400
Wesleyan University,130697,CT,Private,BAC,integrity,20230708011717,200,,catalog_wesleyan_edu_academic_regulations_honors,,data/snapshots_raw/130697/integrity/catalog_wesleyan_edu_academic_regulations_honors__20230708011717.html,20448
Wesleyan University,130697,CT,Private,BAC,integrity,20230908014819,200,,catalog_wesleyan_edu_academic_regulations_honors,,data/snapshots_raw/130697/integrity/catalog_wesleyan_edu_academic_regulations_honors__20230908014819.html,20477
Wesleyan University,130697,CT,Private,BAC,integrity,20240408012307,200,,catalog_wesleyan_edu_academic_regulations_honors,,data/snapshots_raw/130697/integrity/catalog_wesleyan_edu_academic_regulations_honors__20240408012307.html,20639
Wesleyan University,130697,CT,Private,BAC,integrity,20240908011058,200,,catalog_wesleyan_edu_academic_regulations_honors,,data/snapshots_raw/130697/integrity/catalog_wesleyan_edu_academic_regulations_honors__20240908011058.html,20959
Wesleyan University,130697,CT,Private,BAC,integrity,20241005153608,200,,catalog_wesleyan_edu_academic_regulations_honors,,data/snapshots_raw/130697/integrity/catalog_wesleyan_edu_academic_regulations_honors__20241005153608.html,20956
Yale University,130794,CT,Private,R1,ai,20240718072545,200,,catalog_yale_edu_ysph_international_dual_degree_programs_shanghai_jiao_tong_bs_m,,data/snapshots_raw/130794/ai/catalog_yale_edu_ysph_international_dual_degree_programs_shanghai_jiao_tong_bs_m__20240718072545.html,13901
Yale University,130794,CT,Private,R1,ai,20220523211748,200,,provost_yale_edu_committees_wu_tsai_steering_committee,,data/snapshots_raw/130794/ai/provost_yale_edu_committees_wu_tsai_steering_committee__20220523211748.html,25868
Yale University,130794,CT,Private,R1,ai,20221002165201,200,,provost_yale_edu_committees_wu_tsai_steering_committee,,data/snapshots_raw/130794/ai/provost_yale_edu_committees_wu_tsai_steering_committee__20221002165201.html,25868
Yale University,130794,CT,Private,R1,ai,20230209131728,200,,provost_yale_edu_committees_wu_tsai_steering_committee,,data/snapshots_raw/130794/ai/provost_yale_edu_committees_wu_tsai_steering_committee__20230209131728.html,26098
Yale University,130794,CT,Private,R1,ai,20231129160343,200,,provost_yale_edu_committees_wu_tsai_steering_committee,,data/snapshots_raw/130794/ai/provost_yale_edu_committees_wu_tsai_steering_committee__20231129160343.html,26084
Yale University,130794,CT,Private,R1,ai,20240620125704,200,,provost_yale_edu_committees_wu_tsai_steering_committee,,data/snapshots_raw/130794/ai/provost_yale_edu_committees_wu_tsai_steering_committee__20240620125704.html,25033
Yale University,130794,CT,Private,R1,ai,20240716001538,200,,provost_yale_edu_news_ai_technology,,data/snapshots_raw/130794/ai/provost_yale_edu_news_ai_technology__20240716001538.html,25127
Yale University,130794,CT,Private,R1,integrity,20240708042909,200,,catalog_yale_edu_archive_2016_2017_ycps_yale_college_honors,,data/snapshots_raw/130794/integrity/catalog_yale_edu_archive_2016_2017_ycps_yale_college_honors__20240708042909.html,14718
Yale University,130794,CT,Private,R1,integrity,20210517201710,200,,catalog_yale_edu_dus_committee_honors_academic_standing,,data/snapshots_raw/130794/integrity/catalog_yale_edu_dus_committee_honors_academic_standing__20210517201710.html,11416
Yale University,130794,CT,Private,R1,integrity,20210923185326,200,,catalog_yale_edu_dus_committee_honors_academic_standing,,data/snapshots_raw/130794/integrity/catalog_yale_edu_dus_committee_honors_academic_standing__20210923185326.html,12304
Yale University,130794,CT,Private,R1,integrity,20230930101018,200,,catalog_yale_edu_dus_committee_honors_academic_standing,,data/snapshots_raw/130794/integrity/catalog_yale_edu_dus_committee_honors_academic_standing__20230930101018.html,12993
Yale University,130794,CT,Private,R1,integrity,20210109202726,200,,catalog_yale_edu_ycps_yale_college_honors,,data/snapshots_raw/130794/integrity/catalog_yale_edu_ycps_yale_college_honors__20210109202726.html,14896
Yale University,130794,CT,Private,R1,integrity,20210412204601,200,,catalog_yale_edu_ycps_yale_college_honors,,data/snapshots_raw/130794/integrity/catalog_yale_edu_ycps_yale_college_honors__20210412204601.html,15069
Yale University,130794,CT,Private,R1,integrity,20210517201124,200,,catalog_yale_edu_ycps_yale_college_honors,,data/snapshots_raw/130794/integrity/catalog_yale_edu_ycps_yale_college_honors__20210517201124.html,15067
Yale University,130794,CT,Private,R1,integrity,20210923184652,200,,catalog_yale_edu_ycps_yale_college_honors,,data/snapshots_raw/130794/integrity/catalog_yale_edu_ycps_yale_college_honors__20210923184652.html,15039
Yale University,130794,CT,Private,R1,integrity,20221002210938,200,,catalog_yale_edu_ycps_yale_college_honors,,data/snapshots_raw/130794/integrity/catalog_yale_edu_ycps_yale_college_honors__20221002210938.html,15134
Yale University,130794,CT,Private,R1,integrity,20230513040350,200,,catalog_yale_edu_ycps_yale_college_honors,,data/snapshots_raw/130794/integrity/catalog_yale_edu_ycps_yale_college_honors__20230513040350.html,15380
Yale University,130794,CT,Private,R1,integrity,20230921100252,200,,catalog_yale_edu_ycps_yale_college_honors,,data/snapshots_raw/130794/integrity/catalog_yale_edu_ycps_yale_college_honors__20230921100252.html,15466
Yale University,130794,CT,Private,R1,integrity,20240418150027,200,,catalog_yale_edu_ycps_yale_college_honors,,data/snapshots_raw/130794/integrity/catalog_yale_edu_ycps_yale_college_honors__20240418150027.html,15564
Yale University,130794,CT,Private,R1,integrity,20240809062947,200,,catalog_yale_edu_ycps_yale_college_honors,,data/snapshots_raw/130794/integrity/catalog_yale_edu_ycps_yale_college_honors__20240809062947.html,15649
Yale University,130794,CT,Private,R1,integrity,20241130020212,200,,catalog_yale_edu_ycps_yale_college_honors,,data/snapshots_raw/130794/integrity/catalog_yale_edu_ycps_yale_college_honors__20241130020212.html,15782
University of Central Florida,132903,FL,Public,R1,integrity,20210307092037,200,,provost_ucf_edu_news_academic_units_honors_college,,data/snapshots_raw/132903/integrity/provost_ucf_edu_news_academic_units_honors_college__20210307092037.html,65683
University of Central Florida,132903,FL,Public,R1,integrity,20210917080154,200,,provost_ucf_edu_news_academic_units_honors_college,,data/snapshots_raw/132903/integrity/provost_ucf_edu_news_academic_units_honors_college__20210917080154.html,59165
University of Central Florida,132903,FL,Public,R1,integrity,20230129195057,200,,provost_ucf_edu_news_academic_units_honors_college,,data/snapshots_raw/132903/integrity/provost_ucf_edu_news_academic_units_honors_college__20230129195057.html,83377
University of Central Florida,132903,FL,Public,R1,integrity,20230605005409,200,,provost_ucf_edu_news_academic_units_honors_college,,data/snapshots_raw/132903/integrity/provost_ucf_edu_news_academic_units_honors_college__20230605005409.html,87686
University of Central Florida,132903,FL,Public,R1,integrity,20240221023355,200,,provost_ucf_edu_news_academic_units_honors_college,,data/snapshots_raw/132903/integrity/provost_ucf_edu_news_academic_units_honors_college__20240221023355.html,90445
University of Central Florida,132903,FL,Public,R1,integrity,20241108124149,200,,provost_ucf_edu_news_academic_units_honors_college,,data/snapshots_raw/132903/integrity/provost_ucf_edu_news_academic_units_honors_college__20241108124149.html,86338
University of Central Florida,132903,FL,Public,R1,integrity,20230402121146,200,,provost_ucf_edu_news_academic_units_honors_college_page_2,,data/snapshots_raw/132903/integrity/provost_ucf_edu_news_academic_units_honors_college_page_2__20230402121146.html,42636
University of Central Florida,132903,FL,Public,R1,integrity,20240221015716,200,,provost_ucf_edu_news_academic_units_honors_college_page_2,,data/snapshots_raw/132903/integrity/provost_ucf_edu_news_academic_units_honors_college_page_2__20240221015716.html,67636
University of Central Florida,132903,FL,Public,R1,integrity,20240817034056,200,,provost_ucf_edu_news_academic_units_honors_college_page_2,,data/snapshots_raw/132903/integrity/provost_ucf_edu_news_academic_units_honors_college_page_2__20240817034056.html,65528
University of Central Florida,132903,FL,Public,R1,integrity,20210613083129,200,,provost_ucf_edu_news_faculty_2019_2020_incentive_award_honorees,,data/snapshots_raw/132903/integrity/provost_ucf_edu_news_faculty_2019_2020_incentive_award_honorees__20210613083129.html,54387
University of Central Florida,132903,FL,Public,R1,integrity,20230401202956,200,,provost_ucf_edu_news_faculty_2019_2020_incentive_award_honorees,,data/snapshots_raw/132903/integrity/provost_ucf_edu_news_faculty_2019_2020_incentive_award_honorees__20230401202956.html,51783
University of Central Florida,132903,FL,Public,R1,integrity,20240614052351,200,,provost_ucf_edu_news_faculty_2019_2020_incentive_award_honorees,,data/snapshots_raw/132903/integrity/provost_ucf_edu_news_faculty_2019_2020_incentive_award_honorees__20240614052351.html,58971
University of Central Florida,132903,FL,Public,R1,integrity,20240722113158,200,,provost_ucf_edu_news_faculty_2019_2020_incentive_award_honorees,,data/snapshots_raw/132903/integrity/provost_ucf_edu_news_faculty_2019_2020_incentive_award_honorees__20240722113158.html,56315
University of Central Florida,132903,FL,Public,R1,integrity,20240723165151,200,,provost_ucf_edu_news_faculty_2019_2020_incentive_award_honorees,,data/snapshots_raw/132903/integrity/provost_ucf_edu_news_faculty_2019_2020_incentive_award_honorees__20240723165151.html,56315
Florida State University,134097,FL,Public,R1,integrity,20210128051006,200,,fda_fsu_edu_academic_resources_academic_integrity_and_grievances_academic_honor_,,data/snapshots_raw/134097/integrity/fda_fsu_edu_academic_resources_academic_integrity_and_grievances_academic_honor___20210128051006.html,73269
Florida State University,134097,FL,Public,R1,integrity,20210415165526,200,,fda_fsu_edu_academic_resources_academic_integrity_and_grievances_academic_honor_,,data/snapshots_raw/134097/integrity/fda_fsu_edu_academic_resources_academic_integrity_and_grievances_academic_honor___20210415165526.html,73240
Florida State University,134097,FL,Public,R1,integrity,20210918194910,200,,fda_fsu_edu_academic_resources_academic_integrity_and_grievances_academic_honor_,,data/snapshots_raw/134097/integrity/fda_fsu_edu_academic_resources_academic_integrity_and_grievances_academic_honor___20210918194910.html,73520
Florida State University,134097,FL,Public,R1,integrity,20211121153120,200,,fda_fsu_edu_academic_resources_academic_integrity_and_grievances_academic_honor_,,data/snapshots_raw/134097/integrity/fda_fsu_edu_academic_resources_academic_integrity_and_grievances_academic_honor___20211121153120.html,73372
Florida State University,134097,FL,Public,R1,integrity,20220121214003,200,,fda_fsu_edu_academic_resources_academic_integrity_and_grievances_academic_honor_,,data/snapshots_raw/134097/integrity/fda_fsu_edu_academic_resources_academic_integrity_and_grievances_academic_honor___20220121214003.html,73445
Florida State University,134097,FL,Public,R1,integrity,20220303022349,200,,fda_fsu_edu_academic_resources_academic_integrity_and_grievances_academic_honor_,,data/snapshots_raw/134097/integrity/fda_fsu_edu_academic_resources_academic_integrity_and_grievances_academic_honor___20220303022349.html,73685
Florida State University,134097,FL,Public,R1,integrity,20220705185004,200,,fda_fsu_edu_academic_resources_academic_integrity_and_grievances_academic_honor_,,data/snapshots_raw/134097/integrity/fda_fsu_edu_academic_resources_academic_integrity_and_grievances_academic_honor___20220705185004.html,73775
Florida State University,134097,FL,Public,R1,integrity,20221107175620,200,,fda_fsu_edu_academic_resources_academic_integrity_and_grievances_academic_honor_,,data/snapshots_raw/134097/integrity/fda_fsu_edu_academic_resources_academic_integrity_and_grievances_academic_honor___20221107175620.html,14011
Florida State University,134097,FL,Public,R1,integrity,20221127112956,200,,fda_fsu_edu_academic_resources_academic_integrity_and_grievances_academic_honor_,,data/snapshots_raw/134097/integrity/fda_fsu_edu_academic_resources_academic_integrity_and_grievances_academic_honor___20221127112956.html,75450
Florida State University,134097,FL,Public,R1,integrity,20230204024051,200,,fda_fsu_edu_academic_resources_academic_integrity_and_grievances_academic_honor_,,data/snapshots_raw/134097/integrity/fda_fsu_edu_academic_resources_academic_integrity_and_grievances_academic_honor___20230204024051.html,75444
Florida State University,134097,FL,Public,R1,integrity,20230503090946,200,,fda_fsu_edu_academic_resources_academic_integrity_and_grievances_academic_honor_,,data/snapshots_raw/134097/integrity/fda_fsu_edu_academic_resources_academic_integrity_and_grievances_academic_honor___20230503090946.html,13537
Florida State University,134097,FL,Public,R1,integrity,20230609013838,200,,fda_fsu_edu_academic_resources_academic_integrity_and_grievances_academic_honor_,,data/snapshots_raw/134097/integrity/fda_fsu_edu_academic_resources_academic_integrity_and_grievances_academic_honor___20230609013838.html,66845
Florida State University,134097,FL,Public,R1,integrity,20230804075909,200,,fda_fsu_edu_academic_resources_academic_integrity_and_grievances_academic_honor_,,data/snapshots_raw/134097/integrity/fda_fsu_edu_academic_resources_academic_integrity_and_grievances_academic_honor___20230804075909.html,68495
Florida State University,134097,FL,Public,R1,integrity,20231014010826,200,,fda_fsu_edu_academic_resources_academic_integrity_and_grievances_academic_honor_,,data/snapshots_raw/134097/integrity/fda_fsu_edu_academic_resources_academic_integrity_and_grievances_academic_honor___20231014010826.html,63892
Florida State University,134097,FL,Public,R1,integrity,20231130013234,200,,fda_fsu_edu_academic_resources_academic_integrity_and_grievances_academic_honor_,,data/snapshots_raw/134097/integrity/fda_fsu_edu_academic_resources_academic_integrity_and_grievances_academic_honor___20231130013234.html,61502
Florida State University,134097,FL,Public,R1,integrity,20240405004226,200,,fda_fsu_edu_academic_resources_academic_integrity_and_grievances_academic_honor_,,data/snapshots_raw/134097/integrity/fda_fsu_edu_academic_resources_academic_integrity_and_grievances_academic_honor___20240405004226.html,63836
Florida State University,134097,FL,Public,R1,integrity,20240523060853,200,,fda_fsu_edu_academic_resources_academic_integrity_and_grievances_academic_honor_,,data/snapshots_raw/134097/integrity/fda_fsu_edu_academic_resources_academic_integrity_and_grievances_academic_honor___20240523060853.html,63955
Florida State University,134097,FL,Public,R1,integrity,20240703002914,200,,fda_fsu_edu_academic_resources_academic_integrity_and_grievances_academic_honor_,,data/snapshots_raw/134097/integrity/fda_fsu_edu_academic_resources_academic_integrity_and_grievances_academic_honor___20240703002914.html,63955
Florida State University,134097,FL,Public,R1,integrity,20240912234842,200,,fda_fsu_edu_academic_resources_academic_integrity_and_grievances_academic_honor_,,data/snapshots_raw/134097/integrity/fda_fsu_edu_academic_resources_academic_integrity_and_grievances_academic_honor___20240912234842.html,55956
Florida State University,134097,FL,Public,R1,integrity,20241207131110,200,,fda_fsu_edu_academic_resources_academic_integrity_and_grievances_academic_honor_,,data/snapshots_raw/134097/integrity/fda_fsu_edu_academic_resources_academic_integrity_and_grievances_academic_honor___20241207131110.html,13308
Emory University,139658,GA,Private,R1,ai,20211021122246,200,,ai_emory_edu,,data/snapshots_raw/139658/ai/ai_emory_edu__20211021122246.html,31009
Emory University,139658,GA,Private,R1,ai,20220517082615,200,,ai_emory_edu,,data/snapshots_raw/139658/ai/ai_emory_edu__20220517082615.html,32526
Emory University,139658,GA,Private,R1,ai,20220818113449,200,,ai_emory_edu,,data/snapshots_raw/139658/ai/ai_emory_edu__20220818113449.html,32496
Emory University,139658,GA,Private,R1,ai,20221103170702,200,,ai_emory_edu,,data/snapshots_raw/139658/ai/ai_emory_edu__20221103170702.html,32498
Emory University,139658,GA,Private,R1,ai,20230325095643,200,,ai_emory_edu,,data/snapshots_raw/139658/ai/ai_emory_edu__20230325095643.html,32476
Emory University,139658,GA,Private,R1,ai,20230927235754,200,,ai_emory_edu,,data/snapshots_raw/139658/ai/ai_emory_edu__20230927235754.html,32444
Emory University,139658,GA,Private,R1,ai,20240328114314,200,,ai_emory_edu,,data/snapshots_raw/139658/ai/ai_emory_edu__20240328114314.html,33892
Emory University,139658,GA,Private,R1,ai,20240603191159,200,,ai_emory_edu,,data/snapshots_raw/139658/ai/ai_emory_edu__20240603191159.html,32044
Emory University,139658,GA,Private,R1,ai,20210923092411,200,,ai_emory_edu_index_html,,data/snapshots_raw/139658/ai/ai_emory_edu_index_html__20210923092411.html,31009
Emory University,139658,GA,Private,R1,ai,20230209060522,200,,ai_emory_edu_index_html,,data/snapshots_raw/139658/ai/ai_emory_edu_index_html__20230209060522.html,32498
Emory University,139658,GA,Private,R1,ai,20230529221349,200,,ai_emory_edu_index_html,,data/snapshots_raw/139658/ai/ai_emory_edu_index_html__20230529221349.html,32445
Emory University,139658,GA,Private,R1,ai,20240104183859,200,,ai_emory_edu_index_html,,data/snapshots_raw/139658/ai/ai_emory_edu_index_html__20240104183859.html,33839
Emory University,139658,GA,Private,R1,ai,20240225084501,200,,ai_emory_edu_index_html,,data/snapshots_raw/139658/ai/ai_emory_edu_index_html__20240225084501.html,33892
Emory University,139658,GA,Private,R1,ai,20240603163938,200,,ai_emory_edu_index_html,,data/snapshots_raw/139658/ai/ai_emory_edu_index_html__20240603163938.html,32044
Emory University,139658,GA,Private,R1,ai,20240707053347,200,,ai_emory_edu_search_html,,data/snapshots_raw/139658/ai/ai_emory_edu_search_html__20240707053347.html,21538
Emory University,139658,GA,Private,R1,integrity,20210329180516,200,,integrity_emory_edu,,data/snapshots_raw/139658/integrity/integrity_emory_edu__20210329180516.html,18358
Emory University,139658,GA,Private,R1,integrity,20210329221142,200,,integrity_emory_edu_about_index_html,,data/snapshots_raw/139658/integrity/integrity_emory_edu_about_index_html__20210329221142.html,13225
Emory University,139658,GA,Private,R1,integrity,20210814085234,200,,integrity_emory_edu_robots_txt,,data/snapshots_raw/139658/integrity/integrity_emory_edu_robots_txt__20210814085234.html,51
Georgia Institute of Technology,139755,GA,Public,R1,integrity,20210120094836,200,,policylibrary_gatech_edu_student_affairs_academic_honor_code,,data/snapshots_raw/139755/integrity/policylibrary_gatech_edu_student_affairs_academic_honor_code__20210120094836.html,45148
Georgia Institute of Technology,139755,GA,Public,R1,integrity,20210412221813,200,,policylibrary_gatech_edu_student_affairs_academic_honor_code,,data/snapshots_raw/139755/integrity/policylibrary_gatech_edu_student_affairs_academic_honor_code__20210412221813.html,45162
Georgia Institute of Technology,139755,GA,Public,R1,integrity,20210413170029,200,,policylibrary_gatech_edu_student_affairs_academic_honor_code,,data/snapshots_raw/139755/integrity/policylibrary_gatech_edu_student_affairs_academic_honor_code__20210413170029.html,45162
Georgia Institute of Technology,139755,GA,Public,R1,integrity,20210415095406,200,,policylibrary_gatech_edu_student_affairs_academic_honor_code,,data/snapshots_raw/139755/integrity/policylibrary_gatech_edu_student_affairs_academic_honor_code__20210415095406.html,45162
Georgia Institute of Technology,139755,GA,Public,R1,integrity,20210614233949,200,,policylibrary_gatech_edu_student_affairs_academic_honor_code,,data/snapshots_raw/139755/integrity/policylibrary_gatech_edu_student_affairs_academic_honor_code__20210614233949.html,45112
Georgia Institute of Technology,139755,GA,Public,R1,integrity,20210724172058,200,,policylibrary_gatech_edu_student_affairs_academic_honor_code,,data/snapshots_raw/139755/integrity/policylibrary_gatech_edu_student_affairs_academic_honor_code__20210724172058.html,45112
Georgia Institute of Technology,139755,GA,Public,R1,integrity,20211021170232,200,,policylibrary_gatech_edu_student_affairs_academic_honor_code,,data/snapshots_raw/139755/integrity/policylibrary_gatech_edu_student_affairs_academic_honor_code__20211021170232.html,45112
Georgia Institute of Technology,139755,GA,Public,R1,integrity,20211216210518,200,,policylibrary_gatech_edu_student_affairs_academic_honor_code,,data/snapshots_raw/139755/integrity/policylibrary_gatech_edu_student_affairs_academic_honor_code__20211216210518.html,45131
Georgia Institute of Technology,139755,GA,Public,R1,integrity,20220116094312,200,,policylibrary_gatech_edu_student_affairs_academic_honor_code,,data/snapshots_raw/139755/integrity/policylibrary_gatech_edu_student_affairs_academic_honor_code__20220116094312.html,45131
Georgia Institute of Technology,139755,GA,Public,R1,integrity,20220208151825,200,,policylibrary_gatech_edu_student_affairs_academic_honor_code,,data/snapshots_raw/139755/integrity/policylibrary_gatech_edu_student_affairs_academic_honor_code__20220208151825.html,59352
Georgia Institute of Technology,139755,GA,Public,R1,integrity,20220526205116,200,,policylibrary_gatech_edu_student_affairs_academic_honor_code,,data/snapshots_raw/139755/integrity/policylibrary_gatech_edu_student_affairs_academic_honor_code__20220526205116.html,48891
Georgia Institute of Technology,139755,GA,Public,R1,integrity,20220616151954,200,,policylibrary_gatech_edu_student_affairs_academic_honor_code,,data/snapshots_raw/139755/integrity/policylibrary_gatech_edu_student_affairs_academic_honor_code__20220616151954.html,12977
Georgia State University,139940,GA,Public,R1,ai,20240828200603,200,,provost_gsu_edu_2024_05_06_rating_ai_morality,,data/snapshots_raw/139940/ai/provost_gsu_edu_2024_05_06_rating_ai_morality__20240828200603.html,53527
Georgia State University,139940,GA,Public,R1,ai,20241102060103,200,,provost_gsu_edu_2024_10_09_ai_public_health_biostatistics_learning,,data/snapshots_raw/139940/ai/provost_gsu_edu_2024_10_09_ai_public_health_biostatistics_learning__20241102060103.html,236518
Georgia State University,139940,GA,Public,R1,ai,20210804210725,200,,provost_gsu_edu_tag_artificial_intelligence,,data/snapshots_raw/139940/ai/provost_gsu_edu_tag_artificial_intelligence__20210804210725.html,166394
Georgia State University,139940,GA,Public,R1,integrity,20210804004944,200,,deanofstudents_gsu_edu_academic_honesty_2,,data/snapshots_raw/139940/integrity/deanofstudents_gsu_edu_academic_honesty_2__20210804004944.html,135181
Georgia State University,139940,GA,Public,R1,integrity,20210804005217,200,,deanofstudents_gsu_edu_sexual_misconduct,,data/snapshots_raw/139940/integrity/deanofstudents_gsu_edu_sexual_misconduct__20210804005217.html,135177
Georgia State University,139940,GA,Public,R1,integrity,20220125100544,200,,deanofstudents_gsu_edu_sexual_misconduct,,data/snapshots_raw/139940/integrity/deanofstudents_gsu_edu_sexual_misconduct__20220125100544.html,218056
Georgia State University,139940,GA,Public,R1,integrity,20220129082903,200,,deanofstudents_gsu_edu_sexual_misconduct,,data/snapshots_raw/139940/integrity/deanofstudents_gsu_edu_sexual_misconduct__20220129082903.html,221394
Georgia State University,139940,GA,Public,R1,integrity,20220224193525,200,,deanofstudents_gsu_edu_sexual_misconduct,,data/snapshots_raw/139940/integrity/deanofstudents_gsu_edu_sexual_misconduct__20220224193525.html,218101
Georgia State University,139940,GA,Public,R1,integrity,20220702072549,200,,deanofstudents_gsu_edu_sexual_misconduct,,data/snapshots_raw/139940/integrity/deanofstudents_gsu_edu_sexual_misconduct__20220702072549.html,218100
Georgia State University,139940,GA,Public,R1,integrity,20221116192153,200,,deanofstudents_gsu_edu_sexual_misconduct,,data/snapshots_raw/139940/integrity/deanofstudents_gsu_edu_sexual_misconduct__20221116192153.html,54003
Georgia State University,139940,GA,Public,R1,integrity,20230306192744,200,,deanofstudents_gsu_edu_sexual_misconduct,,data/snapshots_raw/139940/integrity/deanofstudents_gsu_edu_sexual_misconduct__20230306192744.html,57219
Georgia State University,139940,GA,Public,R1,integrity,20230520003313,200,,deanofstudents_gsu_edu_sexual_misconduct,,data/snapshots_raw/139940/integrity/deanofstudents_gsu_edu_sexual_misconduct__20230520003313.html,53872
Georgia State University,139940,GA,Public,R1,integrity,20230802052802,200,,deanofstudents_gsu_edu_sexual_misconduct,,data/snapshots_raw/139940/integrity/deanofstudents_gsu_edu_sexual_misconduct__20230802052802.html,240526
Georgia State University,139940,GA,Public,R1,integrity,20231204034853,200,,deanofstudents_gsu_edu_sexual_misconduct,,data/snapshots_raw/139940/integrity/deanofstudents_gsu_edu_sexual_misconduct__20231204034853.html,244720
Georgia State University,139940,GA,Public,R1,integrity,20240314204207,200,,deanofstudents_gsu_edu_sexual_misconduct,,data/snapshots_raw/139940/integrity/deanofstudents_gsu_edu_sexual_misconduct__20240314204207.html,57760
Georgia State University,139940,GA,Public,R1,integrity,20240425071327,200,,deanofstudents_gsu_edu_sexual_misconduct,,data/snapshots_raw/139940/integrity/deanofstudents_gsu_edu_sexual_misconduct__20240425071327.html,251542
Georgia State University,139940,GA,Public,R1,integrity,20240518025446,200,,deanofstudents_gsu_edu_sexual_misconduct,,data/snapshots_raw/139940/integrity/deanofstudents_gsu_edu_sexual_misconduct__20240518025446.html,252443
Georgia State University,139940,GA,Public,R1,integrity,20241007181241,200,,deanofstudents_gsu_edu_sexual_misconduct,,data/snapshots_raw/139940/integrity/deanofstudents_gsu_edu_sexual_misconduct__20241007181241.html,261025
Georgia State University,139940,GA,Public,R1,integrity,20241111140410,200,,deanofstudents_gsu_edu_sexual_misconduct,,data/snapshots_raw/139940/integrity/deanofstudents_gsu_edu_sexual_misconduct__20241111140410.html,245819
University of Chicago,144050,IL,Private,R1,ai,20241208154400,200,,teaching_uchicago_edu_resources_programming_and_resources_generative_ai,,data/snapshots_raw/144050/ai/teaching_uchicago_edu_resources_programming_and_resources_generative_ai__20241208154400.html,16087
University of Chicago,144050,IL,Private,R1,ai,20241208153904,200,,teaching_uchicago_edu_resources_teaching_spotlight_hoyt_long_using_ai_historical,,data/snapshots_raw/144050/ai/teaching_uchicago_edu_resources_teaching_spotlight_hoyt_long_using_ai_historical__20241208153904.html,18318
University of Chicago,144050,IL,Private,R1,integrity,20210125052838,200,,college_uchicago_edu_advising_academic_integrity_student_conduct,,data/snapshots_raw/144050/integrity/college_uchicago_edu_advising_academic_integrity_student_conduct__20210125052838.html,21771
University of Chicago,144050,IL,Private,R1,integrity,20210127214657,200,,college_uchicago_edu_advising_academic_integrity_student_conduct,,data/snapshots_raw/144050/integrity/college_uchicago_edu_advising_academic_integrity_student_conduct__20210127214657.html,21498
University of Chicago,144050,IL,Private,R1,integrity,20210221191647,200,,college_uchicago_edu_advising_academic_integrity_student_conduct,,data/snapshots_raw/144050/integrity/college_uchicago_edu_advising_academic_integrity_student_conduct__20210221191647.html,21498
University of Chicago,144050,IL,Private,R1,integrity,20210227210418,200,,college_uchicago_edu_advising_academic_integrity_student_conduct,,data/snapshots_raw/144050/integrity/college_uchicago_edu_advising_academic_integrity_student_conduct__20210227210418.html,21595
University of Chicago,144050,IL,Private,R1,integrity,20210327211528,200,,college_uchicago_edu_advising_academic_integrity_student_conduct,,data/snapshots_raw/144050/integrity/college_uchicago_edu_advising_academic_integrity_student_conduct__20210327211528.html,21595
University of Chicago,144050,IL,Private,R1,integrity,20210413084856,200,,college_uchicago_edu_advising_academic_integrity_student_conduct,,data/snapshots_raw/144050/integrity/college_uchicago_edu_advising_academic_integrity_student_conduct__20210413084856.html,21917
University of Chicago,144050,IL,Private,R1,integrity,20210420205942,200,,college_uchicago_edu_advising_academic_integrity_student_conduct,,data/snapshots_raw/144050/integrity/college_uchicago_edu_advising_academic_integrity_student_conduct__20210420205942.html,21923
University of Chicago,144050,IL,Private,R1,integrity,20210421204429,200,,college_uchicago_edu_advising_academic_integrity_student_conduct,,data/snapshots_raw/144050/integrity/college_uchicago_edu_advising_academic_integrity_student_conduct__20210421204429.html,21923
University of Chicago,144050,IL,Private,R1,integrity,20210621184109,200,,college_uchicago_edu_advising_academic_integrity_student_conduct,,data/snapshots_raw/144050/integrity/college_uchicago_edu_advising_academic_integrity_student_conduct__20210621184109.html,21012
University of Chicago,144050,IL,Private,R1,integrity,20210821181515,200,,college_uchicago_edu_advising_academic_integrity_student_conduct,,data/snapshots_raw/144050/integrity/college_uchicago_edu_advising_academic_integrity_student_conduct__20210821181515.html,20888
University of Illinois Chicago,145600,IL,Public,R1,ai,20230717191036,200,,teaching_uic_edu_ai_writing_tools,,data/snapshots_raw/145600/ai/teaching_uic_edu_ai_writing_tools__20230717191036.html,82357
University of Illinois Chicago,145600,IL,Public,R1,ai,20231207024147,200,,teaching_uic_edu_ai_writing_tools,,data/snapshots_raw/145600/ai/teaching_uic_edu_ai_writing_tools__20231207024147.html,315903
University of Illinois Chicago,145600,IL,Public,R1,ai,20231217024843,200,,teaching_uic_edu_ai_writing_tools,,data/snapshots_raw/145600/ai/teaching_uic_edu_ai_writing_tools__20231217024843.html,83256
University of Illinois Chicago,145600,IL,Public,R1,ai,20240108160716,200,,teaching_uic_edu_ai_writing_tools,,data/snapshots_raw/145600/ai/teaching_uic_edu_ai_writing_tools__20240108160716.html,83265
University of Illinois Chicago,145600,IL,Public,R1,ai,20240205024436,200,,teaching_uic_edu_ai_writing_tools,,data/snapshots_raw/145600/ai/teaching_uic_edu_ai_writing_tools__20240205024436.html,323396
University of Illinois Chicago,145600,IL,Public,R1,ai,20240421010803,200,,teaching_uic_edu_ai_writing_tools,,data/snapshots_raw/145600/ai/teaching_uic_edu_ai_writing_tools__20240421010803.html,326601
University of Illinois Chicago,145600,IL,Public,R1,ai,20240621095301,200,,teaching_uic_edu_ai_writing_tools,,data/snapshots_raw/145600/ai/teaching_uic_edu_ai_writing_tools__20240621095301.html,328603
University of Illinois Chicago,145600,IL,Public,R1,ai,20240725054359,200,,teaching_uic_edu_ai_writing_tools,,data/snapshots_raw/145600/ai/teaching_uic_edu_ai_writing_tools__20240725054359.html,330648
University of Illinois Chicago,145600,IL,Public,R1,ai,20240421012723,200,,teaching_uic_edu_cate_teaching_guides_digital_learning_ai_writing_tools,,data/snapshots_raw/145600/ai/teaching_uic_edu_cate_teaching_guides_digital_learning_ai_writing_tools__20240421012723.html,326631
University of Illinois Chicago,145600,IL,Public,R1,ai,20240523005712,200,,teaching_uic_edu_cate_teaching_guides_digital_learning_ai_writing_tools,,data/snapshots_raw/145600/ai/teaching_uic_edu_cate_teaching_guides_digital_learning_ai_writing_tools__20240523005712.html,328639
University of Illinois Chicago,145600,IL,Public,R1,ai,20240710065551,200,,teaching_uic_edu_cate_teaching_guides_digital_learning_ai_writing_tools,,data/snapshots_raw/145600/ai/teaching_uic_edu_cate_teaching_guides_digital_learning_ai_writing_tools__20240710065551.html,331004
University of Illinois Chicago,145600,IL,Public,R1,ai,20241207185127,200,,teaching_uic_edu_events_ai_planning_for_spring,,data/snapshots_raw/145600/ai/teaching_uic_edu_events_ai_planning_for_spring__20241207185127.html,199503
University of Illinois Chicago,145600,IL,Public,R1,integrity,20211129230059,200,,catalog_uic_edu_ucat_colleges_depts_honors_college,,data/snapshots_raw/145600/integrity/catalog_uic_edu_ucat_colleges_depts_honors_college__20211129230059.html,36739
University of Illinois Chicago,145600,IL,Public,R1,integrity,20240229160723,200,,catalog_uic_edu_ucat_colleges_depts_honors_college,,data/snapshots_raw/145600/integrity/catalog_uic_edu_ucat_colleges_depts_honors_college__20240229160723.html,35513
University of Illinois Chicago,145600,IL,Public,R1,integrity,20240530161905,200,,catalog_uic_edu_ucat_colleges_depts_honors_college,,data/snapshots_raw/145600/integrity/catalog_uic_edu_ucat_colleges_depts_honors_college__20240530161905.html,35886
University of Illinois Chicago,145600,IL,Public,R1,integrity,20240823154135,200,,catalog_uic_edu_ucat_colleges_depts_honors_college,,data/snapshots_raw/145600/integrity/catalog_uic_edu_ucat_colleges_depts_honors_college__20240823154135.html,35868
University of Illinois Chicago,145600,IL,Public,R1,integrity,20241204092211,200,,catalog_uic_edu_ucat_colleges_depts_honors_college,,data/snapshots_raw/145600/integrity/catalog_uic_edu_ucat_colleges_depts_honors_college__20241204092211.html,36238
Northwestern University,147767,IL,Private,R1,integrity,20220302053404,200,,www_northwestern_edu_provost_policies_procedures_academic_integrity_index_html,,data/snapshots_raw/147767/integrity/www_northwestern_edu_provost_policies_procedures_academic_integrity_index_html__20220302053404.html,54166
Northwestern University,147767,IL,Private,R1,integrity,20220319195532,200,,www_northwestern_edu_provost_policies_procedures_academic_integrity_index_html,,data/snapshots_raw/147767/integrity/www_northwestern_edu_provost_policies_procedures_academic_integrity_index_html__20220319195532.html,55324
Northwestern University,147767,IL,Private,R1,integrity,20220524083347,200,,www_northwestern_edu_provost_policies_procedures_academic_integrity_index_html,,data/snapshots_raw/147767/integrity/www_northwestern_edu_provost_policies_procedures_academic_integrity_index_html__20220524083347.html,53499
Northwestern University,147767,IL,Private,R1,integrity,20220920222024,200,,www_northwestern_edu_provost_policies_procedures_academic_integrity_index_html,,data/snapshots_raw/147767/integrity/www_northwestern_edu_provost_policies_procedures_academic_integrity_index_html__20220920222024.html,54311
Northwestern University,147767,IL,Private,R1,integrity,20220927041526,200,,www_northwestern_edu_provost_policies_procedures_academic_integrity_index_html,,data/snapshots_raw/147767/integrity/www_northwestern_edu_provost_policies_procedures_academic_integrity_index_html__20220927041526.html,52752
Northwestern University,147767,IL,Private,R1,integrity,20230208001208,200,,www_northwestern_edu_provost_policies_procedures_academic_integrity_index_html,,data/snapshots_raw/147767/integrity/www_northwestern_edu_provost_policies_procedures_academic_integrity_index_html__20230208001208.html,55075
Northwestern University,147767,IL,Private,R1,integrity,20230314213401,200,,www_northwestern_edu_provost_policies_procedures_academic_integrity_index_html,,data/snapshots_raw/147767/integrity/www_northwestern_edu_provost_policies_procedures_academic_integrity_index_html__20230314213401.html,7909
University of Notre Dame,152080,IN,Private,R1,ai,20240623085355,200,,honorcode_nd_edu_ai_recommendations_for_instructors,,data/snapshots_raw/152080/ai/honorcode_nd_edu_ai_recommendations_for_instructors__20240623085355.html,50728
University of Notre Dame,152080,IN,Private,R1,ai,20240708134445,200,,honorcode_nd_edu_ai_recommendations_for_instructors,,data/snapshots_raw/152080/ai/honorcode_nd_edu_ai_recommendations_for_instructors__20240708134445.html,54024
University of Notre Dame,152080,IN,Private,R1,ai,20240910054105,200,,honorcode_nd_edu_ai_recommendations_for_instructors,,data/snapshots_raw/152080/ai/honorcode_nd_edu_ai_recommendations_for_instructors__20240910054105.html,16787
University of Notre Dame,152080,IN,Private,R1,ai,20240606101345,200,,honorcode_nd_edu_generative_ai_policy_for_students_august_2023,,data/snapshots_raw/152080/ai/honorcode_nd_edu_generative_ai_policy_for_students_august_2023__20240606101345.html,47318
University of Notre Dame,152080,IN,Private,R1,ai,20240708153657,200,,honorcode_nd_edu_generative_ai_policy_for_students_august_2023,,data/snapshots_raw/152080/ai/honorcode_nd_edu_generative_ai_policy_for_students_august_2023__20240708153657.html,50590
University of Notre Dame,152080,IN,Private,R1,ai,20240913123810,200,,honorcode_nd_edu_generative_ai_policy_for_students_august_2023,,data/snapshots_raw/152080/ai/honorcode_nd_edu_generative_ai_policy_for_students_august_2023__20240913123810.html,46244
University of Notre Dame,152080,IN,Private,R1,ai,20241104103804,200,,honorcode_nd_edu_generative_ai_policy_for_students_august_2023,,data/snapshots_raw/152080/ai/honorcode_nd_edu_generative_ai_policy_for_students_august_2023__20241104103804.html,44454
University of Notre Dame,152080,IN,Private,R1,ai,20240913112710,200,,honorcode_nd_edu_policy_update_ai_editing_tools_fall_2024,,data/snapshots_raw/152080/ai/honorcode_nd_edu_policy_update_ai_editing_tools_fall_2024__20240913112710.html,45647
University of Notre Dame,152080,IN,Private,R1,ai,20241104103635,200,,honorcode_nd_edu_policy_update_ai_editing_tools_fall_2024,,data/snapshots_raw/152080/ai/honorcode_nd_edu_policy_update_ai_editing_tools_fall_2024__20241104103635.html,43856
University of Notre Dame,152080,IN,Private,R1,ai,20241127002656,200,,honorcode_nd_edu_policy_update_ai_editing_tools_fall_2024,,data/snapshots_raw/152080/ai/honorcode_nd_edu_policy_update_ai_editing_tools_fall_2024__20241127002656.html,14887
University of Notre Dame,152080,IN,Private,R1,integrity,20210226221211,200,,honorcode_nd_edu,,data/snapshots_raw/152080/integrity/honorcode_nd_edu__20210226221211.html,19262
University of Notre Dame,152080,IN,Private,R1,integrity,20210503140631,200,,honorcode_nd_edu,,data/snapshots_raw/152080/integrity/honorcode_nd_edu__20210503140631.html,7850
University of Notre Dame,152080,IN,Private,R1,integrity,20210505220345,200,,honorcode_nd_edu,,data/snapshots_raw/152080/integrity/honorcode_nd_edu__20210505220345.html,19459
University of Notre Dame,152080,IN,Private,R1,integrity,20210607110044,200,,honorcode_nd_edu,,data/snapshots_raw/152080/integrity/honorcode_nd_edu__20210607110044.html,7842
University of Notre Dame,152080,IN,Private,R1,integrity,20210802144752,200,,honorcode_nd_edu,,data/snapshots_raw/152080/integrity/honorcode_nd_edu__20210802144752.html,8514
University of Notre Dame,152080,IN,Private,R1,integrity,20211004120643,200,,honorcode_nd_edu,,data/snapshots_raw/152080/integrity/honorcode_nd_edu__20211004120643.html,8512
University of Notre Dame,152080,IN,Private,R1,integrity,20220106194226,200,,honorcode_nd_edu,,data/snapshots_raw/152080/integrity/honorcode_nd_edu__20220106194226.html,8869
University of Notre Dame,152080,IN,Private,R1,integrity,20220126205020,200,,honorcode_nd_edu,,data/snapshots_raw/152080/integrity/honorcode_nd_edu__20220126205020.html,20399
University of Notre Dame,152080,IN,Private,R1,integrity,20220307160252,200,,honorcode_nd_edu,,data/snapshots_raw/152080/integrity/honorcode_nd_edu__20220307160252.html,8267
University of Notre Dame,152080,IN,Private,R1,integrity,20220308061749,200,,honorcode_nd_edu,,data/snapshots_raw/152080/integrity/honorcode_nd_edu__20220308061749.html,20690
University of Notre Dame,152080,IN,Private,R1,integrity,20220418020323,200,,honorcode_nd_edu,,data/snapshots_raw/152080/integrity/honorcode_nd_edu__20220418020323.html,20690
University of Notre Dame,152080,IN,Private,R1,integrity,20220428014250,200,,honorcode_nd_edu,,data/snapshots_raw/152080/integrity/honorcode_nd_edu__20220428014250.html,8999
University of Notre Dame,152080,IN,Private,R1,integrity,20220526210105,200,,honorcode_nd_edu,,data/snapshots_raw/152080/integrity/honorcode_nd_edu__20220526210105.html,20200
University of Notre Dame,152080,IN,Private,R1,integrity,20220602160514,200,,honorcode_nd_edu,,data/snapshots_raw/152080/integrity/honorcode_nd_edu__20220602160514.html,8072
University of Notre Dame,152080,IN,Private,R1,integrity,20220801153009,200,,honorcode_nd_edu,,data/snapshots_raw/152080/integrity/honorcode_nd_edu__20220801153009.html,8066
University of Notre Dame,152080,IN,Private,R1,integrity,20220901121045,200,,honorcode_nd_edu,,data/snapshots_raw/152080/integrity/honorcode_nd_edu__20220901121045.html,8749
University of Notre Dame,152080,IN,Private,R1,integrity,20221003122200,200,,honorcode_nd_edu,,data/snapshots_raw/152080/integrity/honorcode_nd_edu__20221003122200.html,8066
University of Notre Dame,152080,IN,Private,R1,integrity,20221205165004,200,,honorcode_nd_edu,,data/snapshots_raw/152080/integrity/honorcode_nd_edu__20221205165004.html,8774
University of Notre Dame,152080,IN,Private,R1,integrity,20230110162336,200,,honorcode_nd_edu,,data/snapshots_raw/152080/integrity/honorcode_nd_edu__20230110162336.html,15066
University of Notre Dame,152080,IN,Private,R1,integrity,20230531075151,200,,honorcode_nd_edu,,data/snapshots_raw/152080/integrity/honorcode_nd_edu__20230531075151.html,16738
University of Notre Dame,152080,IN,Private,R1,integrity,20230605145625,200,,honorcode_nd_edu,,data/snapshots_raw/152080/integrity/honorcode_nd_edu__20230605145625.html,14919
University of Notre Dame,152080,IN,Private,R1,integrity,20231002131930,200,,honorcode_nd_edu,,data/snapshots_raw/152080/integrity/honorcode_nd_edu__20231002131930.html,17230
University of Notre Dame,152080,IN,Private,R1,integrity,20240102140011,200,,honorcode_nd_edu,,data/snapshots_raw/152080/integrity/honorcode_nd_edu__20240102140011.html,15647
University of Notre Dame,152080,IN,Private,R1,integrity,20240205150152,200,,honorcode_nd_edu,,data/snapshots_raw/152080/integrity/honorcode_nd_edu__20240205150152.html,15760
University of Notre Dame,152080,IN,Private,R1,integrity,20240606100314,200,,honorcode_nd_edu,,data/snapshots_raw/152080/integrity/honorcode_nd_edu__20240606100314.html,48359
University of Notre Dame,152080,IN,Private,R1,integrity,20240701163427,200,,honorcode_nd_edu,,data/snapshots_raw/152080/integrity/honorcode_nd_edu__20240701163427.html,17302
University of Notre Dame,152080,IN,Private,R1,integrity,20240903130428,200,,honorcode_nd_edu,,data/snapshots_raw/152080/integrity/honorcode_nd_edu__20240903130428.html,16545
University of Notre Dame,152080,IN,Private,R1,integrity,20240913105808,200,,honorcode_nd_edu,,data/snapshots_raw/152080/integrity/honorcode_nd_edu__20240913105808.html,47529
University of Notre Dame,152080,IN,Private,R1,integrity,20240917094542,200,,honorcode_nd_edu,,data/snapshots_raw/152080/integrity/honorcode_nd_edu__20240917094542.html,16283
University of Notre Dame,152080,IN,Private,R1,integrity,20241222231245,200,,honorcode_nd_edu,,data/snapshots_raw/152080/integrity/honorcode_nd_edu__20241222231245.html,15839
University of Notre Dame,152080,IN,Private,R1,integrity,20210127061218,200,,honorcode_nd_edu_home,,data/snapshots_raw/152080/integrity/honorcode_nd_edu_home__20210127061218.html,18884
University of Notre Dame,152080,IN,Private,R1,integrity,20210622223527,200,,honorcode_nd_edu_home,,data/snapshots_raw/152080/integrity/honorcode_nd_edu_home__20210622223527.html,19483
University of Notre Dame,152080,IN,Private,R1,integrity,20220719110230,200,,honorcode_nd_edu_search,,data/snapshots_raw/152080/integrity/honorcode_nd_edu_search__20220719110230.html,16368
Tulane University of Louisiana,160755,LA,Private,R1,integrity,20220217054515,200,,catalog_tulane_edu_newcomb_tulane_ntc_academic_programs_honors_program,,data/snapshots_raw/160755/integrity/catalog_tulane_edu_newcomb_tulane_ntc_academic_programs_honors_program__20220217054515.html,33689
Tulane University of Louisiana,160755,LA,Private,R1,integrity,20221007013149,200,,catalog_tulane_edu_newcomb_tulane_ntc_academic_programs_honors_program,,data/snapshots_raw/160755/integrity/catalog_tulane_edu_newcomb_tulane_ntc_academic_programs_honors_program__20221007013149.html,25364
Tulane University of Louisiana,160755,LA,Private,R1,integrity,20240421163745,200,,catalog_tulane_edu_newcomb_tulane_ntc_academic_programs_honors_program,,data/snapshots_raw/160755/integrity/catalog_tulane_edu_newcomb_tulane_ntc_academic_programs_honors_program__20240421163745.html,25536
Tulane University of Louisiana,160755,LA,Private,R1,integrity,20231207061217,200,,catalog_tulane_edu_newcomb_tulane_ntc_academic_programs_honors_thesis,,data/snapshots_raw/160755/integrity/catalog_tulane_edu_newcomb_tulane_ntc_academic_programs_honors_thesis__20231207061217.html,25049
Tulane University of Louisiana,160755,LA,Private,R1,integrity,20240421163748,200,,catalog_tulane_edu_newcomb_tulane_ntc_academic_programs_honors_thesis,,data/snapshots_raw/160755/integrity/catalog_tulane_edu_newcomb_tulane_ntc_academic_programs_honors_thesis__20240421163748.html,25095
Bates College,160977,ME,Private,BAC,integrity,20221007061232,200,,catalog_bates_edu_college_leadership_graduate_honor_societies,,data/snapshots_raw/160977/integrity/catalog_bates_edu_college_leadership_graduate_honor_societies__20221007061232.html,194579
Bates College,160977,ME,Private,BAC,integrity,20230202211726,200,,catalog_bates_edu_college_leadership_graduate_honor_societies,,data/snapshots_raw/160977/integrity/catalog_bates_edu_college_leadership_graduate_honor_societies__20230202211726.html,204356
Bates College,160977,ME,Private,BAC,integrity,20230322180705,200,,catalog_bates_edu_college_leadership_graduate_honor_societies,,data/snapshots_raw/160977/integrity/catalog_bates_edu_college_leadership_graduate_honor_societies__20230322180705.html,45678
Bates College,160977,ME,Private,BAC,integrity,20231129152828,200,,catalog_bates_edu_college_leadership_graduate_honor_societies,,data/snapshots_raw/160977/integrity/catalog_bates_edu_college_leadership_graduate_honor_societies__20231129152828.html,205071
Bates College,160977,ME,Private,BAC,integrity,20240730001540,200,,catalog_bates_edu_college_leadership_graduate_honor_societies,,data/snapshots_raw/160977/integrity/catalog_bates_edu_college_leadership_graduate_honor_societies__20240730001540.html,211326
Johns Hopkins University,162928,MD,Private,R1,ai,20240828193446,200,,teaching_jhu_edu_search_feed_rss2_Beautiful_ai,,data/snapshots_raw/162928/ai/teaching_jhu_edu_search_feed_rss2_Beautiful_ai__20240828193446.html,27725
Johns Hopkins University,162928,MD,Private,R1,ai,20240828193435,200,,teaching_jhu_edu_search_feed_rss2_Lessonplans_ai,,data/snapshots_raw/162928/ai/teaching_jhu_edu_search_feed_rss2_Lessonplans_ai__20240828193435.html,27735
Johns Hopkins University,162928,MD,Private,R1,ai,20240828193526,200,,teaching_jhu_edu_search_feed_rss2_feed_rss2_Beautiful_ai,,data/snapshots_raw/162928/ai/teaching_jhu_edu_search_feed_rss2_feed_rss2_Beautiful_ai__20240828193526.html,27775
Johns Hopkins University,162928,MD,Private,R1,integrity,20210105170051,200,,provost_jhu_edu_edward_a_bouchet_graduate_honor_society,,data/snapshots_raw/162928/integrity/provost_jhu_edu_edward_a_bouchet_graduate_honor_society__20210105170051.html,65116
Johns Hopkins University,162928,MD,Private,R1,integrity,20210511232511,200,,provost_jhu_edu_edward_a_bouchet_graduate_honor_society,,data/snapshots_raw/162928/integrity/provost_jhu_edu_edward_a_bouchet_graduate_honor_society__20210511232511.html,81968
Johns Hopkins University,162928,MD,Private,R1,integrity,20210731105929,200,,provost_jhu_edu_edward_a_bouchet_graduate_honor_society,,data/snapshots_raw/162928/integrity/provost_jhu_edu_edward_a_bouchet_graduate_honor_society__20210731105929.html,81968
Johns Hopkins University,162928,MD,Private,R1,integrity,20210822154318,200,,provost_jhu_edu_edward_a_bouchet_graduate_honor_society,,data/snapshots_raw/162928/integrity/provost_jhu_edu_edward_a_bouchet_graduate_honor_society__20210822154318.html,81534
Johns Hopkins University,162928,MD,Private,R1,integrity,20211026232343,200,,provost_jhu_edu_edward_a_bouchet_graduate_honor_society,,data/snapshots_raw/162928/integrity/provost_jhu_edu_edward_a_bouchet_graduate_honor_society__20211026232343.html,81097
Johns Hopkins University,162928,MD,Private,R1,integrity,20220518193625,200,,provost_jhu_edu_edward_a_bouchet_graduate_honor_society,,data/snapshots_raw/162928/integrity/provost_jhu_edu_edward_a_bouchet_graduate_honor_society__20220518193625.html,96073
Johns Hopkins University,162928,MD,Private,R1,integrity,20220525090405,200,,provost_jhu_edu_edward_a_bouchet_graduate_honor_society,,data/snapshots_raw/162928/integrity/provost_jhu_edu_edward_a_bouchet_graduate_honor_society__20220525090405.html,96218
Johns Hopkins University,162928,MD,Private,R1,integrity,20220621074631,200,,provost_jhu_edu_edward_a_bouchet_graduate_honor_society,,data/snapshots_raw/162928/integrity/provost_jhu_edu_edward_a_bouchet_graduate_honor_society__20220621074631.html,96239
Johns Hopkins University,162928,MD,Private,R1,integrity,20220813130053,200,,provost_jhu_edu_edward_a_bouchet_graduate_honor_society,,data/snapshots_raw/162928/integrity/provost_jhu_edu_edward_a_bouchet_graduate_honor_society__20220813130053.html,94416
Johns Hopkins University,162928,MD,Private,R1,integrity,20221002053700,200,,provost_jhu_edu_edward_a_bouchet_graduate_honor_society,,data/snapshots_raw/162928/integrity/provost_jhu_edu_edward_a_bouchet_graduate_honor_society__20221002053700.html,97547
Johns Hopkins University,162928,MD,Private,R1,integrity,20210823035020,200,,provost_jhu_edu_edward_a_bouchet_graduate_honor_society_embed,,data/snapshots_raw/162928/integrity/provost_jhu_edu_edward_a_bouchet_graduate_honor_society_embed__20210823035020.html,20340
Johns Hopkins University,162928,MD,Private,R1,integrity,20210823170854,200,,provost_jhu_edu_edward_a_bouchet_graduate_honor_society_mcv,,data/snapshots_raw/162928/integrity/provost_jhu_edu_edward_a_bouchet_graduate_honor_society_mcv__20210823170854.html,47588
Towson University,164076,MD,Public,M,integrity,20210413081159,200,,catalog_towson_edu_undergraduate_honors_college,,data/snapshots_raw/164076/integrity/catalog_towson_edu_undergraduate_honors_college__20210413081159.html,42504
Towson University,164076,MD,Public,M,integrity,20210730220933,200,,catalog_towson_edu_undergraduate_honors_college,,data/snapshots_raw/164076/integrity/catalog_towson_edu_undergraduate_honors_college__20210730220933.html,41495
Towson University,164076,MD,Public,M,integrity,20210817214031,200,,catalog_towson_edu_undergraduate_honors_college,,data/snapshots_raw/164076/integrity/catalog_towson_edu_undergraduate_honors_college__20210817214031.html,41515
Towson University,164076,MD,Public,M,integrity,20211020025027,200,,catalog_towson_edu_undergraduate_honors_college,,data/snapshots_raw/164076/integrity/catalog_towson_edu_undergraduate_honors_college__20211020025027.html,41972
Towson University,164076,MD,Public,M,integrity,20220811141005,200,,catalog_towson_edu_undergraduate_honors_college,,data/snapshots_raw/164076/integrity/catalog_towson_edu_undergraduate_honors_college__20220811141005.html,40441
Towson University,164076,MD,Public,M,integrity,20221006193914,200,,catalog_towson_edu_undergraduate_honors_college,,data/snapshots_raw/164076/integrity/catalog_towson_edu_undergraduate_honors_college__20221006193914.html,40832
Towson University,164076,MD,Public,M,integrity,20240130025840,200,,catalog_towson_edu_undergraduate_honors_college,,data/snapshots_raw/164076/integrity/catalog_towson_edu_undergraduate_honors_college__20240130025840.html,43103
Towson University,164076,MD,Public,M,integrity,20210410192946,200,,catalog_towson_edu_undergraduate_honors_college_honors_recognition,,data/snapshots_raw/164076/integrity/catalog_towson_edu_undergraduate_honors_college_honors_recognition__20210410192946.html,11793
Towson University,164076,MD,Public,M,integrity,20211201094632,200,,catalog_towson_edu_undergraduate_honors_college_honors_recognition,,data/snapshots_raw/164076/integrity/catalog_towson_edu_undergraduate_honors_college_honors_recognition__20211201094632.html,11286
Towson University,164076,MD,Public,M,integrity,20221006200611,200,,catalog_towson_edu_undergraduate_honors_college_honors_recognition,,data/snapshots_raw/164076/integrity/catalog_towson_edu_undergraduate_honors_college_honors_recognition__20221006200611.html,11445
Towson University,164076,MD,Public,M,integrity,20240207225455,200,,catalog_towson_edu_undergraduate_honors_college_honors_recognition,,data/snapshots_raw/164076/integrity/catalog_towson_edu_undergraduate_honors_college_honors_recognition__20240207225455.html,11507
Towson University,164076,MD,Public,M,integrity,20240424125211,200,,catalog_towson_edu_undergraduate_honors_college_honors_recognition,,data/snapshots_raw/164076/integrity/catalog_towson_edu_undergraduate_honors_college_honors_recognition__20240424125211.html,12249
Towson University,164076,MD,Public,M,integrity,20210411045833,200,,catalog_towson_edu_undergraduate_honors_college_scholarships,,data/snapshots_raw/164076/integrity/catalog_towson_edu_undergraduate_honors_college_scholarships__20210411045833.html,10399
Towson University,164076,MD,Public,M,integrity,20211201101355,200,,catalog_towson_edu_undergraduate_honors_college_scholarships,,data/snapshots_raw/164076/integrity/catalog_towson_edu_undergraduate_honors_college_scholarships__20211201101355.html,10227
Towson University,164076,MD,Public,M,integrity,20221006195238,200,,catalog_towson_edu_undergraduate_honors_college_scholarships,,data/snapshots_raw/164076/integrity/catalog_towson_edu_undergraduate_honors_college_scholarships__20221006195238.html,10619
Towson University,164076,MD,Public,M,integrity,20240207225451,200,,catalog_towson_edu_undergraduate_honors_college_scholarships,,data/snapshots_raw/164076/integrity/catalog_towson_edu_undergraduate_honors_college_scholarships__20240207225451.html,10681
Towson University,164076,MD,Public,M,integrity,20240422134220,200,,catalog_towson_edu_undergraduate_honors_college_scholarships,,data/snapshots_raw/164076/integrity/catalog_towson_edu_undergraduate_honors_college_scholarships__20240422134220.html,11423
Towson University,164076,MD,Public,M,integrity,20240807225118,200,,catalog_towson_edu_undergraduate_honors_college_scholarships,,data/snapshots_raw/164076/integrity/catalog_towson_edu_undergraduate_honors_college_scholarships__20240807225118.html,10721
Boston University,164988,MA,Private,R1,integrity,20240526233936,200,,www_bu_edu_academics_policies_academic_conduct_code_3,,data/snapshots_raw/164988/integrity/www_bu_edu_academics_policies_academic_conduct_code_3__20240526233936.html,128683
Boston University,164988,MA,Private,R1,integrity,20230420020603,200,,www_bu_edu_academics_policies_academic_conduct_code_5,,data/snapshots_raw/164988/integrity/www_bu_edu_academics_policies_academic_conduct_code_5__20230420020603.html,121038
Boston University,164988,MA,Private,R1,integrity,20210412205116,200,,www_bu_edu_academics_policies_academic_conduct_code,,data/snapshots_raw/164988/integrity/www_bu_edu_academics_policies_academic_conduct_code__20210412205116.html,95924
Boston University,164988,MA,Private,R1,integrity,20210421122734,200,,www_bu_edu_academics_policies_academic_conduct_code,,data/snapshots_raw/164988/integrity/www_bu_edu_academics_policies_academic_conduct_code__20210421122734.html,95910
Boston University,164988,MA,Private,R1,integrity,20210524024009,200,,www_bu_edu_academics_policies_academic_conduct_code,,data/snapshots_raw/164988/integrity/www_bu_edu_academics_policies_academic_conduct_code__20210524024009.html,30612
Boston University,164988,MA,Private,R1,integrity,20210817163429,200,,www_bu_edu_academics_policies_academic_conduct_code,,data/snapshots_raw/164988/integrity/www_bu_edu_academics_policies_academic_conduct_code__20210817163429.html,99489
Boston University,164988,MA,Private,R1,integrity,20220121175311,200,,www_bu_edu_academics_policies_academic_conduct_code,,data/snapshots_raw/164988/integrity/www_bu_edu_academics_policies_academic_conduct_code__20220121175311.html,101912
Boston University,164988,MA,Private,R1,integrity,20220206115925,200,,www_bu_edu_academics_policies_academic_conduct_code,,data/snapshots_raw/164988/integrity/www_bu_edu_academics_policies_academic_conduct_code__20220206115925.html,101912
Boston University,164988,MA,Private,R1,integrity,20220225032539,200,,www_bu_edu_academics_policies_academic_conduct_code,,data/snapshots_raw/164988/integrity/www_bu_edu_academics_policies_academic_conduct_code__20220225032539.html,31768
Boston University,164988,MA,Private,R1,integrity,20220303222403,200,,www_bu_edu_academics_policies_academic_conduct_code,,data/snapshots_raw/164988/integrity/www_bu_edu_academics_policies_academic_conduct_code__20220303222403.html,101912
Boston University,164988,MA,Private,R1,integrity,20220307170532,200,,www_bu_edu_academics_policies_academic_conduct_code,,data/snapshots_raw/164988/integrity/www_bu_edu_academics_policies_academic_conduct_code__20220307170532.html,101956
Boston University,164988,MA,Private,R1,integrity,20220316141453,200,,www_bu_edu_academics_policies_academic_conduct_code,,data/snapshots_raw/164988/integrity/www_bu_edu_academics_policies_academic_conduct_code__20220316141453.html,101912
Boston University,164988,MA,Private,R1,integrity,20220519232622,200,,www_bu_edu_academics_policies_academic_conduct_code,,data/snapshots_raw/164988/integrity/www_bu_edu_academics_policies_academic_conduct_code__20220519232622.html,101955
Boston University,164988,MA,Private,R1,integrity,20221006003556,200,,www_bu_edu_academics_policies_academic_conduct_code,,data/snapshots_raw/164988/integrity/www_bu_edu_academics_policies_academic_conduct_code__20221006003556.html,99292
Boston University,164988,MA,Private,R1,integrity,20230209094023,200,,www_bu_edu_academics_policies_academic_conduct_code,,data/snapshots_raw/164988/integrity/www_bu_edu_academics_policies_academic_conduct_code__20230209094023.html,126956
Boston University,164988,MA,Private,R1,integrity,20230316173524,200,,www_bu_edu_academics_policies_academic_conduct_code,,data/snapshots_raw/164988/integrity/www_bu_edu_academics_policies_academic_conduct_code__20230316173524.html,39939
Boston University,164988,MA,Private,R1,integrity,20230326061434,200,,www_bu_edu_academics_policies_academic_conduct_code,,data/snapshots_raw/164988/integrity/www_bu_edu_academics_policies_academic_conduct_code__20230326061434.html,39887
Boston University,164988,MA,Private,R1,integrity,20240119173316,200,,www_bu_edu_academics_policies_academic_conduct_code,,data/snapshots_raw/164988/integrity/www_bu_edu_academics_policies_academic_conduct_code__20240119173316.html,124771
Boston University,164988,MA,Private,R1,integrity,20240223195224,200,,www_bu_edu_academics_policies_academic_conduct_code,,data/snapshots_raw/164988/integrity/www_bu_edu_academics_policies_academic_conduct_code__20240223195224.html,125278
Boston University,164988,MA,Private,R1,integrity,20240227124404,200,,www_bu_edu_academics_policies_academic_conduct_code,,data/snapshots_raw/164988/integrity/www_bu_edu_academics_policies_academic_conduct_code__20240227124404.html,125278
Boston University,164988,MA,Private,R1,integrity,20240328222404,200,,www_bu_edu_academics_policies_academic_conduct_code,,data/snapshots_raw/164988/integrity/www_bu_edu_academics_policies_academic_conduct_code__20240328222404.html,127229
Boston University,164988,MA,Private,R1,integrity,20240411130916,200,,www_bu_edu_academics_policies_academic_conduct_code,,data/snapshots_raw/164988/integrity/www_bu_edu_academics_policies_academic_conduct_code__20240411130916.html,126040
Boston University,164988,MA,Private,R1,integrity,20240415092640,200,,www_bu_edu_academics_policies_academic_conduct_code,,data/snapshots_raw/164988/integrity/www_bu_edu_academics_policies_academic_conduct_code__20240415092640.html,126768
Boston University,164988,MA,Private,R1,integrity,20240421212503,200,,www_bu_edu_academics_policies_academic_conduct_code,,data/snapshots_raw/164988/integrity/www_bu_edu_academics_policies_academic_conduct_code__20240421212503.html,127731
Boston University,164988,MA,Private,R1,integrity,20240820065812,200,,www_bu_edu_academics_policies_academic_conduct_code,,data/snapshots_raw/164988/integrity/www_bu_edu_academics_policies_academic_conduct_code__20240820065812.html,130635
Boston University,164988,MA,Private,R1,integrity,20240822013158,200,,www_bu_edu_academics_policies_academic_conduct_code,,data/snapshots_raw/164988/integrity/www_bu_edu_academics_policies_academic_conduct_code__20240822013158.html,130635
Boston University,164988,MA,Private,R1,integrity,20241126231153,200,,www_bu_edu_academics_policies_academic_conduct_code,,data/snapshots_raw/164988/integrity/www_bu_edu_academics_policies_academic_conduct_code__20241126231153.html,127466
Boston University,164988,MA,Private,R1,integrity,20241227034655,200,,www_bu_edu_academics_policies_academic_conduct_code,,data/snapshots_raw/164988/integrity/www_bu_edu_academics_policies_academic_conduct_code__20241227034655.html,128840
Harvard University,166027,MA,Private,R1,ai,20230912223558,200,,oue_fas_harvard_edu_ai_guidance,,data/snapshots_raw/166027/ai/oue_fas_harvard_edu_ai_guidance__20230912223558.html,53638
Harvard University,166027,MA,Private,R1,ai,20231026144011,200,,oue_fas_harvard_edu_ai_guidance,,data/snapshots_raw/166027/ai/oue_fas_harvard_edu_ai_guidance__20231026144011.html,13740
Harvard University,166027,MA,Private,R1,ai,20231029060415,200,,oue_fas_harvard_edu_ai_guidance,,data/snapshots_raw/166027/ai/oue_fas_harvard_edu_ai_guidance__20231029060415.html,50326
Harvard University,166027,MA,Private,R1,ai,20231109202452,200,,oue_fas_harvard_edu_ai_guidance,,data/snapshots_raw/166027/ai/oue_fas_harvard_edu_ai_guidance__20231109202452.html,50329
Harvard University,166027,MA,Private,R1,ai,20240106035435,200,,oue_fas_harvard_edu_ai_guidance,,data/snapshots_raw/166027/ai/oue_fas_harvard_edu_ai_guidance__20240106035435.html,14508
Harvard University,166027,MA,Private,R1,ai,20240120022143,200,,oue_fas_harvard_edu_ai_guidance,,data/snapshots_raw/166027/ai/oue_fas_harvard_edu_ai_guidance__20240120022143.html,83872
Harvard University,166027,MA,Private,R1,ai,20240209115738,200,,oue_fas_harvard_edu_ai_guidance,,data/snapshots_raw/166027/ai/oue_fas_harvard_edu_ai_guidance__20240209115738.html,84000
Harvard University,166027,MA,Private,R1,ai,20240327113839,200,,oue_fas_harvard_edu_ai_guidance,,data/snapshots_raw/166027/ai/oue_fas_harvard_edu_ai_guidance__20240327113839.html,14689
Harvard University,166027,MA,Private,R1,ai,20240417134040,200,,oue_fas_harvard_edu_ai_guidance,,data/snapshots_raw/166027/ai/oue_fas_harvard_edu_ai_guidance__20240417134040.html,53416
Harvard University,166027,MA,Private,R1,ai,20240612165142,200,,oue_fas_harvard_edu_ai_guidance,,data/snapshots_raw/166027/ai/oue_fas_harvard_edu_ai_guidance__20240612165142.html,53417
Harvard University,166027,MA,Private,R1,ai,20240716024824,200,,oue_fas_harvard_edu_ai_guidance,,data/snapshots_raw/166027/ai/oue_fas_harvard_edu_ai_guidance__20240716024824.html,14694
Harvard University,166027,MA,Private,R1,ai,20241111075959,200,,oue_fas_harvard_edu_ai_guidance,,data/snapshots_raw/166027/ai/oue_fas_harvard_edu_ai_guidance__20241111075959.html,14679
Harvard University,166027,MA,Private,R1,ai,20241112210819,200,,oue_fas_harvard_edu_ai_guidance,,data/snapshots_raw/166027/ai/oue_fas_harvard_edu_ai_guidance__20241112210819.html,14678
Harvard University,166027,MA,Private,R1,ai,20241113001534,200,,oue_fas_harvard_edu_ai_guidance,,data/snapshots_raw/166027/ai/oue_fas_harvard_edu_ai_guidance__20241113001534.html,14676
Harvard University,166027,MA,Private,R1,ai,20241207095841,200,,oue_fas_harvard_edu_ai_guidance,,data/snapshots_raw/166027/ai/oue_fas_harvard_edu_ai_guidance__20241207095841.html,14694
Harvard University,166027,MA,Private,R1,ai,20230807135316,200,,provost_harvard_edu_guidelines_using_chatgpt_and_other_generative_ai_tools_harva,,data/snapshots_raw/166027/ai/provost_harvard_edu_guidelines_using_chatgpt_and_other_generative_ai_tools_harva__20230807135316.html,9467
Harvard University,166027,MA,Private,R1,ai,20230830213653,200,,provost_harvard_edu_guidelines_using_chatgpt_and_other_generative_ai_tools_harva,,data/snapshots_raw/166027/ai/provost_harvard_edu_guidelines_using_chatgpt_and_other_generative_ai_tools_harva__20230830213653.html,9462
Harvard University,166027,MA,Private,R1,ai,20230913071251,200,,provost_harvard_edu_guidelines_using_chatgpt_and_other_generative_ai_tools_harva,,data/snapshots_raw/166027/ai/provost_harvard_edu_guidelines_using_chatgpt_and_other_generative_ai_tools_harva__20230913071251.html,28237
Harvard University,166027,MA,Private,R1,ai,20231109223304,200,,provost_harvard_edu_guidelines_using_chatgpt_and_other_generative_ai_tools_harva,,data/snapshots_raw/166027/ai/provost_harvard_edu_guidelines_using_chatgpt_and_other_generative_ai_tools_harva__20231109223304.html,28275
Harvard University,166027,MA,Private,R1,ai,20231114225834,200,,provost_harvard_edu_guidelines_using_chatgpt_and_other_generative_ai_tools_harva,,data/snapshots_raw/166027/ai/provost_harvard_edu_guidelines_using_chatgpt_and_other_generative_ai_tools_harva__20231114225834.html,28068
Harvard University,166027,MA,Private,R1,ai,20240320182358,200,,provost_harvard_edu_guidelines_using_chatgpt_and_other_generative_ai_tools_harva,,data/snapshots_raw/166027/ai/provost_harvard_edu_guidelines_using_chatgpt_and_other_generative_ai_tools_harva__20240320182358.html,9481
Harvard University,166027,MA,Private,R1,ai,20240611021958,200,,provost_harvard_edu_guidelines_using_chatgpt_and_other_generative_ai_tools_harva,,data/snapshots_raw/166027/ai/provost_harvard_edu_guidelines_using_chatgpt_and_other_generative_ai_tools_harva__20240611021958.html,9546
Harvard University,166027,MA,Private,R1,ai,20241002015508,200,,provost_harvard_edu_guidelines_using_chatgpt_and_other_generative_ai_tools_harva,,data/snapshots_raw/166027/ai/provost_harvard_edu_guidelines_using_chatgpt_and_other_generative_ai_tools_harva__20241002015508.html,28560
Harvard University,166027,MA,Private,R1,ai,20241107204918,200,,provost_harvard_edu_guidelines_using_chatgpt_and_other_generative_ai_tools_harva,,data/snapshots_raw/166027/ai/provost_harvard_edu_guidelines_using_chatgpt_and_other_generative_ai_tools_harva__20241107204918.html,28535
Harvard University,166027,MA,Private,R1,ai,20241110120702,200,,provost_harvard_edu_guidelines_using_chatgpt_and_other_generative_ai_tools_harva,,data/snapshots_raw/166027/ai/provost_harvard_edu_guidelines_using_chatgpt_and_other_generative_ai_tools_harva__20241110120702.html,28536
Harvard University,166027,MA,Private,R1,ai,20241126085023,200,,provost_harvard_edu_guidelines_using_chatgpt_and_other_generative_ai_tools_harva,,data/snapshots_raw/166027/ai/provost_harvard_edu_guidelines_using_chatgpt_and_other_generative_ai_tools_harva__20241126085023.html,9548
Harvard University,166027,MA,Private,R1,ai,20241130121842,200,,provost_harvard_edu_guidelines_using_chatgpt_and_other_generative_ai_tools_harva,,data/snapshots_raw/166027/ai/provost_harvard_edu_guidelines_using_chatgpt_and_other_generative_ai_tools_harva__20241130121842.html,9548
Harvard University,166027,MA,Private,R1,ai,20241207171836,200,,provost_harvard_edu_guidelines_using_chatgpt_and_other_generative_ai_tools_harva,,data/snapshots_raw/166027/ai/provost_harvard_edu_guidelines_using_chatgpt_and_other_generative_ai_tools_harva__20241207171836.html,9537
Harvard University,166027,MA,Private,R1,ai,20231110014347,200,,provost_harvard_edu_links_guidelines_using_chatgpt_and_other_generative_ai_tools,,data/snapshots_raw/166027/ai/provost_harvard_edu_links_guidelines_using_chatgpt_and_other_generative_ai_tools__20231110014347.html,23476
Harvard University,166027,MA,Private,R1,ai,20241005205900,200,,provost_harvard_edu_links_guidelines_using_chatgpt_and_other_generative_ai_tools,,data/snapshots_raw/166027/ai/provost_harvard_edu_links_guidelines_using_chatgpt_and_other_generative_ai_tools__20241005205900.html,23794
Harvard University,166027,MA,Private,R1,ai,20241108021804,200,,provost_harvard_edu_links_guidelines_using_chatgpt_and_other_generative_ai_tools,,data/snapshots_raw/166027/ai/provost_harvard_edu_links_guidelines_using_chatgpt_and_other_generative_ai_tools__20241108021804.html,23734
Harvard University,166027,MA,Private,R1,integrity,20210309160912,200,,honorcouncil_fas_harvard_edu_honor_code,,data/snapshots_raw/166027/integrity/honorcouncil_fas_harvard_edu_honor_code__20210309160912.html,21652
Harvard University,166027,MA,Private,R1,integrity,20210508020317,200,,honorcouncil_fas_harvard_edu_honor_code,,data/snapshots_raw/166027/integrity/honorcouncil_fas_harvard_edu_honor_code__20210508020317.html,21652
Harvard University,166027,MA,Private,R1,integrity,20210621012232,200,,honorcouncil_fas_harvard_edu_honor_code,,data/snapshots_raw/166027/integrity/honorcouncil_fas_harvard_edu_honor_code__20210621012232.html,21652
Harvard University,166027,MA,Private,R1,integrity,20220307153102,200,,honorcouncil_fas_harvard_edu_honor_code,,data/snapshots_raw/166027/integrity/honorcouncil_fas_harvard_edu_honor_code__20220307153102.html,21656
Harvard University,166027,MA,Private,R1,integrity,20220526181658,200,,honorcouncil_fas_harvard_edu_honor_code,,data/snapshots_raw/166027/integrity/honorcouncil_fas_harvard_edu_honor_code__20220526181658.html,21656
Harvard University,166027,MA,Private,R1,integrity,20230207121505,200,,honorcouncil_fas_harvard_edu_honor_code,,data/snapshots_raw/166027/integrity/honorcouncil_fas_harvard_edu_honor_code__20230207121505.html,21723
Harvard University,166027,MA,Private,R1,integrity,20230303220605,200,,honorcouncil_fas_harvard_edu_honor_code,,data/snapshots_raw/166027/integrity/honorcouncil_fas_harvard_edu_honor_code__20230303220605.html,21723
Harvard University,166027,MA,Private,R1,integrity,20230804152617,200,,honorcouncil_fas_harvard_edu_honor_code,,data/snapshots_raw/166027/integrity/honorcouncil_fas_harvard_edu_honor_code__20230804152617.html,25267
Harvard University,166027,MA,Private,R1,integrity,20231214191455,200,,honorcouncil_fas_harvard_edu_honor_code,,data/snapshots_raw/166027/integrity/honorcouncil_fas_harvard_edu_honor_code__20231214191455.html,7237
Harvard University,166027,MA,Private,R1,integrity,20231217021040,200,,honorcouncil_fas_harvard_edu_honor_code,,data/snapshots_raw/166027/integrity/honorcouncil_fas_harvard_edu_honor_code__20231217021040.html,17962
Harvard University,166027,MA,Private,R1,integrity,20240307150938,200,,honorcouncil_fas_harvard_edu_honor_code,,data/snapshots_raw/166027/integrity/honorcouncil_fas_harvard_edu_honor_code__20240307150938.html,21302
Massachusetts Institute of Technology,166683,MA,Private,R1,ai,20211216170018,200,,catalog_mit_edu_archive_2018_2019_mit_research_computer_science_artificial_intel,,data/snapshots_raw/166683/ai/catalog_mit_edu_archive_2018_2019_mit_research_computer_science_artificial_intel__20211216170018.html,70703
Massachusetts Institute of Technology,166683,MA,Private,R1,ai,20211216165509,200,,catalog_mit_edu_archive_2019_2020_mit_research_computer_science_artificial_intel,,data/snapshots_raw/166683/ai/catalog_mit_edu_archive_2019_2020_mit_research_computer_science_artificial_intel__20211216165509.html,71955
Massachusetts Institute of Technology,166683,MA,Private,R1,ai,20210412202009,200,,catalog_mit_edu_mit_research_computer_science_artificial_intelligence_laboratory,,data/snapshots_raw/166683/ai/catalog_mit_edu_mit_research_computer_science_artificial_intelligence_laboratory__20210412202009.html,64816
Massachusetts Institute of Technology,166683,MA,Private,R1,ai,20210907203009,200,,catalog_mit_edu_mit_research_computer_science_artificial_intelligence_laboratory,,data/snapshots_raw/166683/ai/catalog_mit_edu_mit_research_computer_science_artificial_intelligence_laboratory__20210907203009.html,65179
Massachusetts Institute of Technology,166683,MA,Private,R1,ai,20220414170010,200,,catalog_mit_edu_mit_research_computer_science_artificial_intelligence_laboratory,,data/snapshots_raw/166683/ai/catalog_mit_edu_mit_research_computer_science_artificial_intelligence_laboratory__20220414170010.html,65743
Massachusetts Institute of Technology,166683,MA,Private,R1,ai,20221007014730,200,,catalog_mit_edu_mit_research_computer_science_artificial_intelligence_laboratory,,data/snapshots_raw/166683/ai/catalog_mit_edu_mit_research_computer_science_artificial_intelligence_laboratory__20221007014730.html,66452
Massachusetts Institute of Technology,166683,MA,Private,R1,ai,20230316051448,200,,catalog_mit_edu_mit_research_computer_science_artificial_intelligence_laboratory,,data/snapshots_raw/166683/ai/catalog_mit_edu_mit_research_computer_science_artificial_intelligence_laboratory__20230316051448.html,66458
Massachusetts Institute of Technology,166683,MA,Private,R1,ai,20231007135405,200,,catalog_mit_edu_mit_research_computer_science_artificial_intelligence_laboratory,,data/snapshots_raw/166683/ai/catalog_mit_edu_mit_research_computer_science_artificial_intelligence_laboratory__20231007135405.html,67561
Massachusetts Institute of Technology,166683,MA,Private,R1,ai,20240302032455,200,,catalog_mit_edu_mit_research_computer_science_artificial_intelligence_laboratory,,data/snapshots_raw/166683/ai/catalog_mit_edu_mit_research_computer_science_artificial_intelligence_laboratory__20240302032455.html,67938
Massachusetts Institute of Technology,166683,MA,Private,R1,ai,20240913014905,200,,catalog_mit_edu_mit_research_computer_science_artificial_intelligence_laboratory,,data/snapshots_raw/166683/ai/catalog_mit_edu_mit_research_computer_science_artificial_intelligence_laboratory__20240913014905.html,68436
Massachusetts Institute of Technology,166683,MA,Private,R1,ai,20241202161940,200,,catalog_mit_edu_mit_research_computer_science_artificial_intelligence_laboratory,,data/snapshots_raw/166683/ai/catalog_mit_edu_mit_research_computer_science_artificial_intelligence_laboratory__20241202161940.html,68409
Massachusetts Institute of Technology,166683,MA,Private,R1,integrity,20210121204232,200,,integrity_mit_edu,,data/snapshots_raw/166683/integrity/integrity_mit_edu__20210121204232.html,48354
Massachusetts Institute of Technology,166683,MA,Private,R1,integrity,20210405190121,200,,integrity_mit_edu,,data/snapshots_raw/166683/integrity/integrity_mit_edu__20210405190121.html,24834
Massachusetts Institute of Technology,166683,MA,Private,R1,integrity,20210406050140,200,,integrity_mit_edu,,data/snapshots_raw/166683/integrity/integrity_mit_edu__20210406050140.html,48479
Massachusetts Institute of Technology,166683,MA,Private,R1,integrity,20210508233546,200,,integrity_mit_edu,,data/snapshots_raw/166683/integrity/integrity_mit_edu__20210508233546.html,48479
Massachusetts Institute of Technology,166683,MA,Private,R1,integrity,20210618154823,200,,integrity_mit_edu,,data/snapshots_raw/166683/integrity/integrity_mit_edu__20210618154823.html,24834
Massachusetts Institute of Technology,166683,MA,Private,R1,integrity,20210709214505,200,,integrity_mit_edu,,data/snapshots_raw/166683/integrity/integrity_mit_edu__20210709214505.html,24834
Massachusetts Institute of Technology,166683,MA,Private,R1,integrity,20210915045444,200,,integrity_mit_edu,,data/snapshots_raw/166683/integrity/integrity_mit_edu__20210915045444.html,24834
Massachusetts Institute of Technology,166683,MA,Private,R1,integrity,20211007013457,200,,integrity_mit_edu,,data/snapshots_raw/166683/integrity/integrity_mit_edu__20211007013457.html,49702
Massachusetts Institute of Technology,166683,MA,Private,R1,integrity,20211015200346,200,,integrity_mit_edu,,data/snapshots_raw/166683/integrity/integrity_mit_edu__20211015200346.html,24834
Massachusetts Institute of Technology,166683,MA,Private,R1,integrity,20211128143008,200,,integrity_mit_edu,,data/snapshots_raw/166683/integrity/integrity_mit_edu__20211128143008.html,51021
Massachusetts Institute of Technology,166683,MA,Private,R1,integrity,20220127075107,200,,integrity_mit_edu,,data/snapshots_raw/166683/integrity/integrity_mit_edu__20220127075107.html,51581
Massachusetts Institute of Technology,166683,MA,Private,R1,integrity,20220128150942,200,,integrity_mit_edu,,data/snapshots_raw/166683/integrity/integrity_mit_edu__20220128150942.html,51581
Massachusetts Institute of Technology,166683,MA,Private,R1,integrity,20220520224249,200,,integrity_mit_edu,,data/snapshots_raw/166683/integrity/integrity_mit_edu__20220520224249.html,24654
Massachusetts Institute of Technology,166683,MA,Private,R1,integrity,20220810072528,200,,integrity_mit_edu,,data/snapshots_raw/166683/integrity/integrity_mit_edu__20220810072528.html,24654
Massachusetts Institute of Technology,166683,MA,Private,R1,integrity,20220928135330,200,,integrity_mit_edu,,data/snapshots_raw/166683/integrity/integrity_mit_edu__20220928135330.html,51447
Massachusetts Institute of Technology,166683,MA,Private,R1,integrity,20221005192912,200,,integrity_mit_edu,,data/snapshots_raw/166683/integrity/integrity_mit_edu__20221005192912.html,24654
Massachusetts Institute of Technology,166683,MA,Private,R1,integrity,20230128141918,200,,integrity_mit_edu,,data/snapshots_raw/166683/integrity/integrity_mit_edu__20230128141918.html,70891
Massachusetts Institute of Technology,166683,MA,Private,R1,integrity,20230326051108,200,,integrity_mit_edu,,data/snapshots_raw/166683/integrity/integrity_mit_edu__20230326051108.html,81694
Massachusetts Institute of Technology,166683,MA,Private,R1,integrity,20230328135024,200,,integrity_mit_edu,,data/snapshots_raw/166683/integrity/integrity_mit_edu__20230328135024.html,81694
Massachusetts Institute of Technology,166683,MA,Private,R1,integrity,20230520214821,200,,integrity_mit_edu,,data/snapshots_raw/166683/integrity/integrity_mit_edu__20230520214821.html,24654
Massachusetts Institute of Technology,166683,MA,Private,R1,integrity,20230710164312,200,,integrity_mit_edu,,data/snapshots_raw/166683/integrity/integrity_mit_edu__20230710164312.html,69792
Massachusetts Institute of Technology,166683,MA,Private,R1,integrity,20230719140318,200,,integrity_mit_edu,,data/snapshots_raw/166683/integrity/integrity_mit_edu__20230719140318.html,69792
Massachusetts Institute of Technology,166683,MA,Private,R1,integrity,20231005192537,200,,integrity_mit_edu,,data/snapshots_raw/166683/integrity/integrity_mit_edu__20231005192537.html,24654
Massachusetts Institute of Technology,166683,MA,Private,R1,integrity,20231121001941,200,,integrity_mit_edu,,data/snapshots_raw/166683/integrity/integrity_mit_edu__20231121001941.html,73555
Massachusetts Institute of Technology,166683,MA,Private,R1,integrity,20240407155959,200,,integrity_mit_edu,,data/snapshots_raw/166683/integrity/integrity_mit_edu__20240407155959.html,75362
Massachusetts Institute of Technology,166683,MA,Private,R1,integrity,20240507210736,200,,integrity_mit_edu,,data/snapshots_raw/166683/integrity/integrity_mit_edu__20240507210736.html,24654
Massachusetts Institute of Technology,166683,MA,Private,R1,integrity,20240722151845,200,,integrity_mit_edu,,data/snapshots_raw/166683/integrity/integrity_mit_edu__20240722151845.html,80013
Massachusetts Institute of Technology,166683,MA,Private,R1,integrity,20240822085300,200,,integrity_mit_edu,,data/snapshots_raw/166683/integrity/integrity_mit_edu__20240822085300.html,78533
Massachusetts Institute of Technology,166683,MA,Private,R1,integrity,20241115024834,200,,integrity_mit_edu,,data/snapshots_raw/166683/integrity/integrity_mit_edu__20241115024834.html,75307
Massachusetts Institute of Technology,166683,MA,Private,R1,integrity,20210127074155,200,,integrity_mit_edu_node_30,,data/snapshots_raw/166683/integrity/integrity_mit_edu_node_30__20210127074155.html,48369
Massachusetts Institute of Technology,166683,MA,Private,R1,integrity,20210128004403,200,,integrity_mit_edu_node_30,,data/snapshots_raw/166683/integrity/integrity_mit_edu_node_30__20210128004403.html,48369
Massachusetts Institute of Technology,166683,MA,Private,R1,integrity,20210405202433,200,,integrity_mit_edu_node_30,,data/snapshots_raw/166683/integrity/integrity_mit_edu_node_30__20210405202433.html,24849
Massachusetts Institute of Technology,166683,MA,Private,R1,integrity,20210406050346,200,,integrity_mit_edu_node_30,,data/snapshots_raw/166683/integrity/integrity_mit_edu_node_30__20210406050346.html,48494
Massachusetts Institute of Technology,166683,MA,Private,R1,integrity,20211006131152,200,,integrity_mit_edu_node_30,,data/snapshots_raw/166683/integrity/integrity_mit_edu_node_30__20211006131152.html,49717
Massachusetts Institute of Technology,166683,MA,Private,R1,integrity,20211220042418,200,,integrity_mit_edu_node_30,,data/snapshots_raw/166683/integrity/integrity_mit_edu_node_30__20211220042418.html,51036
Massachusetts Institute of Technology,166683,MA,Private,R1,integrity,20220408080547,200,,integrity_mit_edu_node_30,,data/snapshots_raw/166683/integrity/integrity_mit_edu_node_30__20220408080547.html,51596
Massachusetts Institute of Technology,166683,MA,Private,R1,integrity,20220820214124,200,,integrity_mit_edu_node_30,,data/snapshots_raw/166683/integrity/integrity_mit_edu_node_30__20220820214124.html,24669
Massachusetts Institute of Technology,166683,MA,Private,R1,integrity,20221006120953,200,,integrity_mit_edu_node_30,,data/snapshots_raw/166683/integrity/integrity_mit_edu_node_30__20221006120953.html,51462
Massachusetts Institute of Technology,166683,MA,Private,R1,integrity,20221120213210,200,,integrity_mit_edu_node_30,,data/snapshots_raw/166683/integrity/integrity_mit_edu_node_30__20221120213210.html,24669
Massachusetts Institute of Technology,166683,MA,Private,R1,integrity,20230220235857,200,,integrity_mit_edu_node_30,,data/snapshots_raw/166683/integrity/integrity_mit_edu_node_30__20230220235857.html,87711
Massachusetts Institute of Technology,166683,MA,Private,R1,integrity,20230421204851,200,,integrity_mit_edu_node_30,,data/snapshots_raw/166683/integrity/integrity_mit_edu_node_30__20230421204851.html,73151
Massachusetts Institute of Technology,166683,MA,Private,R1,integrity,20230520215029,200,,integrity_mit_edu_node_30,,data/snapshots_raw/166683/integrity/integrity_mit_edu_node_30__20230520215029.html,24669
Massachusetts Institute of Technology,166683,MA,Private,R1,integrity,20230625020235,200,,integrity_mit_edu_node_30,,data/snapshots_raw/166683/integrity/integrity_mit_edu_node_30__20230625020235.html,69587
Massachusetts Institute of Technology,166683,MA,Private,R1,integrity,20230719140704,200,,integrity_mit_edu_node_30,,data/snapshots_raw/166683/integrity/integrity_mit_edu_node_30__20230719140704.html,69807
Massachusetts Institute of Technology,166683,MA,Private,R1,integrity,20230820221428,200,,integrity_mit_edu_node_30,,data/snapshots_raw/166683/integrity/integrity_mit_edu_node_30__20230820221428.html,69882
Massachusetts Institute of Technology,166683,MA,Private,R1,integrity,20231005224449,200,,integrity_mit_edu_node_30,,data/snapshots_raw/166683/integrity/integrity_mit_edu_node_30__20231005224449.html,24669
Massachusetts Institute of Technology,166683,MA,Private,R1,integrity,20231006154246,200,,integrity_mit_edu_node_30,,data/snapshots_raw/166683/integrity/integrity_mit_edu_node_30__20231006154246.html,71818
Massachusetts Institute of Technology,166683,MA,Private,R1,integrity,20231018095818,200,,integrity_mit_edu_node_30,,data/snapshots_raw/166683/integrity/integrity_mit_edu_node_30__20231018095818.html,71913
Massachusetts Institute of Technology,166683,MA,Private,R1,integrity,20231121002235,200,,integrity_mit_edu_node_30,,data/snapshots_raw/166683/integrity/integrity_mit_edu_node_30__20231121002235.html,73569
Massachusetts Institute of Technology,166683,MA,Private,R1,integrity,20240407160717,200,,integrity_mit_edu_node_30,,data/snapshots_raw/166683/integrity/integrity_mit_edu_node_30__20240407160717.html,75377
Massachusetts Institute of Technology,166683,MA,Private,R1,integrity,20240507211557,200,,integrity_mit_edu_node_30,,data/snapshots_raw/166683/integrity/integrity_mit_edu_node_30__20240507211557.html,76626
Massachusetts Institute of Technology,166683,MA,Private,R1,integrity,20240606171253,200,,integrity_mit_edu_node_30,,data/snapshots_raw/166683/integrity/integrity_mit_edu_node_30__20240606171253.html,24669
Massachusetts Institute of Technology,166683,MA,Private,R1,integrity,20240706204624,200,,integrity_mit_edu_node_30,,data/snapshots_raw/166683/integrity/integrity_mit_edu_node_30__20240706204624.html,24669
Massachusetts Institute of Technology,166683,MA,Private,R1,integrity,20241006055453,200,,integrity_mit_edu_node_30,,data/snapshots_raw/166683/integrity/integrity_mit_edu_node_30__20241006055453.html,76416
Massachusetts Institute of Technology,166683,MA,Private,R1,integrity,20210406000550,200,,integrity_mit_edu_node_32,,data/snapshots_raw/166683/integrity/integrity_mit_edu_node_32__20210406000550.html,27382
Massachusetts Institute of Technology,166683,MA,Private,R1,integrity,20211007025536,200,,integrity_mit_edu_node_32,,data/snapshots_raw/166683/integrity/integrity_mit_edu_node_32__20211007025536.html,52250
Massachusetts Institute of Technology,166683,MA,Private,R1,integrity,20211220015909,200,,integrity_mit_edu_node_32,,data/snapshots_raw/166683/integrity/integrity_mit_edu_node_32__20211220015909.html,53569
Massachusetts Institute of Technology,166683,MA,Private,R1,integrity,20220410022411,200,,integrity_mit_edu_node_32,,data/snapshots_raw/166683/integrity/integrity_mit_edu_node_32__20220410022411.html,54129
Massachusetts Institute of Technology,166683,MA,Private,R1,integrity,20221007011503,200,,integrity_mit_edu_node_32,,data/snapshots_raw/166683/integrity/integrity_mit_edu_node_32__20221007011503.html,53995
Massachusetts Institute of Technology,166683,MA,Private,R1,integrity,20221021083231,200,,integrity_mit_edu_node_32,,data/snapshots_raw/166683/integrity/integrity_mit_edu_node_32__20221021083231.html,53995
Massachusetts Institute of Technology,166683,MA,Private,R1,integrity,20230406022257,200,,integrity_mit_edu_node_32,,data/snapshots_raw/166683/integrity/integrity_mit_edu_node_32__20230406022257.html,27202
Massachusetts Institute of Technology,166683,MA,Private,R1,integrity,20230407014045,200,,integrity_mit_edu_node_32,,data/snapshots_raw/166683/integrity/integrity_mit_edu_node_32__20230407014045.html,84242
Massachusetts Institute of Technology,166683,MA,Private,R1,integrity,20230421032612,200,,integrity_mit_edu_node_32,,data/snapshots_raw/166683/integrity/integrity_mit_edu_node_32__20230421032612.html,75684
Massachusetts Institute of Technology,166683,MA,Private,R1,integrity,20230601123330,200,,integrity_mit_edu_node_32,,data/snapshots_raw/166683/integrity/integrity_mit_edu_node_32__20230601123330.html,74639
Massachusetts Institute of Technology,166683,MA,Private,R1,integrity,20231006023223,200,,integrity_mit_edu_node_32,,data/snapshots_raw/166683/integrity/integrity_mit_edu_node_32__20231006023223.html,27202
Massachusetts Institute of Technology,166683,MA,Private,R1,integrity,20240129145824,200,,integrity_mit_edu_node_32,,data/snapshots_raw/166683/integrity/integrity_mit_edu_node_32__20240129145824.html,76824
Massachusetts Institute of Technology,166683,MA,Private,R1,integrity,20240408210907,200,,integrity_mit_edu_node_32,,data/snapshots_raw/166683/integrity/integrity_mit_edu_node_32__20240408210907.html,77909
Massachusetts Institute of Technology,166683,MA,Private,R1,integrity,20241006000647,200,,integrity_mit_edu_node_32,,data/snapshots_raw/166683/integrity/integrity_mit_edu_node_32__20241006000647.html,27202
Massachusetts Institute of Technology,166683,MA,Private,R1,integrity,20241129013234,200,,integrity_mit_edu_node_32,,data/snapshots_raw/166683/integrity/integrity_mit_edu_node_32__20241129013234.html,77942
Northeastern University,167358,MA,Private,R1,ai,20240810101247,200,,catalog_northeastern_edu_graduate_business_certificate_programs_ai_applications_,,data/snapshots_raw/167358/ai/catalog_northeastern_edu_graduate_business_certificate_programs_ai_applications___20240810101247.html,32687
Northeastern University,167358,MA,Private,R1,ai,20240810110237,200,,catalog_northeastern_edu_graduate_engineering_mechanical_industrial_ai_applicati,,data/snapshots_raw/167358/ai/catalog_northeastern_edu_graduate_engineering_mechanical_industrial_ai_applicati__20240810110237.html,35202
Northeastern University,167358,MA,Private,R1,ai,20240812115830,200,,catalog_northeastern_edu_graduate_mills_ai_applications_graduate_certificate,,data/snapshots_raw/167358/ai/catalog_northeastern_edu_graduate_mills_ai_applications_graduate_certificate__20240812115830.html,29498
Northeastern University,167358,MA,Private,R1,integrity,20240810044651,200,,catalog_northeastern_edu_handbook_code_student_conduct,,data/snapshots_raw/167358/integrity/catalog_northeastern_edu_handbook_code_student_conduct__20240810044651.html,20140
Northeastern University,167358,MA,Private,R1,integrity,20241005160617,200,,catalog_northeastern_edu_handbook_code_student_conduct,,data/snapshots_raw/167358/integrity/catalog_northeastern_edu_handbook_code_student_conduct__20241005160617.html,114661
Northeastern University,167358,MA,Private,R1,integrity,20240924132628,200,,catalog_northeastern_edu_handbook_policies_regulations_honor_code,,data/snapshots_raw/167358/integrity/catalog_northeastern_edu_handbook_policies_regulations_honor_code__20240924132628.html,23070
Northeastern University,167358,MA,Private,R1,integrity,20210120013655,200,,catalog_northeastern_edu_undergraduate_admission_university_honors,,data/snapshots_raw/167358/integrity/catalog_northeastern_edu_undergraduate_admission_university_honors__20210120013655.html,10482
Northeastern University,167358,MA,Private,R1,integrity,20210627012235,200,,catalog_northeastern_edu_undergraduate_admission_university_honors,,data/snapshots_raw/167358/integrity/catalog_northeastern_edu_undergraduate_admission_university_honors__20210627012235.html,20891
Northeastern University,167358,MA,Private,R1,integrity,20210727133410,200,,catalog_northeastern_edu_undergraduate_admission_university_honors,,data/snapshots_raw/167358/integrity/catalog_northeastern_edu_undergraduate_admission_university_honors__20210727133410.html,20956
Northeastern University,167358,MA,Private,R1,integrity,20210827052013,200,,catalog_northeastern_edu_undergraduate_admission_university_honors,,data/snapshots_raw/167358/integrity/catalog_northeastern_edu_undergraduate_admission_university_honors__20210827052013.html,20955
Northeastern University,167358,MA,Private,R1,integrity,20211028043945,200,,catalog_northeastern_edu_undergraduate_admission_university_honors,,data/snapshots_raw/167358/integrity/catalog_northeastern_edu_undergraduate_admission_university_honors__20211028043945.html,20965
Northeastern University,167358,MA,Private,R1,integrity,20211228141050,200,,catalog_northeastern_edu_undergraduate_admission_university_honors,,data/snapshots_raw/167358/integrity/catalog_northeastern_edu_undergraduate_admission_university_honors__20211228141050.html,21488
Northeastern University,167358,MA,Private,R1,integrity,20220716224342,200,,catalog_northeastern_edu_undergraduate_admission_university_honors,,data/snapshots_raw/167358/integrity/catalog_northeastern_edu_undergraduate_admission_university_honors__20220716224342.html,21508
Northeastern University,167358,MA,Private,R1,integrity,20221130230352,200,,catalog_northeastern_edu_undergraduate_admission_university_honors,,data/snapshots_raw/167358/integrity/catalog_northeastern_edu_undergraduate_admission_university_honors__20221130230352.html,21975
Northeastern University,167358,MA,Private,R1,integrity,20230926054721,200,,catalog_northeastern_edu_undergraduate_admission_university_honors,,data/snapshots_raw/167358/integrity/catalog_northeastern_edu_undergraduate_admission_university_honors__20230926054721.html,22811
Northeastern University,167358,MA,Private,R1,integrity,20231015230336,200,,catalog_northeastern_edu_undergraduate_admission_university_honors,,data/snapshots_raw/167358/integrity/catalog_northeastern_edu_undergraduate_admission_university_honors__20231015230336.html,22994
Northeastern University,167358,MA,Private,R1,integrity,20240315080158,200,,catalog_northeastern_edu_undergraduate_admission_university_honors,,data/snapshots_raw/167358/integrity/catalog_northeastern_edu_undergraduate_admission_university_honors__20240315080158.html,23038
Northeastern University,167358,MA,Private,R1,integrity,20240808072216,200,,catalog_northeastern_edu_undergraduate_admission_university_honors,,data/snapshots_raw/167358/integrity/catalog_northeastern_edu_undergraduate_admission_university_honors__20240808072216.html,32145
Tufts University,168148,MA,Private,R1,ai,20241103094551,200,,provost_tufts_edu_celt_events_artificial_intelligence_events,,data/snapshots_raw/168148/ai/provost_tufts_edu_celt_events_artificial_intelligence_events__20241103094551.html,82628
Tufts University,168148,MA,Private,R1,ai,20231002201943,200,,provost_tufts_edu_celt_events_fall_2023_ai_series,,data/snapshots_raw/168148/ai/provost_tufts_edu_celt_events_fall_2023_ai_series__20231002201943.html,76969
Tufts University,168148,MA,Private,R1,ai,20231127214135,200,,provost_tufts_edu_celt_events_fall_2023_ai_series,,data/snapshots_raw/168148/ai/provost_tufts_edu_celt_events_fall_2023_ai_series__20231127214135.html,75698
Tufts University,168148,MA,Private,R1,ai,20240520112647,200,,provost_tufts_edu_celt_events_fall_2023_ai_series,,data/snapshots_raw/168148/ai/provost_tufts_edu_celt_events_fall_2023_ai_series__20240520112647.html,80765
Tufts University,168148,MA,Private,R1,ai,20240719130357,200,,provost_tufts_edu_celt_events_fall_2023_ai_series,,data/snapshots_raw/168148/ai/provost_tufts_edu_celt_events_fall_2023_ai_series__20240719130357.html,71678
Tufts University,168148,MA,Private,R1,ai,20240825025422,200,,provost_tufts_edu_celt_events_fall_2023_ai_series,,data/snapshots_raw/168148/ai/provost_tufts_edu_celt_events_fall_2023_ai_series__20240825025422.html,70510
Tufts University,168148,MA,Private,R1,ai,20240524033539,200,,provost_tufts_edu_celt_events_spring_2023_events_ai_2,,data/snapshots_raw/168148/ai/provost_tufts_edu_celt_events_spring_2023_events_ai_2__20240524033539.html,50472
Tufts University,168148,MA,Private,R1,ai,20240724032334,200,,provost_tufts_edu_celt_events_spring_2023_events_ai_2,,data/snapshots_raw/168148/ai/provost_tufts_edu_celt_events_spring_2023_events_ai_2__20240724032334.html,41385
Tufts University,168148,MA,Private,R1,ai,20240921025004,200,,provost_tufts_edu_celt_events_spring_2023_events_ai_2,,data/snapshots_raw/168148/ai/provost_tufts_edu_celt_events_spring_2023_events_ai_2__20240921025004.html,40217
Tufts University,168148,MA,Private,R1,integrity,20230925042026,200,,provost_tufts_edu_blog_news_2023_09_12_academic_symposium_in_honor_of_the_inaugu,,data/snapshots_raw/168148/integrity/provost_tufts_edu_blog_news_2023_09_12_academic_symposium_in_honor_of_the_inaugu__20230925042026.html,61677
Tufts University,168148,MA,Private,R1,integrity,20231025062935,200,,provost_tufts_edu_blog_news_2023_09_12_academic_symposium_in_honor_of_the_inaugu,,data/snapshots_raw/168148/integrity/provost_tufts_edu_blog_news_2023_09_12_academic_symposium_in_honor_of_the_inaugu__20231025062935.html,61677
Tufts University,168148,MA,Private,R1,integrity,20231127111332,200,,provost_tufts_edu_blog_news_2023_09_12_academic_symposium_in_honor_of_the_inaugu,,data/snapshots_raw/168148/integrity/provost_tufts_edu_blog_news_2023_09_12_academic_symposium_in_honor_of_the_inaugu__20231127111332.html,61921
Tufts University,168148,MA,Private,R1,integrity,20240111002410,200,,provost_tufts_edu_blog_news_2023_09_12_academic_symposium_in_honor_of_the_inaugu,,data/snapshots_raw/168148/integrity/provost_tufts_edu_blog_news_2023_09_12_academic_symposium_in_honor_of_the_inaugu__20240111002410.html,61921
Tufts University,168148,MA,Private,R1,integrity,20240225144249,200,,provost_tufts_edu_blog_news_2023_09_12_academic_symposium_in_honor_of_the_inaugu,,data/snapshots_raw/168148/integrity/provost_tufts_edu_blog_news_2023_09_12_academic_symposium_in_honor_of_the_inaugu__20240225144249.html,62139
Tufts University,168148,MA,Private,R1,integrity,20240326035627,200,,provost_tufts_edu_blog_news_2023_09_12_academic_symposium_in_honor_of_the_inaugu,,data/snapshots_raw/168148/integrity/provost_tufts_edu_blog_news_2023_09_12_academic_symposium_in_honor_of_the_inaugu__20240326035627.html,61909
Tufts University,168148,MA,Private,R1,integrity,20240424213544,200,,provost_tufts_edu_blog_news_2023_09_12_academic_symposium_in_honor_of_the_inaugu,,data/snapshots_raw/168148/integrity/provost_tufts_edu_blog_news_2023_09_12_academic_symposium_in_honor_of_the_inaugu__20240424213544.html,54347
Tufts University,168148,MA,Private,R1,integrity,20240527040432,200,,provost_tufts_edu_blog_news_2023_09_12_academic_symposium_in_honor_of_the_inaugu,,data/snapshots_raw/168148/integrity/provost_tufts_edu_blog_news_2023_09_12_academic_symposium_in_honor_of_the_inaugu__20240527040432.html,52124
Tufts University,168148,MA,Private,R1,integrity,20240709220940,200,,provost_tufts_edu_blog_news_2023_09_12_academic_symposium_in_honor_of_the_inaugu,,data/snapshots_raw/168148/integrity/provost_tufts_edu_blog_news_2023_09_12_academic_symposium_in_honor_of_the_inaugu__20240709220940.html,55026
Tufts University,168148,MA,Private,R1,integrity,20240724210934,200,,provost_tufts_edu_blog_news_2023_09_12_academic_symposium_in_honor_of_the_inaugu,,data/snapshots_raw/168148/integrity/provost_tufts_edu_blog_news_2023_09_12_academic_symposium_in_honor_of_the_inaugu__20240724210934.html,52031
Williams College,168342,MA,Private,BAC,ai,20241216154040,200,,catalog_williams_edu_winter_study_utm_source_chatgpt_com,,data/snapshots_raw/168342/ai/catalog_williams_edu_winter_study_utm_source_chatgpt_com__20241216154040.html,130788
Michigan State University,171100,MI,Public,R1,integrity,20210112142040,200,,www_deanofstudents_msu_edu_academic_integrity,,data/snapshots_raw/171100/integrity/www_deanofstudents_msu_edu_academic_integrity__20210112142040.html,31730
Michigan State University,171100,MI,Public,R1,integrity,20210120075903,200,,www_deanofstudents_msu_edu_academic_integrity,,data/snapshots_raw/171100/integrity/www_deanofstudents_msu_edu_academic_integrity__20210120075903.html,31718
Michigan State University,171100,MI,Public,R1,integrity,20210112144927,200,,www_deanofstudents_msu_edu_student_conduct_0,,data/snapshots_raw/171100/integrity/www_deanofstudents_msu_edu_student_conduct_0__20210112144927.html,30793
Michigan State University,171100,MI,Public,R1,integrity,20210120064821,200,,www_deanofstudents_msu_edu_student_conduct_0,,data/snapshots_raw/171100/integrity/www_deanofstudents_msu_edu_student_conduct_0__20210120064821.html,30781
Wayne State University,172644,MI,Public,R1,integrity,20210126114531,200,,provost_wayne_edu_about_awards_honors_grants,,data/snapshots_raw/172644/integrity/provost_wayne_edu_about_awards_honors_grants__20210126114531.html,25288
Wayne State University,172644,MI,Public,R1,integrity,20210619024323,200,,provost_wayne_edu_about_awards_honors_grants,,data/snapshots_raw/172644/integrity/provost_wayne_edu_about_awards_honors_grants__20210619024323.html,25634
Wayne State University,172644,MI,Public,R1,integrity,20210920195224,200,,provost_wayne_edu_about_awards_honors_grants,,data/snapshots_raw/172644/integrity/provost_wayne_edu_about_awards_honors_grants__20210920195224.html,24633
Wayne State University,172644,MI,Public,R1,integrity,20211018174408,200,,provost_wayne_edu_about_awards_honors_grants,,data/snapshots_raw/172644/integrity/provost_wayne_edu_about_awards_honors_grants__20211018174408.html,26269
Wayne State University,172644,MI,Public,R1,integrity,20211220145643,200,,provost_wayne_edu_about_awards_honors_grants,,data/snapshots_raw/172644/integrity/provost_wayne_edu_about_awards_honors_grants__20211220145643.html,26267
Wayne State University,172644,MI,Public,R1,integrity,20220128051533,200,,provost_wayne_edu_about_awards_honors_grants,,data/snapshots_raw/172644/integrity/provost_wayne_edu_about_awards_honors_grants__20220128051533.html,26814
Wayne State University,172644,MI,Public,R1,integrity,20220331184249,200,,provost_wayne_edu_about_awards_honors_grants,,data/snapshots_raw/172644/integrity/provost_wayne_edu_about_awards_honors_grants__20220331184249.html,26924
Wayne State University,172644,MI,Public,R1,integrity,20230529082716,200,,provost_wayne_edu_about_awards_honors_grants,,data/snapshots_raw/172644/integrity/provost_wayne_edu_about_awards_honors_grants__20230529082716.html,26508
Wayne State University,172644,MI,Public,R1,integrity,20231209080056,200,,provost_wayne_edu_about_awards_honors_grants,,data/snapshots_raw/172644/integrity/provost_wayne_edu_about_awards_honors_grants__20231209080056.html,27397
Wayne State University,172644,MI,Public,R1,integrity,20240415182509,200,,provost_wayne_edu_about_awards_honors_grants,,data/snapshots_raw/172644/integrity/provost_wayne_edu_about_awards_honors_grants__20240415182509.html,27443
Wayne State University,172644,MI,Public,R1,integrity,20240611081730,200,,provost_wayne_edu_about_awards_honors_grants,,data/snapshots_raw/172644/integrity/provost_wayne_edu_about_awards_honors_grants__20240611081730.html,27388
Wayne State University,172644,MI,Public,R1,integrity,20240716085557,200,,provost_wayne_edu_about_awards_honors_grants,,data/snapshots_raw/172644/integrity/provost_wayne_edu_about_awards_honors_grants__20240716085557.html,28262
Wayne State University,172644,MI,Public,R1,integrity,20240728193801,200,,provost_wayne_edu_utm_source_link_utm_medium_email_59f1fb7d40664_utm_campaign_Jo,,data/snapshots_raw/172644/integrity/provost_wayne_edu_utm_source_link_utm_medium_email_59f1fb7d40664_utm_campaign_Jo__20240728193801.html,25680
Wayne State University,172644,MI,Public,R1,integrity,20241214200512,200,,provost_wayne_edu_wayne_med_direct_news_med_direct_students_receive_honors_award,,data/snapshots_raw/172644/integrity/provost_wayne_edu_wayne_med_direct_news_med_direct_students_receive_honors_award__20241214200512.html,21719
Washington University in St Louis,179867,MO,Private,R1,integrity,20210106190309,200,,wustl_edu_about_compliance_policies_academic_policies_undergraduate_student_acad,,data/snapshots_raw/179867/integrity/wustl_edu_about_compliance_policies_academic_policies_undergraduate_student_acad__20210106190309.html,53112
Washington University in St Louis,179867,MO,Private,R1,integrity,20210107011856,200,,wustl_edu_about_compliance_policies_academic_policies_undergraduate_student_acad,,data/snapshots_raw/179867/integrity/wustl_edu_about_compliance_policies_academic_policies_undergraduate_student_acad__20210107011856.html,19487
Washington University in St Louis,179867,MO,Private,R1,integrity,20210323200432,200,,wustl_edu_about_compliance_policies_academic_policies_undergraduate_student_acad,,data/snapshots_raw/179867/integrity/wustl_edu_about_compliance_policies_academic_policies_undergraduate_student_acad__20210323200432.html,56178
Washington University in St Louis,179867,MO,Private,R1,integrity,20210420204236,200,,wustl_edu_about_compliance_policies_academic_policies_undergraduate_student_acad,,data/snapshots_raw/179867/integrity/wustl_edu_about_compliance_policies_academic_policies_undergraduate_student_acad__20210420204236.html,19462
Washington University in St Louis,179867,MO,Private,R1,integrity,20210427162922,200,,wustl_edu_about_compliance_policies_academic_policies_undergraduate_student_acad,,data/snapshots_raw/179867/integrity/wustl_edu_about_compliance_policies_academic_policies_undergraduate_student_acad__20210427162922.html,56695
Washington University in St Louis,179867,MO,Private,R1,integrity,20210728200853,200,,wustl_edu_about_compliance_policies_academic_policies_undergraduate_student_acad,,data/snapshots_raw/179867/integrity/wustl_edu_about_compliance_policies_academic_policies_undergraduate_student_acad__20210728200853.html,56670
Washington University in St Louis,179867,MO,Private,R1,integrity,20210922055858,200,,wustl_edu_about_compliance_policies_academic_policies_undergraduate_student_acad,,data/snapshots_raw/179867/integrity/wustl_edu_about_compliance_policies_academic_policies_undergraduate_student_acad__20210922055858.html,19456
Washington University in St Louis,179867,MO,Private,R1,integrity,20211026214500,200,,wustl_edu_about_compliance_policies_academic_policies_undergraduate_student_acad,,data/snapshots_raw/179867/integrity/wustl_edu_about_compliance_policies_academic_policies_undergraduate_student_acad__20211026214500.html,63684
Washington University in St Louis,179867,MO,Private,R1,integrity,20220301234617,200,,wustl_edu_about_compliance_policies_academic_policies_undergraduate_student_acad,,data/snapshots_raw/179867/integrity/wustl_edu_about_compliance_policies_academic_policies_undergraduate_student_acad__20220301234617.html,66384
Washington University in St Louis,179867,MO,Private,R1,integrity,20220309092050,200,,wustl_edu_about_compliance_policies_academic_policies_undergraduate_student_acad,,data/snapshots_raw/179867/integrity/wustl_edu_about_compliance_policies_academic_policies_undergraduate_student_acad__20220309092050.html,19582
Washington University in St Louis,179867,MO,Private,R1,integrity,20220427022358,200,,wustl_edu_about_compliance_policies_academic_policies_undergraduate_student_acad,,data/snapshots_raw/179867/integrity/wustl_edu_about_compliance_policies_academic_policies_undergraduate_student_acad__20220427022358.html,19582
Washington University in St Louis,179867,MO,Private,R1,integrity,20220518022718,200,,wustl_edu_about_compliance_policies_academic_policies_undergraduate_student_acad,,data/snapshots_raw/179867/integrity/wustl_edu_about_compliance_policies_academic_policies_undergraduate_student_acad__20220518022718.html,19582
Washington University in St Louis,179867,MO,Private,R1,integrity,20220608090549,200,,wustl_edu_about_compliance_policies_academic_policies_undergraduate_student_acad,,data/snapshots_raw/179867/integrity/wustl_edu_about_compliance_policies_academic_policies_undergraduate_student_acad__20220608090549.html,19582
Washington University in St Louis,179867,MO,Private,R1,integrity,20220629075248,200,,wustl_edu_about_compliance_policies_academic_policies_undergraduate_student_acad,,data/snapshots_raw/179867/integrity/wustl_edu_about_compliance_policies_academic_policies_undergraduate_student_acad__20220629075248.html,19622
Washington University in St Louis,179867,MO,Private,R1,integrity,20220720095122,200,,wustl_edu_about_compliance_policies_academic_policies_undergraduate_student_acad,,data/snapshots_raw/179867/integrity/wustl_edu_about_compliance_policies_academic_policies_undergraduate_student_acad__20220720095122.html,19622
Washington University in St Louis,179867,MO,Private,R1,integrity,20220803010334,200,,wustl_edu_about_compliance_policies_academic_policies_undergraduate_student_acad,,data/snapshots_raw/179867/integrity/wustl_edu_about_compliance_policies_academic_policies_undergraduate_student_acad__20220803010334.html,67403
Washington University in St Louis,179867,MO,Private,R1,integrity,20220810053411,200,,wustl_edu_about_compliance_policies_academic_policies_undergraduate_student_acad,,data/snapshots_raw/179867/integrity/wustl_edu_about_compliance_policies_academic_policies_undergraduate_student_acad__20220810053411.html,19622
Washington University in St Louis,179867,MO,Private,R1,integrity,20220824073958,200,,wustl_edu_about_compliance_policies_academic_policies_undergraduate_student_acad,,data/snapshots_raw/179867/integrity/wustl_edu_about_compliance_policies_academic_policies_undergraduate_student_acad__20220824073958.html,19622
Washington University in St Louis,179867,MO,Private,R1,integrity,20220921010937,200,,wustl_edu_about_compliance_policies_academic_policies_undergraduate_student_acad,,data/snapshots_raw/179867/integrity/wustl_edu_about_compliance_policies_academic_policies_undergraduate_student_acad__20220921010937.html,19626
Washington University in St Louis,179867,MO,Private,R1,integrity,20221004181645,200,,wustl_edu_about_compliance_policies_academic_policies_undergraduate_student_acad,,data/snapshots_raw/179867/integrity/wustl_edu_about_compliance_policies_academic_policies_undergraduate_student_acad__20221004181645.html,60157
Washington University in St Louis,179867,MO,Private,R1,integrity,20221012003334,200,,wustl_edu_about_compliance_policies_academic_policies_undergraduate_student_acad,,data/snapshots_raw/179867/integrity/wustl_edu_about_compliance_policies_academic_policies_undergraduate_student_acad__20221012003334.html,19626
Washington University in St Louis,179867,MO,Private,R1,integrity,20221102171617,200,,wustl_edu_about_compliance_policies_academic_policies_undergraduate_student_acad,,data/snapshots_raw/179867/integrity/wustl_edu_about_compliance_policies_academic_policies_undergraduate_student_acad__20221102171617.html,19626
Washington University in St Louis,179867,MO,Private,R1,integrity,20221123041544,200,,wustl_edu_about_compliance_policies_academic_policies_undergraduate_student_acad,,data/snapshots_raw/179867/integrity/wustl_edu_about_compliance_policies_academic_policies_undergraduate_student_acad__20221123041544.html,19626
Washington University in St Louis,179867,MO,Private,R1,integrity,20221203223534,200,,wustl_edu_about_compliance_policies_academic_policies_undergraduate_student_acad,,data/snapshots_raw/179867/integrity/wustl_edu_about_compliance_policies_academic_policies_undergraduate_student_acad__20221203223534.html,60205
Washington University in St Louis,179867,MO,Private,R1,integrity,20221214054145,200,,wustl_edu_about_compliance_policies_academic_policies_undergraduate_student_acad,,data/snapshots_raw/179867/integrity/wustl_edu_about_compliance_policies_academic_policies_undergraduate_student_acad__20221214054145.html,19626
Washington University in St Louis,179867,MO,Private,R1,integrity,20221227205040,200,,wustl_edu_about_compliance_policies_academic_policies_undergraduate_student_acad,,data/snapshots_raw/179867/integrity/wustl_edu_about_compliance_policies_academic_policies_undergraduate_student_acad__20221227205040.html,19769
Washington University in St Louis,179867,MO,Private,R1,integrity,20230124231930,200,,wustl_edu_about_compliance_policies_academic_policies_undergraduate_student_acad,,data/snapshots_raw/179867/integrity/wustl_edu_about_compliance_policies_academic_policies_undergraduate_student_acad__20230124231930.html,62505
Washington University in St Louis,179867,MO,Private,R1,integrity,20230125051320,200,,wustl_edu_about_compliance_policies_academic_policies_undergraduate_student_acad,,data/snapshots_raw/179867/integrity/wustl_edu_about_compliance_policies_academic_policies_undergraduate_student_acad__20230125051320.html,19769
Washington University in St Louis,179867,MO,Private,R1,integrity,20230214232246,200,,wustl_edu_about_compliance_policies_academic_policies_undergraduate_student_acad,,data/snapshots_raw/179867/integrity/wustl_edu_about_compliance_policies_academic_policies_undergraduate_student_acad__20230214232246.html,19769
Washington University in St Louis,179867,MO,Private,R1,integrity,20230314235324,200,,wustl_edu_about_compliance_policies_academic_policies_undergraduate_student_acad,,data/snapshots_raw/179867/integrity/wustl_edu_about_compliance_policies_academic_policies_undergraduate_student_acad__20230314235324.html,19769
Washington University in St Louis,179867,MO,Private,R1,integrity,20230328174559,200,,wustl_edu_about_compliance_policies_academic_policies_undergraduate_student_acad,,data/snapshots_raw/179867/integrity/wustl_edu_about_compliance_policies_academic_policies_undergraduate_student_acad__20230328174559.html,62717
Washington University in St Louis,179867,MO,Private,R1,integrity,20230719202437,200,,wustl_edu_about_compliance_policies_academic_policies_undergraduate_student_acad,,data/snapshots_raw/179867/integrity/wustl_edu_about_compliance_policies_academic_policies_undergraduate_student_acad__20230719202437.html,63216
Washington University in St Louis,179867,MO,Private,R1,integrity,20230911214342,200,,wustl_edu_about_compliance_policies_academic_policies_undergraduate_student_acad,,data/snapshots_raw/179867/integrity/wustl_edu_about_compliance_policies_academic_policies_undergraduate_student_acad__20230911214342.html,20933
Washington University in St Louis,179867,MO,Private,R1,integrity,20231108015009,200,,wustl_edu_about_compliance_policies_academic_policies_undergraduate_student_acad,,data/snapshots_raw/179867/integrity/wustl_edu_about_compliance_policies_academic_policies_undergraduate_student_acad__20231108015009.html,21510
Washington University in St Louis,179867,MO,Private,R1,integrity,20240102172958,200,,wustl_edu_about_compliance_policies_academic_policies_undergraduate_student_acad,,data/snapshots_raw/179867/integrity/wustl_edu_about_compliance_policies_academic_policies_undergraduate_student_acad__20240102172958.html,21496
Washington University in St Louis,179867,MO,Private,R1,integrity,20240301213130,200,,wustl_edu_about_compliance_policies_academic_policies_undergraduate_student_acad,,data/snapshots_raw/179867/integrity/wustl_edu_about_compliance_policies_academic_policies_undergraduate_student_acad__20240301213130.html,64237
Washington University in St Louis,179867,MO,Private,R1,integrity,20240423175443,200,,wustl_edu_about_compliance_policies_academic_policies_undergraduate_student_acad,,data/snapshots_raw/179867/integrity/wustl_edu_about_compliance_policies_academic_policies_undergraduate_student_acad__20240423175443.html,22073
Washington University in St Louis,179867,MO,Private,R1,integrity,20240625190341,200,,wustl_edu_about_compliance_policies_academic_policies_undergraduate_student_acad,,data/snapshots_raw/179867/integrity/wustl_edu_about_compliance_policies_academic_policies_undergraduate_student_acad__20240625190341.html,22085
Washington University in St Louis,179867,MO,Private,R1,integrity,20240806170258,200,,wustl_edu_about_compliance_policies_academic_policies_undergraduate_student_acad,,data/snapshots_raw/179867/integrity/wustl_edu_about_compliance_policies_academic_policies_undergraduate_student_acad__20240806170258.html,43747
Princeton University,186131,NJ,Private,R1,ai,20221204185959,200,,catalog_princeton_edu_catalog_q1_Gendai_igo_taikei_f1_in_series_search_field_adv,,data/snapshots_raw/186131/ai/catalog_princeton_edu_catalog_q1_Gendai_igo_taikei_f1_in_series_search_field_adv__20221204185959.html,82655
Princeton University,186131,NJ,Private,R1,ai,20240810130151,200,,catalog_princeton_edu_catalog_q1_Gendai_igo_taikei_f1_in_series_search_field_adv,,data/snapshots_raw/186131/ai/catalog_princeton_edu_catalog_q1_Gendai_igo_taikei_f1_in_series_search_field_adv__20240810130151.html,73085
Princeton University,186131,NJ,Private,R1,ai,20221205014824,200,,catalog_princeton_edu_catalog_q1_Gendai_no_kenchikuka_f1_in_series_search_field_,,data/snapshots_raw/186131/ai/catalog_princeton_edu_catalog_q1_Gendai_no_kenchikuka_f1_in_series_search_field___20221205014824.html,70319
Princeton University,186131,NJ,Private,R1,ai,20240811024439,200,,catalog_princeton_edu_catalog_q1_Gendai_no_kenchikuka_f1_in_series_search_field_,,data/snapshots_raw/186131/ai/catalog_princeton_edu_catalog_q1_Gendai_no_kenchikuka_f1_in_series_search_field___20240811024439.html,63809
Princeton University,186131,NJ,Private,R1,ai,20240728052229,200,,catalog_princeton_edu_f_subject_facet_Artificial_intelligence,,data/snapshots_raw/186131/ai/catalog_princeton_edu_f_subject_facet_Artificial_intelligence__20240728052229.html,166227
Princeton University,186131,NJ,Private,R1,integrity,20240507025841,200,,catalog_princeton_edu_f_author_s_Fuchs_2C_Michael_Choral_conductor,,data/snapshots_raw/186131/integrity/catalog_princeton_edu_f_author_s_Fuchs_2C_Michael_Choral_conductor__20240507025841.html,46308
Columbia University,190150,NY,Private,R1,ai,20241109075506,200,,provost_columbia_edu_content_generative_ai,,data/snapshots_raw/190150/ai/provost_columbia_edu_content_generative_ai__20241109075506.html,86056
Columbia University,190150,NY,Private,R1,ai,20241211230432,200,,provost_columbia_edu_content_generative_ai,,data/snapshots_raw/190150/ai/provost_columbia_edu_content_generative_ai__20241211230432.html,86994
Columbia University,190150,NY,Private,R1,ai,20241212142432,200,,provost_columbia_edu_content_generative_ai,,data/snapshots_raw/190150/ai/provost_columbia_edu_content_generative_ai__20241212142432.html,86994
Columbia University,190150,NY,Private,R1,ai,20250101092243,200,,provost_columbia_edu_content_generative_ai,,data/snapshots_raw/190150/ai/provost_columbia_edu_content_generative_ai__20250101092243.html,19576
Columbia University,190150,NY,Private,R1,ai,20240609054133,200,,provost_columbia_edu_content_mae_ngai_founding_cser,,data/snapshots_raw/190150/ai/provost_columbia_edu_content_mae_ngai_founding_cser__20240609054133.html,60257
Columbia University,190150,NY,Private,R1,ai,20241213030939,200,,provost_columbia_edu_content_mae_ngai_founding_cser,,data/snapshots_raw/190150/ai/provost_columbia_edu_content_mae_ngai_founding_cser__20241213030939.html,59954
Columbia University,190150,NY,Private,R1,ai,20240609054116,200,,provost_columbia_edu_content_mae_ngai_job_market_phds,,data/snapshots_raw/190150/ai/provost_columbia_edu_content_mae_ngai_job_market_phds__20240609054116.html,60770
Columbia University,190150,NY,Private,R1,ai,20241213030857,200,,provost_columbia_edu_content_mae_ngai_job_market_phds,,data/snapshots_raw/190150/ai/provost_columbia_edu_content_mae_ngai_job_market_phds__20241213030857.html,60467
Columbia University,190150,NY,Private,R1,integrity,20210301102715,200,,studentconduct_columbia_edu,,data/snapshots_raw/190150/integrity/studentconduct_columbia_edu__20210301102715.html,64487
Columbia University,190150,NY,Private,R1,integrity,20210501231355,200,,studentconduct_columbia_edu,,data/snapshots_raw/190150/integrity/studentconduct_columbia_edu__20210501231355.html,64810
Columbia University,190150,NY,Private,R1,integrity,20210515024650,200,,studentconduct_columbia_edu,,data/snapshots_raw/190150/integrity/studentconduct_columbia_edu__20210515024650.html,64810
Columbia University,190150,NY,Private,R1,integrity,20210827235854,200,,studentconduct_columbia_edu,,data/snapshots_raw/190150/integrity/studentconduct_columbia_edu__20210827235854.html,64810
Columbia University,190150,NY,Private,R1,integrity,20211114165041,200,,studentconduct_columbia_edu,,data/snapshots_raw/190150/integrity/studentconduct_columbia_edu__20211114165041.html,15048
Columbia University,190150,NY,Private,R1,integrity,20220111183510,200,,studentconduct_columbia_edu,,data/snapshots_raw/190150/integrity/studentconduct_columbia_edu__20220111183510.html,15097
Columbia University,190150,NY,Private,R1,integrity,20220117051108,200,,studentconduct_columbia_edu,,data/snapshots_raw/190150/integrity/studentconduct_columbia_edu__20220117051108.html,15193
Columbia University,190150,NY,Private,R1,integrity,20220124184526,200,,studentconduct_columbia_edu,,data/snapshots_raw/190150/integrity/studentconduct_columbia_edu__20220124184526.html,15150
Columbia University,190150,NY,Private,R1,integrity,20220201205049,200,,studentconduct_columbia_edu,,data/snapshots_raw/190150/integrity/studentconduct_columbia_edu__20220201205049.html,15165
Columbia University,190150,NY,Private,R1,integrity,20220308141240,200,,studentconduct_columbia_edu,,data/snapshots_raw/190150/integrity/studentconduct_columbia_edu__20220308141240.html,64998
Columbia University,190150,NY,Private,R1,integrity,20220628213000,200,,studentconduct_columbia_edu,,data/snapshots_raw/190150/integrity/studentconduct_columbia_edu__20220628213000.html,64998
Columbia University,190150,NY,Private,R1,integrity,20221001140916,200,,studentconduct_columbia_edu,,data/snapshots_raw/190150/integrity/studentconduct_columbia_edu__20221001140916.html,66298
Columbia University,190150,NY,Private,R1,integrity,20230101201931,200,,studentconduct_columbia_edu,,data/snapshots_raw/190150/integrity/studentconduct_columbia_edu__20230101201931.html,66714
Columbia University,190150,NY,Private,R1,integrity,20230321201244,200,,studentconduct_columbia_edu,,data/snapshots_raw/190150/integrity/studentconduct_columbia_edu__20230321201244.html,15501
Columbia University,190150,NY,Private,R1,integrity,20230609214532,200,,studentconduct_columbia_edu,,data/snapshots_raw/190150/integrity/studentconduct_columbia_edu__20230609214532.html,38692
Columbia University,190150,NY,Private,R1,integrity,20210126042904,200,,studentconduct_columbia_edu_dd,,data/snapshots_raw/190150/integrity/studentconduct_columbia_edu_dd__20210126042904.html,50759
Columbia University,190150,NY,Private,R1,integrity,20210406063703,200,,studentconduct_columbia_edu_dd,,data/snapshots_raw/190150/integrity/studentconduct_columbia_edu_dd__20210406063703.html,51169
Columbia University,190150,NY,Private,R1,integrity,20210416221757,200,,studentconduct_columbia_edu_dd,,data/snapshots_raw/190150/integrity/studentconduct_columbia_edu_dd__20210416221757.html,51072
Columbia University,190150,NY,Private,R1,integrity,20210607215626,200,,studentconduct_columbia_edu_dd,,data/snapshots_raw/190150/integrity/studentconduct_columbia_edu_dd__20210607215626.html,51072
Columbia University,190150,NY,Private,R1,integrity,20230108075837,200,,studentconduct_columbia_edu_dd,,data/snapshots_raw/190150/integrity/studentconduct_columbia_edu_dd__20230108075837.html,51771
Columbia University,190150,NY,Private,R1,integrity,20210116024621,200,,www_college_columbia_edu_academics_academicintegrity,,data/snapshots_raw/190150/integrity/www_college_columbia_edu_academics_academicintegrity__20210116024621.html,33348
Columbia University,190150,NY,Private,R1,integrity,20210417120330,200,,www_college_columbia_edu_academics_academicintegrity,,data/snapshots_raw/190150/integrity/www_college_columbia_edu_academics_academicintegrity__20210417120330.html,33413
Columbia University,190150,NY,Private,R1,integrity,20210419010949,200,,www_college_columbia_edu_academics_academicintegrity,,data/snapshots_raw/190150/integrity/www_college_columbia_edu_academics_academicintegrity__20210419010949.html,33413
Columbia University,190150,NY,Private,R1,integrity,20210609174711,200,,www_college_columbia_edu_academics_academicintegrity,,data/snapshots_raw/190150/integrity/www_college_columbia_edu_academics_academicintegrity__20210609174711.html,33400
Columbia University,190150,NY,Private,R1,integrity,20210918010005,200,,www_college_columbia_edu_academics_academicintegrity,,data/snapshots_raw/190150/integrity/www_college_columbia_edu_academics_academicintegrity__20210918010005.html,32966
Columbia University,190150,NY,Private,R1,integrity,20211007234641,200,,www_college_columbia_edu_academics_academicintegrity,,data/snapshots_raw/190150/integrity/www_college_columbia_edu_academics_academicintegrity__20211007234641.html,32966
Columbia University,190150,NY,Private,R1,integrity,20211210012601,200,,www_college_columbia_edu_academics_academicintegrity,,data/snapshots_raw/190150/integrity/www_college_columbia_edu_academics_academicintegrity__20211210012601.html,32966
Columbia University,190150,NY,Private,R1,integrity,20220121021600,200,,www_college_columbia_edu_academics_academicintegrity,,data/snapshots_raw/190150/integrity/www_college_columbia_edu_academics_academicintegrity__20220121021600.html,32966
Columbia University,190150,NY,Private,R1,integrity,20220303085335,200,,www_college_columbia_edu_academics_academicintegrity,,data/snapshots_raw/190150/integrity/www_college_columbia_edu_academics_academicintegrity__20220303085335.html,32985
Columbia University,190150,NY,Private,R1,integrity,20220526082514,200,,www_college_columbia_edu_academics_academicintegrity,,data/snapshots_raw/190150/integrity/www_college_columbia_edu_academics_academicintegrity__20220526082514.html,32985
Columbia University,190150,NY,Private,R1,integrity,20220611053756,200,,www_college_columbia_edu_academics_academicintegrity,,data/snapshots_raw/190150/integrity/www_college_columbia_edu_academics_academicintegrity__20220611053756.html,32812
Columbia University,190150,NY,Private,R1,integrity,20220615122917,200,,www_college_columbia_edu_academics_academicintegrity,,data/snapshots_raw/190150/integrity/www_college_columbia_edu_academics_academicintegrity__20220615122917.html,32812
Columbia University,190150,NY,Private,R1,integrity,20220802083947,200,,www_college_columbia_edu_academics_academicintegrity,,data/snapshots_raw/190150/integrity/www_college_columbia_edu_academics_academicintegrity__20220802083947.html,32812
Columbia University,190150,NY,Private,R1,integrity,20220803060922,200,,www_college_columbia_edu_academics_academicintegrity,,data/snapshots_raw/190150/integrity/www_college_columbia_edu_academics_academicintegrity__20220803060922.html,32812
Columbia University,190150,NY,Private,R1,integrity,20220815031724,200,,www_college_columbia_edu_academics_academicintegrity,,data/snapshots_raw/190150/integrity/www_college_columbia_edu_academics_academicintegrity__20220815031724.html,32812
Columbia University,190150,NY,Private,R1,integrity,20221005210646,200,,www_college_columbia_edu_academics_academicintegrity,,data/snapshots_raw/190150/integrity/www_college_columbia_edu_academics_academicintegrity__20221005210646.html,32799
Columbia University,190150,NY,Private,R1,integrity,20221215034505,200,,www_college_columbia_edu_academics_academicintegrity,,data/snapshots_raw/190150/integrity/www_college_columbia_edu_academics_academicintegrity__20221215034505.html,32812
Columbia University,190150,NY,Private,R1,integrity,20230127004725,200,,www_college_columbia_edu_academics_academicintegrity,,data/snapshots_raw/190150/integrity/www_college_columbia_edu_academics_academicintegrity__20230127004725.html,32993
Columbia University,190150,NY,Private,R1,integrity,20230201120050,200,,www_college_columbia_edu_academics_academicintegrity,,data/snapshots_raw/190150/integrity/www_college_columbia_edu_academics_academicintegrity__20230201120050.html,33006
Columbia University,190150,NY,Private,R1,integrity,20230513210942,200,,www_college_columbia_edu_academics_academicintegrity,,data/snapshots_raw/190150/integrity/www_college_columbia_edu_academics_academicintegrity__20230513210942.html,8802
Columbia University,190150,NY,Private,R1,integrity,20230523101655,200,,www_college_columbia_edu_academics_academicintegrity,,data/snapshots_raw/190150/integrity/www_college_columbia_edu_academics_academicintegrity__20230523101655.html,8806
Columbia University,190150,NY,Private,R1,integrity,20231216175150,200,,www_college_columbia_edu_academics_academicintegrity,,data/snapshots_raw/190150/integrity/www_college_columbia_edu_academics_academicintegrity__20231216175150.html,8789
Columbia University,190150,NY,Private,R1,integrity,20240119085727,200,,www_college_columbia_edu_academics_academicintegrity,,data/snapshots_raw/190150/integrity/www_college_columbia_edu_academics_academicintegrity__20240119085727.html,8788
Columbia University,190150,NY,Private,R1,integrity,20240408163545,200,,www_college_columbia_edu_academics_academicintegrity,,data/snapshots_raw/190150/integrity/www_college_columbia_edu_academics_academicintegrity__20240408163545.html,8723
Columbia University,190150,NY,Private,R1,integrity,20241003230903,200,,www_college_columbia_edu_academics_academicintegrity,,data/snapshots_raw/190150/integrity/www_college_columbia_edu_academics_academicintegrity__20241003230903.html,8643
Columbia University,190150,NY,Private,R1,integrity,20241115042130,200,,www_college_columbia_edu_academics_academicintegrity,,data/snapshots_raw/190150/integrity/www_college_columbia_edu_academics_academicintegrity__20241115042130.html,8641
Columbia University,190150,NY,Private,R1,integrity,20241123051713,200,,www_college_columbia_edu_academics_academicintegrity,,data/snapshots_raw/190150/integrity/www_college_columbia_edu_academics_academicintegrity__20241123051713.html,8643
Columbia University,190150,NY,Private,R1,integrity,20241205201239,200,,www_college_columbia_edu_academics_academicintegrity,,data/snapshots_raw/190150/integrity/www_college_columbia_edu_academics_academicintegrity__20241205201239.html,8644
Columbia University,190150,NY,Private,R1,integrity,20241211023727,200,,www_college_columbia_edu_academics_academicintegrity,,data/snapshots_raw/190150/integrity/www_college_columbia_edu_academics_academicintegrity__20241211023727.html,8644
Columbia University,190150,NY,Private,R1,integrity,20241213035300,200,,www_college_columbia_edu_academics_academicintegrity,,data/snapshots_raw/190150/integrity/www_college_columbia_edu_academics_academicintegrity__20241213035300.html,8645
Columbia University,190150,NY,Private,R1,integrity,20250101001748,200,,www_college_columbia_edu_academics_academicintegrity,,data/snapshots_raw/190150/integrity/www_college_columbia_edu_academics_academicintegrity__20250101001748.html,8642
Cornell University,190415,NY,Private,R1,ai,20230804030728,200,,teaching_cornell_edu_generative_artificial_intelligence,,data/snapshots_raw/190415/ai/teaching_cornell_edu_generative_artificial_intelligence__20230804030728.html,72030
Cornell University,190415,NY,Private,R1,ai,20230918020829,200,,teaching_cornell_edu_generative_artificial_intelligence,,data/snapshots_raw/190415/ai/teaching_cornell_edu_generative_artificial_intelligence__20230918020829.html,24171
Cornell University,190415,NY,Private,R1,ai,20230920195544,200,,teaching_cornell_edu_generative_artificial_intelligence,,data/snapshots_raw/190415/ai/teaching_cornell_edu_generative_artificial_intelligence__20230920195544.html,77240
Cornell University,190415,NY,Private,R1,ai,20230928031028,200,,teaching_cornell_edu_generative_artificial_intelligence,,data/snapshots_raw/190415/ai/teaching_cornell_edu_generative_artificial_intelligence__20230928031028.html,78339
Cornell University,190415,NY,Private,R1,ai,20231022033724,200,,teaching_cornell_edu_generative_artificial_intelligence,,data/snapshots_raw/190415/ai/teaching_cornell_edu_generative_artificial_intelligence__20231022033724.html,78131
Cornell University,190415,NY,Private,R1,ai,20240106095949,200,,teaching_cornell_edu_generative_artificial_intelligence,,data/snapshots_raw/190415/ai/teaching_cornell_edu_generative_artificial_intelligence__20240106095949.html,24898
Cornell University,190415,NY,Private,R1,ai,20240123183837,200,,teaching_cornell_edu_generative_artificial_intelligence,,data/snapshots_raw/190415/ai/teaching_cornell_edu_generative_artificial_intelligence__20240123183837.html,48440
Cornell University,190415,NY,Private,R1,ai,20240203164002,200,,teaching_cornell_edu_generative_artificial_intelligence,,data/snapshots_raw/190415/ai/teaching_cornell_edu_generative_artificial_intelligence__20240203164002.html,12909
Cornell University,190415,NY,Private,R1,ai,20240226100254,200,,teaching_cornell_edu_generative_artificial_intelligence,,data/snapshots_raw/190415/ai/teaching_cornell_edu_generative_artificial_intelligence__20240226100254.html,12917
Cornell University,190415,NY,Private,R1,ai,20240303164635,200,,teaching_cornell_edu_generative_artificial_intelligence,,data/snapshots_raw/190415/ai/teaching_cornell_edu_generative_artificial_intelligence__20240303164635.html,48812
Cornell University,190415,NY,Private,R1,ai,20240501022643,200,,teaching_cornell_edu_generative_artificial_intelligence,,data/snapshots_raw/190415/ai/teaching_cornell_edu_generative_artificial_intelligence__20240501022643.html,13117
Cornell University,190415,NY,Private,R1,ai,20240604184452,200,,teaching_cornell_edu_generative_artificial_intelligence,,data/snapshots_raw/190415/ai/teaching_cornell_edu_generative_artificial_intelligence__20240604184452.html,50014
Cornell University,190415,NY,Private,R1,ai,20240717115147,200,,teaching_cornell_edu_generative_artificial_intelligence,,data/snapshots_raw/190415/ai/teaching_cornell_edu_generative_artificial_intelligence__20240717115147.html,48874
Cornell University,190415,NY,Private,R1,ai,20240811185603,200,,teaching_cornell_edu_generative_artificial_intelligence,,data/snapshots_raw/190415/ai/teaching_cornell_edu_generative_artificial_intelligence__20240811185603.html,12998
Cornell University,190415,NY,Private,R1,ai,20240824024008,200,,teaching_cornell_edu_generative_artificial_intelligence,,data/snapshots_raw/190415/ai/teaching_cornell_edu_generative_artificial_intelligence__20240824024008.html,12956
Cornell University,190415,NY,Private,R1,ai,20240904173640,200,,teaching_cornell_edu_generative_artificial_intelligence,,data/snapshots_raw/190415/ai/teaching_cornell_edu_generative_artificial_intelligence__20240904173640.html,48397
Cornell University,190415,NY,Private,R1,ai,20240918131332,200,,teaching_cornell_edu_generative_artificial_intelligence,,data/snapshots_raw/190415/ai/teaching_cornell_edu_generative_artificial_intelligence__20240918131332.html,12980
Cornell University,190415,NY,Private,R1,ai,20241102003951,200,,teaching_cornell_edu_generative_artificial_intelligence,,data/snapshots_raw/190415/ai/teaching_cornell_edu_generative_artificial_intelligence__20241102003951.html,12857
Cornell University,190415,NY,Private,R1,ai,20230928191654,200,,teaching_cornell_edu_generative_artificial_intelligence_ai_accessibility,,data/snapshots_raw/190415/ai/teaching_cornell_edu_generative_artificial_intelligence_ai_accessibility__20230928191654.html,69869
Cornell University,190415,NY,Private,R1,ai,20231014233437,200,,teaching_cornell_edu_generative_artificial_intelligence_ai_accessibility,,data/snapshots_raw/190415/ai/teaching_cornell_edu_generative_artificial_intelligence_ai_accessibility__20231014233437.html,69959
Cornell University,190415,NY,Private,R1,ai,20231022033755,200,,teaching_cornell_edu_generative_artificial_intelligence_ai_accessibility,,data/snapshots_raw/190415/ai/teaching_cornell_edu_generative_artificial_intelligence_ai_accessibility__20231022033755.html,69978
Cornell University,190415,NY,Private,R1,ai,20240206023952,200,,teaching_cornell_edu_generative_artificial_intelligence_ai_accessibility,,data/snapshots_raw/190415/ai/teaching_cornell_edu_generative_artificial_intelligence_ai_accessibility__20240206023952.html,9696
Cornell University,190415,NY,Private,R1,ai,20240303162937,200,,teaching_cornell_edu_generative_artificial_intelligence_ai_accessibility,,data/snapshots_raw/190415/ai/teaching_cornell_edu_generative_artificial_intelligence_ai_accessibility__20240303162937.html,40541
Cornell University,190415,NY,Private,R1,ai,20240614071948,200,,teaching_cornell_edu_generative_artificial_intelligence_ai_accessibility,,data/snapshots_raw/190415/ai/teaching_cornell_edu_generative_artificial_intelligence_ai_accessibility__20240614071948.html,41743
Cornell University,190415,NY,Private,R1,ai,20240828193053,200,,teaching_cornell_edu_generative_artificial_intelligence_ai_accessibility,,data/snapshots_raw/190415/ai/teaching_cornell_edu_generative_artificial_intelligence_ai_accessibility__20240828193053.html,9699
Cornell University,190415,NY,Private,R1,ai,20241008094517,200,,teaching_cornell_edu_generative_artificial_intelligence_ai_accessibility,,data/snapshots_raw/190415/ai/teaching_cornell_edu_generative_artificial_intelligence_ai_accessibility__20241008094517.html,40750
Cornell University,190415,NY,Private,R1,ai,20241020001915,200,,teaching_cornell_edu_generative_artificial_intelligence_ai_accessibility,,data/snapshots_raw/190415/ai/teaching_cornell_edu_generative_artificial_intelligence_ai_accessibility__20241020001915.html,9613
Cornell University,190415,NY,Private,R1,ai,20241213045411,200,,teaching_cornell_edu_generative_artificial_intelligence_ai_accessibility,,data/snapshots_raw/190415/ai/teaching_cornell_edu_generative_artificial_intelligence_ai_accessibility__20241213045411.html,9658
Cornell University,190415,NY,Private,R1,ai,20241231024744,200,,teaching_cornell_edu_generative_artificial_intelligence_ai_accessibility,,data/snapshots_raw/190415/ai/teaching_cornell_edu_generative_artificial_intelligence_ai_accessibility__20241231024744.html,39334
Cornell University,190415,NY,Private,R1,ai,20230828195331,200,,teaching_cornell_edu_generative_artificial_intelligence_ai_assignment_design,,data/snapshots_raw/190415/ai/teaching_cornell_edu_generative_artificial_intelligence_ai_assignment_design__20230828195331.html,24829
Cornell University,190415,NY,Private,R1,ai,20230928191655,200,,teaching_cornell_edu_generative_artificial_intelligence_ai_assignment_design,,data/snapshots_raw/190415/ai/teaching_cornell_edu_generative_artificial_intelligence_ai_assignment_design__20230928191655.html,90428
Cornell University,190415,NY,Private,R1,ai,20231022033727,200,,teaching_cornell_edu_generative_artificial_intelligence_ai_assignment_design,,data/snapshots_raw/190415/ai/teaching_cornell_edu_generative_artificial_intelligence_ai_assignment_design__20231022033727.html,25308
Cornell University,190415,NY,Private,R1,ai,20240418032034,200,,teaching_cornell_edu_generative_artificial_intelligence_ai_assignment_design,,data/snapshots_raw/190415/ai/teaching_cornell_edu_generative_artificial_intelligence_ai_assignment_design__20240418032034.html,62027
Cornell University,190415,NY,Private,R1,ai,20240614072211,200,,teaching_cornell_edu_generative_artificial_intelligence_ai_assignment_design,,data/snapshots_raw/190415/ai/teaching_cornell_edu_generative_artificial_intelligence_ai_assignment_design__20240614072211.html,62420
Cornell University,190415,NY,Private,R1,ai,20240715120745,200,,teaching_cornell_edu_generative_artificial_intelligence_ai_assignment_design,,data/snapshots_raw/190415/ai/teaching_cornell_edu_generative_artificial_intelligence_ai_assignment_design__20240715120745.html,61280
Cornell University,190415,NY,Private,R1,ai,20240828190315,200,,teaching_cornell_edu_generative_artificial_intelligence_ai_assignment_design,,data/snapshots_raw/190415/ai/teaching_cornell_edu_generative_artificial_intelligence_ai_assignment_design__20240828190315.html,13697
Cornell University,190415,NY,Private,R1,integrity,20230928205833,200,,teaching_cornell_edu_generative_artificial_intelligence_ai_academic_integrity,,data/snapshots_raw/190415/integrity/teaching_cornell_edu_generative_artificial_intelligence_ai_academic_integrity__20230928205833.html,82307
Cornell University,190415,NY,Private,R1,integrity,20231023010200,200,,teaching_cornell_edu_generative_artificial_intelligence_ai_academic_integrity,,data/snapshots_raw/190415/integrity/teaching_cornell_edu_generative_artificial_intelligence_ai_academic_integrity__20231023010200.html,23607
Cornell University,190415,NY,Private,R1,integrity,20240206024007,200,,teaching_cornell_edu_generative_artificial_intelligence_ai_academic_integrity,,data/snapshots_raw/190415/integrity/teaching_cornell_edu_generative_artificial_intelligence_ai_academic_integrity__20240206024007.html,12230
Cornell University,190415,NY,Private,R1,integrity,20240303151224,200,,teaching_cornell_edu_generative_artificial_intelligence_ai_academic_integrity,,data/snapshots_raw/190415/integrity/teaching_cornell_edu_generative_artificial_intelligence_ai_academic_integrity__20240303151224.html,53716
Cornell University,190415,NY,Private,R1,integrity,20240510215229,200,,teaching_cornell_edu_generative_artificial_intelligence_ai_academic_integrity,,data/snapshots_raw/190415/integrity/teaching_cornell_edu_generative_artificial_intelligence_ai_academic_integrity__20240510215229.html,54920
Cornell University,190415,NY,Private,R1,integrity,20240603174555,200,,teaching_cornell_edu_generative_artificial_intelligence_ai_academic_integrity,,data/snapshots_raw/190415/integrity/teaching_cornell_edu_generative_artificial_intelligence_ai_academic_integrity__20240603174555.html,12454
Cornell University,190415,NY,Private,R1,integrity,20240614071827,200,,teaching_cornell_edu_generative_artificial_intelligence_ai_academic_integrity,,data/snapshots_raw/190415/integrity/teaching_cornell_edu_generative_artificial_intelligence_ai_academic_integrity__20240614071827.html,54918
Cornell University,190415,NY,Private,R1,integrity,20240828182605,200,,teaching_cornell_edu_generative_artificial_intelligence_ai_academic_integrity,,data/snapshots_raw/190415/integrity/teaching_cornell_edu_generative_artificial_intelligence_ai_academic_integrity__20240828182605.html,12221
Cornell University,190415,NY,Private,R1,integrity,20220114225447,200,,teaching_cornell_edu_promoting_academic_integrity_online_teaching,,data/snapshots_raw/190415/integrity/teaching_cornell_edu_promoting_academic_integrity_online_teaching__20220114225447.html,47134
Cornell University,190415,NY,Private,R1,integrity,20220302145612,200,,teaching_cornell_edu_promoting_academic_integrity_online_teaching,,data/snapshots_raw/190415/integrity/teaching_cornell_edu_promoting_academic_integrity_online_teaching__20220302145612.html,47558
Cornell University,190415,NY,Private,R1,integrity,20230115144725,200,,teaching_cornell_edu_promoting_academic_integrity_your_course,,data/snapshots_raw/190415/integrity/teaching_cornell_edu_promoting_academic_integrity_your_course__20230115144725.html,79137
Cornell University,190415,NY,Private,R1,integrity,20230131035258,200,,teaching_cornell_edu_promoting_academic_integrity_your_course,,data/snapshots_raw/190415/integrity/teaching_cornell_edu_promoting_academic_integrity_your_course__20230131035258.html,69934
Cornell University,190415,NY,Private,R1,integrity,20230201090807,200,,teaching_cornell_edu_promoting_academic_integrity_your_course,,data/snapshots_raw/190415/integrity/teaching_cornell_edu_promoting_academic_integrity_your_course__20230201090807.html,24932
Cornell University,190415,NY,Private,R1,integrity,20230202080257,200,,teaching_cornell_edu_promoting_academic_integrity_your_course,,data/snapshots_raw/190415/integrity/teaching_cornell_edu_promoting_academic_integrity_your_course__20230202080257.html,22199
Cornell University,190415,NY,Private,R1,integrity,20230316230541,200,,teaching_cornell_edu_promoting_academic_integrity_your_course,,data/snapshots_raw/190415/integrity/teaching_cornell_edu_promoting_academic_integrity_your_course__20230316230541.html,25265
Cornell University,190415,NY,Private,R1,integrity,20230321231046,200,,teaching_cornell_edu_promoting_academic_integrity_your_course,,data/snapshots_raw/190415/integrity/teaching_cornell_edu_promoting_academic_integrity_your_course__20230321231046.html,77315
Cornell University,190415,NY,Private,R1,integrity,20230606034339,200,,teaching_cornell_edu_promoting_academic_integrity_your_course,,data/snapshots_raw/190415/integrity/teaching_cornell_edu_promoting_academic_integrity_your_course__20230606034339.html,69522
Cornell University,190415,NY,Private,R1,integrity,20230609053525,200,,teaching_cornell_edu_promoting_academic_integrity_your_course,,data/snapshots_raw/190415/integrity/teaching_cornell_edu_promoting_academic_integrity_your_course__20230609053525.html,68665
Cornell University,190415,NY,Private,R1,integrity,20230614214733,200,,teaching_cornell_edu_promoting_academic_integrity_your_course,,data/snapshots_raw/190415/integrity/teaching_cornell_edu_promoting_academic_integrity_your_course__20230614214733.html,68665
Cornell University,190415,NY,Private,R1,integrity,20230620141917,200,,teaching_cornell_edu_promoting_academic_integrity_your_course,,data/snapshots_raw/190415/integrity/teaching_cornell_edu_promoting_academic_integrity_your_course__20230620141917.html,68665
Cornell University,190415,NY,Private,R1,integrity,20230629042352,200,,teaching_cornell_edu_promoting_academic_integrity_your_course,,data/snapshots_raw/190415/integrity/teaching_cornell_edu_promoting_academic_integrity_your_course__20230629042352.html,69735
Hamilton College,191515,NY,Private,BAC,integrity,20210324075519,200,,hamilton_edu_academic_integrity,,data/snapshots_raw/191515/integrity/hamilton_edu_academic_integrity__20210324075519.html,61866
Hamilton College,191515,NY,Private,BAC,integrity,20210604095703,200,,hamilton_edu_academic_integrity,,data/snapshots_raw/191515/integrity/hamilton_edu_academic_integrity__20210604095703.html,61669
Hamilton College,191515,NY,Private,BAC,integrity,20220417152159,200,,hamilton_edu_academic_integrity,,data/snapshots_raw/191515/integrity/hamilton_edu_academic_integrity__20220417152159.html,61911
Hamilton College,191515,NY,Private,BAC,integrity,20220624161317,200,,hamilton_edu_academic_integrity,,data/snapshots_raw/191515/integrity/hamilton_edu_academic_integrity__20220624161317.html,68864
Hamilton College,191515,NY,Private,BAC,integrity,20220824172915,200,,hamilton_edu_academic_integrity,,data/snapshots_raw/191515/integrity/hamilton_edu_academic_integrity__20220824172915.html,69067
Hamilton College,191515,NY,Private,BAC,integrity,20221024110700,200,,hamilton_edu_academic_integrity,,data/snapshots_raw/191515/integrity/hamilton_edu_academic_integrity__20221024110700.html,69821
Hamilton College,191515,NY,Private,BAC,integrity,20230127124709,200,,hamilton_edu_academic_integrity,,data/snapshots_raw/191515/integrity/hamilton_edu_academic_integrity__20230127124709.html,69799
Hamilton College,191515,NY,Private,BAC,integrity,20230424205135,200,,hamilton_edu_academic_integrity,,data/snapshots_raw/191515/integrity/hamilton_edu_academic_integrity__20230424205135.html,69829
Hamilton College,191515,NY,Private,BAC,integrity,20230617012424,200,,hamilton_edu_academic_integrity,,data/snapshots_raw/191515/integrity/hamilton_edu_academic_integrity__20230617012424.html,74090
Hamilton College,191515,NY,Private,BAC,integrity,20230826142201,200,,hamilton_edu_academic_integrity,,data/snapshots_raw/191515/integrity/hamilton_edu_academic_integrity__20230826142201.html,74100
Hamilton College,191515,NY,Private,BAC,integrity,20231026170652,200,,hamilton_edu_academic_integrity,,data/snapshots_raw/191515/integrity/hamilton_edu_academic_integrity__20231026170652.html,74135
Hamilton College,191515,NY,Private,BAC,integrity,20240326093243,200,,hamilton_edu_academic_integrity,,data/snapshots_raw/191515/integrity/hamilton_edu_academic_integrity__20240326093243.html,73760
Hamilton College,191515,NY,Private,BAC,integrity,20240620104319,200,,hamilton_edu_academic_integrity,,data/snapshots_raw/191515/integrity/hamilton_edu_academic_integrity__20240620104319.html,73752
Hamilton College,191515,NY,Private,BAC,integrity,20240911155723,200,,hamilton_edu_academic_integrity,,data/snapshots_raw/191515/integrity/hamilton_edu_academic_integrity__20240911155723.html,73516
Hamilton College,191515,NY,Private,BAC,integrity,20241228042057,200,,hamilton_edu_academic_integrity,,data/snapshots_raw/191515/integrity/hamilton_edu_academic_integrity__20241228042057.html,73531
Hamilton College,191515,NY,Private,BAC,integrity,20210225203146,200,,hamilton_edu_academic_integrity_resources,,data/snapshots_raw/191515/integrity/hamilton_edu_academic_integrity_resources__20210225203146.html,59204
Hamilton College,191515,NY,Private,BAC,integrity,20210325091343,200,,hamilton_edu_academic_integrity_resources,,data/snapshots_raw/191515/integrity/hamilton_edu_academic_integrity_resources__20210325091343.html,60023
Hamilton College,191515,NY,Private,BAC,integrity,20220625204523,200,,hamilton_edu_academic_integrity_resources,,data/snapshots_raw/191515/integrity/hamilton_edu_academic_integrity_resources__20220625204523.html,67889
Hamilton College,191515,NY,Private,BAC,integrity,20220727053700,200,,hamilton_edu_academic_integrity_resources,,data/snapshots_raw/191515/integrity/hamilton_edu_academic_integrity_resources__20220727053700.html,68083
Hamilton College,191515,NY,Private,BAC,integrity,20220926101811,200,,hamilton_edu_academic_integrity_resources,,data/snapshots_raw/191515/integrity/hamilton_edu_academic_integrity_resources__20220926101811.html,68394
Hamilton College,191515,NY,Private,BAC,integrity,20221126203900,200,,hamilton_edu_academic_integrity_resources,,data/snapshots_raw/191515/integrity/hamilton_edu_academic_integrity_resources__20221126203900.html,68906
Hamilton College,191515,NY,Private,BAC,integrity,20230228060342,200,,hamilton_edu_academic_integrity_resources,,data/snapshots_raw/191515/integrity/hamilton_edu_academic_integrity_resources__20230228060342.html,68905
Hamilton College,191515,NY,Private,BAC,integrity,20230426113209,200,,hamilton_edu_academic_integrity_resources,,data/snapshots_raw/191515/integrity/hamilton_edu_academic_integrity_resources__20230426113209.html,68897
Hamilton College,191515,NY,Private,BAC,integrity,20230628053518,200,,hamilton_edu_academic_integrity_resources,,data/snapshots_raw/191515/integrity/hamilton_edu_academic_integrity_resources__20230628053518.html,73157
Hamilton College,191515,NY,Private,BAC,integrity,20230925000149,200,,hamilton_edu_academic_integrity_resources,,data/snapshots_raw/191515/integrity/hamilton_edu_academic_integrity_resources__20230925000149.html,73213
Hamilton College,191515,NY,Private,BAC,integrity,20231230102417,200,,hamilton_edu_academic_integrity_resources,,data/snapshots_raw/191515/integrity/hamilton_edu_academic_integrity_resources__20231230102417.html,73587
Hamilton College,191515,NY,Private,BAC,integrity,20240327213009,200,,hamilton_edu_academic_integrity_resources,,data/snapshots_raw/191515/integrity/hamilton_edu_academic_integrity_resources__20240327213009.html,72838
Hamilton College,191515,NY,Private,BAC,integrity,20240710090104,200,,hamilton_edu_academic_integrity_resources,,data/snapshots_raw/191515/integrity/hamilton_edu_academic_integrity_resources__20240710090104.html,72830
Hamilton College,191515,NY,Private,BAC,integrity,20241029202149,200,,hamilton_edu_academic_integrity_resources,,data/snapshots_raw/191515/integrity/hamilton_edu_academic_integrity_resources__20241029202149.html,72602
Hamilton College,191515,NY,Private,BAC,integrity,20241009131739,200,,www_hamilton_edu_academic_integrity_home,,data/snapshots_raw/191515/integrity/www_hamilton_edu_academic_integrity_home__20241009131739.html,73534
Ithaca College,191968,NY,Private,M,integrity,20230325160505,200,,catalog_ithaca_edu_archive_2020_2021_graduate_music_conducting_mm,,data/snapshots_raw/191968/integrity/catalog_ithaca_edu_archive_2020_2021_graduate_music_conducting_mm__20230325160505.html,38148
Ithaca College,191968,NY,Private,M,integrity,20230325160159,200,,catalog_ithaca_edu_archive_2021_2022_graduate_music_conducting_mm,,data/snapshots_raw/191968/integrity/catalog_ithaca_edu_archive_2021_2022_graduate_music_conducting_mm__20230325160159.html,38621
New York University,193900,NY,Private,R1,integrity,20210109223110,200,,www_nyu_edu_about_policies_guidelines_compliance_policies_and_guidelines_academi,,data/snapshots_raw/193900/integrity/www_nyu_edu_about_policies_guidelines_compliance_policies_and_guidelines_academi__20210109223110.html,91822
New York University,193900,NY,Private,R1,integrity,20210412210624,200,,www_nyu_edu_about_policies_guidelines_compliance_policies_and_guidelines_academi,,data/snapshots_raw/193900/integrity/www_nyu_edu_about_policies_guidelines_compliance_policies_and_guidelines_academi__20210412210624.html,92290
New York University,193900,NY,Private,R1,integrity,20210618051742,200,,www_nyu_edu_about_policies_guidelines_compliance_policies_and_guidelines_academi,,data/snapshots_raw/193900/integrity/www_nyu_edu_about_policies_guidelines_compliance_policies_and_guidelines_academi__20210618051742.html,92698
New York University,193900,NY,Private,R1,integrity,20210920225105,200,,www_nyu_edu_about_policies_guidelines_compliance_policies_and_guidelines_academi,,data/snapshots_raw/193900/integrity/www_nyu_edu_about_policies_guidelines_compliance_policies_and_guidelines_academi__20210920225105.html,92815
New York University,193900,NY,Private,R1,integrity,20211025202652,200,,www_nyu_edu_about_policies_guidelines_compliance_policies_and_guidelines_academi,,data/snapshots_raw/193900/integrity/www_nyu_edu_about_policies_guidelines_compliance_policies_and_guidelines_academi__20211025202652.html,92845
New York University,193900,NY,Private,R1,integrity,20211108042458,200,,www_nyu_edu_about_policies_guidelines_compliance_policies_and_guidelines_academi,,data/snapshots_raw/193900/integrity/www_nyu_edu_about_policies_guidelines_compliance_policies_and_guidelines_academi__20211108042458.html,92849
New York University,193900,NY,Private,R1,integrity,20211129150023,200,,www_nyu_edu_about_policies_guidelines_compliance_policies_and_guidelines_academi,,data/snapshots_raw/193900/integrity/www_nyu_edu_about_policies_guidelines_compliance_policies_and_guidelines_academi__20211129150023.html,92928
New York University,193900,NY,Private,R1,integrity,20220111135839,200,,www_nyu_edu_about_policies_guidelines_compliance_policies_and_guidelines_academi,,data/snapshots_raw/193900/integrity/www_nyu_edu_about_policies_guidelines_compliance_policies_and_guidelines_academi__20220111135839.html,92966
New York University,193900,NY,Private,R1,integrity,20220219114213,200,,www_nyu_edu_about_policies_guidelines_compliance_policies_and_guidelines_academi,,data/snapshots_raw/193900/integrity/www_nyu_edu_about_policies_guidelines_compliance_policies_and_guidelines_academi__20220219114213.html,92640
New York University,193900,NY,Private,R1,integrity,20220528070134,200,,www_nyu_edu_about_policies_guidelines_compliance_policies_and_guidelines_academi,,data/snapshots_raw/193900/integrity/www_nyu_edu_about_policies_guidelines_compliance_policies_and_guidelines_academi__20220528070134.html,93005
New York University,193900,NY,Private,R1,integrity,20220817133637,200,,www_nyu_edu_about_policies_guidelines_compliance_policies_and_guidelines_academi,,data/snapshots_raw/193900/integrity/www_nyu_edu_about_policies_guidelines_compliance_policies_and_guidelines_academi__20220817133637.html,88752
New York University,193900,NY,Private,R1,integrity,20221002081454,200,,www_nyu_edu_about_policies_guidelines_compliance_policies_and_guidelines_academi,,data/snapshots_raw/193900/integrity/www_nyu_edu_about_policies_guidelines_compliance_policies_and_guidelines_academi__20221002081454.html,88996
New York University,193900,NY,Private,R1,integrity,20221209153258,200,,www_nyu_edu_about_policies_guidelines_compliance_policies_and_guidelines_academi,,data/snapshots_raw/193900/integrity/www_nyu_edu_about_policies_guidelines_compliance_policies_and_guidelines_academi__20221209153258.html,89130
New York University,193900,NY,Private,R1,integrity,20230329093251,200,,www_nyu_edu_about_policies_guidelines_compliance_policies_and_guidelines_academi,,data/snapshots_raw/193900/integrity/www_nyu_edu_about_policies_guidelines_compliance_policies_and_guidelines_academi__20230329093251.html,89434
New York University,193900,NY,Private,R1,integrity,20230929095933,200,,www_nyu_edu_about_policies_guidelines_compliance_policies_and_guidelines_academi,,data/snapshots_raw/193900/integrity/www_nyu_edu_about_policies_guidelines_compliance_policies_and_guidelines_academi__20230929095933.html,88854
New York University,193900,NY,Private,R1,integrity,20240225123540,200,,www_nyu_edu_about_policies_guidelines_compliance_policies_and_guidelines_academi,,data/snapshots_raw/193900/integrity/www_nyu_edu_about_policies_guidelines_compliance_policies_and_guidelines_academi__20240225123540.html,16934
New York University,193900,NY,Private,R1,integrity,20240318195340,200,,www_nyu_edu_about_policies_guidelines_compliance_policies_and_guidelines_academi,,data/snapshots_raw/193900/integrity/www_nyu_edu_about_policies_guidelines_compliance_policies_and_guidelines_academi__20240318195340.html,88940
New York University,193900,NY,Private,R1,integrity,20240318195345,200,,www_nyu_edu_about_policies_guidelines_compliance_policies_and_guidelines_academi,,data/snapshots_raw/193900/integrity/www_nyu_edu_about_policies_guidelines_compliance_policies_and_guidelines_academi__20240318195345.html,88940
New York University,193900,NY,Private,R1,integrity,20240712184351,200,,www_nyu_edu_about_policies_guidelines_compliance_policies_and_guidelines_academi,,data/snapshots_raw/193900/integrity/www_nyu_edu_about_policies_guidelines_compliance_policies_and_guidelines_academi__20240712184351.html,86968
Stony Brook University,196097,NY,Public,R1,ai,20240922220938,200,,www_stonybrook_edu_commcms_academic_integrity_generative_ai_index_php_accordion_,,data/snapshots_raw/196097/ai/www_stonybrook_edu_commcms_academic_integrity_generative_ai_index_php_accordion___20240922220938.html,5755
Stony Brook University,196097,NY,Public,R1,integrity,20210102202049,200,,www_stonybrook_edu_commcms_academic_integrity,,data/snapshots_raw/196097/integrity/www_stonybrook_edu_commcms_academic_integrity__20210102202049.html,5870
Stony Brook University,196097,NY,Public,R1,integrity,20210414114949,200,,www_stonybrook_edu_commcms_academic_integrity,,data/snapshots_raw/196097/integrity/www_stonybrook_edu_commcms_academic_integrity__20210414114949.html,28925
Stony Brook University,196097,NY,Public,R1,integrity,20210508013824,200,,www_stonybrook_edu_commcms_academic_integrity,,data/snapshots_raw/196097/integrity/www_stonybrook_edu_commcms_academic_integrity__20210508013824.html,5997
Stony Brook University,196097,NY,Public,R1,integrity,20210917060041,200,,www_stonybrook_edu_commcms_academic_integrity,,data/snapshots_raw/196097/integrity/www_stonybrook_edu_commcms_academic_integrity__20210917060041.html,29683
Stony Brook University,196097,NY,Public,R1,integrity,20220107001716,200,,www_stonybrook_edu_commcms_academic_integrity,,data/snapshots_raw/196097/integrity/www_stonybrook_edu_commcms_academic_integrity__20220107001716.html,32238
Stony Brook University,196097,NY,Public,R1,integrity,20220504190953,200,,www_stonybrook_edu_commcms_academic_integrity,,data/snapshots_raw/196097/integrity/www_stonybrook_edu_commcms_academic_integrity__20220504190953.html,6185
Stony Brook University,196097,NY,Public,R1,integrity,20221025221112,200,,www_stonybrook_edu_commcms_academic_integrity,,data/snapshots_raw/196097/integrity/www_stonybrook_edu_commcms_academic_integrity__20221025221112.html,29215
Stony Brook University,196097,NY,Public,R1,integrity,20230201011730,200,,www_stonybrook_edu_commcms_academic_integrity,,data/snapshots_raw/196097/integrity/www_stonybrook_edu_commcms_academic_integrity__20230201011730.html,26614
Stony Brook University,196097,NY,Public,R1,integrity,20230321140450,200,,www_stonybrook_edu_commcms_academic_integrity,,data/snapshots_raw/196097/integrity/www_stonybrook_edu_commcms_academic_integrity__20230321140450.html,5933
Stony Brook University,196097,NY,Public,R1,integrity,20230401200758,200,,www_stonybrook_edu_commcms_academic_integrity,,data/snapshots_raw/196097/integrity/www_stonybrook_edu_commcms_academic_integrity__20230401200758.html,26447
Stony Brook University,196097,NY,Public,R1,integrity,20230802104605,200,,www_stonybrook_edu_commcms_academic_integrity,,data/snapshots_raw/196097/integrity/www_stonybrook_edu_commcms_academic_integrity__20230802104605.html,26447
Stony Brook University,196097,NY,Public,R1,integrity,20230902022155,200,,www_stonybrook_edu_commcms_academic_integrity,,data/snapshots_raw/196097/integrity/www_stonybrook_edu_commcms_academic_integrity__20230902022155.html,26400
Stony Brook University,196097,NY,Public,R1,integrity,20240102163704,200,,www_stonybrook_edu_commcms_academic_integrity,,data/snapshots_raw/196097/integrity/www_stonybrook_edu_commcms_academic_integrity__20240102163704.html,26671
Stony Brook University,196097,NY,Public,R1,integrity,20240202051941,200,,www_stonybrook_edu_commcms_academic_integrity,,data/snapshots_raw/196097/integrity/www_stonybrook_edu_commcms_academic_integrity__20240202051941.html,26671
Stony Brook University,196097,NY,Public,R1,integrity,20240402133256,200,,www_stonybrook_edu_commcms_academic_integrity,,data/snapshots_raw/196097/integrity/www_stonybrook_edu_commcms_academic_integrity__20240402133256.html,26400
Stony Brook University,196097,NY,Public,R1,integrity,20240602010718,200,,www_stonybrook_edu_commcms_academic_integrity,,data/snapshots_raw/196097/integrity/www_stonybrook_edu_commcms_academic_integrity__20240602010718.html,26811
Stony Brook University,196097,NY,Public,R1,integrity,20240702204937,200,,www_stonybrook_edu_commcms_academic_integrity,,data/snapshots_raw/196097/integrity/www_stonybrook_edu_commcms_academic_integrity__20240702204937.html,27122
Stony Brook University,196097,NY,Public,R1,integrity,20240909123731,200,,www_stonybrook_edu_commcms_academic_integrity,,data/snapshots_raw/196097/integrity/www_stonybrook_edu_commcms_academic_integrity__20240909123731.html,6087
Stony Brook University,196097,NY,Public,R1,integrity,20221014100429,200,,www_stonybrook_edu_commcms_academic_integrity_index_ht,,data/snapshots_raw/196097/integrity/www_stonybrook_edu_commcms_academic_integrity_index_ht__20221014100429.html,29683
Stony Brook University,196097,NY,Public,R1,integrity,20210426220102,200,,www_stonybrook_edu_commcms_academic_integrity_policies,,data/snapshots_raw/196097/integrity/www_stonybrook_edu_commcms_academic_integrity_policies__20210426220102.html,58232
Yeshiva University,197708,NY,Private,R2,integrity,20230105100257,200,,www_yu_edu_academic_integrity,,data/snapshots_raw/197708/integrity/www_yu_edu_academic_integrity__20230105100257.html,112169
Yeshiva University,197708,NY,Private,R2,integrity,20230109140842,200,,www_yu_edu_academic_integrity,,data/snapshots_raw/197708/integrity/www_yu_edu_academic_integrity__20230109140842.html,112169
Yeshiva University,197708,NY,Private,R2,integrity,20230111025404,200,,www_yu_edu_academic_integrity,,data/snapshots_raw/197708/integrity/www_yu_edu_academic_integrity__20230111025404.html,34322
Yeshiva University,197708,NY,Private,R2,integrity,20230120202129,200,,www_yu_edu_academic_integrity,,data/snapshots_raw/197708/integrity/www_yu_edu_academic_integrity__20230120202129.html,116019
Yeshiva University,197708,NY,Private,R2,integrity,20230327003602,200,,www_yu_edu_academic_integrity,,data/snapshots_raw/197708/integrity/www_yu_edu_academic_integrity__20230327003602.html,111567
Yeshiva University,197708,NY,Private,R2,integrity,20231002174900,200,,www_yu_edu_academic_integrity,,data/snapshots_raw/197708/integrity/www_yu_edu_academic_integrity__20231002174900.html,110348
Yeshiva University,197708,NY,Private,R2,integrity,20231101212745,200,,www_yu_edu_academic_integrity,,data/snapshots_raw/197708/integrity/www_yu_edu_academic_integrity__20231101212745.html,33986
Yeshiva University,197708,NY,Private,R2,integrity,20240226072205,200,,www_yu_edu_academic_integrity,,data/snapshots_raw/197708/integrity/www_yu_edu_academic_integrity__20240226072205.html,112535
Yeshiva University,197708,NY,Private,R2,integrity,20240605062801,200,,www_yu_edu_academic_integrity,,data/snapshots_raw/197708/integrity/www_yu_edu_academic_integrity__20240605062801.html,76112
Yeshiva University,197708,NY,Private,R2,integrity,20240912122248,200,,www_yu_edu_academic_integrity,,data/snapshots_raw/197708/integrity/www_yu_edu_academic_integrity__20240912122248.html,76553
Yeshiva University,197708,NY,Private,R2,integrity,20241206213153,200,,www_yu_edu_academic_integrity,,data/snapshots_raw/197708/integrity/www_yu_edu_academic_integrity__20241206213153.html,76908
Yeshiva University,197708,NY,Private,R2,integrity,20250101022621,200,,www_yu_edu_academic_integrity,,data/snapshots_raw/197708/integrity/www_yu_edu_academic_integrity__20250101022621.html,20037
Yeshiva University,197708,NY,Private,R2,integrity,20240808104042,200,,www_yu_edu_academic_integrity_committee,,data/snapshots_raw/197708/integrity/www_yu_edu_academic_integrity_committee__20240808104042.html,42629
Yeshiva University,197708,NY,Private,R2,integrity,20240818020033,200,,www_yu_edu_academic_integrity_committee,,data/snapshots_raw/197708/integrity/www_yu_edu_academic_integrity_committee__20240818020033.html,42482
Yeshiva University,197708,NY,Private,R2,integrity,20240818031547,200,,www_yu_edu_academic_integrity_resources,,data/snapshots_raw/197708/integrity/www_yu_edu_academic_integrity_resources__20240818031547.html,55867
Davidson College,198385,NC,Private,BAC,integrity,20210227125551,200,,www_davidson_edu_about_distinctly_davidson_honor_code,,data/snapshots_raw/198385/integrity/www_davidson_edu_about_distinctly_davidson_honor_code__20210227125551.html,80638
Davidson College,198385,NC,Private,BAC,integrity,20210408074949,200,,www_davidson_edu_about_distinctly_davidson_honor_code,,data/snapshots_raw/198385/integrity/www_davidson_edu_about_distinctly_davidson_honor_code__20210408074949.html,24070
Davidson College,198385,NC,Private,BAC,integrity,20210414222048,200,,www_davidson_edu_about_distinctly_davidson_honor_code,,data/snapshots_raw/198385/integrity/www_davidson_edu_about_distinctly_davidson_honor_code__20210414222048.html,81423
Davidson College,198385,NC,Private,BAC,integrity,20210430034025,200,,www_davidson_edu_about_distinctly_davidson_honor_code,,data/snapshots_raw/198385/integrity/www_davidson_edu_about_distinctly_davidson_honor_code__20210430034025.html,24078
Davidson College,198385,NC,Private,BAC,integrity,20210520234941,200,,www_davidson_edu_about_distinctly_davidson_honor_code,,data/snapshots_raw/198385/integrity/www_davidson_edu_about_distinctly_davidson_honor_code__20210520234941.html,81456
Davidson College,198385,NC,Private,BAC,integrity,20210601072629,200,,www_davidson_edu_about_distinctly_davidson_honor_code,,data/snapshots_raw/198385/integrity/www_davidson_edu_about_distinctly_davidson_honor_code__20210601072629.html,24170
Davidson College,198385,NC,Private,BAC,integrity,20210924155948,200,,www_davidson_edu_about_distinctly_davidson_honor_code,,data/snapshots_raw/198385/integrity/www_davidson_edu_about_distinctly_davidson_honor_code__20210924155948.html,83503
Davidson College,198385,NC,Private,BAC,integrity,20211021021955,200,,www_davidson_edu_about_distinctly_davidson_honor_code,,data/snapshots_raw/198385/integrity/www_davidson_edu_about_distinctly_davidson_honor_code__20211021021955.html,83815
Davidson College,198385,NC,Private,BAC,integrity,20211106122547,200,,www_davidson_edu_about_distinctly_davidson_honor_code,,data/snapshots_raw/198385/integrity/www_davidson_edu_about_distinctly_davidson_honor_code__20211106122547.html,83815
Davidson College,198385,NC,Private,BAC,integrity,20220224230314,200,,www_davidson_edu_about_distinctly_davidson_honor_code,,data/snapshots_raw/198385/integrity/www_davidson_edu_about_distinctly_davidson_honor_code__20220224230314.html,85326
Davidson College,198385,NC,Private,BAC,integrity,20220519044502,200,,www_davidson_edu_about_distinctly_davidson_honor_code,,data/snapshots_raw/198385/integrity/www_davidson_edu_about_distinctly_davidson_honor_code__20220519044502.html,86358
Davidson College,198385,NC,Private,BAC,integrity,20221208185200,200,,www_davidson_edu_about_distinctly_davidson_honor_code,,data/snapshots_raw/198385/integrity/www_davidson_edu_about_distinctly_davidson_honor_code__20221208185200.html,110841
Davidson College,198385,NC,Private,BAC,integrity,20230327031615,200,,www_davidson_edu_about_distinctly_davidson_honor_code,,data/snapshots_raw/198385/integrity/www_davidson_edu_about_distinctly_davidson_honor_code__20230327031615.html,112906
Davidson College,198385,NC,Private,BAC,integrity,20230401174729,200,,www_davidson_edu_about_distinctly_davidson_honor_code,,data/snapshots_raw/198385/integrity/www_davidson_edu_about_distinctly_davidson_honor_code__20230401174729.html,108982
Davidson College,198385,NC,Private,BAC,integrity,20230429220026,200,,www_davidson_edu_about_distinctly_davidson_honor_code,,data/snapshots_raw/198385/integrity/www_davidson_edu_about_distinctly_davidson_honor_code__20230429220026.html,32925
Davidson College,198385,NC,Private,BAC,integrity,20230513190926,200,,www_davidson_edu_about_distinctly_davidson_honor_code,,data/snapshots_raw/198385/integrity/www_davidson_edu_about_distinctly_davidson_honor_code__20230513190926.html,31844
Davidson College,198385,NC,Private,BAC,integrity,20231001143611,200,,www_davidson_edu_about_distinctly_davidson_honor_code,,data/snapshots_raw/198385/integrity/www_davidson_edu_about_distinctly_davidson_honor_code__20231001143611.html,94767
Davidson College,198385,NC,Private,BAC,integrity,20231021080637,200,,www_davidson_edu_about_distinctly_davidson_honor_code,,data/snapshots_raw/198385/integrity/www_davidson_edu_about_distinctly_davidson_honor_code__20231021080637.html,28356
Davidson College,198385,NC,Private,BAC,integrity,20240226215141,200,,www_davidson_edu_about_distinctly_davidson_honor_code,,data/snapshots_raw/198385/integrity/www_davidson_edu_about_distinctly_davidson_honor_code__20240226215141.html,29303
Duke University,198419,NC,Private,R1,ai,20230911184647,200,,learninginnovation_duke_edu_ai_and_teaching_at_duke_2,,data/snapshots_raw/198419/ai/learninginnovation_duke_edu_ai_and_teaching_at_duke_2__20230911184647.html,22388
Duke University,198419,NC,Private,R1,ai,20230912000647,200,,learninginnovation_duke_edu_ai_and_teaching_at_duke_2,,data/snapshots_raw/198419/ai/learninginnovation_duke_edu_ai_and_teaching_at_duke_2__20230912000647.html,22387
Duke University,198419,NC,Private,R1,ai,20230923073759,200,,learninginnovation_duke_edu_ai_and_teaching_at_duke_2,,data/snapshots_raw/198419/ai/learninginnovation_duke_edu_ai_and_teaching_at_duke_2__20230923073759.html,93062
Duke University,198419,NC,Private,R1,ai,20231003042627,200,,learninginnovation_duke_edu_ai_and_teaching_at_duke_2,,data/snapshots_raw/198419/ai/learninginnovation_duke_edu_ai_and_teaching_at_duke_2__20231003042627.html,98811
Duke University,198419,NC,Private,R1,ai,20240116012856,200,,learninginnovation_duke_edu_ai_and_teaching_at_duke_2,,data/snapshots_raw/198419/ai/learninginnovation_duke_edu_ai_and_teaching_at_duke_2__20240116012856.html,23171
Duke University,198419,NC,Private,R1,ai,20240202023347,200,,learninginnovation_duke_edu_ai_and_teaching_at_duke_2,,data/snapshots_raw/198419/ai/learninginnovation_duke_edu_ai_and_teaching_at_duke_2__20240202023347.html,98180
Duke University,198419,NC,Private,R1,ai,20240301141644,200,,learninginnovation_duke_edu_ai_and_teaching_at_duke_2,,data/snapshots_raw/198419/ai/learninginnovation_duke_edu_ai_and_teaching_at_duke_2__20240301141644.html,99141
Duke University,198419,NC,Private,R1,ai,20240303101444,200,,learninginnovation_duke_edu_ai_and_teaching_at_duke_2,,data/snapshots_raw/198419/ai/learninginnovation_duke_edu_ai_and_teaching_at_duke_2__20240303101444.html,99301
Duke University,198419,NC,Private,R1,ai,20240315074933,200,,learninginnovation_duke_edu_ai_and_teaching_at_duke_2,,data/snapshots_raw/198419/ai/learninginnovation_duke_edu_ai_and_teaching_at_duke_2__20240315074933.html,23130
Duke University,198419,NC,Private,R1,ai,20240612213609,200,,learninginnovation_duke_edu_ai_and_teaching_at_duke_2,,data/snapshots_raw/198419/ai/learninginnovation_duke_edu_ai_and_teaching_at_duke_2__20240612213609.html,102527
Duke University,198419,NC,Private,R1,ai,20230911205544,200,,learninginnovation_duke_edu_ai_and_teaching_at_duke_2_artificial_intelligence_an,,data/snapshots_raw/198419/ai/learninginnovation_duke_edu_ai_and_teaching_at_duke_2_artificial_intelligence_an__20230911205544.html,19072
Duke University,198419,NC,Private,R1,ai,20230923140221,200,,learninginnovation_duke_edu_ai_and_teaching_at_duke_2_artificial_intelligence_an,,data/snapshots_raw/198419/ai/learninginnovation_duke_edu_ai_and_teaching_at_duke_2_artificial_intelligence_an__20230923140221.html,70213
Duke University,198419,NC,Private,R1,ai,20231026122203,200,,learninginnovation_duke_edu_ai_and_teaching_at_duke_2_artificial_intelligence_an,,data/snapshots_raw/198419/ai/learninginnovation_duke_edu_ai_and_teaching_at_duke_2_artificial_intelligence_an__20231026122203.html,70282
Duke University,198419,NC,Private,R1,ai,20240202172615,200,,learninginnovation_duke_edu_ai_and_teaching_at_duke_2_artificial_intelligence_an,,data/snapshots_raw/198419/ai/learninginnovation_duke_edu_ai_and_teaching_at_duke_2_artificial_intelligence_an__20240202172615.html,70816
Duke University,198419,NC,Private,R1,ai,20240315073616,200,,learninginnovation_duke_edu_ai_and_teaching_at_duke_2_artificial_intelligence_an,,data/snapshots_raw/198419/ai/learninginnovation_duke_edu_ai_and_teaching_at_duke_2_artificial_intelligence_an__20240315073616.html,19179
Duke University,198419,NC,Private,R1,ai,20240413121744,200,,learninginnovation_duke_edu_ai_and_teaching_at_duke_2_artificial_intelligence_an,,data/snapshots_raw/198419/ai/learninginnovation_duke_edu_ai_and_teaching_at_duke_2_artificial_intelligence_an__20240413121744.html,71971
Duke University,198419,NC,Private,R1,ai,20230911195624,200,,learninginnovation_duke_edu_ai_and_teaching_at_duke_2_artificial_intelligence_po,,data/snapshots_raw/198419/ai/learninginnovation_duke_edu_ai_and_teaching_at_duke_2_artificial_intelligence_po__20230911195624.html,18577
Duke University,198419,NC,Private,R1,ai,20230912002308,200,,learninginnovation_duke_edu_ai_and_teaching_at_duke_2_artificial_intelligence_po,,data/snapshots_raw/198419/ai/learninginnovation_duke_edu_ai_and_teaching_at_duke_2_artificial_intelligence_po__20230912002308.html,18576
Duke University,198419,NC,Private,R1,ai,20230923153001,200,,learninginnovation_duke_edu_ai_and_teaching_at_duke_2_artificial_intelligence_po,,data/snapshots_raw/198419/ai/learninginnovation_duke_edu_ai_and_teaching_at_duke_2_artificial_intelligence_po__20230923153001.html,67761
Duke University,198419,NC,Private,R1,ai,20231026140300,200,,learninginnovation_duke_edu_ai_and_teaching_at_duke_2_artificial_intelligence_po,,data/snapshots_raw/198419/ai/learninginnovation_duke_edu_ai_and_teaching_at_duke_2_artificial_intelligence_po__20231026140300.html,67794
Duke University,198419,NC,Private,R1,ai,20231204054842,200,,learninginnovation_duke_edu_ai_and_teaching_at_duke_2_artificial_intelligence_po,,data/snapshots_raw/198419/ai/learninginnovation_duke_edu_ai_and_teaching_at_duke_2_artificial_intelligence_po__20231204054842.html,67403
Duke University,198419,NC,Private,R1,ai,20240119085349,200,,learninginnovation_duke_edu_ai_and_teaching_at_duke_2_artificial_intelligence_po,,data/snapshots_raw/198419/ai/learninginnovation_duke_edu_ai_and_teaching_at_duke_2_artificial_intelligence_po__20240119085349.html,67319
Duke University,198419,NC,Private,R1,ai,20240205045730,200,,learninginnovation_duke_edu_ai_and_teaching_at_duke_2_artificial_intelligence_po,,data/snapshots_raw/198419/ai/learninginnovation_duke_edu_ai_and_teaching_at_duke_2_artificial_intelligence_po__20240205045730.html,68041
Duke University,198419,NC,Private,R1,ai,20240305133726,200,,learninginnovation_duke_edu_ai_and_teaching_at_duke_2_artificial_intelligence_po,,data/snapshots_raw/198419/ai/learninginnovation_duke_edu_ai_and_teaching_at_duke_2_artificial_intelligence_po__20240305133726.html,69117
Duke University,198419,NC,Private,R1,ai,20240413120230,200,,learninginnovation_duke_edu_ai_and_teaching_at_duke_2_artificial_intelligence_po,,data/snapshots_raw/198419/ai/learninginnovation_duke_edu_ai_and_teaching_at_duke_2_artificial_intelligence_po__20240413120230.html,69212
Duke University,198419,NC,Private,R1,ai,20240416163430,200,,learninginnovation_duke_edu_ai_and_teaching_at_duke_2_artificial_intelligence_po,,data/snapshots_raw/198419/ai/learninginnovation_duke_edu_ai_and_teaching_at_duke_2_artificial_intelligence_po__20240416163430.html,18578
Duke University,198419,NC,Private,R1,integrity,20210505232320,200,,integrity_duke_edu,,data/snapshots_raw/198419/integrity/integrity_duke_edu__20210505232320.html,7763
Duke University,198419,NC,Private,R1,integrity,20210225230454,200,,integrity_duke_edu_new_html,,data/snapshots_raw/198419/integrity/integrity_duke_edu_new_html__20210225230454.html,4120
Duke University,198419,NC,Private,R1,integrity,20210225235456,200,,integrity_duke_edu_ugrad,,data/snapshots_raw/198419/integrity/integrity_duke_edu_ugrad__20210225235456.html,7648
North Carolina State University,199193,NC,Public,R1,integrity,20231208171022,200,,studentconduct_dasa_ncsu_edu_academic_integrity_module,,data/snapshots_raw/199193/integrity/studentconduct_dasa_ncsu_edu_academic_integrity_module__20231208171022.html,96229
North Carolina State University,199193,NC,Public,R1,integrity,20240523071708,200,,studentconduct_dasa_ncsu_edu_academic_integrity_module,,data/snapshots_raw/199193/integrity/studentconduct_dasa_ncsu_edu_academic_integrity_module__20240523071708.html,96348
North Carolina State University,199193,NC,Public,R1,integrity,20240607012329,200,,studentconduct_dasa_ncsu_edu_academic_integrity_module,,data/snapshots_raw/199193/integrity/studentconduct_dasa_ncsu_edu_academic_integrity_module__20240607012329.html,96348
North Carolina State University,199193,NC,Public,R1,integrity,20240809225512,200,,studentconduct_dasa_ncsu_edu_academic_integrity_module,,data/snapshots_raw/199193/integrity/studentconduct_dasa_ncsu_edu_academic_integrity_module__20240809225512.html,96348
North Carolina State University,199193,NC,Public,R1,integrity,20241208163428,200,,studentconduct_dasa_ncsu_edu_academic_integrity_module,,data/snapshots_raw/199193/integrity/studentconduct_dasa_ncsu_edu_academic_integrity_module__20241208163428.html,96428
North Carolina State University,199193,NC,Public,R1,integrity,20210413194250,200,,studentconduct_dasa_ncsu_edu_academic_integrity_overview,,data/snapshots_raw/199193/integrity/studentconduct_dasa_ncsu_edu_academic_integrity_overview__20210413194250.html,44425
North Carolina State University,199193,NC,Public,R1,integrity,20210518222327,200,,studentconduct_dasa_ncsu_edu_academic_integrity_overview,,data/snapshots_raw/199193/integrity/studentconduct_dasa_ncsu_edu_academic_integrity_overview__20210518222327.html,44425
North Carolina State University,199193,NC,Public,R1,integrity,20211104143822,200,,studentconduct_dasa_ncsu_edu_academic_integrity_overview,,data/snapshots_raw/199193/integrity/studentconduct_dasa_ncsu_edu_academic_integrity_overview__20211104143822.html,44739
North Carolina State University,199193,NC,Public,R1,integrity,20220330072326,200,,studentconduct_dasa_ncsu_edu_academic_integrity_overview,,data/snapshots_raw/199193/integrity/studentconduct_dasa_ncsu_edu_academic_integrity_overview__20220330072326.html,14056
North Carolina State University,199193,NC,Public,R1,integrity,20230329152014,200,,studentconduct_dasa_ncsu_edu_academic_integrity_overview,,data/snapshots_raw/199193/integrity/studentconduct_dasa_ncsu_edu_academic_integrity_overview__20230329152014.html,100805
North Carolina State University,199193,NC,Public,R1,integrity,20231208144937,200,,studentconduct_dasa_ncsu_edu_academic_integrity_overview,,data/snapshots_raw/199193/integrity/studentconduct_dasa_ncsu_edu_academic_integrity_overview__20231208144937.html,85888
North Carolina State University,199193,NC,Public,R1,integrity,20240614205122,200,,studentconduct_dasa_ncsu_edu_academic_integrity_overview,,data/snapshots_raw/199193/integrity/studentconduct_dasa_ncsu_edu_academic_integrity_overview__20240614205122.html,85709
North Carolina State University,199193,NC,Public,R1,integrity,20240826170015,200,,studentconduct_dasa_ncsu_edu_academic_integrity_overview,,data/snapshots_raw/199193/integrity/studentconduct_dasa_ncsu_edu_academic_integrity_overview__20240826170015.html,20573
North Carolina State University,199193,NC,Public,R1,integrity,20240917142252,200,,studentconduct_dasa_ncsu_edu_academic_integrity_overview,,data/snapshots_raw/199193/integrity/studentconduct_dasa_ncsu_edu_academic_integrity_overview__20240917142252.html,20577
North Carolina State University,199193,NC,Public,R1,integrity,20241008202538,200,,studentconduct_dasa_ncsu_edu_academic_integrity_overview,,data/snapshots_raw/199193/integrity/studentconduct_dasa_ncsu_edu_academic_integrity_overview__20241008202538.html,85728
North Carolina State University,199193,NC,Public,R1,integrity,20241229184633,200,,studentconduct_dasa_ncsu_edu_academic_integrity_overview,,data/snapshots_raw/199193/integrity/studentconduct_dasa_ncsu_edu_academic_integrity_overview__20241229184633.html,20658
Case Western Reserve University,201645,OH,Private,R1,ai,20240707120345,200,,catalog_case_edu_search_searchtype_d_searcharg_Artificial_intelligence_sortdropd,,data/snapshots_raw/201645/ai/catalog_case_edu_search_searchtype_d_searcharg_Artificial_intelligence_sortdropd__20240707120345.html,93371
Kent State University,203447,OH,Public,R1,ai,20210507183001,200,,catalog_kent_edu_colleges_as_cs_artificial_intelligence_ms,,data/snapshots_raw/203447/ai/catalog_kent_edu_colleges_as_cs_artificial_intelligence_ms__20210507183001.html,112012
Kent State University,203447,OH,Public,R1,ai,20210922043000,200,,catalog_kent_edu_colleges_as_cs_artificial_intelligence_ms,,data/snapshots_raw/203447/ai/catalog_kent_edu_colleges_as_cs_artificial_intelligence_ms__20210922043000.html,112328
Kent State University,203447,OH,Public,R1,ai,20220120194401,200,,catalog_kent_edu_colleges_as_cs_artificial_intelligence_ms,,data/snapshots_raw/203447/ai/catalog_kent_edu_colleges_as_cs_artificial_intelligence_ms__20220120194401.html,112995
Kent State University,203447,OH,Public,R1,ai,20220626103240,200,,catalog_kent_edu_colleges_as_cs_artificial_intelligence_ms,,data/snapshots_raw/203447/ai/catalog_kent_edu_colleges_as_cs_artificial_intelligence_ms__20220626103240.html,118738
Kent State University,203447,OH,Public,R1,ai,20220926190129,200,,catalog_kent_edu_colleges_as_cs_artificial_intelligence_ms,,data/snapshots_raw/203447/ai/catalog_kent_edu_colleges_as_cs_artificial_intelligence_ms__20220926190129.html,118755
Kent State University,203447,OH,Public,R1,ai,20221203050325,200,,catalog_kent_edu_colleges_as_cs_artificial_intelligence_ms,,data/snapshots_raw/203447/ai/catalog_kent_edu_colleges_as_cs_artificial_intelligence_ms__20221203050325.html,118838
Kent State University,203447,OH,Public,R1,ai,20230331184333,200,,catalog_kent_edu_colleges_as_cs_artificial_intelligence_ms,,data/snapshots_raw/203447/ai/catalog_kent_edu_colleges_as_cs_artificial_intelligence_ms__20230331184333.html,119080
Kent State University,203447,OH,Public,R1,ai,20230929001321,200,,catalog_kent_edu_colleges_as_cs_artificial_intelligence_ms,,data/snapshots_raw/203447/ai/catalog_kent_edu_colleges_as_cs_artificial_intelligence_ms__20230929001321.html,125965
Kent State University,203447,OH,Public,R1,integrity,20220120210306,200,,catalog_kent_edu_colleges_ca_mus_conducting_mm,,data/snapshots_raw/203447/integrity/catalog_kent_edu_colleges_ca_mus_conducting_mm__20220120210306.html,118427
Kent State University,203447,OH,Public,R1,integrity,20220626114409,200,,catalog_kent_edu_colleges_ca_mus_conducting_mm,,data/snapshots_raw/203447/integrity/catalog_kent_edu_colleges_ca_mus_conducting_mm__20220626114409.html,126216
Kent State University,203447,OH,Public,R1,integrity,20220928163904,200,,catalog_kent_edu_colleges_ca_mus_conducting_mm,,data/snapshots_raw/203447/integrity/catalog_kent_edu_colleges_ca_mus_conducting_mm__20220928163904.html,126233
Kent State University,203447,OH,Public,R1,integrity,20221014012722,200,,catalog_kent_edu_colleges_ca_mus_conducting_mm,,data/snapshots_raw/203447/integrity/catalog_kent_edu_colleges_ca_mus_conducting_mm__20221014012722.html,126316
Kent State University,203447,OH,Public,R1,integrity,20230207212937,200,,catalog_kent_edu_colleges_ca_mus_conducting_mm,,data/snapshots_raw/203447/integrity/catalog_kent_edu_colleges_ca_mus_conducting_mm__20230207212937.html,126558
Kent State University,203447,OH,Public,R1,integrity,20230519041001,200,,catalog_kent_edu_colleges_ca_mus_conducting_mm,,data/snapshots_raw/203447/integrity/catalog_kent_edu_colleges_ca_mus_conducting_mm__20230519041001.html,126558
Kent State University,203447,OH,Public,R1,integrity,20230605134010,200,,catalog_kent_edu_colleges_ca_mus_conducting_mm,,data/snapshots_raw/203447/integrity/catalog_kent_edu_colleges_ca_mus_conducting_mm__20230605134010.html,130111
Kent State University,203447,OH,Public,R1,integrity,20240301043135,200,,catalog_kent_edu_colleges_ca_mus_conducting_mm,,data/snapshots_raw/203447/integrity/catalog_kent_edu_colleges_ca_mus_conducting_mm__20240301043135.html,129845
Kent State University,203447,OH,Public,R1,integrity,20240616131445,200,,catalog_kent_edu_colleges_hc_honors_program,,data/snapshots_raw/203447/integrity/catalog_kent_edu_colleges_hc_honors_program__20240616131445.html,114584
Kent State University,203447,OH,Public,R1,integrity,20240818093925,200,,catalog_kent_edu_colleges_hc_honors_program,,data/snapshots_raw/203447/integrity/catalog_kent_edu_colleges_hc_honors_program__20240818093925.html,114588
Oregon State University,209542,OR,Public,R1,ai,20210622144033,200,,catalog_oregonstate_edu_courses_ai,,data/snapshots_raw/209542/ai/catalog_oregonstate_edu_courses_ai__20210622144033.html,29546
Oregon State University,209542,OR,Public,R1,ai,20231004131540,200,,catalog_oregonstate_edu_courses_ai,,data/snapshots_raw/209542/ai/catalog_oregonstate_edu_courses_ai__20231004131540.html,30590
Oregon State University,209542,OR,Public,R1,ai,20240221045206,200,,catalog_oregonstate_edu_courses_ai,,data/snapshots_raw/209542/ai/catalog_oregonstate_edu_courses_ai__20240221045206.html,30596
Oregon State University,209542,OR,Public,R1,integrity,20240723222749,200,,catalog_oregonstate_edu_archives_2018_2019_college_departments_honors,,data/snapshots_raw/209542/integrity/catalog_oregonstate_edu_archives_2018_2019_college_departments_honors__20240723222749.html,361671
Oregon State University,209542,OR,Public,R1,integrity,20210127174254,200,,catalog_oregonstate_edu_college_departments_honors,,data/snapshots_raw/209542/integrity/catalog_oregonstate_edu_college_departments_honors__20210127174254.html,391868
Oregon State University,209542,OR,Public,R1,integrity,20210413090609,200,,catalog_oregonstate_edu_college_departments_honors,,data/snapshots_raw/209542/integrity/catalog_oregonstate_edu_college_departments_honors__20210413090609.html,400414
Oregon State University,209542,OR,Public,R1,integrity,20210725003344,200,,catalog_oregonstate_edu_college_departments_honors,,data/snapshots_raw/209542/integrity/catalog_oregonstate_edu_college_departments_honors__20210725003344.html,406251
Oregon State University,209542,OR,Public,R1,integrity,20211022231954,200,,catalog_oregonstate_edu_college_departments_honors,,data/snapshots_raw/209542/integrity/catalog_oregonstate_edu_college_departments_honors__20211022231954.html,408611
Oregon State University,209542,OR,Public,R1,integrity,20211122000340,200,,catalog_oregonstate_edu_college_departments_honors,,data/snapshots_raw/209542/integrity/catalog_oregonstate_edu_college_departments_honors__20211122000340.html,409819
Oregon State University,209542,OR,Public,R1,integrity,20220521194306,200,,catalog_oregonstate_edu_college_departments_honors,,data/snapshots_raw/209542/integrity/catalog_oregonstate_edu_college_departments_honors__20220521194306.html,415256
Oregon State University,209542,OR,Public,R1,integrity,20221202002209,200,,catalog_oregonstate_edu_college_departments_honors,,data/snapshots_raw/209542/integrity/catalog_oregonstate_edu_college_departments_honors__20221202002209.html,415817
Oregon State University,209542,OR,Public,R1,integrity,20230321114923,200,,catalog_oregonstate_edu_college_departments_honors,,data/snapshots_raw/209542/integrity/catalog_oregonstate_edu_college_departments_honors__20230321114923.html,418383
Oregon State University,209542,OR,Public,R1,integrity,20231004141156,200,,catalog_oregonstate_edu_college_departments_honors,,data/snapshots_raw/209542/integrity/catalog_oregonstate_edu_college_departments_honors__20231004141156.html,418219
Oregon State University,209542,OR,Public,R1,integrity,20231213053825,200,,catalog_oregonstate_edu_college_departments_honors,,data/snapshots_raw/209542/integrity/catalog_oregonstate_edu_college_departments_honors__20231213053825.html,425445
Oregon State University,209542,OR,Public,R1,integrity,20240520221014,200,,catalog_oregonstate_edu_college_departments_honors,,data/snapshots_raw/209542/integrity/catalog_oregonstate_edu_college_departments_honors__20240520221014.html,433151
Oregon State University,209542,OR,Public,R1,integrity,20240723213917,200,,catalog_oregonstate_edu_college_departments_honors,,data/snapshots_raw/209542/integrity/catalog_oregonstate_edu_college_departments_honors__20240723213917.html,444143
Oregon State University,209542,OR,Public,R1,integrity,20210420014450,200,,catalog_oregonstate_edu_syllabi_commontext_conduct,,data/snapshots_raw/209542/integrity/catalog_oregonstate_edu_syllabi_commontext_conduct__20210420014450.html,12591
Oregon State University,209542,OR,Public,R1,integrity,20220812094314,200,,catalog_oregonstate_edu_syllabi_commontext_conduct,,data/snapshots_raw/209542/integrity/catalog_oregonstate_edu_syllabi_commontext_conduct__20220812094314.html,8335
Oregon State University,209542,OR,Public,R1,integrity,20231004104121,200,,catalog_oregonstate_edu_syllabi_commontext_conduct,,data/snapshots_raw/209542/integrity/catalog_oregonstate_edu_syllabi_commontext_conduct__20231004104121.html,8335
Bucknell University,211291,PA,Private,BAC,ai,20210419192904,200,,catalog_bucknell_edu_tags_artificial_intelligence,,data/snapshots_raw/211291/ai/catalog_bucknell_edu_tags_artificial_intelligence__20210419192904.html,75819
Bucknell University,211291,PA,Private,BAC,ai,20210805101416,200,,catalog_bucknell_edu_tags_artificial_intelligence,,data/snapshots_raw/211291/ai/catalog_bucknell_edu_tags_artificial_intelligence__20210805101416.html,76703
Bucknell University,211291,PA,Private,BAC,ai,20211021195952,200,,catalog_bucknell_edu_title_saikosai_chokan_no_sengoshi_oclc_15392354_tags,,data/snapshots_raw/211291/ai/catalog_bucknell_edu_title_saikosai_chokan_no_sengoshi_oclc_15392354_tags__20211021195952.html,33619
Bucknell University,211291,PA,Private,BAC,ai,20210802002955,200,,catalog_bucknell_edu_title_xi_du_wei_hai_yu_jie_du_oclc_298241734_tags,,data/snapshots_raw/211291/ai/catalog_bucknell_edu_title_xi_du_wei_hai_yu_jie_du_oclc_298241734_tags__20210802002955.html,34845
Bucknell University,211291,PA,Private,BAC,integrity,20210921003523,200,,catalog_bucknell_edu_tags_honesty,,data/snapshots_raw/211291/integrity/catalog_bucknell_edu_tags_honesty__20210921003523.html,74283
Bucknell University,211291,PA,Private,BAC,integrity,20210625034143,200,,catalog_bucknell_edu_tags_honor,,data/snapshots_raw/211291/integrity/catalog_bucknell_edu_tags_honor__20210625034143.html,74350
Bucknell University,211291,PA,Private,BAC,integrity,20210512194733,200,,catalog_bucknell_edu_tags_plagiary,,data/snapshots_raw/211291/integrity/catalog_bucknell_edu_tags_plagiary__20210512194733.html,51411
Bucknell University,211291,PA,Private,BAC,integrity,20210916223531,200,,catalog_bucknell_edu_tags_plagiary,,data/snapshots_raw/211291/integrity/catalog_bucknell_edu_tags_plagiary__20210916223531.html,51417
Carnegie Mellon University,211440,PA,Private,R1,integrity,20210414033321,200,,www_cmu_edu_policies_student_and_student_life_academic_integrity_html,,data/snapshots_raw/211440/integrity/www_cmu_edu_policies_student_and_student_life_academic_integrity_html__20210414033321.html,67554
Carnegie Mellon University,211440,PA,Private,R1,integrity,20220428134212,200,,www_cmu_edu_policies_student_and_student_life_academic_integrity_html,,data/snapshots_raw/211440/integrity/www_cmu_edu_policies_student_and_student_life_academic_integrity_html__20220428134212.html,68638
Carnegie Mellon University,211440,PA,Private,R1,integrity,20220808163145,200,,www_cmu_edu_policies_student_and_student_life_academic_integrity_html,,data/snapshots_raw/211440/integrity/www_cmu_edu_policies_student_and_student_life_academic_integrity_html__20220808163145.html,68723
Carnegie Mellon University,211440,PA,Private,R1,integrity,20230306085346,200,,www_cmu_edu_policies_student_and_student_life_academic_integrity_html,,data/snapshots_raw/211440/integrity/www_cmu_edu_policies_student_and_student_life_academic_integrity_html__20230306085346.html,69126
Carnegie Mellon University,211440,PA,Private,R1,integrity,20230912201854,200,,www_cmu_edu_policies_student_and_student_life_academic_integrity_html,,data/snapshots_raw/211440/integrity/www_cmu_edu_policies_student_and_student_life_academic_integrity_html__20230912201854.html,69127
Carnegie Mellon University,211440,PA,Private,R1,integrity,20240807172331,200,,www_cmu_edu_policies_student_and_student_life_academic_integrity_html,,data/snapshots_raw/211440/integrity/www_cmu_edu_policies_student_and_student_life_academic_integrity_html__20240807172331.html,69595
Carnegie Mellon University,211440,PA,Private,R1,integrity,20240831030219,200,,www_cmu_edu_policies_student_and_student_life_academic_integrity_html,,data/snapshots_raw/211440/integrity/www_cmu_edu_policies_student_and_student_life_academic_integrity_html__20240831030219.html,69591
Drexel University,212054,PA,Private,R1,ai,20210418201941,200,,catalog_drexel_edu_graduate_collegeofcomputingandinformatics_artificialintellige,,data/snapshots_raw/212054/ai/catalog_drexel_edu_graduate_collegeofcomputingandinformatics_artificialintellige__20210418201941.html,33572
Drexel University,212054,PA,Private,R1,ai,20210418201954,200,,catalog_drexel_edu_graduate_collegeofcomputingandinformatics_artificialintellige,,data/snapshots_raw/212054/ai/catalog_drexel_edu_graduate_collegeofcomputingandinformatics_artificialintellige__20210418201954.html,17430
Drexel University,212054,PA,Private,R1,ai,20211016205208,200,,catalog_drexel_edu_graduate_collegeofcomputingandinformatics_artificialintellige,,data/snapshots_raw/212054/ai/catalog_drexel_edu_graduate_collegeofcomputingandinformatics_artificialintellige__20211016205208.html,17723
Drexel University,212054,PA,Private,R1,ai,20220528031605,200,,catalog_drexel_edu_graduate_collegeofcomputingandinformatics_artificialintellige,,data/snapshots_raw/212054/ai/catalog_drexel_edu_graduate_collegeofcomputingandinformatics_artificialintellige__20220528031605.html,57900
Drexel University,212054,PA,Private,R1,ai,20220717054538,200,,catalog_drexel_edu_graduate_collegeofcomputingandinformatics_artificialintellige,,data/snapshots_raw/212054/ai/catalog_drexel_edu_graduate_collegeofcomputingandinformatics_artificialintellige__20220717054538.html,17712
Drexel University,212054,PA,Private,R1,ai,20221017205403,200,,catalog_drexel_edu_graduate_collegeofcomputingandinformatics_artificialintellige,,data/snapshots_raw/212054/ai/catalog_drexel_edu_graduate_collegeofcomputingandinformatics_artificialintellige__20221017205403.html,17888
Drexel University,212054,PA,Private,R1,ai,20230416210533,200,,catalog_drexel_edu_graduate_collegeofcomputingandinformatics_artificialintellige,,data/snapshots_raw/212054/ai/catalog_drexel_edu_graduate_collegeofcomputingandinformatics_artificialintellige__20230416210533.html,17888
Drexel University,212054,PA,Private,R1,ai,20240719112039,200,,catalog_drexel_edu_graduate_collegeofcomputingandinformatics_artificialintellige,,data/snapshots_raw/212054/ai/catalog_drexel_edu_graduate_collegeofcomputingandinformatics_artificialintellige__20240719112039.html,51337
Drexel University,212054,PA,Private,R1,integrity,20210116145230,200,,www_catalog_drexel_edu_undergraduate_honorscollege,,data/snapshots_raw/212054/integrity/www_catalog_drexel_edu_undergraduate_honorscollege__20210116145230.html,10756
Drexel University,212054,PA,Private,R1,integrity,20210228062707,200,,www_catalog_drexel_edu_undergraduate_honorscollege,,data/snapshots_raw/212054/integrity/www_catalog_drexel_edu_undergraduate_honorscollege__20210228062707.html,10756
Drexel University,212054,PA,Private,R1,integrity,20210416152924,200,,www_catalog_drexel_edu_undergraduate_honorscollege,,data/snapshots_raw/212054/integrity/www_catalog_drexel_edu_undergraduate_honorscollege__20210416152924.html,10828
Drexel University,212054,PA,Private,R1,integrity,20211016151921,200,,www_catalog_drexel_edu_undergraduate_honorscollege,,data/snapshots_raw/212054/integrity/www_catalog_drexel_edu_undergraduate_honorscollege__20211016151921.html,11916
Drexel University,212054,PA,Private,R1,integrity,20220716161725,200,,www_catalog_drexel_edu_undergraduate_honorscollege,,data/snapshots_raw/212054/integrity/www_catalog_drexel_edu_undergraduate_honorscollege__20220716161725.html,11905
Drexel University,212054,PA,Private,R1,integrity,20220929150840,200,,www_catalog_drexel_edu_undergraduate_honorscollege,,data/snapshots_raw/212054/integrity/www_catalog_drexel_edu_undergraduate_honorscollege__20220929150840.html,11907
Drexel University,212054,PA,Private,R1,integrity,20230416143841,200,,www_catalog_drexel_edu_undergraduate_honorscollege,,data/snapshots_raw/212054/integrity/www_catalog_drexel_edu_undergraduate_honorscollege__20230416143841.html,11907
Drexel University,212054,PA,Private,R1,integrity,20230716152917,200,,www_catalog_drexel_edu_undergraduate_honorscollege,,data/snapshots_raw/212054/integrity/www_catalog_drexel_edu_undergraduate_honorscollege__20230716152917.html,30824
Drexel University,212054,PA,Private,R1,integrity,20240116145823,200,,www_catalog_drexel_edu_undergraduate_honorscollege,,data/snapshots_raw/212054/integrity/www_catalog_drexel_edu_undergraduate_honorscollege__20240116145823.html,30910
Drexel University,212054,PA,Private,R1,integrity,20240416165919,200,,www_catalog_drexel_edu_undergraduate_honorscollege,,data/snapshots_raw/212054/integrity/www_catalog_drexel_edu_undergraduate_honorscollege__20240416165919.html,30912
Drexel University,212054,PA,Private,R1,integrity,20240716174941,200,,www_catalog_drexel_edu_undergraduate_honorscollege,,data/snapshots_raw/212054/integrity/www_catalog_drexel_edu_undergraduate_honorscollege__20240716174941.html,30948
Drexel University,212054,PA,Private,R1,integrity,20240730052159,200,,www_catalog_drexel_edu_undergraduate_honorscollege,,data/snapshots_raw/212054/integrity/www_catalog_drexel_edu_undergraduate_honorscollege__20240730052159.html,32091
Drexel University,212054,PA,Private,R1,integrity,20241017075035,200,,www_catalog_drexel_edu_undergraduate_honorscollege,,data/snapshots_raw/212054/integrity/www_catalog_drexel_edu_undergraduate_honorscollege__20241017075035.html,32091
Drexel University,212054,PA,Private,R1,integrity,20210116151823,200,,www_catalog_drexel_edu_undergraduate_honorscollege_custom_designedmajor,,data/snapshots_raw/212054/integrity/www_catalog_drexel_edu_undergraduate_honorscollege_custom_designedmajor__20210116151823.html,21095
Drexel University,212054,PA,Private,R1,integrity,20210416161650,200,,www_catalog_drexel_edu_undergraduate_honorscollege_custom_designedmajor,,data/snapshots_raw/212054/integrity/www_catalog_drexel_edu_undergraduate_honorscollege_custom_designedmajor__20210416161650.html,21167
Drexel University,212054,PA,Private,R1,integrity,20211016154422,200,,www_catalog_drexel_edu_undergraduate_honorscollege_custom_designedmajor,,data/snapshots_raw/212054/integrity/www_catalog_drexel_edu_undergraduate_honorscollege_custom_designedmajor__20211016154422.html,60100
Drexel University,212054,PA,Private,R1,integrity,20220716171231,200,,www_catalog_drexel_edu_undergraduate_honorscollege_custom_designedmajor,,data/snapshots_raw/212054/integrity/www_catalog_drexel_edu_undergraduate_honorscollege_custom_designedmajor__20220716171231.html,60089
Drexel University,212054,PA,Private,R1,integrity,20220930213048,200,,www_catalog_drexel_edu_undergraduate_honorscollege_custom_designedmajor,,data/snapshots_raw/212054/integrity/www_catalog_drexel_edu_undergraduate_honorscollege_custom_designedmajor__20220930213048.html,68770
Drexel University,212054,PA,Private,R1,integrity,20230207040441,200,,www_catalog_drexel_edu_undergraduate_honorscollege_custom_designedmajor,,data/snapshots_raw/212054/integrity/www_catalog_drexel_edu_undergraduate_honorscollege_custom_designedmajor__20230207040441.html,68770
Drexel University,212054,PA,Private,R1,integrity,20230716161417,200,,www_catalog_drexel_edu_undergraduate_honorscollege_custom_designedmajor,,data/snapshots_raw/212054/integrity/www_catalog_drexel_edu_undergraduate_honorscollege_custom_designedmajor__20230716161417.html,70285
Drexel University,212054,PA,Private,R1,integrity,20240116153741,200,,www_catalog_drexel_edu_undergraduate_honorscollege_custom_designedmajor,,data/snapshots_raw/212054/integrity/www_catalog_drexel_edu_undergraduate_honorscollege_custom_designedmajor__20240116153741.html,70371
Drexel University,212054,PA,Private,R1,integrity,20240416180314,200,,www_catalog_drexel_edu_undergraduate_honorscollege_custom_designedmajor,,data/snapshots_raw/212054/integrity/www_catalog_drexel_edu_undergraduate_honorscollege_custom_designedmajor__20240416180314.html,70373
Drexel University,212054,PA,Private,R1,integrity,20240716200600,200,,www_catalog_drexel_edu_undergraduate_honorscollege_custom_designedmajor,,data/snapshots_raw/212054/integrity/www_catalog_drexel_edu_undergraduate_honorscollege_custom_designedmajor__20240716200600.html,70409
Drexel University,212054,PA,Private,R1,integrity,20241017104400,200,,www_catalog_drexel_edu_undergraduate_honorscollege_custom_designedmajor,,data/snapshots_raw/212054/integrity/www_catalog_drexel_edu_undergraduate_honorscollege_custom_designedmajor__20241017104400.html,72620
Drexel University,212054,PA,Private,R1,integrity,20220117001145,200,,www_catalog_drexel_edu_undergraduate_honorscollege_interdisciplinaryproblemsolvi,,data/snapshots_raw/212054/integrity/www_catalog_drexel_edu_undergraduate_honorscollege_interdisciplinaryproblemsolvi__20220117001145.html,20378
Drexel University,212054,PA,Private,R1,integrity,20220717111622,200,,www_catalog_drexel_edu_undergraduate_honorscollege_interdisciplinaryproblemsolvi,,data/snapshots_raw/212054/integrity/www_catalog_drexel_edu_undergraduate_honorscollege_interdisciplinaryproblemsolvi__20220717111622.html,20367
Drexel University,212054,PA,Private,R1,integrity,20220930230956,200,,www_catalog_drexel_edu_undergraduate_honorscollege_interdisciplinaryproblemsolvi,,data/snapshots_raw/212054/integrity/www_catalog_drexel_edu_undergraduate_honorscollege_interdisciplinaryproblemsolvi__20220930230956.html,20451
Drexel University,212054,PA,Private,R1,integrity,20230225152037,200,,www_catalog_drexel_edu_undergraduate_honorscollege_interdisciplinaryproblemsolvi,,data/snapshots_raw/212054/integrity/www_catalog_drexel_edu_undergraduate_honorscollege_interdisciplinaryproblemsolvi__20230225152037.html,20451
Drexel University,212054,PA,Private,R1,integrity,20230717112207,200,,www_catalog_drexel_edu_undergraduate_honorscollege_interdisciplinaryproblemsolvi,,data/snapshots_raw/212054/integrity/www_catalog_drexel_edu_undergraduate_honorscollege_interdisciplinaryproblemsolvi__20230717112207.html,20106
Drexel University,212054,PA,Private,R1,integrity,20240117053214,200,,www_catalog_drexel_edu_undergraduate_honorscollege_interdisciplinaryproblemsolvi,,data/snapshots_raw/212054/integrity/www_catalog_drexel_edu_undergraduate_honorscollege_interdisciplinaryproblemsolvi__20240117053214.html,20192
Drexel University,212054,PA,Private,R1,integrity,20240418134919,200,,www_catalog_drexel_edu_undergraduate_honorscollege_interdisciplinaryproblemsolvi,,data/snapshots_raw/212054/integrity/www_catalog_drexel_edu_undergraduate_honorscollege_interdisciplinaryproblemsolvi__20240418134919.html,20194
Drexel University,212054,PA,Private,R1,integrity,20240718085707,200,,www_catalog_drexel_edu_undergraduate_honorscollege_interdisciplinaryproblemsolvi,,data/snapshots_raw/212054/integrity/www_catalog_drexel_edu_undergraduate_honorscollege_interdisciplinaryproblemsolvi__20240718085707.html,20231
Drexel University,212054,PA,Private,R1,integrity,20240729144838,200,,www_catalog_drexel_edu_undergraduate_honorscollege_interdisciplinaryproblemsolvi,,data/snapshots_raw/212054/integrity/www_catalog_drexel_edu_undergraduate_honorscollege_interdisciplinaryproblemsolvi__20240729144838.html,20637
Drexel University,212054,PA,Private,R1,integrity,20241019020839,200,,www_catalog_drexel_edu_undergraduate_honorscollege_interdisciplinaryproblemsolvi,,data/snapshots_raw/212054/integrity/www_catalog_drexel_edu_undergraduate_honorscollege_interdisciplinaryproblemsolvi__20241019020839.html,20637
Lehigh University,213543,PA,Private,R1,integrity,20210308205345,200,,catalog_lehigh_edu_informationofgeneralinterest_thestudentcodeofconduct,,data/snapshots_raw/213543/integrity/catalog_lehigh_edu_informationofgeneralinterest_thestudentcodeofconduct__20210308205345.html,11888
Lehigh University,213543,PA,Private,R1,integrity,20220412203808,200,,catalog_lehigh_edu_informationofgeneralinterest_thestudentcodeofconduct,,data/snapshots_raw/213543/integrity/catalog_lehigh_edu_informationofgeneralinterest_thestudentcodeofconduct__20220412203808.html,14350
Lehigh University,213543,PA,Private,R1,integrity,20221115172133,200,,catalog_lehigh_edu_informationofgeneralinterest_thestudentcodeofconduct,,data/snapshots_raw/213543/integrity/catalog_lehigh_edu_informationofgeneralinterest_thestudentcodeofconduct__20221115172133.html,14441
Lehigh University,213543,PA,Private,R1,integrity,20230913171358,200,,catalog_lehigh_edu_informationofgeneralinterest_thestudentcodeofconduct,,data/snapshots_raw/213543/integrity/catalog_lehigh_edu_informationofgeneralinterest_thestudentcodeofconduct__20230913171358.html,14414
Lehigh University,213543,PA,Private,R1,integrity,20240930164859,200,,catalog_lehigh_edu_informationofgeneralinterest_thestudentcodeofconduct,,data/snapshots_raw/213543/integrity/catalog_lehigh_edu_informationofgeneralinterest_thestudentcodeofconduct__20240930164859.html,14414
Lehigh University,213543,PA,Private,R1,integrity,20220414004511,200,,catalog_lehigh_edu_previous_2013_14_informationofgeneralinterest_thestudentcodeo,,data/snapshots_raw/213543/integrity/catalog_lehigh_edu_previous_2013_14_informationofgeneralinterest_thestudentcodeo__20220414004511.html,10864
Lehigh University,213543,PA,Private,R1,integrity,20220413222617,200,,catalog_lehigh_edu_previous_2014_15_informationofgeneralinterest_thestudentcodeo,,data/snapshots_raw/213543/integrity/catalog_lehigh_edu_previous_2014_15_informationofgeneralinterest_thestudentcodeo__20220413222617.html,11421
University of Pennsylvania,215062,PA,Private,R1,ai,20240616145033,200,,catalog_upenn_edu_graduate_programs_artificial_intelligence_certificate,,data/snapshots_raw/215062/ai/catalog_upenn_edu_graduate_programs_artificial_intelligence_certificate__20240616145033.html,33428
University of Pennsylvania,215062,PA,Private,R1,ai,20240723020236,200,,catalog_upenn_edu_graduate_programs_artificial_intelligence_certificate,,data/snapshots_raw/215062/ai/catalog_upenn_edu_graduate_programs_artificial_intelligence_certificate__20240723020236.html,33445
University of Pennsylvania,215062,PA,Private,R1,ai,20240616163020,200,,catalog_upenn_edu_graduate_programs_artificial_intelligence_mse,,data/snapshots_raw/215062/ai/catalog_upenn_edu_graduate_programs_artificial_intelligence_mse__20240616163020.html,34814
University of Pennsylvania,215062,PA,Private,R1,ai,20240723033510,200,,catalog_upenn_edu_graduate_programs_artificial_intelligence_mse,,data/snapshots_raw/215062/ai/catalog_upenn_edu_graduate_programs_artificial_intelligence_mse__20240723033510.html,34833
University of Pennsylvania,215062,PA,Private,R1,ai,20240616154757,200,,catalog_upenn_edu_undergraduate_programs_artificial_intelligence_bse,,data/snapshots_raw/215062/ai/catalog_upenn_edu_undergraduate_programs_artificial_intelligence_bse__20240616154757.html,64937
University of Pennsylvania,215062,PA,Private,R1,integrity,20210122055742,200,,catalog_upenn_edu_pennbook_code_of_academic_integrity,,data/snapshots_raw/215062/integrity/catalog_upenn_edu_pennbook_code_of_academic_integrity__20210122055742.html,31840
University of Pennsylvania,215062,PA,Private,R1,integrity,20210820150533,200,,catalog_upenn_edu_pennbook_code_of_academic_integrity,,data/snapshots_raw/215062/integrity/catalog_upenn_edu_pennbook_code_of_academic_integrity__20210820150533.html,32044
University of Pennsylvania,215062,PA,Private,R1,integrity,20220818133245,200,,catalog_upenn_edu_pennbook_code_of_academic_integrity,,data/snapshots_raw/215062/integrity/catalog_upenn_edu_pennbook_code_of_academic_integrity__20220818133245.html,31888
University of Pennsylvania,215062,PA,Private,R1,integrity,20230926035425,200,,catalog_upenn_edu_pennbook_code_of_academic_integrity,,data/snapshots_raw/215062/integrity/catalog_upenn_edu_pennbook_code_of_academic_integrity__20230926035425.html,31981
University of Pennsylvania,215062,PA,Private,R1,integrity,20240529083256,200,,catalog_upenn_edu_pennbook_code_of_academic_integrity,,data/snapshots_raw/215062/integrity/catalog_upenn_edu_pennbook_code_of_academic_integrity__20240529083256.html,32064
University of Pennsylvania,215062,PA,Private,R1,integrity,20240606120140,200,,catalog_upenn_edu_pennbook_code_of_academic_integrity,,data/snapshots_raw/215062/integrity/catalog_upenn_edu_pennbook_code_of_academic_integrity__20240606120140.html,31244
University of Pennsylvania,215062,PA,Private,R1,integrity,20210423161836,200,,catalog_upenn_edu_pennbook_graduation_honors,,data/snapshots_raw/215062/integrity/catalog_upenn_edu_pennbook_graduation_honors__20210423161836.html,29559
University of Pennsylvania,215062,PA,Private,R1,integrity,20211001202456,200,,catalog_upenn_edu_pennbook_graduation_honors,,data/snapshots_raw/215062/integrity/catalog_upenn_edu_pennbook_graduation_honors__20211001202456.html,29754
University of Pennsylvania,215062,PA,Private,R1,integrity,20220630224851,200,,catalog_upenn_edu_pennbook_graduation_honors,,data/snapshots_raw/215062/integrity/catalog_upenn_edu_pennbook_graduation_honors__20220630224851.html,28866
University of Pennsylvania,215062,PA,Private,R1,integrity,20220927134255,200,,catalog_upenn_edu_pennbook_graduation_honors,,data/snapshots_raw/215062/integrity/catalog_upenn_edu_pennbook_graduation_honors__20220927134255.html,29598
University of Pennsylvania,215062,PA,Private,R1,integrity,20240330171155,200,,catalog_upenn_edu_pennbook_graduation_honors,,data/snapshots_raw/215062/integrity/catalog_upenn_edu_pennbook_graduation_honors__20240330171155.html,29691
University of Pennsylvania,215062,PA,Private,R1,integrity,20240623100338,200,,catalog_upenn_edu_pennbook_graduation_honors,,data/snapshots_raw/215062/integrity/catalog_upenn_edu_pennbook_graduation_honors__20240623100338.html,28954
University of Pittsburgh,215266,PA,Public,R1,ai,20240502053239,200,,teaching_pitt_edu_resources_teaching_with_generative_ai,,data/snapshots_raw/215266/ai/teaching_pitt_edu_resources_teaching_with_generative_ai__20240502053239.html,189539
University of Pittsburgh,215266,PA,Public,R1,ai,20240715044650,200,,teaching_pitt_edu_resources_teaching_with_generative_ai,,data/snapshots_raw/215266/ai/teaching_pitt_edu_resources_teaching_with_generative_ai__20240715044650.html,260
University of Pittsburgh,215266,PA,Public,R1,ai,20240721010548,200,,teaching_pitt_edu_resources_teaching_with_generative_ai,,data/snapshots_raw/215266/ai/teaching_pitt_edu_resources_teaching_with_generative_ai__20240721010548.html,192355
University of Pittsburgh,215266,PA,Public,R1,ai,20241111003610,200,,teaching_pitt_edu_resources_teaching_with_generative_ai,,data/snapshots_raw/215266/ai/teaching_pitt_edu_resources_teaching_with_generative_ai__20241111003610.html,260
Temple University,216339,PA,Public,R1,ai,20230929180254,200,,teaching_temple_edu_teaching_technologies_faculty_guide_ai,,data/snapshots_raw/216339/ai/teaching_temple_edu_teaching_technologies_faculty_guide_ai__20230929180254.html,85053
Temple University,216339,PA,Public,R1,ai,20231004220629,200,,teaching_temple_edu_teaching_technologies_faculty_guide_ai,,data/snapshots_raw/216339/ai/teaching_temple_edu_teaching_technologies_faculty_guide_ai__20231004220629.html,85157
Temple University,216339,PA,Public,R1,ai,20231011193646,200,,teaching_temple_edu_teaching_technologies_faculty_guide_ai,,data/snapshots_raw/216339/ai/teaching_temple_edu_teaching_technologies_faculty_guide_ai__20231011193646.html,85048
Temple University,216339,PA,Public,R1,ai,20231012235452,200,,teaching_temple_edu_teaching_technologies_faculty_guide_ai,,data/snapshots_raw/216339/ai/teaching_temple_edu_teaching_technologies_faculty_guide_ai__20231012235452.html,85071
Temple University,216339,PA,Public,R1,ai,20240419064714,200,,teaching_temple_edu_teaching_technologies_faculty_guide_ai,,data/snapshots_raw/216339/ai/teaching_temple_edu_teaching_technologies_faculty_guide_ai__20240419064714.html,61211
Temple University,216339,PA,Public,R1,ai,20240423074807,200,,teaching_temple_edu_teaching_technologies_faculty_guide_ai,,data/snapshots_raw/216339/ai/teaching_temple_edu_teaching_technologies_faculty_guide_ai__20240423074807.html,61225
Temple University,216339,PA,Public,R1,integrity,20210126123119,200,,studentconduct_temple_edu,,data/snapshots_raw/216339/integrity/studentconduct_temple_edu__20210126123119.html,24990
Temple University,216339,PA,Public,R1,integrity,20210228142211,200,,studentconduct_temple_edu,,data/snapshots_raw/216339/integrity/studentconduct_temple_edu__20210228142211.html,34024
Temple University,216339,PA,Public,R1,integrity,20220120173951,200,,studentconduct_temple_edu,,data/snapshots_raw/216339/integrity/studentconduct_temple_edu__20220120173951.html,35212
Temple University,216339,PA,Public,R1,integrity,20220123233443,200,,studentconduct_temple_edu,,data/snapshots_raw/216339/integrity/studentconduct_temple_edu__20220123233443.html,35503
Temple University,216339,PA,Public,R1,integrity,20220418020159,200,,studentconduct_temple_edu,,data/snapshots_raw/216339/integrity/studentconduct_temple_edu__20220418020159.html,35482
Temple University,216339,PA,Public,R1,integrity,20220705010149,200,,studentconduct_temple_edu,,data/snapshots_raw/216339/integrity/studentconduct_temple_edu__20220705010149.html,24730
Temple University,216339,PA,Public,R1,integrity,20230326094410,200,,studentconduct_temple_edu,,data/snapshots_raw/216339/integrity/studentconduct_temple_edu__20230326094410.html,58746
Temple University,216339,PA,Public,R1,integrity,20230805102150,200,,studentconduct_temple_edu,,data/snapshots_raw/216339/integrity/studentconduct_temple_edu__20230805102150.html,24785
Temple University,216339,PA,Public,R1,integrity,20240320194647,200,,studentconduct_temple_edu,,data/snapshots_raw/216339/integrity/studentconduct_temple_edu__20240320194647.html,5951
Temple University,216339,PA,Public,R1,integrity,20240510234928,200,,studentconduct_temple_edu,,data/snapshots_raw/216339/integrity/studentconduct_temple_edu__20240510234928.html,17239
Temple University,216339,PA,Public,R1,integrity,20240713224122,200,,studentconduct_temple_edu,,data/snapshots_raw/216339/integrity/studentconduct_temple_edu__20240713224122.html,59502
Temple University,216339,PA,Public,R1,integrity,20240827151840,200,,studentconduct_temple_edu,,data/snapshots_raw/216339/integrity/studentconduct_temple_edu__20240827151840.html,17576
Temple University,216339,PA,Public,R1,integrity,20240917203824,200,,studentconduct_temple_edu,,data/snapshots_raw/216339/integrity/studentconduct_temple_edu__20240917203824.html,56132
Temple University,216339,PA,Public,R1,integrity,20241217151833,200,,studentconduct_temple_edu,,data/snapshots_raw/216339/integrity/studentconduct_temple_edu__20241217151833.html,16781
Temple University,216339,PA,Public,R1,integrity,20241218171530,200,,studentconduct_temple_edu,,data/snapshots_raw/216339/integrity/studentconduct_temple_edu__20241218171530.html,55404
Temple University,216339,PA,Public,R1,integrity,20240606020318,200,,studentconduct_temple_edu_advisor,,data/snapshots_raw/216339/integrity/studentconduct_temple_edu_advisor__20240606020318.html,21342
Temple University,216339,PA,Public,R1,integrity,20241223120507,200,,studentconduct_temple_edu_advisor,,data/snapshots_raw/216339/integrity/studentconduct_temple_edu_advisor__20241223120507.html,52196
Temple University,216339,PA,Public,R1,integrity,20240603110620,200,,studentconduct_temple_edu_parent,,data/snapshots_raw/216339/integrity/studentconduct_temple_edu_parent__20240603110620.html,53330
Temple University,216339,PA,Public,R1,integrity,20241223120439,200,,studentconduct_temple_edu_parent,,data/snapshots_raw/216339/integrity/studentconduct_temple_edu_parent__20241223120439.html,52281
Vanderbilt University,221999,TN,Private,R1,ai,20240119003616,200,,www_vanderbilt_edu_generative_ai,,data/snapshots_raw/221999/ai/www_vanderbilt_edu_generative_ai__20240119003616.html,122685
Vanderbilt University,221999,TN,Private,R1,ai,20240303160405,200,,www_vanderbilt_edu_generative_ai,,data/snapshots_raw/221999/ai/www_vanderbilt_edu_generative_ai__20240303160405.html,121244
Vanderbilt University,221999,TN,Private,R1,ai,20240621080726,200,,www_vanderbilt_edu_generative_ai,,data/snapshots_raw/221999/ai/www_vanderbilt_edu_generative_ai__20240621080726.html,121097
Vanderbilt University,221999,TN,Private,R1,ai,20240711042038,200,,www_vanderbilt_edu_generative_ai,,data/snapshots_raw/221999/ai/www_vanderbilt_edu_generative_ai__20240711042038.html,121097
Vanderbilt University,221999,TN,Private,R1,ai,20240916150058,200,,www_vanderbilt_edu_generative_ai,,data/snapshots_raw/221999/ai/www_vanderbilt_edu_generative_ai__20240916150058.html,121034
Vanderbilt University,221999,TN,Private,R1,ai,20240305040049,200,,www_vanderbilt_edu_generative_ai_faq,,data/snapshots_raw/221999/ai/www_vanderbilt_edu_generative_ai_faq__20240305040049.html,129685
Vanderbilt University,221999,TN,Private,R1,ai,20240818133941,200,,www_vanderbilt_edu_generative_ai_faq,,data/snapshots_raw/221999/ai/www_vanderbilt_edu_generative_ai_faq__20240818133941.html,129380
Vanderbilt University,221999,TN,Private,R1,ai,20241210045906,200,,www_vanderbilt_edu_generative_ai_faq,,data/snapshots_raw/221999/ai/www_vanderbilt_edu_generative_ai_faq__20241210045906.html,128929
Vanderbilt University,221999,TN,Private,R1,ai,20240304131111,200,,www_vanderbilt_edu_generative_ai_news,,data/snapshots_raw/221999/ai/www_vanderbilt_edu_generative_ai_news__20240304131111.html,110906
Vanderbilt University,221999,TN,Private,R1,ai,20240819055831,200,,www_vanderbilt_edu_generative_ai_news,,data/snapshots_raw/221999/ai/www_vanderbilt_edu_generative_ai_news__20240819055831.html,111825
Vanderbilt University,221999,TN,Private,R1,integrity,20240916150405,200,,www_vanderbilt_edu_generative_ai_academic_integrity,,data/snapshots_raw/221999/integrity/www_vanderbilt_edu_generative_ai_academic_integrity__20240916150405.html,142013
Vanderbilt University,221999,TN,Private,R1,integrity,20241223155759,200,,www_vanderbilt_edu_generative_ai_academic_integrity,,data/snapshots_raw/221999/integrity/www_vanderbilt_edu_generative_ai_academic_integrity__20241223155759.html,141562
Vanderbilt University,221999,TN,Private,R1,integrity,20210125210717,200,,www_vanderbilt_edu_student_handbook_the_honor_system,,data/snapshots_raw/221999/integrity/www_vanderbilt_edu_student_handbook_the_honor_system__20210125210717.html,71751
Vanderbilt University,221999,TN,Private,R1,integrity,20210418214103,200,,www_vanderbilt_edu_student_handbook_the_honor_system,,data/snapshots_raw/221999/integrity/www_vanderbilt_edu_student_handbook_the_honor_system__20210418214103.html,71740
Vanderbilt University,221999,TN,Private,R1,integrity,20220120005940,200,,www_vanderbilt_edu_student_handbook_the_honor_system,,data/snapshots_raw/221999/integrity/www_vanderbilt_edu_student_handbook_the_honor_system__20220120005940.html,73832
Vanderbilt University,221999,TN,Private,R1,integrity,20221003082714,200,,www_vanderbilt_edu_student_handbook_the_honor_system,,data/snapshots_raw/221999/integrity/www_vanderbilt_edu_student_handbook_the_honor_system__20221003082714.html,75853
Vanderbilt University,221999,TN,Private,R1,integrity,20230323071057,200,,www_vanderbilt_edu_student_handbook_the_honor_system,,data/snapshots_raw/221999/integrity/www_vanderbilt_edu_student_handbook_the_honor_system__20230323071057.html,75852
Vanderbilt University,221999,TN,Private,R1,integrity,20210420141316,200,,www_vanderbilt_edu_student_handbook_the_honor_system_index_php,,data/snapshots_raw/221999/integrity/www_vanderbilt_edu_student_handbook_the_honor_system_index_php__20210420141316.html,71740
Vanderbilt University,221999,TN,Private,R1,integrity,20210921142227,200,,www_vanderbilt_edu_student_handbook_the_honor_system_index_php,,data/snapshots_raw/221999/integrity/www_vanderbilt_edu_student_handbook_the_honor_system_index_php__20210921142227.html,73832
Vanderbilt University,221999,TN,Private,R1,integrity,20230602115850,200,,www_vanderbilt_edu_student_handbook_the_honor_system_index_php,,data/snapshots_raw/221999/integrity/www_vanderbilt_edu_student_handbook_the_honor_system_index_php__20230602115850.html,75852
University of Houston,225511,TX,Public,R1,integrity,20210412202241,200,,catalog_uh_edu_content_php_catoid_25_hl_22Plagiarism_22_navoid_9055_retu,,data/snapshots_raw/225511/integrity/catalog_uh_edu_content_php_catoid_25_hl_22Plagiarism_22_navoid_9055_retu__20210412202241.html,85937
University of Houston,225511,TX,Public,R1,integrity,20210412204724,200,,catalog_uh_edu_content_php_catoid_25_hl_22Plagiarism_22_navoid_9055_returnto_sea,,data/snapshots_raw/225511/integrity/catalog_uh_edu_content_php_catoid_25_hl_22Plagiarism_22_navoid_9055_returnto_sea__20210412204724.html,86493
Rice University,227757,TX,Private,R1,ai,20231204155232,200,,provost_rice_edu_communications_faculty_guidance_generative_ai,,data/snapshots_raw/227757/ai/provost_rice_edu_communications_faculty_guidance_generative_ai__20231204155232.html,60187
Rice University,227757,TX,Private,R1,ai,20240621134058,200,,provost_rice_edu_communications_faculty_guidance_generative_ai,,data/snapshots_raw/227757/ai/provost_rice_edu_communications_faculty_guidance_generative_ai__20240621134058.html,60570
Rice University,227757,TX,Private,R1,integrity,20210125212147,200,,catalog_rice_edu_browse_eeo_courses_protecting_children_identifying_and_reportin,,data/snapshots_raw/227757/integrity/catalog_rice_edu_browse_eeo_courses_protecting_children_identifying_and_reportin__20210125212147.html,8025
Rice University,227757,TX,Private,R1,integrity,20210412164926,200,,catalog_rice_edu_browse_eeo_courses_protecting_children_identifying_and_reportin,,data/snapshots_raw/227757/integrity/catalog_rice_edu_browse_eeo_courses_protecting_children_identifying_and_reportin__20210412164926.html,8025
Rice University,227757,TX,Private,R1,integrity,20210727124117,200,,catalog_rice_edu_browse_eeo_courses_protecting_children_identifying_and_reportin,,data/snapshots_raw/227757/integrity/catalog_rice_edu_browse_eeo_courses_protecting_children_identifying_and_reportin__20210727124117.html,8026
Rice University,227757,TX,Private,R1,integrity,20211019062703,200,,catalog_rice_edu_browse_eeo_courses_protecting_children_identifying_and_reportin,,data/snapshots_raw/227757/integrity/catalog_rice_edu_browse_eeo_courses_protecting_children_identifying_and_reportin__20211019062703.html,8026
Rice University,227757,TX,Private,R1,integrity,20220119172558,200,,catalog_rice_edu_browse_eeo_courses_protecting_children_identifying_and_reportin,,data/snapshots_raw/227757/integrity/catalog_rice_edu_browse_eeo_courses_protecting_children_identifying_and_reportin__20220119172558.html,10704
Rice University,227757,TX,Private,R1,integrity,20220630110128,200,,catalog_rice_edu_browse_eeo_courses_protecting_children_identifying_and_reportin,,data/snapshots_raw/227757/integrity/catalog_rice_edu_browse_eeo_courses_protecting_children_identifying_and_reportin__20220630110128.html,11130
Rice University,227757,TX,Private,R1,integrity,20221202234342,200,,catalog_rice_edu_browse_eeo_courses_protecting_children_identifying_and_reportin,,data/snapshots_raw/227757/integrity/catalog_rice_edu_browse_eeo_courses_protecting_children_identifying_and_reportin__20221202234342.html,11511
Rice University,227757,TX,Private,R1,integrity,20230320132622,200,,catalog_rice_edu_browse_eeo_courses_protecting_children_identifying_and_reportin,,data/snapshots_raw/227757/integrity/catalog_rice_edu_browse_eeo_courses_protecting_children_identifying_and_reportin__20230320132622.html,15881
Rice University,227757,TX,Private,R1,integrity,20230926062540,200,,catalog_rice_edu_browse_eeo_courses_protecting_children_identifying_and_reportin,,data/snapshots_raw/227757/integrity/catalog_rice_edu_browse_eeo_courses_protecting_children_identifying_and_reportin__20230926062540.html,18526
Rice University,227757,TX,Private,R1,integrity,20240305145201,200,,catalog_rice_edu_browse_eeo_courses_protecting_children_identifying_and_reportin,,data/snapshots_raw/227757/integrity/catalog_rice_edu_browse_eeo_courses_protecting_children_identifying_and_reportin__20240305145201.html,18475
Rice University,227757,TX,Private,R1,integrity,20240622102219,200,,catalog_rice_edu_browse_eeo_courses_protecting_children_identifying_and_reportin,,data/snapshots_raw/227757/integrity/catalog_rice_edu_browse_eeo_courses_protecting_children_identifying_and_reportin__20240622102219.html,18664
Rice University,227757,TX,Private,R1,integrity,20240725133125,200,,catalog_rice_edu_browse_eeo_courses_protecting_children_identifying_and_reportin,,data/snapshots_raw/227757/integrity/catalog_rice_edu_browse_eeo_courses_protecting_children_identifying_and_reportin__20240725133125.html,18578
Rice University,227757,TX,Private,R1,integrity,20240920042506,200,,catalog_rice_edu_browse_eeo_courses_protecting_children_identifying_and_reportin,,data/snapshots_raw/227757/integrity/catalog_rice_edu_browse_eeo_courses_protecting_children_identifying_and_reportin__20240920042506.html,18610
Rice University,227757,TX,Private,R1,integrity,20210413004748,200,,honor_rice_edu_honor_system_handbook,,data/snapshots_raw/227757/integrity/honor_rice_edu_honor_system_handbook__20210413004748.html,18540
Rice University,227757,TX,Private,R1,integrity,20220121001405,200,,honor_rice_edu_honor_system_handbook,,data/snapshots_raw/227757/integrity/honor_rice_edu_honor_system_handbook__20220121001405.html,18616
Rice University,227757,TX,Private,R1,integrity,20220219002857,200,,honor_rice_edu_honor_system_handbook,,data/snapshots_raw/227757/integrity/honor_rice_edu_honor_system_handbook__20220219002857.html,18616
Rice University,227757,TX,Private,R1,integrity,20220331060937,200,,honor_rice_edu_honor_system_handbook,,data/snapshots_raw/227757/integrity/honor_rice_edu_honor_system_handbook__20220331060937.html,18618
Rice University,227757,TX,Private,R1,integrity,20220922022405,200,,honor_rice_edu_honor_system_handbook,,data/snapshots_raw/227757/integrity/honor_rice_edu_honor_system_handbook__20220922022405.html,27092
Rice University,227757,TX,Private,R1,integrity,20221020183343,200,,honor_rice_edu_honor_system_handbook,,data/snapshots_raw/227757/integrity/honor_rice_edu_honor_system_handbook__20221020183343.html,27122
Rice University,227757,TX,Private,R1,integrity,20230409003146,200,,honor_rice_edu_honor_system_handbook,,data/snapshots_raw/227757/integrity/honor_rice_edu_honor_system_handbook__20230409003146.html,28667
Rice University,227757,TX,Private,R1,integrity,20240726130202,200,,honor_rice_edu_honor_system_handbook,,data/snapshots_raw/227757/integrity/honor_rice_edu_honor_system_handbook__20240726130202.html,29237
Rice University,227757,TX,Private,R1,integrity,20230411002529,200,,honor_rice_edu_honor_system_handbook_ver_1584641406,,data/snapshots_raw/227757/integrity/honor_rice_edu_honor_system_handbook_ver_1584641406__20230411002529.html,28667
Texas A & M University,228723,TX,Public,R1,ai,20210122200643,200,,ai_tamu_edu,,data/snapshots_raw/228723/ai/ai_tamu_edu__20210122200643.html,16753
Texas A & M University,228723,TX,Public,R1,ai,20210204062916,200,,ai_tamu_edu,,data/snapshots_raw/228723/ai/ai_tamu_edu__20210204062916.html,16320
Texas A & M University,228723,TX,Public,R1,ai,20210207032619,200,,ai_tamu_edu,,data/snapshots_raw/228723/ai/ai_tamu_edu__20210207032619.html,16583
Texas A & M University,228723,TX,Public,R1,ai,20210213215624,200,,ai_tamu_edu,,data/snapshots_raw/228723/ai/ai_tamu_edu__20210213215624.html,16313
Texas A & M University,228723,TX,Public,R1,ai,20210323002244,200,,ai_tamu_edu,,data/snapshots_raw/228723/ai/ai_tamu_edu__20210323002244.html,16448
Texas A & M University,228723,TX,Public,R1,ai,20210620040233,200,,ai_tamu_edu,,data/snapshots_raw/228723/ai/ai_tamu_edu__20210620040233.html,14492
Texas A & M University,228723,TX,Public,R1,ai,20210628023328,200,,ai_tamu_edu,,data/snapshots_raw/228723/ai/ai_tamu_edu__20210628023328.html,16423
Texas A & M University,228723,TX,Public,R1,ai,20210726200833,200,,ai_tamu_edu,,data/snapshots_raw/228723/ai/ai_tamu_edu__20210726200833.html,14492
Texas A & M University,228723,TX,Public,R1,ai,20210803113820,200,,ai_tamu_edu,,data/snapshots_raw/228723/ai/ai_tamu_edu__20210803113820.html,14492
Texas A & M University,228723,TX,Public,R1,ai,20210807161719,200,,ai_tamu_edu,,data/snapshots_raw/228723/ai/ai_tamu_edu__20210807161719.html,16423
Texas A & M University,228723,TX,Public,R1,ai,20210831123605,200,,ai_tamu_edu,,data/snapshots_raw/228723/ai/ai_tamu_edu__20210831123605.html,16423
Texas A & M University,228723,TX,Public,R1,ai,20241122174540,200,,ai_tamu_edu,,data/snapshots_raw/228723/ai/ai_tamu_edu__20241122174540.html,101415
Texas A & M University,228723,TX,Public,R1,ai,20241122195034,200,,ai_tamu_edu_index_html,,data/snapshots_raw/228723/ai/ai_tamu_edu_index_html__20241122195034.html,101415
Texas A & M University,228723,TX,Public,R1,ai,20220316082121,200,,ai_tamu_edu_robots_txt,,data/snapshots_raw/228723/ai/ai_tamu_edu_robots_txt__20220316082121.html,75
Texas A & M University,228723,TX,Public,R1,integrity,20210102050625,200,,aggiehonor_tamu_edu,,data/snapshots_raw/228723/integrity/aggiehonor_tamu_edu__20210102050625.html,29930
Texas A & M University,228723,TX,Public,R1,integrity,20210205002749,200,,aggiehonor_tamu_edu,,data/snapshots_raw/228723/integrity/aggiehonor_tamu_edu__20210205002749.html,32013
Texas A & M University,228723,TX,Public,R1,integrity,20210413060057,200,,aggiehonor_tamu_edu,,data/snapshots_raw/228723/integrity/aggiehonor_tamu_edu__20210413060057.html,32318
Texas A & M University,228723,TX,Public,R1,integrity,20210512225600,200,,aggiehonor_tamu_edu,,data/snapshots_raw/228723/integrity/aggiehonor_tamu_edu__20210512225600.html,32317
Texas A & M University,228723,TX,Public,R1,integrity,20210829213508,200,,aggiehonor_tamu_edu,,data/snapshots_raw/228723/integrity/aggiehonor_tamu_edu__20210829213508.html,32650
Texas A & M University,228723,TX,Public,R1,integrity,20211106220811,200,,aggiehonor_tamu_edu,,data/snapshots_raw/228723/integrity/aggiehonor_tamu_edu__20211106220811.html,32318
Texas A & M University,228723,TX,Public,R1,integrity,20220121232323,200,,aggiehonor_tamu_edu,,data/snapshots_raw/228723/integrity/aggiehonor_tamu_edu__20220121232323.html,32318
Texas A & M University,228723,TX,Public,R1,integrity,20220207031126,200,,aggiehonor_tamu_edu,,data/snapshots_raw/228723/integrity/aggiehonor_tamu_edu__20220207031126.html,32336
Texas A & M University,228723,TX,Public,R1,integrity,20220404060112,200,,aggiehonor_tamu_edu,,data/snapshots_raw/228723/integrity/aggiehonor_tamu_edu__20220404060112.html,7628
Texas A & M University,228723,TX,Public,R1,integrity,20220705181343,200,,aggiehonor_tamu_edu,,data/snapshots_raw/228723/integrity/aggiehonor_tamu_edu__20220705181343.html,32668
Texas A & M University,228723,TX,Public,R1,integrity,20220831174617,200,,aggiehonor_tamu_edu,,data/snapshots_raw/228723/integrity/aggiehonor_tamu_edu__20220831174617.html,32668
Texas A & M University,228723,TX,Public,R1,integrity,20230201162159,200,,aggiehonor_tamu_edu,,data/snapshots_raw/228723/integrity/aggiehonor_tamu_edu__20230201162159.html,7626
Texas A & M University,228723,TX,Public,R1,integrity,20230302163156,200,,aggiehonor_tamu_edu,,data/snapshots_raw/228723/integrity/aggiehonor_tamu_edu__20230302163156.html,7621
Texas A & M University,228723,TX,Public,R1,integrity,20230606075637,200,,aggiehonor_tamu_edu,,data/snapshots_raw/228723/integrity/aggiehonor_tamu_edu__20230606075637.html,7732
Texas A & M University,228723,TX,Public,R1,integrity,20230911063656,200,,aggiehonor_tamu_edu,,data/snapshots_raw/228723/integrity/aggiehonor_tamu_edu__20230911063656.html,32650
Texas A & M University,228723,TX,Public,R1,integrity,20240112052314,200,,aggiehonor_tamu_edu,,data/snapshots_raw/228723/integrity/aggiehonor_tamu_edu__20240112052314.html,10824
Texas A & M University,228723,TX,Public,R1,integrity,20240519063303,200,,aggiehonor_tamu_edu,,data/snapshots_raw/228723/integrity/aggiehonor_tamu_edu__20240519063303.html,62487
Texas A & M University,228723,TX,Public,R1,integrity,20240707030414,200,,aggiehonor_tamu_edu,,data/snapshots_raw/228723/integrity/aggiehonor_tamu_edu__20240707030414.html,63632
Texas A & M University,228723,TX,Public,R1,integrity,20240826192740,200,,aggiehonor_tamu_edu,,data/snapshots_raw/228723/integrity/aggiehonor_tamu_edu__20240826192740.html,63632
Texas A & M University,228723,TX,Public,R1,integrity,20241226173236,200,,aggiehonor_tamu_edu,,data/snapshots_raw/228723/integrity/aggiehonor_tamu_edu__20241226173236.html,65035
University of Texas at Arlington,228769,TX,Public,R1,integrity,20211207220855,200,,catalog_uta_edu_archives_2014_2015_honors,,data/snapshots_raw/228769/integrity/catalog_uta_edu_archives_2014_2015_honors__20211207220855.html,70510
University of Texas at Arlington,228769,TX,Public,R1,integrity,20210126212736,200,,catalog_uta_edu_honors,,data/snapshots_raw/228769/integrity/catalog_uta_edu_honors__20210126212736.html,54950
University of Texas at Arlington,228769,TX,Public,R1,integrity,20211105152404,200,,catalog_uta_edu_honors,,data/snapshots_raw/228769/integrity/catalog_uta_edu_honors__20211105152404.html,55023
University of Texas at Arlington,228769,TX,Public,R1,integrity,20220709030914,200,,catalog_uta_edu_honors,,data/snapshots_raw/228769/integrity/catalog_uta_edu_honors__20220709030914.html,55066
University of Texas at Arlington,228769,TX,Public,R1,integrity,20220828052526,200,,catalog_uta_edu_honors,,data/snapshots_raw/228769/integrity/catalog_uta_edu_honors__20220828052526.html,96416
University of Texas at Arlington,228769,TX,Public,R1,integrity,20221105080603,200,,catalog_uta_edu_honors,,data/snapshots_raw/228769/integrity/catalog_uta_edu_honors__20221105080603.html,100115
University of Texas at Arlington,228769,TX,Public,R1,integrity,20230505082501,200,,catalog_uta_edu_honors,,data/snapshots_raw/228769/integrity/catalog_uta_edu_honors__20230505082501.html,100181
University of Texas at Arlington,228769,TX,Public,R1,integrity,20231105075418,200,,catalog_uta_edu_honors,,data/snapshots_raw/228769/integrity/catalog_uta_edu_honors__20231105075418.html,100476
University of Texas at Arlington,228769,TX,Public,R1,integrity,20240714190840,200,,catalog_uta_edu_honors,,data/snapshots_raw/228769/integrity/catalog_uta_edu_honors__20240714190840.html,100427
University of Texas at Arlington,228769,TX,Public,R1,integrity,20241105070854,200,,catalog_uta_edu_honors,,data/snapshots_raw/228769/integrity/catalog_uta_edu_honors__20241105070854.html,100588
University of Texas at Arlington,228769,TX,Public,R1,integrity,20210802062742,200,,catalog_uta_edu_honors_ints,,data/snapshots_raw/228769/integrity/catalog_uta_edu_honors_ints__20210802062742.html,35044
University of Texas at Arlington,228769,TX,Public,R1,integrity,20211107013151,200,,catalog_uta_edu_honors_ints,,data/snapshots_raw/228769/integrity/catalog_uta_edu_honors_ints__20211107013151.html,33452
University of Texas at Arlington,228769,TX,Public,R1,integrity,20220828052524,200,,catalog_uta_edu_honors_ints,,data/snapshots_raw/228769/integrity/catalog_uta_edu_honors_ints__20220828052524.html,77534
University of Texas at Arlington,228769,TX,Public,R1,integrity,20221105080616,200,,catalog_uta_edu_honors_ints,,data/snapshots_raw/228769/integrity/catalog_uta_edu_honors_ints__20221105080616.html,78458
University of Texas at Arlington,228769,TX,Public,R1,integrity,20230505082526,200,,catalog_uta_edu_honors_ints,,data/snapshots_raw/228769/integrity/catalog_uta_edu_honors_ints__20230505082526.html,78524
University of Texas at Arlington,228769,TX,Public,R1,integrity,20230804035150,200,,catalog_uta_edu_honors_ints,,data/snapshots_raw/228769/integrity/catalog_uta_edu_honors_ints__20230804035150.html,78688
University of Texas at Arlington,228769,TX,Public,R1,integrity,20231105075434,200,,catalog_uta_edu_honors_ints,,data/snapshots_raw/228769/integrity/catalog_uta_edu_honors_ints__20231105075434.html,78707
University of Texas at Arlington,228769,TX,Public,R1,integrity,20241105070855,200,,catalog_uta_edu_honors_ints,,data/snapshots_raw/228769/integrity/catalog_uta_edu_honors_ints__20241105070855.html,59961
University of Texas at Dallas,228787,TX,Public,R1,integrity,20240725122237,200,,provost_utdallas_edu_2023_06_08_faculty_awards_explainer_many_ways_to_earn_honor,,data/snapshots_raw/228787/integrity/provost_utdallas_edu_2023_06_08_faculty_awards_explainer_many_ways_to_earn_honor__20240725122237.html,89808
University of Texas at Dallas,228787,TX,Public,R1,integrity,20240725164338,200,,provost_utdallas_edu_wp_json_oembed_1_0_embed_url_https_3A_2F_2Fprovost_utdallas,,data/snapshots_raw/228787/integrity/provost_utdallas_edu_wp_json_oembed_1_0_embed_url_https_3A_2F_2Fprovost_utdallas__20240725164338.html,2539
University of Texas at Dallas,228787,TX,Public,R1,integrity,20240725233546,200,,provost_utdallas_edu_wp_json_oembed_1_0_embed_url_https_3A_2F_2Fprovost_utdallas,,data/snapshots_raw/228787/integrity/provost_utdallas_edu_wp_json_oembed_1_0_embed_url_https_3A_2F_2Fprovost_utdallas__20240725233546.html,2728
George Mason University,232186,VA,Public,R1,ai,20240716195742,200,,catalog_gmu_edu_colleges_schools_engineering_computing_engineering_mechanical_re,,data/snapshots_raw/232186/ai/catalog_gmu_edu_colleges_schools_engineering_computing_engineering_mechanical_re__20240716195742.html,23399
George Mason University,232186,VA,Public,R1,ai,20230921210955,200,,catalog_gmu_edu_colleges_schools_humanities_social_sciences_philosophy_ethics_ai,,data/snapshots_raw/232186/ai/catalog_gmu_edu_colleges_schools_humanities_social_sciences_philosophy_ethics_ai__20230921210955.html,28264
George Mason University,232186,VA,Public,R1,ai,20241229044930,200,,catalog_gmu_edu_colleges_schools_humanities_social_sciences_philosophy_ethics_ai,,data/snapshots_raw/232186/ai/catalog_gmu_edu_colleges_schools_humanities_social_sciences_philosophy_ethics_ai__20241229044930.html,28117
George Mason University,232186,VA,Public,R1,ai,20240617173220,200,,provost_gmu_edu_news_2023_11_stearns_center_offers_guidance_generative_ai_tools,,data/snapshots_raw/232186/ai/provost_gmu_edu_news_2023_11_stearns_center_offers_guidance_generative_ai_tools__20240617173220.html,97252
George Mason University,232186,VA,Public,R1,ai,20240818014542,200,,provost_gmu_edu_news_2023_11_stearns_center_offers_guidance_generative_ai_tools,,data/snapshots_raw/232186/ai/provost_gmu_edu_news_2023_11_stearns_center_offers_guidance_generative_ai_tools__20240818014542.html,96358
George Mason University,232186,VA,Public,R1,ai,20241012131257,200,,provost_gmu_edu_news_2023_11_stearns_center_offers_guidance_generative_ai_tools,,data/snapshots_raw/232186/ai/provost_gmu_edu_news_2023_11_stearns_center_offers_guidance_generative_ai_tools__20241012131257.html,94104
George Mason University,232186,VA,Public,R1,integrity,20210227074843,200,,studentconduct_gmu_edu,,data/snapshots_raw/232186/integrity/studentconduct_gmu_edu__20210227074843.html,37913
George Mason University,232186,VA,Public,R1,integrity,20211216022110,200,,studentconduct_gmu_edu,,data/snapshots_raw/232186/integrity/studentconduct_gmu_edu__20211216022110.html,42874
George Mason University,232186,VA,Public,R1,integrity,20220122011630,200,,studentconduct_gmu_edu,,data/snapshots_raw/232186/integrity/studentconduct_gmu_edu__20220122011630.html,42874
George Mason University,232186,VA,Public,R1,integrity,20220418015103,200,,studentconduct_gmu_edu,,data/snapshots_raw/232186/integrity/studentconduct_gmu_edu__20220418015103.html,51771
George Mason University,232186,VA,Public,R1,integrity,20220604215345,200,,studentconduct_gmu_edu,,data/snapshots_raw/232186/integrity/studentconduct_gmu_edu__20220604215345.html,78097
George Mason University,232186,VA,Public,R1,integrity,20220728001652,200,,studentconduct_gmu_edu,,data/snapshots_raw/232186/integrity/studentconduct_gmu_edu__20220728001652.html,14122
George Mason University,232186,VA,Public,R1,integrity,20221225110944,200,,studentconduct_gmu_edu,,data/snapshots_raw/232186/integrity/studentconduct_gmu_edu__20221225110944.html,79553
George Mason University,232186,VA,Public,R1,integrity,20230518102957,200,,studentconduct_gmu_edu,,data/snapshots_raw/232186/integrity/studentconduct_gmu_edu__20230518102957.html,79844
George Mason University,232186,VA,Public,R1,integrity,20230810220834,200,,studentconduct_gmu_edu,,data/snapshots_raw/232186/integrity/studentconduct_gmu_edu__20230810220834.html,79860
George Mason University,232186,VA,Public,R1,integrity,20231104170202,200,,studentconduct_gmu_edu,,data/snapshots_raw/232186/integrity/studentconduct_gmu_edu__20231104170202.html,74018
George Mason University,232186,VA,Public,R1,integrity,20240330230149,200,,studentconduct_gmu_edu,,data/snapshots_raw/232186/integrity/studentconduct_gmu_edu__20240330230149.html,73748
George Mason University,232186,VA,Public,R1,integrity,20240514224406,200,,studentconduct_gmu_edu,,data/snapshots_raw/232186/integrity/studentconduct_gmu_edu__20240514224406.html,13794
George Mason University,232186,VA,Public,R1,integrity,20240714035544,200,,studentconduct_gmu_edu,,data/snapshots_raw/232186/integrity/studentconduct_gmu_edu__20240714035544.html,13795
George Mason University,232186,VA,Public,R1,integrity,20240801185222,200,,studentconduct_gmu_edu,,data/snapshots_raw/232186/integrity/studentconduct_gmu_edu__20240801185222.html,73648
George Mason University,232186,VA,Public,R1,integrity,20241011054557,200,,studentconduct_gmu_edu,,data/snapshots_raw/232186/integrity/studentconduct_gmu_edu__20241011054557.html,80340
James Madison University,232423,VA,Public,M,integrity,20210302115049,200,,www_jmu_edu_honorcode,,data/snapshots_raw/232423/integrity/www_jmu_edu_honorcode__20210302115049.html,77038
James Madison University,232423,VA,Public,M,integrity,20210415155954,200,,www_jmu_edu_honorcode,,data/snapshots_raw/232423/integrity/www_jmu_edu_honorcode__20210415155954.html,77039
James Madison University,232423,VA,Public,M,integrity,20210514123757,200,,www_jmu_edu_honorcode,,data/snapshots_raw/232423/integrity/www_jmu_edu_honorcode__20210514123757.html,72827
James Madison University,232423,VA,Public,M,integrity,20210802204334,200,,www_jmu_edu_honorcode,,data/snapshots_raw/232423/integrity/www_jmu_edu_honorcode__20210802204334.html,73088
James Madison University,232423,VA,Public,M,integrity,20210414081750,200,,www_jmu_edu_honorcode_code_shtml,,data/snapshots_raw/232423/integrity/www_jmu_edu_honorcode_code_shtml__20210414081750.html,136079
James Madison University,232423,VA,Public,M,integrity,20210611110415,200,,www_jmu_edu_honorcode_code_shtml,,data/snapshots_raw/232423/integrity/www_jmu_edu_honorcode_code_shtml__20210611110415.html,132135
James Madison University,232423,VA,Public,M,integrity,20211024082053,200,,www_jmu_edu_honorcode_code_shtml,,data/snapshots_raw/232423/integrity/www_jmu_edu_honorcode_code_shtml__20211024082053.html,134979
James Madison University,232423,VA,Public,M,integrity,20220522095008,200,,www_jmu_edu_honorcode_code_shtml,,data/snapshots_raw/232423/integrity/www_jmu_edu_honorcode_code_shtml__20220522095008.html,135088
James Madison University,232423,VA,Public,M,integrity,20221003200931,200,,www_jmu_edu_honorcode_code_shtml,,data/snapshots_raw/232423/integrity/www_jmu_edu_honorcode_code_shtml__20221003200931.html,148741
James Madison University,232423,VA,Public,M,integrity,20221201134035,200,,www_jmu_edu_honorcode_code_shtml,,data/snapshots_raw/232423/integrity/www_jmu_edu_honorcode_code_shtml__20221201134035.html,148057
James Madison University,232423,VA,Public,M,integrity,20230207040631,200,,www_jmu_edu_honorcode_code_shtml,,data/snapshots_raw/232423/integrity/www_jmu_edu_honorcode_code_shtml__20230207040631.html,148220
James Madison University,232423,VA,Public,M,integrity,20230213191902,200,,www_jmu_edu_honorcode_code_shtml,,data/snapshots_raw/232423/integrity/www_jmu_edu_honorcode_code_shtml__20230213191902.html,30801
James Madison University,232423,VA,Public,M,integrity,20230608173614,200,,www_jmu_edu_honorcode_code_shtml,,data/snapshots_raw/232423/integrity/www_jmu_edu_honorcode_code_shtml__20230608173614.html,152506
James Madison University,232423,VA,Public,M,integrity,20231201054426,200,,www_jmu_edu_honorcode_code_shtml,,data/snapshots_raw/232423/integrity/www_jmu_edu_honorcode_code_shtml__20231201054426.html,155821
James Madison University,232423,VA,Public,M,integrity,20240212144257,200,,www_jmu_edu_honorcode_code_shtml,,data/snapshots_raw/232423/integrity/www_jmu_edu_honorcode_code_shtml__20240212144257.html,170654
James Madison University,232423,VA,Public,M,integrity,20240413084051,200,,www_jmu_edu_honorcode_code_shtml,,data/snapshots_raw/232423/integrity/www_jmu_edu_honorcode_code_shtml__20240413084051.html,170748
James Madison University,232423,VA,Public,M,integrity,20210414073246,200,,www_jmu_edu_honorcode_test_shtml,,data/snapshots_raw/232423/integrity/www_jmu_edu_honorcode_test_shtml__20210414073246.html,78832
James Madison University,232423,VA,Public,M,integrity,20210917122200,200,,www_jmu_edu_honorcode_test_shtml,,data/snapshots_raw/232423/integrity/www_jmu_edu_honorcode_test_shtml__20210917122200.html,77853
James Madison University,232423,VA,Public,M,integrity,20220121193646,200,,www_jmu_edu_honorcode_test_shtml,,data/snapshots_raw/232423/integrity/www_jmu_edu_honorcode_test_shtml__20220121193646.html,77874
James Madison University,232423,VA,Public,M,integrity,20220627104934,200,,www_jmu_edu_honorcode_test_shtml,,data/snapshots_raw/232423/integrity/www_jmu_edu_honorcode_test_shtml__20220627104934.html,77214
James Madison University,232423,VA,Public,M,integrity,20221208083732,200,,www_jmu_edu_honorcode_test_shtml,,data/snapshots_raw/232423/integrity/www_jmu_edu_honorcode_test_shtml__20221208083732.html,87238
James Madison University,232423,VA,Public,M,integrity,20230213191946,200,,www_jmu_edu_honorcode_test_shtml,,data/snapshots_raw/232423/integrity/www_jmu_edu_honorcode_test_shtml__20230213191946.html,19208
James Madison University,232423,VA,Public,M,integrity,20230322182425,200,,www_jmu_edu_honorcode_test_shtml,,data/snapshots_raw/232423/integrity/www_jmu_edu_honorcode_test_shtml__20230322182425.html,90962
Virginia Polytechnic Institute and State University,233921,VA,Public,R1,ai,20240709210947,200,,honorsystem_vt_edu_ai_online_tips_html,,data/snapshots_raw/233921/ai/honorsystem_vt_edu_ai_online_tips_html__20240709210947.html,72562
Virginia Polytechnic Institute and State University,233921,VA,Public,R1,ai,20210305000543,200,,honorsystem_vt_edu_icai_webinar_html,,data/snapshots_raw/233921/ai/honorsystem_vt_edu_icai_webinar_html__20210305000543.html,39313
Virginia Polytechnic Institute and State University,233921,VA,Public,R1,ai,20210613012329,200,,honorsystem_vt_edu_icai_webinar_html,,data/snapshots_raw/233921/ai/honorsystem_vt_edu_icai_webinar_html__20210613012329.html,40620
Virginia Polytechnic Institute and State University,233921,VA,Public,R1,integrity,20210117183526,200,,honorsystem_vt_edu,,data/snapshots_raw/233921/integrity/honorsystem_vt_edu__20210117183526.html,52290
Virginia Polytechnic Institute and State University,233921,VA,Public,R1,integrity,20210401171757,200,,honorsystem_vt_edu,,data/snapshots_raw/233921/integrity/honorsystem_vt_edu__20210401171757.html,10987
Virginia Polytechnic Institute and State University,233921,VA,Public,R1,integrity,20210501061406,200,,honorsystem_vt_edu,,data/snapshots_raw/233921/integrity/honorsystem_vt_edu__20210501061406.html,53339
Virginia Polytechnic Institute and State University,233921,VA,Public,R1,integrity,20211101051923,200,,honorsystem_vt_edu,,data/snapshots_raw/233921/integrity/honorsystem_vt_edu__20211101051923.html,52211
Virginia Polytechnic Institute and State University,233921,VA,Public,R1,integrity,20220120160055,200,,honorsystem_vt_edu,,data/snapshots_raw/233921/integrity/honorsystem_vt_edu__20220120160055.html,46178
Virginia Polytechnic Institute and State University,233921,VA,Public,R1,integrity,20220126044344,200,,honorsystem_vt_edu,,data/snapshots_raw/233921/integrity/honorsystem_vt_edu__20220126044344.html,46309
Virginia Polytechnic Institute and State University,233921,VA,Public,R1,integrity,20220331030314,200,,honorsystem_vt_edu,,data/snapshots_raw/233921/integrity/honorsystem_vt_edu__20220331030314.html,9099
Virginia Polytechnic Institute and State University,233921,VA,Public,R1,integrity,20220702041108,200,,honorsystem_vt_edu,,data/snapshots_raw/233921/integrity/honorsystem_vt_edu__20220702041108.html,46526
Virginia Polytechnic Institute and State University,233921,VA,Public,R1,integrity,20221006202324,200,,honorsystem_vt_edu,,data/snapshots_raw/233921/integrity/honorsystem_vt_edu__20221006202324.html,45589
Virginia Polytechnic Institute and State University,233921,VA,Public,R1,integrity,20221203154351,200,,honorsystem_vt_edu,,data/snapshots_raw/233921/integrity/honorsystem_vt_edu__20221203154351.html,45589
Virginia Polytechnic Institute and State University,233921,VA,Public,R1,integrity,20230311051454,200,,honorsystem_vt_edu,,data/snapshots_raw/233921/integrity/honorsystem_vt_edu__20230311051454.html,45709
Virginia Polytechnic Institute and State University,233921,VA,Public,R1,integrity,20230531074854,200,,honorsystem_vt_edu,,data/snapshots_raw/233921/integrity/honorsystem_vt_edu__20230531074854.html,46670
Virginia Polytechnic Institute and State University,233921,VA,Public,R1,integrity,20231018131520,200,,honorsystem_vt_edu,,data/snapshots_raw/233921/integrity/honorsystem_vt_edu__20231018131520.html,46670
Virginia Polytechnic Institute and State University,233921,VA,Public,R1,integrity,20240423174411,200,,honorsystem_vt_edu,,data/snapshots_raw/233921/integrity/honorsystem_vt_edu__20240423174411.html,13413
Virginia Polytechnic Institute and State University,233921,VA,Public,R1,integrity,20240523121754,200,,honorsystem_vt_edu,,data/snapshots_raw/233921/integrity/honorsystem_vt_edu__20240523121754.html,71857
Virginia Polytechnic Institute and State University,233921,VA,Public,R1,integrity,20240708144935,200,,honorsystem_vt_edu,,data/snapshots_raw/233921/integrity/honorsystem_vt_edu__20240708144935.html,72085
Virginia Polytechnic Institute and State University,233921,VA,Public,R1,integrity,20241112025946,200,,honorsystem_vt_edu,,data/snapshots_raw/233921/integrity/honorsystem_vt_edu__20241112025946.html,70313
Virginia Polytechnic Institute and State University,233921,VA,Public,R1,integrity,20241125032505,200,,honorsystem_vt_edu,,data/snapshots_raw/233921/integrity/honorsystem_vt_edu__20241125032505.html,12750
Virginia Polytechnic Institute and State University,233921,VA,Public,R1,integrity,20210919005610,200,,honorsystem_vt_edu_q_node_2,,data/snapshots_raw/233921/integrity/honorsystem_vt_edu_q_node_2__20210919005610.html,52211
Virginia Polytechnic Institute and State University,233921,VA,Public,R1,integrity,20230531073333,200,,honorsystem_vt_edu_q_node_2,,data/snapshots_raw/233921/integrity/honorsystem_vt_edu_q_node_2__20230531073333.html,46670
Virginia Commonwealth University,234030,VA,Public,R1,integrity,20240810102303,200,,www_provost_vcu_edu_pdfs_Honor_sys,,data/snapshots_raw/234030/integrity/www_provost_vcu_edu_pdfs_Honor_sys__20240810102303.html,34264
Virginia Commonwealth University,234030,VA,Public,R1,integrity,20240531223845,200,,www_provost_vcu_edu_pdfs_Honor_system_policy_pdfSign,,data/snapshots_raw/234030/integrity/www_provost_vcu_edu_pdfs_Honor_system_policy_pdfSign__20240531223845.html,34281
Virginia Commonwealth University,234030,VA,Public,R1,integrity,20240711071725,200,,www_provost_vcu_edu_pdfs_Honor_system_policy_pdfor,,data/snapshots_raw/234030/integrity/www_provost_vcu_edu_pdfs_Honor_system_policy_pdfor__20240711071725.html,34279
Stanford University,243744,CA,Private,R1,ai,20230912012801,200,,teachingcommons_stanford_edu_teaching_guides_artificial_intelligence_teaching_gu,,data/snapshots_raw/243744/ai/teachingcommons_stanford_edu_teaching_guides_artificial_intelligence_teaching_gu__20230912012801.html,23020
Stanford University,243744,CA,Private,R1,ai,20230912020340,200,,teachingcommons_stanford_edu_teaching_guides_artificial_intelligence_teaching_gu,,data/snapshots_raw/243744/ai/teachingcommons_stanford_edu_teaching_guides_artificial_intelligence_teaching_gu__20230912020340.html,25535
Stanford University,243744,CA,Private,R1,ai,20230912031414,200,,teachingcommons_stanford_edu_teaching_guides_artificial_intelligence_teaching_gu,,data/snapshots_raw/243744/ai/teachingcommons_stanford_edu_teaching_guides_artificial_intelligence_teaching_gu__20230912031414.html,25284
Stanford University,243744,CA,Private,R1,ai,20231017010744,200,,teachingcommons_stanford_edu_teaching_guides_artificial_intelligence_teaching_gu,,data/snapshots_raw/243744/ai/teachingcommons_stanford_edu_teaching_guides_artificial_intelligence_teaching_gu__20231017010744.html,22727
Stanford University,243744,CA,Private,R1,ai,20231017014315,200,,teachingcommons_stanford_edu_teaching_guides_artificial_intelligence_teaching_gu,,data/snapshots_raw/243744/ai/teachingcommons_stanford_edu_teaching_guides_artificial_intelligence_teaching_gu__20231017014315.html,24919
Stanford University,243744,CA,Private,R1,ai,20231017021756,200,,teachingcommons_stanford_edu_teaching_guides_artificial_intelligence_teaching_gu,,data/snapshots_raw/243744/ai/teachingcommons_stanford_edu_teaching_guides_artificial_intelligence_teaching_gu__20231017021756.html,25201
Stanford University,243744,CA,Private,R1,ai,20231031020142,200,,teachingcommons_stanford_edu_teaching_guides_artificial_intelligence_teaching_gu,,data/snapshots_raw/243744/ai/teachingcommons_stanford_edu_teaching_guides_artificial_intelligence_teaching_gu__20231031020142.html,22849
Stanford University,243744,CA,Private,R1,ai,20231031032617,200,,teachingcommons_stanford_edu_teaching_guides_artificial_intelligence_teaching_gu,,data/snapshots_raw/243744/ai/teachingcommons_stanford_edu_teaching_guides_artificial_intelligence_teaching_gu__20231031032617.html,25033
Stanford University,243744,CA,Private,R1,ai,20231031035737,200,,teachingcommons_stanford_edu_teaching_guides_artificial_intelligence_teaching_gu,,data/snapshots_raw/243744/ai/teachingcommons_stanford_edu_teaching_guides_artificial_intelligence_teaching_gu__20231031035737.html,25324
Stanford University,243744,CA,Private,R1,ai,20231121005908,200,,teachingcommons_stanford_edu_teaching_guides_artificial_intelligence_teaching_gu,,data/snapshots_raw/243744/ai/teachingcommons_stanford_edu_teaching_guides_artificial_intelligence_teaching_gu__20231121005908.html,24153
Stanford University,243744,CA,Private,R1,ai,20231121035845,200,,teachingcommons_stanford_edu_teaching_guides_artificial_intelligence_teaching_gu,,data/snapshots_raw/243744/ai/teachingcommons_stanford_edu_teaching_guides_artificial_intelligence_teaching_gu__20231121035845.html,26619
Stanford University,243744,CA,Private,R1,ai,20231128030304,200,,teachingcommons_stanford_edu_teaching_guides_artificial_intelligence_teaching_gu,,data/snapshots_raw/243744/ai/teachingcommons_stanford_edu_teaching_guides_artificial_intelligence_teaching_gu__20231128030304.html,26386
Stanford University,243744,CA,Private,R1,ai,20231205133342,200,,teachingcommons_stanford_edu_teaching_guides_artificial_intelligence_teaching_gu,,data/snapshots_raw/243744/ai/teachingcommons_stanford_edu_teaching_guides_artificial_intelligence_teaching_gu__20231205133342.html,24151
Stanford University,243744,CA,Private,R1,ai,20231205142331,200,,teachingcommons_stanford_edu_teaching_guides_artificial_intelligence_teaching_gu,,data/snapshots_raw/243744/ai/teachingcommons_stanford_edu_teaching_guides_artificial_intelligence_teaching_gu__20231205142331.html,26664
Stanford University,243744,CA,Private,R1,ai,20231226012238,200,,teachingcommons_stanford_edu_teaching_guides_artificial_intelligence_teaching_gu,,data/snapshots_raw/243744/ai/teachingcommons_stanford_edu_teaching_guides_artificial_intelligence_teaching_gu__20231226012238.html,26242
Stanford University,243744,CA,Private,R1,ai,20240109005253,200,,teachingcommons_stanford_edu_teaching_guides_artificial_intelligence_teaching_gu,,data/snapshots_raw/243744/ai/teachingcommons_stanford_edu_teaching_guides_artificial_intelligence_teaching_gu__20240109005253.html,24114
Stanford University,243744,CA,Private,R1,ai,20240116013421,200,,teachingcommons_stanford_edu_teaching_guides_artificial_intelligence_teaching_gu,,data/snapshots_raw/243744/ai/teachingcommons_stanford_edu_teaching_guides_artificial_intelligence_teaching_gu__20240116013421.html,27000
Stanford University,243744,CA,Private,R1,ai,20240116014102,200,,teachingcommons_stanford_edu_teaching_guides_artificial_intelligence_teaching_gu,,data/snapshots_raw/243744/ai/teachingcommons_stanford_edu_teaching_guides_artificial_intelligence_teaching_gu__20240116014102.html,26840
Stanford University,243744,CA,Private,R1,ai,20240130021417,200,,teachingcommons_stanford_edu_teaching_guides_artificial_intelligence_teaching_gu,,data/snapshots_raw/243744/ai/teachingcommons_stanford_edu_teaching_guides_artificial_intelligence_teaching_gu__20240130021417.html,24662
Stanford University,243744,CA,Private,R1,ai,20240131031635,200,,teachingcommons_stanford_edu_teaching_guides_artificial_intelligence_teaching_gu,,data/snapshots_raw/243744/ai/teachingcommons_stanford_edu_teaching_guides_artificial_intelligence_teaching_gu__20240131031635.html,26919
Stanford University,243744,CA,Private,R1,ai,20240206021659,200,,teachingcommons_stanford_edu_teaching_guides_artificial_intelligence_teaching_gu,,data/snapshots_raw/243744/ai/teachingcommons_stanford_edu_teaching_guides_artificial_intelligence_teaching_gu__20240206021659.html,27159
Stanford University,243744,CA,Private,R1,ai,20240220010724,200,,teachingcommons_stanford_edu_teaching_guides_artificial_intelligence_teaching_gu,,data/snapshots_raw/243744/ai/teachingcommons_stanford_edu_teaching_guides_artificial_intelligence_teaching_gu__20240220010724.html,24724
Stanford University,243744,CA,Private,R1,ai,20240220011905,200,,teachingcommons_stanford_edu_teaching_guides_artificial_intelligence_teaching_gu,,data/snapshots_raw/243744/ai/teachingcommons_stanford_edu_teaching_guides_artificial_intelligence_teaching_gu__20240220011905.html,27226
Stanford University,243744,CA,Private,R1,ai,20240220012931,200,,teachingcommons_stanford_edu_teaching_guides_artificial_intelligence_teaching_gu,,data/snapshots_raw/243744/ai/teachingcommons_stanford_edu_teaching_guides_artificial_intelligence_teaching_gu__20240220012931.html,26939
Stanford University,243744,CA,Private,R1,ai,20240307133809,200,,teachingcommons_stanford_edu_teaching_guides_artificial_intelligence_teaching_gu,,data/snapshots_raw/243744/ai/teachingcommons_stanford_edu_teaching_guides_artificial_intelligence_teaching_gu__20240307133809.html,79482
Stanford University,243744,CA,Private,R1,ai,20240319011122,200,,teachingcommons_stanford_edu_teaching_guides_artificial_intelligence_teaching_gu,,data/snapshots_raw/243744/ai/teachingcommons_stanford_edu_teaching_guides_artificial_intelligence_teaching_gu__20240319011122.html,16446
Stanford University,243744,CA,Private,R1,ai,20240402005937,200,,teachingcommons_stanford_edu_teaching_guides_artificial_intelligence_teaching_gu,,data/snapshots_raw/243744/ai/teachingcommons_stanford_edu_teaching_guides_artificial_intelligence_teaching_gu__20240402005937.html,14418
Stanford University,243744,CA,Private,R1,ai,20240402013619,200,,teachingcommons_stanford_edu_teaching_guides_artificial_intelligence_teaching_gu,,data/snapshots_raw/243744/ai/teachingcommons_stanford_edu_teaching_guides_artificial_intelligence_teaching_gu__20240402013619.html,16390
Stanford University,243744,CA,Private,R1,ai,20240410003009,200,,teachingcommons_stanford_edu_teaching_guides_artificial_intelligence_teaching_gu,,data/snapshots_raw/243744/ai/teachingcommons_stanford_edu_teaching_guides_artificial_intelligence_teaching_gu__20240410003009.html,16773
Stanford University,243744,CA,Private,R1,ai,20240430012144,200,,teachingcommons_stanford_edu_teaching_guides_artificial_intelligence_teaching_gu,,data/snapshots_raw/243744/ai/teachingcommons_stanford_edu_teaching_guides_artificial_intelligence_teaching_gu__20240430012144.html,16394
Stanford University,243744,CA,Private,R1,ai,20240430031928,200,,teachingcommons_stanford_edu_teaching_guides_artificial_intelligence_teaching_gu,,data/snapshots_raw/243744/ai/teachingcommons_stanford_edu_teaching_guides_artificial_intelligence_teaching_gu__20240430031928.html,14432
Stanford University,243744,CA,Private,R1,ai,20240521013830,200,,teachingcommons_stanford_edu_teaching_guides_artificial_intelligence_teaching_gu,,data/snapshots_raw/243744/ai/teachingcommons_stanford_edu_teaching_guides_artificial_intelligence_teaching_gu__20240521013830.html,16313
Stanford University,243744,CA,Private,R1,ai,20240524191418,200,,teachingcommons_stanford_edu_teaching_guides_artificial_intelligence_teaching_gu,,data/snapshots_raw/243744/ai/teachingcommons_stanford_edu_teaching_guides_artificial_intelligence_teaching_gu__20240524191418.html,71076
Stanford University,243744,CA,Private,R1,ai,20240723005023,200,,teachingcommons_stanford_edu_teaching_guides_artificial_intelligence_teaching_gu,,data/snapshots_raw/243744/ai/teachingcommons_stanford_edu_teaching_guides_artificial_intelligence_teaching_gu__20240723005023.html,14165
Stanford University,243744,CA,Private,R1,ai,20240723010841,200,,teachingcommons_stanford_edu_teaching_guides_artificial_intelligence_teaching_gu,,data/snapshots_raw/243744/ai/teachingcommons_stanford_edu_teaching_guides_artificial_intelligence_teaching_gu__20240723010841.html,16336
Stanford University,243744,CA,Private,R1,ai,20240820071848,200,,teachingcommons_stanford_edu_teaching_guides_artificial_intelligence_teaching_gu,,data/snapshots_raw/243744/ai/teachingcommons_stanford_edu_teaching_guides_artificial_intelligence_teaching_gu__20240820071848.html,15976
Stanford University,243744,CA,Private,R1,ai,20240919070458,200,,teachingcommons_stanford_edu_teaching_guides_artificial_intelligence_teaching_gu,,data/snapshots_raw/243744/ai/teachingcommons_stanford_edu_teaching_guides_artificial_intelligence_teaching_gu__20240919070458.html,83111
Stanford University,243744,CA,Private,R1,ai,20241001085745,200,,teachingcommons_stanford_edu_teaching_guides_artificial_intelligence_teaching_gu,,data/snapshots_raw/243744/ai/teachingcommons_stanford_edu_teaching_guides_artificial_intelligence_teaching_gu__20241001085745.html,14594
Stanford University,243744,CA,Private,R1,ai,20241001124557,200,,teachingcommons_stanford_edu_teaching_guides_artificial_intelligence_teaching_gu,,data/snapshots_raw/243744/ai/teachingcommons_stanford_edu_teaching_guides_artificial_intelligence_teaching_gu__20241001124557.html,16395
Stanford University,243744,CA,Private,R1,ai,20241023005731,200,,teachingcommons_stanford_edu_teaching_guides_artificial_intelligence_teaching_gu,,data/snapshots_raw/243744/ai/teachingcommons_stanford_edu_teaching_guides_artificial_intelligence_teaching_gu__20241023005731.html,16811
Stanford University,243744,CA,Private,R1,ai,20241105184050,200,,teachingcommons_stanford_edu_teaching_guides_artificial_intelligence_teaching_gu,,data/snapshots_raw/243744/ai/teachingcommons_stanford_edu_teaching_guides_artificial_intelligence_teaching_gu__20241105184050.html,14161
Stanford University,243744,CA,Private,R1,ai,20241106022910,200,,teachingcommons_stanford_edu_teaching_guides_artificial_intelligence_teaching_gu,,data/snapshots_raw/243744/ai/teachingcommons_stanford_edu_teaching_guides_artificial_intelligence_teaching_gu__20241106022910.html,15958
Stanford University,243744,CA,Private,R1,ai,20241224065606,200,,teachingcommons_stanford_edu_teaching_guides_artificial_intelligence_teaching_gu,,data/snapshots_raw/243744/ai/teachingcommons_stanford_edu_teaching_guides_artificial_intelligence_teaching_gu__20241224065606.html,15007
Stanford University,243744,CA,Private,R1,ai,20241225010334,200,,teachingcommons_stanford_edu_teaching_guides_artificial_intelligence_teaching_gu,,data/snapshots_raw/243744/ai/teachingcommons_stanford_edu_teaching_guides_artificial_intelligence_teaching_gu__20241225010334.html,16728
Stanford University,243744,CA,Private,R1,ai,20241225044915,200,,teachingcommons_stanford_edu_teaching_guides_artificial_intelligence_teaching_gu,,data/snapshots_raw/243744/ai/teachingcommons_stanford_edu_teaching_guides_artificial_intelligence_teaching_gu__20241225044915.html,17124
Stanford University,243744,CA,Private,R1,integrity,20210102010353,200,,communitystandards_stanford_edu_policies_and_guidance_honor_code,,data/snapshots_raw/243744/integrity/communitystandards_stanford_edu_policies_and_guidance_honor_code__20210102010353.html,8559
Stanford University,243744,CA,Private,R1,integrity,20210120135550,200,,communitystandards_stanford_edu_policies_and_guidance_honor_code,,data/snapshots_raw/243744/integrity/communitystandards_stanford_edu_policies_and_guidance_honor_code__20210120135550.html,8562
Stanford University,243744,CA,Private,R1,integrity,20210209192235,200,,communitystandards_stanford_edu_policies_and_guidance_honor_code,,data/snapshots_raw/243744/integrity/communitystandards_stanford_edu_policies_and_guidance_honor_code__20210209192235.html,32952
Stanford University,243744,CA,Private,R1,integrity,20210609171639,200,,communitystandards_stanford_edu_policies_and_guidance_honor_code,,data/snapshots_raw/243744/integrity/communitystandards_stanford_edu_policies_and_guidance_honor_code__20210609171639.html,32952
Stanford University,243744,CA,Private,R1,integrity,20210809173350,200,,communitystandards_stanford_edu_policies_and_guidance_honor_code,,data/snapshots_raw/243744/integrity/communitystandards_stanford_edu_policies_and_guidance_honor_code__20210809173350.html,32952
Stanford University,243744,CA,Private,R1,integrity,20211009145027,200,,communitystandards_stanford_edu_policies_and_guidance_honor_code,,data/snapshots_raw/243744/integrity/communitystandards_stanford_edu_policies_and_guidance_honor_code__20211009145027.html,32952
Stanford University,243744,CA,Private,R1,integrity,20211109174943,200,,communitystandards_stanford_edu_policies_and_guidance_honor_code,,data/snapshots_raw/243744/integrity/communitystandards_stanford_edu_policies_and_guidance_honor_code__20211109174943.html,32952
Stanford University,243744,CA,Private,R1,integrity,20220109194009,200,,communitystandards_stanford_edu_policies_and_guidance_honor_code,,data/snapshots_raw/243744/integrity/communitystandards_stanford_edu_policies_and_guidance_honor_code__20220109194009.html,33140
Stanford University,243744,CA,Private,R1,integrity,20220125062453,200,,communitystandards_stanford_edu_policies_and_guidance_honor_code,,data/snapshots_raw/243744/integrity/communitystandards_stanford_edu_policies_and_guidance_honor_code__20220125062453.html,33140
Stanford University,243744,CA,Private,R1,integrity,20220209200716,200,,communitystandards_stanford_edu_policies_and_guidance_honor_code,,data/snapshots_raw/243744/integrity/communitystandards_stanford_edu_policies_and_guidance_honor_code__20220209200716.html,33139
Stanford University,243744,CA,Private,R1,integrity,20220309172356,200,,communitystandards_stanford_edu_policies_and_guidance_honor_code,,data/snapshots_raw/243744/integrity/communitystandards_stanford_edu_policies_and_guidance_honor_code__20220309172356.html,9884
Stanford University,243744,CA,Private,R1,integrity,20220323232001,200,,communitystandards_stanford_edu_policies_and_guidance_honor_code,,data/snapshots_raw/243744/integrity/communitystandards_stanford_edu_policies_and_guidance_honor_code__20220323232001.html,9881
Stanford University,243744,CA,Private,R1,integrity,20220410091451,200,,communitystandards_stanford_edu_policies_and_guidance_honor_code,,data/snapshots_raw/243744/integrity/communitystandards_stanford_edu_policies_and_guidance_honor_code__20220410091451.html,36088
Stanford University,243744,CA,Private,R1,integrity,20220525001508,200,,communitystandards_stanford_edu_policies_and_guidance_honor_code,,data/snapshots_raw/243744/integrity/communitystandards_stanford_edu_policies_and_guidance_honor_code__20220525001508.html,36252
Stanford University,243744,CA,Private,R1,integrity,20220601211457,200,,communitystandards_stanford_edu_policies_and_guidance_honor_code,,data/snapshots_raw/243744/integrity/communitystandards_stanford_edu_policies_and_guidance_honor_code__20220601211457.html,10353
Stanford University,243744,CA,Private,R1,integrity,20220601214655,200,,communitystandards_stanford_edu_policies_and_guidance_honor_code_common_misconce,,data/snapshots_raw/243744/integrity/communitystandards_stanford_edu_policies_and_guidance_honor_code_common_misconce__20220601214655.html,8793
Stanford University,243744,CA,Private,R1,integrity,20220731140609,200,,communitystandards_stanford_edu_policies_and_guidance_honor_code_common_misconce,,data/snapshots_raw/243744/integrity/communitystandards_stanford_edu_policies_and_guidance_honor_code_common_misconce__20220731140609.html,40226
Stanford University,243744,CA,Private,R1,integrity,20221029163222,200,,communitystandards_stanford_edu_policies_and_guidance_honor_code_common_misconce,,data/snapshots_raw/243744/integrity/communitystandards_stanford_edu_policies_and_guidance_honor_code_common_misconce__20221029163222.html,50982
Stanford University,243744,CA,Private,R1,integrity,20221130144532,200,,communitystandards_stanford_edu_policies_and_guidance_honor_code_common_misconce,,data/snapshots_raw/243744/integrity/communitystandards_stanford_edu_policies_and_guidance_honor_code_common_misconce__20221130144532.html,50985
Stanford University,243744,CA,Private,R1,integrity,20230129230812,200,,communitystandards_stanford_edu_policies_and_guidance_honor_code_common_misconce,,data/snapshots_raw/243744/integrity/communitystandards_stanford_edu_policies_and_guidance_honor_code_common_misconce__20230129230812.html,67365
Stanford University,243744,CA,Private,R1,integrity,20230330085850,200,,communitystandards_stanford_edu_policies_and_guidance_honor_code_common_misconce,,data/snapshots_raw/243744/integrity/communitystandards_stanford_edu_policies_and_guidance_honor_code_common_misconce__20230330085850.html,75007
Stanford University,243744,CA,Private,R1,integrity,20230501052745,200,,communitystandards_stanford_edu_policies_and_guidance_honor_code_common_misconce,,data/snapshots_raw/243744/integrity/communitystandards_stanford_edu_policies_and_guidance_honor_code_common_misconce__20230501052745.html,70039
Stanford University,243744,CA,Private,R1,integrity,20230502003448,200,,communitystandards_stanford_edu_policies_and_guidance_honor_code_common_misconce,,data/snapshots_raw/243744/integrity/communitystandards_stanford_edu_policies_and_guidance_honor_code_common_misconce__20230502003448.html,67668
Stanford University,243744,CA,Private,R1,integrity,20220601213135,200,,communitystandards_stanford_edu_policies_and_guidance_honor_code_stanford_studen,,data/snapshots_raw/243744/integrity/communitystandards_stanford_edu_policies_and_guidance_honor_code_stanford_studen__20220601213135.html,7438
Stanford University,243744,CA,Private,R1,integrity,20220730213229,200,,communitystandards_stanford_edu_policies_and_guidance_honor_code_stanford_studen,,data/snapshots_raw/243744/integrity/communitystandards_stanford_edu_policies_and_guidance_honor_code_stanford_studen__20220730213229.html,37190
Stanford University,243744,CA,Private,R1,integrity,20221029163327,200,,communitystandards_stanford_edu_policies_and_guidance_honor_code_stanford_studen,,data/snapshots_raw/243744/integrity/communitystandards_stanford_edu_policies_and_guidance_honor_code_stanford_studen__20221029163327.html,47968
Stanford University,243744,CA,Private,R1,integrity,20221130132047,200,,communitystandards_stanford_edu_policies_and_guidance_honor_code_stanford_studen,,data/snapshots_raw/243744/integrity/communitystandards_stanford_edu_policies_and_guidance_honor_code_stanford_studen__20221130132047.html,47968
Stanford University,243744,CA,Private,R1,integrity,20230129173801,200,,communitystandards_stanford_edu_policies_and_guidance_honor_code_stanford_studen,,data/snapshots_raw/243744/integrity/communitystandards_stanford_edu_policies_and_guidance_honor_code_stanford_studen__20230129173801.html,64348
Stanford University,243744,CA,Private,R1,integrity,20230323202721,200,,communitystandards_stanford_edu_policies_and_guidance_honor_code_stanford_studen,,data/snapshots_raw/243744/integrity/communitystandards_stanford_edu_policies_and_guidance_honor_code_stanford_studen__20230323202721.html,19765
Stanford University,243744,CA,Private,R1,integrity,20230330074143,200,,communitystandards_stanford_edu_policies_and_guidance_honor_code_stanford_studen,,data/snapshots_raw/243744/integrity/communitystandards_stanford_edu_policies_and_guidance_honor_code_stanford_studen__20230330074143.html,71990
Stanford University,243744,CA,Private,R1,integrity,20230430155838,200,,communitystandards_stanford_edu_policies_and_guidance_honor_code_stanford_studen,,data/snapshots_raw/243744/integrity/communitystandards_stanford_edu_policies_and_guidance_honor_code_stanford_studen__20230430155838.html,67021
Stanford University,243744,CA,Private,R1,integrity,20230501070747,200,,communitystandards_stanford_edu_policies_and_guidance_honor_code_stanford_studen,,data/snapshots_raw/243744/integrity/communitystandards_stanford_edu_policies_and_guidance_honor_code_stanford_studen__20230501070747.html,18496
Purdue University,243780,IN,Public,R1,integrity,20210414114153,200,,www_purdue_edu_odos_osrr_academic_integrity_index_html,,data/snapshots_raw/243780/integrity/www_purdue_edu_odos_osrr_academic_integrity_index_html__20210414114153.html,35323
Purdue University,243780,IN,Public,R1,integrity,20220121210210,200,,www_purdue_edu_odos_osrr_academic_integrity_index_html,,data/snapshots_raw/243780/integrity/www_purdue_edu_odos_osrr_academic_integrity_index_html__20220121210210.html,35322
Purdue University,243780,IN,Public,R1,integrity,20221202034926,200,,www_purdue_edu_odos_osrr_academic_integrity_index_html,,data/snapshots_raw/243780/integrity/www_purdue_edu_odos_osrr_academic_integrity_index_html__20221202034926.html,8376
Purdue University,243780,IN,Public,R1,integrity,20230602040946,200,,www_purdue_edu_odos_osrr_academic_integrity_index_html,,data/snapshots_raw/243780/integrity/www_purdue_edu_odos_osrr_academic_integrity_index_html__20230602040946.html,35606
Purdue University,243780,IN,Public,R1,integrity,20230819202442,200,,www_purdue_edu_odos_osrr_academic_integrity_index_html,,data/snapshots_raw/243780/integrity/www_purdue_edu_odos_osrr_academic_integrity_index_html__20230819202442.html,8570
Purdue University,243780,IN,Public,R1,integrity,20230828090251,200,,www_purdue_edu_odos_osrr_academic_integrity_index_html,,data/snapshots_raw/243780/integrity/www_purdue_edu_odos_osrr_academic_integrity_index_html__20230828090251.html,36034
Purdue University,243780,IN,Public,R1,integrity,20240919100803,200,,www_purdue_edu_odos_osrr_academic_integrity_index_html,,data/snapshots_raw/243780/integrity/www_purdue_edu_odos_osrr_academic_integrity_index_html__20240919100803.html,36029
Purdue University,243780,IN,Public,R1,integrity,20240302062833,200,,www_purdue_edu_odos_osrr_academic_integrity_index_html_ga_2_227389087_306282186_,,data/snapshots_raw/243780/integrity/www_purdue_edu_odos_osrr_academic_integrity_index_html_ga_2_227389087_306282186___20240302062833.html,36034
