event_time,att
-10,-0.61643
-9,-0.829839
-8,-1.461813
-7,-1.483034
-6,-0.944644
-5,-0.843554
-4,-1.372518
-3,-0.484944
-2,-0.564469
-1,0.0
0,0.429526
1,1.070911
2,0.307626
3,0.952425
