event_time,att
-10,4.481698
-9,4.216043
-8,2.955302
-7,1.833703
-6,2.555256
-5,2.695467
-4,2.290563
-3,1.676068
-2,2.175231
-1,0.0
0,-4.028283
1,-13.99142
2,-14.289679
3,-14.155429
