event_time,att
-10,-0.857899
-9,-1.205555
-8,-1.389862
-7,-1.200135
-6,-1.247306
-5,-0.861603
-4,-1.143599
-3,-0.286949
-2,-0.337834
-1,0.0
0,0.117795
1,0.59294
2,0.066634
3,0.988533
