event_time,att
-10,-0.548297
-9,-0.16556
-8,0.217172
-7,-0.394808
-6,-0.056163
-5,-0.04675
-4,-0.504476
-3,-0.424301
-2,-0.249875
-1,0.0
0,-0.168553
1,0.466742
2,0.340035
3,-0.144103
