event_time,att
-10,-4.47225804657784
-9,-3.303524238580748
-8,-2.4664042973989533
-7,-2.323373278590877
-6,-2.306893407760295
-5,-0.8016018534802606
-4,-1.0457804891518718
-3,-1.696164569964522
-2,-0.41007880875892894
-1,0.0
0,0.7077698981632159
1,0.26329621463459074
2,-0.3641556416435469
3,0.10613792194092686
