event_time,att
-10,-4.472258
-9,-3.303524
-8,-2.466404
-7,-2.323373
-6,-2.306893
-5,-0.801602
-4,-1.04578
-3,-1.696165
-2,-0.410079
-1,0.0
0,0.70777
1,0.263296
2,-0.364156
3,0.106138
