event_time,att
-10,-1.2920946210532787
-9,-1.498105215054309
-8,-1.3670171939340534
-7,-1.488894518679313
-6,-1.1350165100830694
-5,-0.5584286878265359
-4,-1.1344671261242156
-3,-0.6975252980074876
-2,-0.6322474779778676
-1,0.0
0,0.13561970702342063
1,1.0274093237336024
2,0.4359766523324048
3,0.9795185538014884
