event_time,att
-10,2.89512
-9,0.405514
-8,0.1963
-7,0.37066
-6,-0.119922
-5,-1.009257
-4,-0.224406
-3,-0.152825
-2,0.325986
-1,0.0
0,-0.422991
1,-0.315543
2,-1.937101
3,-0.875069
