event_time,att
-10,-1.292095
-9,-1.498105
-8,-1.367017
-7,-1.488895
-6,-1.135017
-5,-0.558429
-4,-1.134467
-3,-0.697525
-2,-0.632247
-1,0.0
0,0.13562
1,1.027409
2,0.435977
3,0.979519
