event_time,att
-10,-0.5482966437469168
-9,-0.16556032032669693
-8,0.21717228140136705
-7,-0.39480811846245367
-6,-0.056162733341942814
-5,-0.046749985023686706
-4,-0.504476101015669
-3,-0.42430075990322536
-2,-0.2498748531661851
-1,0.0
0,-0.16855282103442
1,0.4667424671899131
2,0.3400346688448521
3,-0.14410342950462662
