event_time,att
-10,-1.093934
-9,-1.495673
-8,-1.245309
-7,-1.208594
-6,-1.235404
-5,-0.668321
-4,-0.934403
-3,-0.529399
-2,-0.371219
-1,0.0
0,-0.013048
1,0.516657
2,0.151121
3,0.818512
