event_time,att
-10,-0.172867
-9,0.13674
-8,0.28051
-7,-0.419918
-6,0.016791
-5,-0.131892
-4,-0.544404
-3,-0.410923
-2,-0.188781
-1,0.0
0,-0.021778
1,0.443736
2,0.287851
3,-0.406135
